denoising_loss,cos_sim_all,t_mean,cos_sim_t_low,cos_sim_t_high,prior_loss,var_loss,cov_loss,norm_L0,norm_Llast,delta_norm_avg,loss,lr_dus,lr_new,step,grad_norm
0.9911776185035706,0.008822323754429817,0.61529541015625,0.027207359671592712,0.014745006337761879,0.0012253468157723546,0.00038396683521568775,8.989020898297895e-06,17.88156509399414,799.2568359375,94.6015625,0.9912388920783997,2.0000000000000002e-07,1.0000000000000002e-06,0,2.514108419418335
0.8983287811279297,0.1016712337732315,0.3730621337890625,0.07953032851219177,0.09542226046323776,0.001420217682607472,0.00046622048830613494,9.906904807621686e-08,17.743364334106445,1036.11376953125,115.36382293701172,0.8983997702598572,2.2e-07,1.1e-06,10,0.9250746369361877
0.8849539160728455,0.11504606902599335,0.479015052318573,0.08986327797174454,0.05271463096141815,0.0014091789489611983,0.00046084244968369603,1.3900218220896932e-07,17.749950408935547,577.257568359375,85.27345275878906,0.88502436876297,4.2000000000000006e-07,2.1000000000000002e-06,20,0.9626364707946777
0.8605554699897766,0.13944457471370697,0.6330446600914001,0.08733835816383362,0.0939624160528183,0.0013951199362054467,0.0004545980191323906,2.083112349282601e-07,17.86139488220215,660.6921997070312,88.56682586669922,0.8606252074241638,6.200000000000001e-07,3.1e-06,30,0.9883216619491577
0.8258089423179626,0.17419104278087616,0.43264108896255493,0.08053174614906311,0.17401516437530518,0.0013841926120221615,0.00044917763443663716,2.78916331808432e-07,17.80526351928711,1898.54931640625,169.807861328125,0.8258781433105469,8.200000000000001e-07,4.1000000000000006e-06,40,0.9158613085746765
0.7757042050361633,0.2242957353591919,0.42488744854927063,0.22792446613311768,,0.0014019174268469214,0.00045696593588218093,1.6395031821048178e-07,17.693628311157227,472.1983947753906,80.69055938720703,0.7757743000984192,1.02e-06,5.1e-06,50,0.7716568112373352
0.762252926826477,0.23774705827236176,0.5958967804908752,0.028351811692118645,0.17073886096477509,0.0013464550720527768,0.00043125415686517954,5.783502956546727e-07,17.901748657226562,1916.9866943359375,173.7842254638672,0.7623202204704285,1.2200000000000002e-06,6.1e-06,60,0.6670902967453003
0.6889151334762573,0.3110848665237427,0.5420792102813721,0.3162749707698822,0.01867092028260231,0.0014039005618542433,0.00045799967483617365,1.0880755496600614e-07,17.746952056884766,661.969482421875,86.72235107421875,0.6889853477478027,1.42e-06,7.1e-06,70,0.6045586466789246
0.6545257568359375,0.3454742133617401,0.584872841835022,0.19147910177707672,0.26141849160194397,0.0013939602067694068,0.0004534822073765099,1.1712830172427857e-07,17.828079223632812,624.1165771484375,85.60592651367188,0.6545954346656799,1.6200000000000002e-06,8.1e-06,80,0.540835976600647
0.6250317692756653,0.3749682307243347,0.561116099357605,0.20937968790531158,0.1368599236011505,0.0013622695114463568,0.00043758106767199934,2.9543321033997927e-07,17.83734703063965,955.86767578125,107.4000015258789,0.6250998973846436,1.8200000000000002e-06,9.100000000000001e-06,90,0.45692408084869385
0.5876426696777344,0.41235730051994324,0.5814766883850098,0.4280097782611847,0.27668601274490356,0.0013735400279983878,0.0004431515117175877,1.616155742567571e-07,17.797340393066406,770.2572021484375,91.02178955078125,0.5877113342285156,2.02e-06,1.0100000000000002e-05,100,0.431223601102829
0.552828848361969,0.4471711814403534,0.34041827917099,0.45364028215408325,,0.0013690884225070477,0.00044054165482521057,2.650696728778712e-07,17.70585823059082,904.3363647460938,100.97765350341797,0.5528972744941711,2.2200000000000003e-06,1.11e-05,110,0.4204498827457428
0.5297947525978088,0.47020527720451355,0.39438411593437195,0.476020485162735,0.4407517910003662,0.0013523472007364035,0.0004322433960624039,3.7053823120913876e-07,17.655563354492188,755.8988647460938,93.78290557861328,0.5298623442649841,2.42e-06,1.2100000000000001e-05,120,0.8771702647209167
0.5258581042289734,0.474141925573349,0.4724879264831543,0.2592383921146393,0.46490418910980225,0.0012944176560267806,0.00040656395140103996,1.223494791702251e-06,17.808910369873047,2701.333984375,203.16421508789062,0.5259228348731995,2.6200000000000003e-06,1.3100000000000002e-05,130,0.5958206057548523
0.5029173493385315,0.4970827102661133,0.40320807695388794,0.2731195092201233,0.02681049332022667,0.0012533070985227823,0.00038675148971378803,2.0015791051264387e-06,17.78314971923828,2008.121826171875,161.7454833984375,0.5029799938201904,2.82e-06,1.4099999999999999e-05,140,0.5575717687606812
0.49335306882858276,0.5066468715667725,0.4657072126865387,0.19459277391433716,0.25441086292266846,0.0012489142827689648,0.00038431683788076043,1.825885533435212e-06,17.801828384399414,2429.869140625,185.8326873779297,0.493415504693985,3.0200000000000003e-06,1.51e-05,150,0.7664586901664734
0.4626506268978119,0.5373493432998657,0.5040236115455627,0.5570908188819885,0.18701021373271942,0.001241797232069075,0.000379856675863266,2.5303147594968323e-06,17.776390075683594,1331.645751953125,121.680908203125,0.46271270513534546,3.2200000000000005e-06,1.6100000000000002e-05,160,0.5480785965919495
0.46591803431510925,0.5340819358825684,0.623961865901947,0.024861790239810944,0.18487243354320526,0.001264735241420567,0.00039066726458258927,1.4429731436393922e-06,17.841594696044922,835.3658447265625,94.40286254882812,0.46598127484321594,3.4200000000000007e-06,1.7100000000000002e-05,170,0.6334499716758728
0.44999682903289795,0.5500030517578125,0.4511839747428894,0.16698504984378815,0.4959993064403534,0.0011895871721208096,0.00035775703145191073,3.983484475611476e-06,17.792133331298828,2027.677490234375,168.1729736328125,0.4500563144683838,3.62e-06,1.81e-05,180,0.8230209946632385
0.46497711539268494,0.5350229144096375,0.6823680400848389,0.3185722827911377,0.43740686774253845,0.0012811660999432206,0.00039964262396097183,1.144464022218017e-06,17.911705017089844,798.7265014648438,96.31417083740234,0.4650411605834961,3.820000000000001e-06,1.91e-05,190,0.787532389163971
0.44280630350112915,0.5571936964988708,0.634522020816803,0.6309384703636169,0.3201821744441986,0.0011755976593121886,0.00035410543205216527,6.0031052271369845e-06,17.870361328125,744.864990234375,92.0699462890625,0.4428650736808777,4.0200000000000005e-06,2.01e-05,200,1.391650915145874
0.3965572714805603,0.6034427285194397,0.35030320286750793,0.3996032774448395,0.5449147820472717,0.0010964652756229043,0.0003238482167944312,1.3734016647504177e-05,17.75961685180664,1184.454833984375,125.22750091552734,0.39661210775375366,4.22e-06,2.11e-05,210,1.0743352174758911
0.35238468647003174,0.647615373134613,0.5554777383804321,0.6649225354194641,0.00488277105614543,0.0009895991533994675,0.0002878204104490578,3.2470416044816375e-05,17.765262603759766,571.8070068359375,85.65003204345703,0.3524341583251953,4.42e-06,2.2100000000000002e-05,220,1.5829592943191528
0.36826473474502563,0.6317352652549744,0.4911791980266571,0.6831772923469543,0.36853277683258057,0.0010103338863700628,0.0002963807783089578,2.667587250471115e-05,17.782466888427734,704.640380859375,92.04876708984375,0.3683152496814728,4.620000000000001e-06,2.3100000000000002e-05,230,1.4270634651184082
0.3220130503177643,0.6779869198799133,0.5875832438468933,,0.22522902488708496,0.0009047600906342268,0.0002628070942591876,4.7021596401464194e-05,17.762977600097656,1298.11767578125,124.7513427734375,0.3220582902431488,4.8200000000000004e-06,2.41e-05,240,1.0169702768325806
0.38714516162872314,0.6128548383712769,0.4580700397491455,0.20077799260616302,0.5426114797592163,0.0010377304861322045,0.0003072393883485347,1.5926678315736353e-05,17.81974983215332,1734.2320556640625,164.07212829589844,0.3871970474720001,5.02e-06,2.51e-05,250,0.82804274559021
0.37308651208877563,0.6269134283065796,0.5706968903541565,0.5037093758583069,0.46882572770118713,0.0010227898601442575,0.00030319037614390254,1.90403989108745e-05,17.8619384765625,1051.322265625,114.23463439941406,0.3731376528739929,5.220000000000001e-06,2.61e-05,260,0.9757645130157471
0.3287097215652466,0.6712902784347534,0.5396298766136169,0.3919483721256256,0.6063438653945923,0.0009264977998100221,0.0002750128332991153,3.662278686533682e-05,17.813915252685547,1042.367431640625,119.84362030029297,0.32875603437423706,5.420000000000001e-06,2.7100000000000005e-05,270,0.8125039339065552
0.3931804299354553,0.6068195700645447,0.6378065347671509,0.04222070053219795,0.517558753490448,0.0010491682915017009,0.0003166061360388994,1.551563764223829e-05,17.856388092041016,1322.220703125,142.35299682617188,0.39323288202285767,5.620000000000001e-06,2.8100000000000005e-05,280,0.733745276927948
0.2883758544921875,0.7116241455078125,0.4951232671737671,0.5316793322563171,0.6449421048164368,0.0008517684182152152,0.0002575403777882457,5.414265615399927e-05,17.779132843017578,517.69775390625,90.10154724121094,0.2884184420108795,5.82e-06,2.91e-05,290,0.6659603714942932
0.3092326521873474,0.6907673478126526,0.533142626285553,0.7885174751281738,0.5937870740890503,0.0008816083427518606,0.0002640447346493602,4.1380480979569256e-05,17.81344985961914,1265.2799072265625,140.5137176513672,0.3092767298221588,6.02e-06,3.01e-05,300,0.9296939969062805
0.277010977268219,0.722989022731781,0.4986358880996704,0.7967697978019714,0.6122801303863525,0.0008463619160465896,0.0002563272137194872,5.0257061957381666e-05,17.74191665649414,184.93667602539062,67.06099700927734,0.2770532965660095,6.220000000000001e-06,3.1100000000000004e-05,310,0.9570634365081787
0.23842769861221313,0.7615723609924316,0.37147367000579834,0.6532411575317383,0.6702439188957214,0.0007594586932100356,0.00023403640079777688,7.452091085724533e-05,17.72122573852539,548.2314453125,91.98162078857422,0.23846566677093506,6.42e-06,3.21e-05,320,1.0763944387435913
0.2457648664712906,0.7542351484298706,0.445102721452713,0.42850354313850403,0.7018342614173889,0.0007710335776209831,0.0002302906068507582,6.195870810188353e-05,17.773284912109375,1296.4781494140625,142.30455017089844,0.24580341577529907,6.620000000000001e-06,3.3100000000000005e-05,330,0.9028396010398865
0.2783682644367218,0.7216317057609558,0.6127524375915527,0.8118895292282104,0.18433083593845367,0.0007780721061863005,0.00023426045663654804,5.630935265799053e-05,17.841384887695312,1330.9188232421875,138.16555786132812,0.27840715646743774,6.820000000000001e-06,3.41e-05,340,0.9094829559326172
0.23056526482105255,0.7694347500801086,0.4418405592441559,0.8248233795166016,0.6031328439712524,0.0007132739992812276,0.00021069101057946682,6.472488166764379e-05,17.7519474029541,1007.1715698242188,123.7132568359375,0.23060092329978943,7.0200000000000006e-06,3.51e-05,350,1.2615251541137695
0.23666569590568542,0.763334333896637,0.6460072994232178,0.8409828543663025,0.43414467573165894,0.000740282004699111,0.00022325929603539407,6.723104161210358e-05,17.860151290893555,286.48956298828125,68.83325958251953,0.23670271039009094,7.22e-06,3.61e-05,360,1.172477126121521
0.23622027039527893,0.7637796998023987,0.6073957681655884,,0.6755461692810059,0.0007239026599563658,0.00021517036657314748,6.380942795658484e-05,17.819355010986328,1298.65185546875,142.10362243652344,0.2362564653158188,7.420000000000001e-06,3.71e-05,370,0.7907723784446716
0.1714811474084854,0.8285188674926758,0.3221062421798706,0.3245699107646942,0.7934839129447937,0.0005901647382415831,0.00018079692381434143,9.950045205187052e-05,17.75966453552246,1323.7813720703125,154.7823486328125,0.17151065170764923,7.620000000000001e-06,3.8100000000000005e-05,380,0.6103323101997375
0.1917756199836731,0.8082243800163269,0.5747523307800293,0.8549700975418091,0.48649248480796814,0.0006625300156883895,0.00019759077986236662,7.71950144553557e-05,17.773292541503906,368.4281311035156,78.32686614990234,0.19180874526500702,7.820000000000001e-06,3.91e-05,390,0.7610936164855957
0.16652512550354004,0.8334748148918152,0.5284292697906494,0.8600309491157532,0.5579277873039246,0.0006275420309975743,0.00019051384879276156,9.014415263663977e-05,17.786802291870117,512.0402221679688,89.01607513427734,0.16655650734901428,8.020000000000001e-06,4.0100000000000006e-05,400,0.8877930641174316
0.15847674012184143,0.8415233492851257,0.46853581070899963,0.33223477005958557,0.5701894164085388,0.0005867446889169514,0.000175525012309663,9.300107194576412e-05,17.77785873413086,1097.9798583984375,133.61700439453125,0.15850608050823212,8.220000000000001e-06,4.11e-05,410,0.837109386920929
0.13513532280921936,0.8648645877838135,0.4740822911262512,0.8896485567092896,0.44341400265693665,0.0005547989858314395,0.00016558542847633362,9.691074228612706e-05,17.756929397583008,979.7096557617188,119.57498931884766,0.1351630687713623,8.42e-06,4.21e-05,420,0.6403124332427979
0.23205095529556274,0.7679490447044373,0.7170222401618958,,0.5413779020309448,0.0006586661911569536,0.00019506322860252112,7.19461968401447e-05,17.899682998657227,814.1709594726562,112.11637115478516,0.23208388686180115,8.62e-06,4.3100000000000004e-05,430,1.0955990552902222
0.2397579401731491,0.7602420449256897,0.697073221206665,0.8963550329208374,0.6796036958694458,0.0007285906467586756,0.00021370159811340272,5.7008786825463176e-05,17.870574951171875,234.10589599609375,72.22896575927734,0.23979437351226807,8.82e-06,4.41e-05,440,0.7950934171676636
0.21844032406806946,0.7815596461296082,0.6505376100540161,0.8992915749549866,0.5519847869873047,0.0006868763011880219,0.00020337163005024195,6.454682443290949e-05,17.880102157592773,813.667724609375,111.92757415771484,0.21847467124462128,9.020000000000002e-06,4.5100000000000005e-05,450,0.6468015909194946
0.26325246691703796,0.7367475032806396,0.6574103236198425,0.06902782618999481,0.2531256377696991,0.0007094242610037327,0.00019384868210181594,3.7021669413661584e-05,17.89333724975586,1740.34619140625,175.3748016357422,0.2632879316806793,9.220000000000002e-06,4.61e-05,460,1.3520691394805908
0.2019752413034439,0.7980247139930725,0.5882445573806763,0.6334522366523743,0.4745129644870758,0.0006677095661871135,0.00019074534066021442,5.84850822633598e-05,17.858840942382812,400.7713623046875,88.34061431884766,0.20200861990451813,9.42e-06,4.71e-05,470,0.6054889559745789
0.09553369879722595,0.9044662714004517,0.30758535861968994,0.9092398881912231,0.0717960000038147,0.00048410752788186073,0.00013330260117072612,8.587965567130595e-05,17.683534622192383,668.4474487304688,107.49553680419922,0.09555790573358536,9.620000000000001e-06,4.8100000000000004e-05,480,0.5927088260650635
0.10057036578655243,0.8994296193122864,0.4413895606994629,0.6480628848075867,0.4730936586856842,0.0004824783536605537,0.0001352846302324906,8.899366366676986e-05,17.753952026367188,444.3821716308594,94.3211669921875,0.10059449076652527,9.820000000000001e-06,4.91e-05,490,0.4055168926715851
0.12305814027786255,0.8769418001174927,0.48900938034057617,0.9173814058303833,0.7896394729614258,0.0004910952993668616,0.00013765109179075807,8.6009364167694e-05,17.81294059753418,563.6765747070312,111.8792953491211,0.12308269739151001,1.002e-05,5.0100000000000005e-05,500,0.5777996182441711
0.14021019637584686,0.8597897291183472,0.6277967691421509,0.9209451675415039,0.808182418346405,0.0005624147597700357,0.00016577607311774045,8.852130122249946e-05,17.862911224365234,579.0933837890625,101.69825744628906,0.14023831486701965,1.022e-05,5.11e-05,510,0.6106511950492859
0.27049174904823303,0.7295082807540894,0.7050625085830688,,0.3500896394252777,0.0006828975747339427,0.0001935727777890861,4.5401604438666254e-05,17.93295669555664,850.5255126953125,122.751708984375,0.27052590250968933,1.0420000000000002e-05,5.2100000000000006e-05,520,0.798554539680481
0.08076692372560501,0.9192330837249756,0.3888816833496094,0.7243303060531616,0.10067149996757507,0.00048297623288817704,0.00012940270244143903,7.908736006356776e-05,17.724143981933594,368.09979248046875,84.81136322021484,0.08079107105731964,1.0620000000000002e-05,5.31e-05,530,0.4822387993335724
0.12926563620567322,0.8707343935966492,0.3802243173122406,0.7284893989562988,0.5605102777481079,0.0005264052888378501,0.00014005663979332894,6.637733895331621e-05,17.727046966552734,487.5830078125,101.33562469482422,0.12929195165634155,1.0820000000000001e-05,5.410000000000001e-05,540,0.3547825217247009
0.09172991663217545,0.9082701802253723,0.48516589403152466,0.527566134929657,0.46802395582199097,0.00046698469668626785,0.00012936611892655492,8.5146923083812e-05,17.794849395751953,530.3504638671875,107.85802459716797,0.0917532667517662,1.1020000000000001e-05,5.5100000000000004e-05,550,0.39336445927619934
0.15183936059474945,0.8481606245040894,0.5767733454704285,0.9462885856628418,0.46468672156333923,0.0005453837220557034,0.00015095813432708383,6.960646715015173e-05,17.822479248046875,770.3221435546875,110.42298889160156,0.1518666297197342,1.1220000000000003e-05,5.610000000000001e-05,560,0.6411875486373901
0.11548911780118942,0.8845109343528748,0.5082179307937622,0.9492095708847046,0.7679141759872437,0.0005170966032892466,0.00013542704982683063,6.282418326009065e-05,17.761455535888672,673.998779296875,109.98702239990234,0.11551497131586075,1.142e-05,5.71e-05,570,0.43267789483070374
0.14362993836402893,0.8563700318336487,0.5808418989181519,0.9548945426940918,0.7680153846740723,0.0005598605494014919,0.00015504815382882953,6.705379200866446e-05,17.837818145751953,470.7872619628906,100.87874603271484,0.14365793764591217,1.162e-05,5.8099999999999996e-05,580,0.40899965167045593
0.17919233441352844,0.820807695388794,0.6376712918281555,0.11752946674823761,0.756475567817688,0.0005950798513367772,0.000166218655067496,6.337397644529119e-05,17.853939056396484,509.2177734375,103.0623550415039,0.17922209203243256,1.182e-05,5.91e-05,590,0.47953805327415466
0.07606180012226105,0.9239382147789001,0.47523197531700134,0.6773844361305237,0.45449310541152954,0.00045254259021021426,0.0001193483840324916,7.922061195131391e-05,17.76561737060547,357.18963623046875,84.08168029785156,0.0760844275355339,1.202e-05,6.0100000000000004e-05,600,0.3593877851963043
0.05035385116934776,0.9496462345123291,0.5074850916862488,0.543042778968811,0.1143314391374588,0.0004352209798526019,0.00011572873336263001,8.190295920940116e-05,17.806161880493164,641.941162109375,105.57979583740234,0.05037561058998108,1.2220000000000002e-05,6.110000000000001e-05,610,0.4509221017360687
0.05832931026816368,0.9416706562042236,0.5152305364608765,0.9653517603874207,0.4696485996246338,0.0004272105870768428,0.00011592457303777337,8.65778056322597e-05,17.766036987304688,688.8421630859375,109.2197265625,0.05835067108273506,1.2420000000000001e-05,6.21e-05,620,0.3856342136859894
0.07481510192155838,0.925184965133667,0.5669241547584534,0.9668582677841187,0.8754199147224426,0.0004779441514983773,0.0001305703481193632,8.181665907613933e-05,17.80347442626953,350.21063232421875,84.35399627685547,0.07483899593353271,1.2620000000000001e-05,6.31e-05,630,0.39856210350990295
0.05694124847650528,0.9430587887763977,0.5233962535858154,0.54124915599823,0.3834315836429596,0.0003733619232662022,9.619728371035308e-05,7.872474088799208e-05,17.837791442871094,859.8494873046875,127.94889068603516,0.05695991590619087,1.2820000000000001e-05,6.41e-05,640,0.38460931181907654
0.03646349534392357,0.9635365009307861,0.44673264026641846,0.5440338850021362,0.14319095015525818,0.0003959448076784611,0.00010207377636106685,8.00548295956105e-05,17.745500564575195,478.45281982421875,96.34690856933594,0.036483291536569595,1.302e-05,6.510000000000001e-05,650,0.28541067242622375
0.05887848138809204,0.941121518611908,0.600615382194519,0.11782427132129669,0.4954650104045868,0.0004171931359451264,0.00010729013592936099,7.890786218922585e-05,17.815513610839844,572.743408203125,102.96044921875,0.05889933928847313,1.3220000000000002e-05,6.610000000000001e-05,660,0.6112569570541382
0.10366600006818771,0.8963339924812317,0.6549872159957886,,0.8015904426574707,0.0005007294821552932,0.0001362693728879094,7.632035703863949e-05,17.846603393554688,348.0821533203125,85.3841323852539,0.10369103401899338,1.3420000000000002e-05,6.71e-05,670,0.4508545696735382
0.10149182379245758,0.8985081315040588,0.413659930229187,0.4127691686153412,0.6263077855110168,0.00047882605576887727,0.00012642449291888624,6.929515802767128e-05,17.797870635986328,499.560302734375,109.17223358154297,0.1015157625079155,1.3620000000000002e-05,6.81e-05,680,0.41343849897384644
0.046334218233823776,0.9536657333374023,0.6318762302398682,0.9777697324752808,0.277091383934021,0.00038507222780026495,9.943453187588602e-05,7.564407133031636e-05,17.86651611328125,950.3438720703125,130.18495178222656,0.04635347053408623,1.382e-05,6.91e-05,690,0.2723993957042694
0.038316190242767334,0.9616838693618774,0.44621604681015015,0.558618426322937,0.9209591150283813,0.00039552527596242726,0.00010351175296818838,8.174047979991883e-05,17.76959991455078,437.652099609375,101.04360961914062,0.03833596780896187,1.402e-05,7.01e-05,700,0.30039969086647034
0.048103805631399155,0.9518961906433105,0.5050074458122253,0.9790433645248413,0.8710980415344238,0.00041389474063180387,0.00010417826706543565,7.254264346556738e-05,17.765342712402344,518.5618896484375,98.49597930908203,0.04812449961900711,1.4220000000000001e-05,7.11e-05,710,0.3307237923145294
0.15239819884300232,0.8476018309593201,0.7054305076599121,0.5581316947937012,0.6841699481010437,0.0005740260239690542,0.00015559584426227957,5.8146481023868546e-05,17.908374786376953,493.9190673828125,97.02753448486328,0.15242689847946167,1.4420000000000001e-05,7.21e-05,720,0.7717302441596985
0.027230333536863327,0.9727696776390076,0.2980969548225403,0.13742172718048096,,0.000371188682038337,9.4351707957685e-05,7.636782538611442e-05,17.731643676757812,485.14434814453125,110.72137451171875,0.027248892933130264,1.462e-05,7.31e-05,730,0.32953837513923645
0.02877550758421421,0.9712244868278503,0.4179699122905731,0.5610663890838623,0.9503033757209778,0.00036516512045636773,9.276515629608184e-05,7.980848749866709e-05,17.760339736938477,422.28118896484375,95.38216400146484,0.028793765231966972,1.482e-05,7.41e-05,740,0.5763949155807495
0.026182232424616814,0.973817765712738,0.3901396095752716,0.5620967149734497,,0.00037527940003201365,9.434235835215077e-05,7.355839625233784e-05,17.73940658569336,673.8948974609375,120.6592788696289,0.026200996711850166,1.5020000000000002e-05,7.510000000000001e-05,750,0.39269065856933594
0.10411010682582855,0.8958898782730103,0.6941710710525513,0.9816573262214661,0.7048190832138062,0.00048173879622481763,0.0001298698625760153,7.734668906778097e-05,17.907032012939453,628.7847900390625,106.64958953857422,0.10413419455289841,1.5220000000000002e-05,7.61e-05,760,0.7187906503677368
0.06296892464160919,0.937031090259552,0.4346367120742798,0.9844592809677124,0.8759890198707581,0.0004472594882827252,0.00011669713421724737,7.287498738151044e-05,17.79759979248047,457.29461669921875,101.28467559814453,0.06299129128456116,1.542e-05,7.71e-05,770,0.3253592252731323
0.017299829050898552,0.9827001690864563,0.4226212799549103,0.705361545085907,0.09476672112941742,0.00039622242911718786,9.954141569323838e-05,7.447661482729018e-05,17.724102020263672,599.903076171875,105.9814682006836,0.017319640144705772,1.5620000000000003e-05,7.81e-05,780,0.2106178253889084
0.01998486928641796,0.9800150990486145,0.45415884256362915,0.7784042358398438,0.6970755457878113,0.0003851554065477103,9.837484685704112e-05,7.794093107804656e-05,17.77224349975586,450.115234375,93.02326965332031,0.02000412717461586,1.582e-05,7.910000000000001e-05,790,0.16128502786159515
0.07115592807531357,0.9288440346717834,0.6143949031829834,0.15444828569889069,0.8555322289466858,0.00045941295684315264,0.00012546172365546227,8.3497456216719e-05,17.836830139160156,387.7629699707031,87.8821029663086,0.07117889821529388,1.6020000000000002e-05,8.010000000000001e-05,800,0.3173404037952423
0.08783922344446182,0.9121607542037964,0.35003143548965454,0.7800986766815186,0.5465941429138184,0.0004636318772099912,0.00012196813622722402,6.747448787791654e-05,17.74563980102539,386.704345703125,89.35965728759766,0.08786240220069885,1.6220000000000004e-05,8.11e-05,810,0.28865259885787964
0.019854193553328514,0.9801458716392517,0.5175907611846924,0.9887392520904541,0.5553194880485535,0.00039097509579733014,0.00010353386460337788,8.339592022821307e-05,17.793230056762695,597.3391723632812,95.86700439453125,0.019873742014169693,1.6420000000000002e-05,8.21e-05,820,0.22153958678245544
0.03392460197210312,0.9660753607749939,0.6131871342658997,0.9895416498184204,0.4534289240837097,0.00039491758798249066,0.00010460532212164253,8.10585479484871e-05,17.84893798828125,774.5440673828125,113.50463104248047,0.03394434601068497,1.662e-05,8.31e-05,830,0.23702868819236755
0.01859871856868267,0.9814013242721558,0.5205373167991638,0.5749191045761108,0.4194091856479645,0.0003754518984351307,9.679747745394707e-05,7.775322592351586e-05,17.818933486938477,548.4881591796875,101.70403289794922,0.01861749030649662,1.682e-05,8.41e-05,840,0.24589595198631287
0.025915926322340965,0.9740840196609497,0.5238320231437683,0.9897475242614746,0.5591875910758972,0.00038153110654093325,9.861975559033453e-05,7.801000901963562e-05,17.814422607421875,461.2772216796875,92.35275268554688,0.02593500353395939,1.702e-05,8.510000000000001e-05,850,0.2702484428882599
0.054577235132455826,0.9454228281974792,0.5166857242584229,0.7103720307350159,0.9093523621559143,0.0004931490984745324,0.00013517455954570323,7.553540490334854e-05,17.80963134765625,461.3759460449219,96.63253021240234,0.054601892828941345,1.722e-05,8.61e-05,860,0.6346333026885986
0.02889871597290039,0.9711012840270996,0.5039962530136108,0.717731773853302,0.9331396818161011,0.0003856099210679531,9.895373659674078e-05,8.005830750335008e-05,17.785524368286133,392.6393737792969,85.09266662597656,0.02891799621284008,1.7420000000000003e-05,8.71e-05,870,0.28370070457458496
0.05125793069601059,0.9487420916557312,0.5157383680343628,0.7155305743217468,0.6318778395652771,0.00043694963096641004,0.0001130570235545747,7.414958963636309e-05,17.796268463134766,381.3052673339844,82.00990295410156,0.05127977952361107,1.762e-05,8.81e-05,880,0.2763957381248474
0.033336374908685684,0.9666635990142822,0.5116559863090515,0.43936434388160706,0.3573513925075531,0.00032357152667827904,8.414796320721507e-05,7.1470502007287e-05,17.849618911743164,598.7935791015625,106.53419494628906,0.033352553844451904,1.7820000000000002e-05,8.910000000000001e-05,890,0.23763784766197205
0.019891878589987755,0.9801081418991089,0.469789981842041,0.5837207436561584,0.7144737243652344,0.0003785251756198704,9.32443217607215e-05,6.961745384614915e-05,17.787681579589844,404.417724609375,87.69937896728516,0.01991080492734909,1.802e-05,9.010000000000001e-05,900,0.18485723435878754
0.0400812104344368,0.9599188566207886,0.604550838470459,0.9912968873977661,0.7244749665260315,0.00042188880615867674,0.00010750051296781749,7.394847489194945e-05,17.82550048828125,533.19677734375,93.19551086425781,0.04010230302810669,1.8220000000000002e-05,9.11e-05,910,0.20253436267375946
0.028882507234811783,0.9711175560951233,0.6037575602531433,0.1658172309398651,0.7543116211891174,0.00037300621625036,0.00010029756231233478,8.095106750261039e-05,17.87452507019043,597.2139892578125,111.2025375366211,0.028901157900691032,1.8420000000000003e-05,9.21e-05,920,0.15434296429157257
0.06021229922771454,0.9397876262664795,0.4504130780696869,0.9927549362182617,0.6293767690658569,0.00043696543434634805,0.00011211719538550824,6.922284956090152e-05,17.724708557128906,414.5492248535156,86.07574462890625,0.06023414805531502,1.862e-05,9.310000000000001e-05,930,0.17531615495681763
0.012598445639014244,0.98740154504776,0.462657630443573,0.18477165699005127,0.9890605211257935,0.00037367877666838467,9.61845216806978e-05,7.717937842244282e-05,17.801929473876953,403.35540771484375,88.63372039794922,0.01261712983250618,1.882e-05,9.41e-05,940,0.1477392464876175
0.01762375608086586,0.982376217842102,0.5832275152206421,0.9924423694610596,0.7565490007400513,0.0003940393216907978,0.00010362358443671837,8.15915409475565e-05,17.8199405670166,577.6856079101562,98.66952514648438,0.017643457278609276,1.902e-05,9.51e-05,950,0.27555063366889954
0.013345887884497643,0.9866541028022766,0.4853745102882385,0.9934748411178589,0.9848390817642212,0.00037885140045545995,9.78983734967187e-05,7.72157363826409e-05,17.79380226135254,419.67132568359375,91.4469985961914,0.013364830054342747,1.9220000000000002e-05,9.61e-05,960,0.14350129663944244
0.015396670438349247,0.9846032857894897,0.3385096788406372,0.719378650188446,0.9847419261932373,0.00034665741259232163,8.67712587933056e-05,7.233172073028982e-05,17.766399383544922,414.1043701171875,92.77459716796875,0.015414003282785416,1.942e-05,9.71e-05,970,0.2959160804748535
0.010116747580468655,0.989883303642273,0.3906213641166687,0.99229496717453,0.1481655389070511,0.00037932314444333315,9.899370343191549e-05,8.029508899198845e-05,17.737266540527344,533.9481201171875,94.80492401123047,0.010135713964700699,1.9620000000000002e-05,9.81e-05,980,0.18259155750274658
0.00867909099906683,0.9913208484649658,0.36957842111587524,0.8334425091743469,0.12674206495285034,0.0003827946784440428,9.728685836307704e-05,7.543301762780175e-05,17.742488861083984,510.080078125,95.6912841796875,0.008698230609297752,1.982e-05,9.910000000000001e-05,990,0.16384033858776093
0.21597272157669067,0.7840272784233093,0.5172842741012573,0.45856308937072754,0.5760495662689209,0.0006044414476491511,0.00016494625015184283,4.544705370790325e-05,17.835750579833984,386.24249267578125,85.96070098876953,0.2160029411315918,1.0084449122759774e-05,5.002161729552653e-05,1000,0.5375329852104187
0.008688215166330338,0.99131178855896,0.2578994631767273,0.9939039349555969,,0.00036281757638789713,9.457909618504345e-05,7.94995212345384e-05,17.718456268310547,437.25616455078125,91.60069274902344,0.008706356398761272,9.928948791689292e-06,4.9237832798514716e-05,1010,0.14555563032627106
0.007547117304056883,0.9924529194831848,0.39087119698524475,0.9945253729820251,,0.0003764897701330483,9.921389573719352e-05,8.021954272408038e-05,17.73308563232422,417.74432373046875,86.5091323852539,0.007565941661596298,9.773490664944965e-06,4.845426102835896e-05,1020,0.11179562658071518
0.025427021086215973,0.974573016166687,0.5126283168792725,0.19317789375782013,0.9648845791816711,0.0003954596468247473,0.00010214549547526985,7.482407090719789e-05,17.825008392333984,397.50439453125,86.14270782470703,0.02544679492712021,9.618113099493397e-06,4.7671095319668735e-05,1030,0.23559124767780304
0.008642367087304592,0.9913576245307922,0.5648701190948486,,0.9857593774795532,0.0003683044633362442,9.704894910100847e-05,8.170741784851998e-05,17.775039672851562,427.353271484375,85.60945892333984,0.008660782128572464,9.462854432423904e-06,4.688852890686392e-05,1040,0.11978743225336075
0.056386955082416534,0.9436129927635193,0.5244066715240479,0.5936620235443115,0.6973068714141846,0.00044749825610779226,0.00011606960470089689,6.87825377099216e-05,17.793033599853516,483.46246337890625,92.6736831665039,0.0564093291759491,9.307752971489395e-06,4.6106754876497054e-05,1050,0.18134188652038574
0.04238112270832062,0.9576188921928406,0.5526459217071533,0.5930307507514954,0.4546091854572296,0.0004176007059868425,0.00010753879905678332,7.26100115571171e-05,17.775100708007812,547.2355346679688,96.70882415771484,0.0424020029604435,9.152846985654523e-06,4.532596611961219e-05,1060,0.13707420229911804
0.101132333278656,0.898867666721344,0.4265251159667969,0.7288100123405457,0.35563579201698303,0.0004936126060783863,0.00012495912960730493,5.065328150521964e-05,17.78076934814453,382.412353515625,80.15725708007812,0.10115701705217361,8.998174695653388e-06,4.454635528415193e-05,1070,0.10535381734371185
0.008997720666229725,0.9910023212432861,0.4287867248058319,0.39449816942214966,0.9912896156311035,0.0003800928534474224,9.857149416347966e-05,7.723836461082101e-05,17.800086975097656,388.955078125,83.72982025146484,0.009016725234687328,8.843774264559132e-06,4.376811472742431e-05,1080,0.10561707615852356
0.007393256761133671,0.9926067590713501,0.5734798908233643,0.995409369468689,0.5773027539253235,0.00037213737959973514,9.688838326837867e-05,7.948110578581691e-05,17.820613861083984,451.5649719238281,88.08638763427734,0.0074118636548519135,8.68968378836779e-06,4.299143646864169e-05,1090,0.08486995100975037
0.07292249798774719,0.9270774722099304,0.6214762330055237,0.9954675436019897,0.5870105028152466,0.00044862821232527494,0.00012532858818303794,7.97556567704305e-05,17.86911392211914,554.2081298828125,98.13702392578125,0.07294493168592453,8.535941286598652e-06,4.22165121415427e-05,1100,0.2504390478134155
0.06161634996533394,0.9383836388587952,0.5315024852752686,0.5954850912094116,0.8636119365692139,0.0004488727427087724,0.0001160244646598585,6.661785300821066e-05,17.82107925415039,424.76171875,85.21788787841797,0.06163879483938217,8.382584692913533e-06,4.1443532947109624e-05,1110,0.16703319549560547
0.015236945822834969,0.9847630858421326,0.527779221534729,0.19029289484024048,0.5870680809020996,0.00035408977419137955,9.551919356454164e-05,7.84894946264103e-05,17.873872756958008,379.7112121582031,85.18712615966797,0.015254650264978409,8.2296518457572e-06,4.067268960639235e-05,1120,0.07845300436019897
0.008164177648723125,0.9918357133865356,0.41187137365341187,0.7964062690734863,0.9879224896430969,0.0003731256874743849,9.476723789703101e-05,7.414521678583696e-05,17.766925811767578,415.32293701171875,85.84465789794922,0.008182833902537823,8.077180479021311e-06,3.9904172313450844e-05,1130,0.07942687720060349
0.03778836131095886,0.9622116088867188,0.5680363178253174,0.5944015383720398,0.6483465433120728,0.0004114317416679114,0.00010942468361463398,7.888551044743508e-05,17.81792640686035,477.2857971191406,92.04915618896484,0.03780893236398697,7.925208212734119e-06,3.913817068842753e-05,1140,0.12696196138858795
0.054762717336416245,0.9452372789382935,0.5587138533592224,0.7279334664344788,0.6311460733413696,0.0004368483496364206,0.00011486766743473709,7.286673644557595e-05,17.816194534301758,405.85919189453125,81.33553314208984,0.05478455871343613,7.773772543778328e-06,3.837487373076147e-05,1150,0.1855802834033966
0.06894717365503311,0.9310528039932251,0.3901938796043396,0.7291828989982605,0.6786198616027832,0.00045909223263151944,0.00012255337787792087,6.741230754414573e-05,17.795368194580078,396.3713684082031,86.18719482421875,0.06897012889385223,7.6229108366392755e-06,3.761446977255554e-05,1160,0.2163509577512741
0.06046610325574875,0.9395338892936707,0.5708221793174744,0.5947055220603943,0.6105281710624695,0.0004403096390888095,0.00012029836943838745,7.594715862069279e-05,17.844554901123047,559.4537353515625,100.49337005615234,0.06048811972141266,7.472660314185796e-06,3.68571464321082e-05,1170,0.2151254117488861
0.09990332275629044,0.9000966548919678,0.5480061173439026,0.5925354361534119,0.7590585947036743,0.000493445317260921,0.00012867955956608057,5.456873623188585e-05,17.824277877807617,419.70062255859375,90.23179626464844,0.09992799162864685,7.323058048486065e-06,3.6103090567621677e-05,1180,0.1665111631155014
0.06530065834522247,0.934699296951294,0.5556727647781372,0.9959981441497803,0.8747537136077881,0.00046957749873399734,0.0001261420111404732,6.960133760003373e-05,17.826446533203125,416.06842041015625,87.1845474243164,0.06532413512468338,7.174140951660598e-06,3.535248823109736e-05,1190,0.22885805368423462
0.0398225374519825,0.960177481174469,0.46611738204956055,0.5954679846763611,0.5063312649726868,0.00037650251761078835,0.00010111597657669336,7.579463999718428e-05,17.827001571655273,529.3880615234375,97.13204193115234,0.039841361343860626,7.02594576677474e-06,3.4605524622430254e-05,1200,0.22028526663780212
0.011283441446721554,0.9887166023254395,0.4567175805568695,0.19614075124263763,0.9910336136817932,0.0003484403423499316,9.018983109854162e-05,7.234173244796693e-05,17.809572219848633,363.018310546875,83.2238998413086,0.011300863698124886,6.878509058772866e-06,3.3862384043713736e-05,1210,0.10952269285917282
0.00893472321331501,0.991065263748169,0.4995902478694916,0.19062203168869019,0.9908627271652222,0.00036210782127454877,9.423217125004157e-05,7.610615284647793e-05,17.824087142944336,395.8862609863281,88.1705551147461,0.00895282905548811,6.73186720545654e-06,3.312324985376579e-05,1220,0.12348919361829758
0.02644987963140011,0.9735501408576965,0.5446406006813049,0.7290985584259033,0.6676955223083496,0.00039042075513862073,0.00010077303159050643,7.6934156822972e-05,17.820556640625,483.50726318359375,92.923583984375,0.02646940015256405,6.58605638850881e-06,3.238830442288784e-05,1230,0.15719527006149292
0.008712991140782833,0.9912869930267334,0.564669132232666,0.9961661696434021,0.6904614567756653,0.0003720387758221477,9.782180131878704e-05,7.937512418720871e-05,17.836605072021484,732.248779296875,110.3167495727539,0.008731593377888203,6.441112584566953e-06,3.1657729087867775e-05,1240,0.08793547004461288
0.03202094882726669,0.9679790735244751,0.5889579653739929,0.19007444381713867,0.6712444424629211,0.00035575113724917173,9.359991236124188e-05,7.410938997054473e-05,17.87262725830078,627.8949584960938,109.08483123779297,0.03203873708844185,6.297071556345745e-06,3.093170410723764e-05,1250,0.22614386677742004
0.007011858746409416,0.992988109588623,0.39590516686439514,0.9963088631629944,0.9892622232437134,0.00037960687768645585,0.00010127817222382873,8.245142817031592e-05,17.771873474121094,430.365234375,87.43370819091797,0.00703083910048008,6.153968843813568e-06,3.0210408616797686e-05,1260,0.06622248142957687
0.017162049189209938,0.9828379154205322,0.593591034412384,0.996525764465332,0.5461826324462891,0.00038318309816531837,0.00010036837193183601,7.79234615038149e-05,17.825164794921875,464.24652099609375,91.87361907958984,0.017181208357214928,6.011839755423448e-06,2.9494020585417176e-05,1270,0.15365934371948242
0.007540772203356028,0.992459237575531,0.5112438201904297,0.9964954853057861,0.18434320390224457,0.000369975867215544,9.470580698689446e-05,7.620910764671862e-05,17.787147521972656,476.4779052734375,88.93743896484375,0.007559271063655615,5.870719359401225e-06,2.878271677112335e-05,1280,0.06274294853210449
0.02530360035598278,0.9746963977813721,0.3419775366783142,0.8347957730293274,0.8954998254776001,0.0003890292427968234,0.0001015158777590841,7.67553283367306e-05,17.768184661865234,430.6928405761719,89.80266571044922,0.0253230519592762,5.730642475092984e-06,2.807667267748888e-05,1290,0.19041486084461212
0.0043687946163117886,0.995631217956543,0.42226701974868774,0.18924272060394287,0.9932025074958801,0.0003766891604755074,9.680299262981862e-05,7.90747653809376e-05,17.738615036010742,445.30078125,86.67830657958984,0.004387629218399525,5.591643664373915e-06,2.7376062510329127e-05,1300,0.0497078001499176
0.005549434572458267,0.994450569152832,0.39397817850112915,0.7259649634361267,,0.0003705679264385253,9.622806101106107e-05,7.770497177261859e-05,17.75020980834961,433.27685546875,91.67887878417969,0.005567962769418955,5.453757223120672e-06,2.6681059134719352e-05,1310,0.055417779833078384
0.004743133205920458,0.9952568411827087,0.3704568147659302,0.5917525291442871,,0.0003763171553146094,9.722500544739887e-05,7.736962288618088e-05,17.71832847595215,427.42254638671875,87.12256622314453,0.004761949181556702,5.317017172749407e-06,2.599183403234297e-05,1320,0.06841977685689926
0.006257905624806881,0.9937421083450317,0.5342855453491211,0.9966376423835754,0.7850796580314636,0.00037742816493846476,9.327052248409018e-05,7.310531509574503e-05,17.806930541992188,479.504638671875,89.97836303710938,0.006276777014136314,5.18145725182146e-06,2.5308557259180897e-05,1330,0.06415897607803345
0.007379862014204264,0.9926201701164246,0.60884690284729,0.9968041181564331,0.9889194965362549,0.00038380309706553817,9.812442294787616e-05,7.794996054144576e-05,17.827220916748047,465.96319580078125,87.33409118652344,0.007399052381515503,5.047110907718884e-06,2.4631397403552762e-05,1340,0.05514490231871605
0.011555460281670094,0.9884445667266846,0.43519163131713867,0.7944051027297974,0.9747709631919861,0.0003802225401159376,9.879059507511556e-05,7.971833110786974e-05,17.80094337463379,462.6451721191406,93.29310607910156,0.01157447136938572,4.91401128839183e-06,2.396052154452044e-05,1350,0.08090708404779434
0.019965803250670433,0.9800341725349426,0.43198421597480774,0.5911847949028015,0.5302862524986267,0.00037223624531179667,9.76944065769203e-05,7.665567682124674e-05,17.82965087890625,540.099365234375,99.56648254394531,0.01998441480100155,4.782191234179746e-06,2.3296095210663574e-05,1360,0.11868615448474884
0.025626659393310547,0.9743733406066895,0.4871676564216614,0.7272301316261292,0.945416271686554,0.0003992833662778139,0.00010561165981926024,8.174187678378075e-05,17.810102462768555,446.6263122558594,86.93830871582031,0.025646623224020004,4.651683269708552e-06,2.2638282339238058e-05,1370,0.16809721291065216
0.04929526895284653,0.9507047533988953,0.615735650062561,0.9966484904289246,0.717102587223053,0.00042635202407836914,0.00011414619802962989,7.777307473588735e-05,17.851032257080078,648.250244140625,100.07151794433594,0.049316585063934326,4.522519595865644e-06,2.1987245235726835e-05,1380,0.24272312223911285
0.005983093753457069,0.9940169453620911,0.33904314041137695,0.7261524200439453,0.18092837929725647,0.00035746247158385813,9.467882046010345e-05,7.997398643055931e-05,17.76213264465332,412.37451171875,90.45231628417969,0.006000966764986515,4.394732081854824e-06,2.1343144533793512e-05,1390,0.053838104009628296
0.010233981534838676,0.9897660613059998,0.513465940952301,0.18629178404808044,0.9898380637168884,0.0003578353498596698,9.647636761656031e-05,7.703871960984543e-05,17.846935272216797,433.80548095703125,97.76597595214844,0.010251873172819614,4.268352257333053e-06,2.070613915564842e-05,1400,0.06359884142875671
0.0065580205991864204,0.9934419989585876,0.47880834341049194,0.7273297309875488,0.5320566892623901,0.0003736353828571737,9.826768655329943e-05,7.852068665670231e-05,17.790363311767578,1034.76806640625,119.10521697998047,0.00657670246437192,4.143411304630964e-06,2.007638627283688e-05,1410,0.0493936762213707
0.007591265253722668,0.9924087524414062,0.5854711532592773,0.5926668643951416,0.7278726696968079,0.0003754087956622243,9.716855129227042e-05,7.810944225639105e-05,17.856191635131836,424.1343994140625,82.96670532226562,0.007610035594552755,4.019940051059105e-06,1.9454041267459533e-05,1420,0.05071005970239639
0.0039987205527722836,0.9960012435913086,0.2720150947570801,0.8350555300712585,,0.0003783020074479282,9.702738316264004e-05,7.667644968023524e-05,17.702516555786133,431.638916015625,87.45153045654297,0.004017635714262724,3.897968961301761e-06,1.883925769383413e-05,1430,0.03554249927401543
0.04011619836091995,0.9598838686943054,0.5296997427940369,0.1891328990459442,0.8883109092712402,0.000414670561440289,0.0001124148111557588,8.262330084107816e-05,17.819664001464844,426.73370361328125,87.0911636352539,0.04013693332672119,3.7775281299002293e-06,1.823218724060823e-05,1440,0.24446836113929749
0.005159998312592506,0.9948400259017944,0.3712201714515686,0.18930217623710632,0.9935239553451538,0.0003714255872182548,9.824104199651629e-05,7.986549462657422e-05,17.757110595703125,415.5391845703125,88.42919158935547,0.005178569816052914,3.6586472738274744e-06,1.7632979693332423e-05,1450,0.044339146465063095
0.01998271979391575,0.9800173044204712,0.5117870569229126,0.5925736427307129,0.9581087231636047,0.0003894041001331061,0.00010051153367385268,7.819566963007674e-05,17.796127319335938,448.48724365234375,87.21223449707031,0.02000219002366066,3.54135572515587e-06,1.704178289750282e-05,1460,0.1407826989889145
0.013149624690413475,0.986850380897522,0.4772695302963257,0.19215671718120575,0.5873513221740723,0.00036684589576907456,9.826650784816593e-05,7.93309009168297e-05,17.81834602355957,387.315673828125,83.56078338623047,0.013167967088520527,3.425682423819978e-06,1.6458742722082513e-05,1470,0.13400398194789886
0.007809159345924854,0.9921908974647522,0.39390164613723755,0.8356658816337585,0.1567680686712265,0.0003673105966299772,9.606219100533053e-05,7.492148142773658e-05,17.77284812927246,709.201416015625,102.2515869140625,0.007827525027096272,3.3116559104760553e-06,1.5884003023510623e-05,1480,0.058933526277542114
0.009409310296177864,0.9905906319618225,0.43973875045776367,0.9969940781593323,0.40056905150413513,0.00037275711656548083,9.598705219104886e-05,7.610271859448403e-05,17.803407669067383,747.63330078125,114.4227294921875,0.009427947923541069,3.1993043194600483e-06,1.5317705610207717e-05,1490,0.09609971195459366
0.06244538724422455,0.9375545978546143,0.5826910734176636,0.5941336750984192,0.6916242837905884,0.0004432116693351418,0.0001183332788059488,7.159389497246593e-05,17.855127334594727,527.9857788085938,97.23564910888672,0.0624675489962101,3.088655371845886e-06,1.4759990207586837e-05,1500,0.1960088014602661
0.009647171944379807,0.9903528094291687,0.565020740032196,0.9969977140426636,0.4056757688522339,0.00037224777042865753,9.648489503888413e-05,7.697602268308401e-05,17.819278717041016,920.0320434570312,119.26725006103516,0.009665784426033497,2.9797363686057254e-06,1.4210994423578351e-05,1510,0.07780017703771591
0.05351410061120987,0.9464858770370483,0.5342711210250854,0.9971824884414673,0.8470500111579895,0.0004385490610729903,0.0001154928031610325,7.152940088417381e-05,17.791851043701172,453.1933288574219,88.7422103881836,0.053536027669906616,2.872574183873816e-06,1.3670853714677112e-05,1520,0.18469910323619843
0.03944268077611923,0.9605573415756226,0.5156339406967163,0.99723219871521,0.8512474298477173,0.0004299333377275616,0.00011472702317405492,7.904868107289076e-05,17.765727996826172,469.03192138671875,87.5329818725586,0.03946417570114136,2.767195258315739e-06,1.3139701352520744e-05,1530,0.16825614869594574
0.006730807013809681,0.993269145488739,0.5141884684562683,0.7285749912261963,0.9909489750862122,0.00036825754796154797,9.304717241320759e-05,7.520745566580445e-05,17.81007957458496,424.37158203125,84.26447296142578,0.006749219726771116,2.6636255926045637e-06,1.261766839100684e-05,1540,0.06735843420028687
0.0628601685166359,0.9371398091316223,0.6016604900360107,0.9971822500228882,0.9077259302139282,0.0004441349592525512,0.00011983096919720992,7.691093196626753e-05,17.856109619140625,457.6322326660156,91.51795196533203,0.06288237869739532,2.561890741005551e-06,1.2104883633957271e-05,1550,0.24729782342910767
0.0050131771713495255,0.9949867725372314,0.4167309105396271,0.9971182942390442,0.994133710861206,0.0003613744629547,9.12817195057869e-05,7.436348823830485e-05,17.766223907470703,412.89276123046875,85.49901580810547,0.00503124576061964,2.462015805071048e-06,1.1601473603337906e-05,1560,0.08369774371385574
0.03480639308691025,0.9651936292648315,0.5619559288024902,0.9972817301750183,0.9234561920166016,0.00042147503700107336,0.00010882964852498844,7.351356907747686e-05,17.805950164794922,497.776123046875,94.20890045166016,0.03482746705412865,2.3640254274470354e-06,1.1107562508041117e-05,1570,0.2138136327266693
0.006374287884682417,0.9936257004737854,0.5197551250457764,0.19189691543579102,0.9936456084251404,0.0003676736378110945,9.281429811380804e-05,7.436875603161752e-05,17.83955955505371,412.91046142578125,87.453369140625,0.006392671726644039,2.2679437857929226e-06,1.0623272213239075e-05,1580,0.05890008062124252
0.0796089619398117,0.9203910231590271,0.7107820510864258,0.9972285032272339,0.8898409008979797,0.000466531899292022,0.0001232688082382083,6.908632349222898e-05,17.87651824951172,470.96148681640625,92.58324432373047,0.07963228970766068,2.1737945868160954e-06,1.014872221031547e-05,1590,0.26282912492752075
0.005367620382457972,0.9946323037147522,0.5096410512924194,0.18979831039905548,0.548377275466919,0.00036901101702824235,9.631316061131656e-05,7.845665095373988e-05,17.823841094970703,599.4213256835938,102.34160614013672,0.005386070813983679,2.081601060422614e-06,9.68402958738267e-06,1600,0.04326704889535904
0.03310355916619301,0.9668964743614197,0.5640681982040405,0.9971706867218018,0.4955671429634094,0.0004093070747330785,0.00010586395364953205,7.394036219920963e-05,17.787309646606445,433.47833251953125,85.80358123779297,0.03312402591109276,1.9913859539855913e-06,9.22930900039202e-06,1610,0.1440029740333557
0.039507098495960236,0.9604929089546204,0.5755902528762817,0.9970647096633911,0.5297156572341919,0.00041919201612472534,0.00011205175542272627,7.911145075922832e-05,17.852737426757812,536.76123046875,92.86902618408203,0.03952805697917938,1.9031715267326324e-06,8.784672644844278e-06,1620,0.18968090415000916
0.02099420689046383,0.9790058135986328,0.5545457601547241,0.9972915649414062,0.6804916262626648,0.00038562051486223936,0.00010281807044520974,8.088961476460099e-05,17.836097717285156,589.409912109375,105.78343963623047,0.02101348713040352,1.816979544253671e-06,8.350230228106886e-06,1630,0.1287490725517273
0.005910469219088554,0.9940896034240723,0.5164456963539124,0.9974148273468018,0.596341073513031,0.0003727797302417457,9.7948795882985e-05,7.890906999818981e-05,17.78904914855957,415.9712829589844,82.22098541259766,0.005929108243435621,1.7328312731306686e-06,7.926088942345491e-06,1640,0.03438190370798111
0.01113845780491829,0.9888615608215332,0.5347793698310852,0.9973549246788025,0.9784974455833435,0.0003827952314168215,9.648363629821688e-05,7.485385140171275e-05,17.77581787109375,472.44293212890625,91.4176025390625,0.011157597415149212,1.6507474756903895e-06,7.512353438075801e-06,1650,0.10157828032970428
0.029029428958892822,0.9709705710411072,0.5066515803337097,0.9972773194313049,0.9271512031555176,0.0004106183478143066,0.00010972301242873073,8.27418698463589e-05,17.78183364868164,474.2729797363281,87.77949523925781,0.029049959033727646,1.570748404881602e-06,7.10912579834262e-06,1660,0.17774471640586853
0.0035514708142727613,0.9964485168457031,0.37916284799575806,0.9973799586296082,0.11474554985761642,0.00037774749216623604,9.968828817363828e-05,8.118021651171148e-05,17.720722198486328,576.490478515625,100.28609466552734,0.003570358268916607,1.4928537992779811e-06,6.71650551353245e-06,1670,0.031398892402648926
0.034494612365961075,0.9655054807662964,0.49024176597595215,0.19187003374099731,0.9205223917961121,0.00040679704397916794,0.00010482258949195966,7.283619197551161e-05,17.81820297241211,519.2845458984375,97.81063079833984,0.03451495245099068,1.4170828782078973e-06,6.334589456825665e-06,1680,0.21466763317584991
0.0682244524359703,0.9317755699157715,0.6392912864685059,0.9972219467163086,0.8452916145324707,0.0004598612431436777,0.0001163111228379421,5.993112426949665e-05,17.83233642578125,509.3212890625,94.58451080322266,0.06824744492769241,1.3434543370123347e-06,5.963471860294495e-06,1690,0.08350902050733566
0.00657400768250227,0.9934259653091431,0.549299955368042,0.9973492622375488,0.1438104212284088,0.0003677787899505347,9.766052244231105e-05,7.774194818921387e-05,17.806598663330078,712.831787109375,112.1162338256836,0.006592396646738052,1.27198634243211e-06,5.603244291652756e-06,1700,0.04233574494719505
0.004779542796313763,0.995220422744751,0.5280078649520874,0.9974233508110046,0.19700923562049866,0.0003760844992939383,9.6438147011213e-05,7.673149229958653e-05,17.756643295288086,443.56768798828125,84.83403015136719,0.004798347130417824,1.2026965281254867e-06,5.253995631662807e-06,1710,0.03650692477822304
0.006303148344159126,0.9936968684196472,0.3326520025730133,0.7961646318435669,,0.0003470727242529392,9.049392974702641e-05,7.389219535980374e-05,17.766338348388672,438.281005859375,94.85408020019531,0.006320502143353224,1.1356019903173362e-06,4.9158120522055636e-06,1720,0.034660834819078445
0.01952187903225422,0.9804781079292297,0.6155986189842224,0.19018010795116425,0.35747581720352173,0.00035579208633862436,9.47437365539372e-05,7.549559813924134e-05,17.89173126220703,620.0164794921875,102.874267578125,0.019539669156074524,1.0707192835809108e-06,4.588776995018933e-06,1730,0.13071954250335693
0.007421356625854969,0.9925786852836609,0.6264607310295105,,0.5472208857536316,0.0003621102077886462,9.2780523118563e-05,7.502140942960978e-05,17.8577823638916,566.2167358398438,99.76799774169922,0.007439462002366781,1.008064416753232e-06,4.2729711511097234e-06,1740,0.03471829742193222
0.005842676851898432,0.9941573739051819,0.5170930624008179,0.5942848324775696,0.4211049973964691,0.00036974725662730634,9.795751248020679e-05,8.09246557764709e-05,17.828327178955078,714.7156982421875,106.03960418701172,0.005861164070665836,9.476528489851703e-07,3.968472440844445e-06,1750,0.03467965126037598
0.04842114821076393,0.9515787959098816,0.5797833800315857,0.5941947102546692,0.6744975447654724,0.0004062029183842242,0.00011098073446191847,7.98960099928081e-05,17.880359649658203,414.678466796875,87.45820617675781,0.048441458493471146,8.894994859271102e-07,3.6753559947235155e-06,1760,0.28285035490989685
0.022727862000465393,0.977272093296051,0.4321192800998688,0.7284104228019714,0.8809071183204651,0.00039620333700440824,0.00010365691559854895,7.811684190528467e-05,17.747177124023438,436.6451416015625,86.32341766357422,0.022747673094272614,8.336186760512177e-07,3.3936941348440166e-06,1770,0.13135677576065063
0.007469730451703072,0.992530345916748,0.5225225687026978,0.5944037437438965,0.5566474199295044,0.0003635479661170393,9.292521281167865e-05,7.31140244170092e-05,17.832515716552734,725.1514282226562,112.8472671508789,0.0074879080057144165,7.800242071111721e-07,3.123556357055302e-06,1780,0.06074279919266701
0.0067310514859855175,0.9932689666748047,0.4296122193336487,0.7289097905158997,0.5500490069389343,0.00036283364170230925,9.525478526484221e-05,7.672092760913074e-05,17.816537857055664,603.8289794921875,99.1552505493164,0.00674919318407774,7.287293027402289e-07,2.865009313811861e-06,1790,0.04565398395061493
0.012073603458702564,0.9879264831542969,0.444382905960083,0.19201922416687012,0.17908118665218353,0.00033153698313981295,9.019747085403651e-05,7.3296956543345e-05,17.829315185546875,396.5795593261719,87.09270477294922,0.012090180069208145,6.797466191885024e-07,2.618116797727906e-06,1800,0.05764440819621086
0.008465183898806572,0.9915347695350647,0.5803394317626953,0.9974462985992432,0.9872602820396423,0.00037555419839918613,9.671616135165095e-05,7.838151213945821e-05,17.834762573242188,457.2967529296875,92.10369873046875,0.00848396122455597,6.330882422002134e-07,2.3829397258374395e-06,1810,0.060561876744031906
0.011338709853589535,0.9886612296104431,0.5753494501113892,0.9974708557128906,0.5639424324035645,0.0003774052602238953,9.859498095465824e-05,7.75449734646827e-05,17.815927505493164,552.0439453125,98.5288314819336,0.011357580311596394,5.887656840317203e-07,2.1595361245639236e-06,1820,0.1701737493276596
0.014782825484871864,0.9852170944213867,0.4789366126060486,0.5920061469078064,0.5280761122703552,0.0003678258217405528,9.594709263183177e-05,7.565093983430415e-05,17.809215545654297,610.5549926757812,106.91853332519531,0.014801216311752796,5.467898806110371e-07,1.9479611154031063e-06,1830,0.18147538602352142
0.0049697598442435265,0.9950301647186279,0.41444456577301025,0.729053258895874,0.9949168562889099,0.0003699201624840498,9.544745262246579e-05,7.664891745662317e-05,17.80727767944336,411.7042541503906,85.84503173828125,0.00498825591057539,5.071711888395635e-07,1.748266901322648e-06,1840,0.028780804947018623
0.01512012630701065,0.9848798513412476,0.6281150579452515,0.997591495513916,0.7665033340454102,0.0003840118006337434,9.983153722714633e-05,7.787287177052349e-05,17.842458724975586,605.6082763671875,104.3770980834961,0.015139326453208923,4.699193840366627e-07,1.5605027538817643e-06,1850,0.11565279215574265
0.0037218404468148947,0.9962781667709351,0.4011595845222473,0.4616132974624634,0.9955803751945496,0.00037839022115804255,9.578197204973549e-05,7.393518171738833e-05,17.72524642944336,428.0098876953125,85.49654388427734,0.0037407600320875645,4.350436575277645e-07,1.3847150010742877e-06,1860,0.023347333073616028
0.006624260917305946,0.9933757185935974,0.4220551550388336,0.46102142333984375,0.9908068180084229,0.00036594789708033204,9.406841854797676e-05,7.69219477660954e-05,17.819272994995117,404.80218505859375,85.09745025634766,0.006642558146268129,4.025526143765236e-07,1.220947015897831e-06,1870,0.042190443724393845
0.0044228695333004,0.9955771565437317,0.44382965564727783,0.9973932504653931,0.9952844381332397,0.0003707176656462252,9.531057730782777e-05,7.541622471762821e-05,17.77269744873047,411.77520751953125,86.29195404052734,0.004441405646502972,3.7245427126166464e-07,1.0692392056522288e-06,1880,0.019371405243873596
0.054587021470069885,0.9454130530357361,0.4136224091053009,0.5954310297966003,0.6886652708053589,0.00044623680878430605,0.00011823275417555124,7.087934500304982e-05,17.765172958374023,422.7563781738281,85.60023498535156,0.054609332233667374,3.4475605449898134e-07,9.296290019696128e-07,1890,0.1940072625875473
0.09999460726976395,0.9000053405761719,0.6456097364425659,0.9975229501724243,0.3102649748325348,0.000484528427477926,0.00012579219765029848,5.561480429605581e-05,17.820905685424805,428.28179931640625,82.81969451904297,0.10001883655786514,3.1946479820900206e-07,8.021508515787073e-07,1900,0.26642513275146484
0.057805027812719345,0.9421949982643127,0.4298679530620575,0.5951747894287109,0.668997049331665,0.0004421363410074264,0.00011523366265464574,6.953738193260506e-05,17.753780364990234,423.55426025390625,86.0545883178711,0.05782713368535042,2.9658674263077487e-07,6.868362078056227e-07,1910,0.20393529534339905
0.027163617312908173,0.9728363752365112,0.6011427640914917,0.595233678817749,0.5488904714584351,0.0003679798392113298,9.815761586651206e-05,7.626153092132881e-05,17.883071899414062,764.7483520507812,115.7533187866211,0.027182016521692276,2.761275325821826e-07,5.837135228132234e-07,1920,0.21180981397628784
0.02816038765013218,0.9718396067619324,0.6283395290374756,0.9975585341453552,0.42090392112731934,0.0003825509047601372,0.00010126602137461305,7.638568058609962e-05,17.855884552001953,575.445556640625,99.51229858398438,0.028179515153169632,2.580922160671648e-07,4.928082405809617e-07,1930,0.14377030730247498
0.06499022245407104,0.9350098371505737,0.6984217762947083,0.9971894025802612,0.7513478398323059,0.00046222368837334216,0.00011855790216941386,6.170205597300082e-05,17.876102447509766,452.55023193359375,84.42656707763672,0.0650133341550827,2.4248524303020683e-07,4.1414279062700204e-07,1940,0.14999349415302277
0.012950764037668705,0.9870492219924927,0.6303044557571411,,0.4404926300048828,0.0003657476627267897,9.477516869083047e-05,7.532853487646207e-05,17.853925704956055,497.65191650390625,95.0189437866211,0.012969051487743855,2.2931046425837143e-07,3.477365824740135e-07,1950,0.082535021007061
0.005840487778186798,0.994159460067749,0.5250005722045898,0.5950380563735962,0.4208976924419403,0.0003731184115167707,9.743063856149092e-05,7.749361975584179e-05,17.818988800048828,639.7760620117188,105.85444641113281,0.005859143566340208,2.1857113043118204e-07,2.936060008602003e-07,1960,0.032069284468889236
0.008404099382460117,0.9915958642959595,0.4126790761947632,0.5953247547149658,0.15799130499362946,0.0003491231764201075,9.280788071919233e-05,7.72156345192343e-05,17.817371368408203,493.6776123046875,93.59870147705078,0.008421555161476135,2.102698913185637e-07,2.517644016965988e-07,1970,0.031117962673306465
0.057650573551654816,0.942349374294281,0.6515383720397949,0.9975257515907288,0.9204612970352173,0.000441644893726334,0.00011645146878436208,7.386200013570487e-05,17.87702178955078,448.9947509765625,87.70177459716797,0.0576726570725441,2.044087951270564e-07,2.2222210877172874e-07,1980,0.2549642324447632
0.05012538284063339,0.9498746395111084,0.45366615056991577,0.997536838054657,0.6182639598846436,0.00044609440374188125,0.00011627374624367803,6.979372847126797e-05,17.735246658325195,470.84613037109375,87.76280975341797,0.050147686153650284,2.009892879944404e-07,2.0498641120430052e-07,1990,0.1270112693309784
0.008604871109127998,0.9913950562477112,0.45341742038726807,0.19295960664749146,0.18254625797271729,0.0003556885349098593,9.559548925608397e-05,7.747858762741089e-05,17.822046279907227,396.9041748046875,82.60699462890625,0.008622655645012856,1.9999987786367065e-07,9.99999384383552e-07,2000,0.04046519100666046
0.007357762660831213,0.9926422238349915,0.5977917313575745,0.19287274777889252,0.9832361936569214,0.0003834561794064939,9.817947284318507e-05,7.697647379245609e-05,17.819543838500977,452.7371826171875,86.8257064819336,0.0073769353330135345,1.0999187202783441e-06,5.4995903173625625e-06,2010,0.05569113790988922
0.010631931014358997,0.9893680214881897,0.400234580039978,0.19304442405700684,0.5517787337303162,0.0003283063997514546,8.87835631147027e-05,7.441370689775795e-05,17.834409713745117,533.7395629882812,96.71696472167969,0.01064834650605917,2.0994344988913855e-06,1.0497149645927285e-05,2020,0.0692114308476448
0.02185896784067154,0.9781410694122314,0.46369031071662903,0.9972954392433167,0.5238264203071594,0.0003866309707518667,9.945881174644455e-05,7.489391282433644e-05,17.786354064941406,506.53076171875,97.25960540771484,0.021878300234675407,3.0981810773896382e-06,1.549083189512555e-05,2030,0.11617172509431839
0.08836263418197632,0.9116373658180237,0.5501108169555664,0.7297789454460144,0.8261981010437012,0.0004860000335611403,0.00012606545351445675,5.7797355111688375e-05,17.84280014038086,439.4219055175781,89.07598876953125,0.08838693052530289,4.095792574720577e-06,2.0478792876621898e-05,2040,0.15818074345588684
0.04195254668593407,0.9580474495887756,0.6580798625946045,0.19146808981895447,0.9200848937034607,0.0004119861114304513,0.00011166719195898622,8.151897782227024e-05,17.87541961669922,450.25225830078125,90.37496185302734,0.04197314754128456,5.091903576653434e-06,2.5459190755051144e-05,2050,0.23832103610038757
0.1261407732963562,0.8738592267036438,0.6987988948822021,0.9971992373466492,0.6471827626228333,0.0005428286385722458,0.0001451879070373252,5.336345202522352e-05,17.879194259643555,491.5384521484375,94.39281463623047,0.1261679083108902,6.08614928611089e-06,3.043018680575085e-05,2060,0.27785199880599976
0.030124278739094734,0.969875693321228,0.5298501253128052,0.5946069955825806,0.6453575491905212,0.00040021282620728016,0.00010690902126953006,8.032625191845e-05,17.80660629272461,703.6800537109375,105.37772369384766,0.030144289135932922,7.078165673287577e-06,3.538994617141919e-05,2070,0.21122485399246216
0.01418752409517765,0.9858125448226929,0.4742741584777832,0.19357697665691376,0.5872933864593506,0.00031819319701753557,8.465185237582773e-05,7.191667100414634e-05,17.84112548828125,483.1683654785156,93.1402587890625,0.014203433878719807,8.067589625503503e-06,4.033663861743684e-05,2080,0.18757161498069763
0.005165387876331806,0.9948346018791199,0.47151127457618713,0.7282782196998596,0.7359601855278015,0.0003767429734580219,9.755842620506883e-05,7.785578054608777e-05,17.78154754638672,438.4298095703125,83.16324615478516,0.005184224806725979,9.054059096740617e-06,4.5268439285591593e-05,2090,0.10009478032588959
0.03304867446422577,0.9669513702392578,0.5287819504737854,0.996918797492981,0.6575818657875061,0.0004155611095484346,0.00011032515612896532,7.852015551179647e-05,17.80516242980957,464.30340576171875,91.37875366210938,0.03306945413351059,1.0037213256810854e-05,5.018352944594561e-05,2100,0.23933690786361694
0.006189500913023949,0.9938104748725891,0.5488382577896118,0.19617271423339844,0.7900201082229614,0.0003905047778971493,0.00010088524140883237,7.65994336688891e-05,17.805313110351562,460.2077941894531,89.12872314453125,0.006209026090800762,1.1016692640104027e-05,5.5080097246584945e-05,2110,0.18024857342243195
0.005296718794852495,0.9947031736373901,0.5444812774658203,0.7312183380126953,0.9930493235588074,0.0003904332115780562,0.0001033757725963369,8.210814121412113e-05,17.8145751953125,459.88909912109375,86.1473617553711,0.00531624024733901,1.199213929386421e-05,5.9956338460992326e-05,2120,0.1350562870502472
0.004404052626341581,0.9955959320068359,0.3461645543575287,0.7955580949783325,0.5755128860473633,0.00037863742909394205,9.578128810971975e-05,7.455088052665815e-05,17.734407424926758,466.3764343261719,88.86461639404297,0.004422984551638365,1.2963196925943262e-05,6.481045723278473e-05,2130,0.09777238965034485
0.011174584738910198,0.9888254404067993,0.6027107238769531,0.9970552921295166,0.45665255188941956,0.0003818717959802598,9.978513116948307e-05,7.760641165077686e-05,17.82352066040039,452.25830078125,85.27153778076172,0.011193678714334965,1.3929511051980409e-05,6.964066681755783e-05,2140,0.13608819246292114
0.12375140190124512,0.8762485980987549,0.6767778396606445,0.9968821406364441,0.6366629600524902,0.0005445917486213148,0.00015110117965377867,6.225029210327193e-05,17.883785247802734,465.7803955078125,90.99005126953125,0.12377863377332687,1.4890729141956929e-05,7.444519032158088e-05,2150,0.3309909701347351
0.08253389596939087,0.9174661636352539,0.6186606884002686,0.996891975402832,0.7859002947807312,0.0004632913914974779,0.00011916202493011951,6.63330647512339e-05,17.7930908203125,493.7884521484375,89.27613830566406,0.0825570598244667,1.5846500766075193e-05,7.922226143708607e-05,2160,0.3078017830848694
0.031565167009830475,0.968434751033783,0.5302467942237854,0.7299287915229797,0.5344211459159851,0.0003900732262991369,0.00010454493894940242,7.910640852060169e-05,17.828548431396484,440.70025634765625,83.11572265625,0.03158466890454292,1.6796477739911568e-05,8.397012517389769e-05,2170,0.254280686378479
0.0062097120098769665,0.9937902688980103,0.5049182176589966,0.9962822198867798,0.7318159937858582,0.00037316911038942635,9.449815843254328e-05,7.63835123507306e-05,17.79033660888672,453.49371337890625,83.74153900146484,0.0062283705919981,1.7740314268792846e-05,8.868703858714779e-05,2180,0.12185020744800568
0.09035506099462509,0.9096449017524719,0.6172459125518799,0.5961424708366394,0.8518252372741699,0.00046707564615644515,0.00012666048132814467,7.212776108644903e-05,17.859886169433594,443.2158203125,90.00959777832031,0.09037841111421585,1.8677667091346193e-05,9.337127150082577e-05,2190,0.4090941846370697
0.008429798297584057,0.991570234298706,0.644201397895813,0.9957295656204224,0.6967880725860596,0.00037916566361673176,9.673938620835543e-05,7.574883056804538e-05,17.834257125854492,607.885009765625,100.74403381347656,0.00844875629991293,1.9510642410122166e-05,9.753344002677737e-05,2200,0.18273279070854187
0.004957906901836395,0.9950420260429382,0.258342444896698,0.7294848561286926,,0.00036617371370084584,9.489242802374065e-05,7.781211752444506e-05,17.71432876586914,448.9283447265625,88.07067108154297,0.004976215772330761,1.946119629724703e-05,9.728421163965927e-05,2210,0.10079330950975418
0.004025657661259174,0.9959743618965149,0.3241371810436249,0.7291352152824402,0.9950335025787354,0.0003798776597250253,9.437891276320443e-05,7.360427844105288e-05,17.710811614990234,501.201171875,87.25113677978516,0.00404465151950717,1.9409440449260143e-05,9.702334125435162e-05,2220,0.12430908530950546
0.047840625047683716,0.9521593451499939,0.5242871046066284,0.19564564526081085,0.9232609868049622,0.0004046213289257139,0.00010844359348993748,7.92920618550852e-05,17.853286743164062,439.71612548828125,86.66947174072266,0.04786085709929466,1.9355387636142542e-05,9.675089323671847e-05,2230,0.41242659091949463
0.004964018240571022,0.9950358867645264,0.5028448104858398,0.9969335794448853,0.5926035046577454,0.0003766105219256133,0.00010038162872660905,8.312909631058574e-05,17.79322624206543,509.5726013183594,85.67880249023438,0.004982848651707172,1.929905119461707e-05,9.646693480923148e-05,2240,0.09272396564483643
0.025585511699318886,0.9744144678115845,0.5455387830734253,0.5983808636665344,0.7688267827033997,0.0003941176109947264,0.00010376922000432387,7.743422611383721e-05,17.864744186401367,504.14324951171875,87.15616607666016,0.02560521848499775,1.9240445024857675e-05,9.617153603438363e-05,2250,0.254841685295105
0.08196896314620972,0.9180310964584351,0.6256954073905945,0.9978334903717041,0.8781300187110901,0.0004882751381956041,0.00012778164818882942,6.05138557148166e-05,17.8680477142334,516.697509765625,95.99101257324219,0.08199337869882584,1.9179583587059815e-05,9.58647697974025e-05,2260,0.21561302244663239
0.003951259423047304,0.9960486888885498,0.47439056634902954,0.9980897903442383,0.17370575666427612,0.00036887949681840837,9.749940363690257e-05,7.748830830678344e-05,17.802433013916016,512.2105712890625,93.94270324707031,0.003969703335314989,1.9116481897872573e-05,9.55467117882668e-05,2270,0.06054254248738289
0.21702244877815247,0.7829775214195251,0.6469408869743347,0.598456859588623,0.5583540797233582,0.0007311655790545046,0.00020340687478892505,2.6276629796484485e-05,17.89800453186035,615.9808349609375,108.61898040771484,0.21705900132656097,1.905115552669355e-05,9.521744048303112e-05,2280,0.5370573401451111
0.09277451783418655,0.907225489616394,0.6712056398391724,0.1898295283317566,0.2484920471906662,0.0004570803721435368,0.00012399214028846473,6.75289411447011e-05,17.873512268066406,913.6182861328125,126.239501953125,0.09279736876487732,1.8983620591827325e-05,9.487703712446297e-05,2290,0.30481934547424316
0.003103874856606126,0.9968962073326111,0.4029833674430847,0.7301152348518372,,0.0003841168654616922,9.744062117533758e-05,7.679591362830251e-05,17.751285552978516,528.184814453125,88.69099426269531,0.0031230805907398462,1.8913893756508537e-05,9.452558570199757e-05,2300,0.1071166917681694
0.0030877257231622934,0.9969122409820557,0.41029536724090576,0.7316372394561768,0.9929957389831543,0.0003783162101171911,9.546001092530787e-05,7.538034697063267e-05,17.725183486938477,524.7055053710938,88.3167724609375,0.0031066415831446648,1.8841992224790454e-05,9.41631729310145e-05,2310,0.06285373121500015
0.004057934042066336,0.9959420561790466,0.5157241821289062,0.20137959718704224,0.1540040373802185,0.000377947319066152,9.880016295937821e-05,7.499943603761494e-05,17.80984878540039,607.0736694335938,106.09659576416016,0.004076831508427858,1.8767933737300138e-05,9.378988823144211e-05,2320,0.08478768169879913
0.056828200817108154,0.9431717991828918,0.4910134971141815,0.9970415830612183,0.871337890625,0.0004344387270975858,0.00012014035019092262,8.337973122252151e-05,17.81338119506836,528.7349853515625,88.9506607055664,0.056849922984838486,1.8691736566861226e-05,9.340582370569445e-05,2330,0.3625454902648926
0.004778365138918161,0.9952216148376465,0.5187013745307922,0.5971201062202454,0.5792482495307922,0.0003569967520888895,9.393579966854304e-05,7.729952631052583e-05,17.821239471435547,493.85833740234375,93.20417785644531,0.004796214867383242,1.861341951398535e-05,9.301107411594635e-05,2340,0.12877346575260162
0.006341652479022741,0.9936583042144775,0.5111609697341919,0.7263500690460205,0.15176789462566376,0.0003513182746246457,9.262574167223647e-05,7.487939728889614e-05,17.83668327331543,718.0883178710938,114.822265625,0.006359218619763851,1.853300190223343e-05,9.260573686075233e-05,2350,0.08875780552625656
0.0033766617998480797,0.9966233372688293,0.46597880125045776,0.9969673156738281,0.5637158155441284,0.0003815922827925533,9.975921420846134e-05,8.021856774576008e-05,17.770160675048828,651.1058349609375,101.05950164794922,0.0033957413397729397,1.845050357344785e-05,9.218991195101493e-05,2360,0.10675191879272461
0.03967447206377983,0.9603254795074463,0.5627139210700989,0.9979172348976135,0.8857181668281555,0.00040280030225403607,0.00010692662908695638,7.891911081969738e-05,17.79600715637207,514.1190185546875,88.96209716796875,0.039694610983133316,1.836594488285679e-05,9.176370198530846e-05,2370,0.24919547140598297
0.004568143282085657,0.9954318404197693,0.45129668712615967,0.7329509854316711,0.12586376070976257,0.00034710793988779187,8.939467079471797e-05,7.337138231378049e-05,17.817821502685547,704.1138916015625,110.7741928100586,0.0045854984782636166,1.8279346694051874e-05,9.132721212456448e-05,2380,0.06898472458124161
0.0023359893821179867,0.9976639747619629,0.4343831539154053,0.9983597993850708,0.9934217929840088,0.0003889427171088755,9.852959192357957e-05,7.640424882993102e-05,17.74066734313965,576.99658203125,90.47045135498047,0.002355436561629176,1.819073037384039e-05,9.08805500661248e-05,2390,0.0613655149936676
0.04736306890845299,0.9526368975639343,0.4915151298046112,0.8002181053161621,0.6082384586334229,0.000422572047682479,0.00011398764763725922,7.912376895546913e-05,17.83763885498047,831.76171875,108.90278625488281,0.047384198755025864,1.8100117786973357e-05,9.042382601716874e-05,2400,0.21933896839618683
0.08403970301151276,0.9159602522850037,0.38528841733932495,0.7975389957427979,0.5869479179382324,0.0004680542624555528,0.0001253377558896318,6.369149195961654e-05,17.782943725585938,475.4584045410156,85.7897720336914,0.0840631052851677,1.8007531290750725e-05,8.995715266752132e-05,2410,0.20222045481204987
0.003455078462138772,0.9965448975563049,0.4853302240371704,0.9979937076568604,0.9969831705093384,0.0003550284600351006,9.033065725816414e-05,7.253344665514305e-05,17.803699493408203,441.5260009765625,81.9843978881836,0.0034728299360722303,1.791299372950503e-05,8.948064516184858e-05,2420,0.08011078834533691
0.09535695612430573,0.9046430587768555,0.39091503620147705,0.798814058303833,0.7626281976699829,0.000501768197864294,0.00013007401139475405,5.269936445984058e-05,17.79513931274414,468.05120849609375,85.7083740234375,0.09538204222917557,1.781652842896491e-05,8.899442107124736e-05,2430,0.15487736463546753
0.006038122344762087,0.9939619302749634,0.4158572852611542,0.5979661345481873,0.9809319972991943,0.000377049291273579,0.00010002360795624554,8.040113607421517e-05,17.787004470825195,476.779052734375,84.4116439819336,0.006056974641978741,1.7718159190499838e-05,8.849860036423656e-05,2440,0.12125828862190247
0.0030719018541276455,0.9969281554222107,0.5584357380867004,0.9983333945274353,0.6117950677871704,0.0003767433518078178,9.562136983731762e-05,7.305526378331706e-05,17.796092987060547,500.30169677734375,85.60546875,0.003090739017352462,1.7617910285247473e-05,8.799330537715646e-05,2450,0.06563212722539902
0.03313880413770676,0.9668611884117126,0.502894401550293,0.5977514982223511,0.7787660956382751,0.0004250557685736567,0.00010969213326461613,7.260468555614352e-05,17.77422332763672,552.6597900390625,89.43854522705078,0.03316005691885948,1.7515806448125134e-05,8.747866078398426e-05,2460,0.17421293258666992
0.0018340630922466516,0.9981659650802612,0.41603413224220276,0.9985194206237793,0.9981077909469604,0.0003762776032090187,9.770157339517027e-05,7.975268817972392e-05,17.786968231201172,524.4480590820312,88.89693450927734,0.0018528769724071026,1.741187287172681e-05,8.69547935655725e-05,2470,0.039597876369953156
0.014762897975742817,0.9852371215820312,0.6570689082145691,0.9986968040466309,0.8225170969963074,0.00038350422983057797,9.987071098294109e-05,7.88159086368978e-05,17.869327545166016,590.4384765625,90.91214752197266,0.014782072976231575,1.730613520010729e-05,8.642183297831856e-05,2480,0.13834360241889954
0.0018511597299948335,0.9981487989425659,0.34056684374809265,0.7995319366455078,,0.0003655656473711133,9.688604041002691e-05,8.231934043578804e-05,17.751192092895508,521.9917602539062,86.0956802368164,0.0018694379832595587,1.7198619522454862e-05,8.587991052227247e-05,2490,0.06422439962625504
0.004722894169390202,0.9952770471572876,0.6505848169326782,0.20066775381565094,0.5720065236091614,0.0003763860440813005,9.866486652754247e-05,7.949603605084121e-05,17.887775421142578,636.13037109375,103.1043930053711,0.0047417134046554565,1.7089352366654188e-05,8.53291599086913e-05,2500,0.08701818436384201
0.02185375988483429,0.9781461954116821,0.4158741533756256,0.7990342974662781,0.9274177551269531,0.0004021798667963594,0.00010411727998871356,7.7404773037415e-05,17.766530990600586,560.7196044921875,88.60344696044922,0.021873869001865387,1.697836069274097e-05,8.476971702704791e-05,2510,0.1339920312166214
0.011653709225356579,0.9883463978767395,0.5569667816162109,0.20474392175674438,0.7636194825172424,0.0003671636513900012,9.643546945881099e-05,7.658106187591329e-05,17.87545394897461,745.9049682617188,103.76409149169922,0.0116720674559474,1.6865671886249933e-05,8.42017199115022e-05,2520,0.2409258633852005
0.07424536347389221,0.925754725933075,0.5243222713470459,0.9979758858680725,0.3021022379398346,0.0004439174081198871,0.00011578244448173791,6.889690121170133e-05,17.82149314880371,698.9349365234375,109.63275146484375,0.07426755875349045,1.6751313751457892e-05,8.36253087068433e-05,2530,0.45086240768432617
0.03645246475934982,0.9635475277900696,0.5427622199058533,0.19845539331436157,0.8621337413787842,0.0003807430330198258,0.00010345930058974773,8.004567644093186e-05,17.821455001831055,598.6976318359375,101.4380874633789,0.03647150099277496,1.663531450452342e-05,8.304062563391096e-05,2540,0.21957872807979584
0.016313854604959488,0.9836861491203308,0.5365021824836731,,0.9629893898963928,0.00036631288821808994,9.271336602978408e-05,7.378032023552805e-05,17.833126068115234,495.2521667480469,87.70988464355469,0.016332169994711876,1.6517702766524964e-05,8.244781495450461e-05,2550,0.13687407970428467
0.008611917495727539,0.9913880825042725,0.45773500204086304,0.46592164039611816,0.5415132641792297,0.000415960734244436,0.00011014784104190767,7.321013254113495e-05,17.821914672851562,667.3970336914062,100.33672332763672,0.008632715791463852,1.639850755639902e-05,8.1847022935789e-05,2560,0.1645876169204712
0.009735723957419395,0.9902642965316772,0.712956428527832,0.19646623730659485,0.6924261450767517,0.0003822052967734635,0.00010175153147429228,8.115330274449661e-05,17.935832977294922,1002.4082641601562,125.68013763427734,0.00975483376532793,1.6277758283780127e-05,8.123839781420487e-05,2570,0.13702215254306793
0.0030422357376664877,0.9969578385353088,0.4350462555885315,0.46613621711730957,0.9969304203987122,0.00036167874350212514,9.37459190026857e-05,7.515524339396507e-05,17.80463218688965,488.35064697265625,88.54288482666016,0.0030603196937590837,1.615548474174449e-05,8.062208975889394e-05,2580,0.09380486607551575
0.0024019761476665735,0.9975981116294861,0.4444158971309662,0.998259425163269,0.5727748274803162,0.0003622039803303778,9.409127233084291e-05,7.915091555332765e-05,17.805086135864258,575.627197265625,92.3700180053711,0.0024200864136219025,1.6031717099458992e-05,7.999825083464682e-05,2590,0.06339982151985168
0.0016210598405450583,0.9983789324760437,0.4473109841346741,0.9987393617630005,0.9977742433547974,0.0003787821333389729,9.60860779741779e-05,7.647121674381196e-05,17.751251220703125,579.802490234375,89.2520523071289,0.001639998983591795,1.590648589473739e-05,7.93670349643834e-05,2600,0.038953110575675964
0.016581952571868896,0.9834181070327759,0.6158499121665955,0.9987174868583679,0.810777485370636,0.00039970598299987614,0.00010648617171682417,8.285745570901781e-05,17.864213943481445,609.9114379882812,94.1338882446289,0.016601938754320145,1.5779822026505573e-05,7.872859789117455e-05,2610,0.18564185500144958
0.002289543393999338,0.9977104067802429,0.35667717456817627,0.8407699465751648,0.9971452951431274,0.0003858924610540271,9.86660597845912e-05,7.460614142473787e-05,17.76864242553711,547.3648681640625,88.22123718261719,0.0023088380694389343,1.5651756747177718e-05,7.808309713981497e-05,2620,0.06585723161697388
0.0892532542347908,0.9107467532157898,0.5396737456321716,0.598832368850708,0.6704840660095215,0.0004900650237686932,0.00012610542762558907,5.301934288581833e-05,17.87714385986328,664.5718383789062,98.59537506103516,0.08927775919437408,1.552232165494522e-05,7.74306919779562e-05,2630,0.1129426434636116
0.021503567695617676,0.9784964323043823,0.490896999835968,0.9983199238777161,0.9454798102378845,0.00040061812615022063,0.00010428746463730931,7.920371717773378e-05,17.814424514770508,632.7115478515625,92.69049072265625,0.021523598581552505,1.53915486859803e-05,7.677154337680979e-05,2640,0.0975814163684845
0.001822088030166924,0.9981779456138611,0.4262983798980713,,,0.00036599781014956534,9.368034079670906e-05,7.644058496225625e-05,17.760379791259766,509.74365234375,87.37042236328125,0.001840387936681509,1.5259470106556263e-05,7.610581397143006e-05,2650,0.05297337472438812
0.003191293915733695,0.9968087077140808,0.5551741123199463,0.9986097812652588,0.710522472858429,0.0003824306186288595,9.717824286781251e-05,7.659930270165205e-05,17.801301956176758,669.8739624023438,99.74555969238281,0.0032104153651744127,1.5126118505086234e-05,7.543366802058618e-05,2660,0.06305793672800064
0.0031353605445474386,0.9968645572662354,0.4514234662055969,0.9988789558410645,0.5532548427581787,0.0003723689296748489,9.39766614465043e-05,7.307547639356926e-05,17.806303024291992,662.0728759765625,100.59990692138672,0.003153979079797864,1.4991526784082505e-05,7.475527136623405e-05,2670,0.05562351644039154
0.0025155108887702227,0.9974844455718994,0.5573103427886963,0.2019721269607544,0.1302754282951355,0.0003351710911374539,8.866838470567018e-05,6.99420488672331e-05,17.858768463134766,569.3402709960938,105.6259765625,0.0025322693400084972,1.485572815203829e-05,7.407079139259704e-05,2680,0.03229851648211479
0.009706026874482632,0.9902939796447754,0.5300801992416382,0.9990266561508179,0.9787996411323547,0.00039725194801576436,0.00010269121412420645,7.735333929304034e-05,17.791889190673828,591.1859130859375,90.57091522216797,0.009725889191031456,1.4718756115234047e-05,7.338039698486656e-05,2690,0.09703157097101212
0.0013309312053024769,0.9986690282821655,0.42113161087036133,0.7341033816337585,,0.0003692304599098861,9.553782001603395e-05,7.657789683435112e-05,17.776622772216797,518.15185546875,86.68013763427734,0.0013493926962837577,1.4580644469470299e-05,7.268425848753212e-05,2700,0.025228984653949738
0.06575142592191696,0.9342485666275024,0.4515584111213684,0.9989963173866272,0.3851870894432068,0.00045241491170600057,0.00011822360102087259,6.670493894489482e-05,17.75808334350586,593.3497924804688,89.22713470458984,0.06577404588460922,1.4441427291729036e-05,7.198254766235141e-05,2710,0.12939508259296417
0.0015376891242340207,0.9984623193740845,0.5326305627822876,0.9990332722663879,0.662987232208252,0.0003785628650803119,9.859091369435191e-05,7.884734077379107e-05,17.84296989440918,651.7203369140625,101.48088836669922,0.0015566173242405057,1.4301138931765707e-05,7.127543764597058e-05,2720,0.02962273359298706
0.002232432132586837,0.9977676272392273,0.5360590815544128,0.999038577079773,0.996688961982727,0.00036891442141495645,9.165007213596255e-05,7.068189006531611e-05,17.834957122802734,526.1593017578125,91.29914093017578,0.002250877907499671,1.4159814003633955e-05,7.05631029072055e-05,2730,0.037631742656230927
0.0016513876616954803,0.9983485341072083,0.3489920198917389,0.6005948781967163,0.9970939755439758,0.00037280909600667655,9.604630758985877e-05,7.581619138363749e-05,17.75387954711914,525.7695922851562,88.31456756591797,0.0016700280830264091,1.4017487377145111e-05,6.984571920399405e-05,2740,0.03439142554998398
0.0017354204319417477,0.9982645511627197,0.4843944311141968,0.9990244507789612,0.7041256427764893,0.00038228280027396977,9.827854228205979e-05,7.848069071769714e-05,17.802465438842773,758.823486328125,105.92996978759766,0.0017545345472171903,1.3874194169264576e-05,6.912346354003055e-05,2750,0.035045284777879715
0.14440302550792694,0.8555969595909119,0.5842684507369995,0.20251192152500153,0.275611013174057,0.0005249343812465668,0.00014071518671698868,4.8489477194380015e-05,17.873184204101562,694.50439453125,105.80643463134766,0.1444292664527893,1.3729969735447255e-05,6.839651412109273e-05,2760,0.2919328808784485
0.14679193496704102,0.853208065032959,0.5486249327659607,0.7333648800849915,0.705655574798584,0.0006058434373699129,0.00016143526590894908,4.1260769648943096e-05,17.853551864624023,555.27978515625,93.11766815185547,0.1468222290277481,1.3584849660914116e-05,6.766505031107217e-05,2770,0.2568833827972412
0.14014916121959686,0.8598508238792419,0.5040652751922607,0.46791520714759827,0.3568241596221924,0.000549948017578572,0.00015109626110643148,4.575058483169414e-05,17.8394775390625,566.0386962890625,94.59090423583984,0.1401766538619995,1.3438869751872068e-05,6.692925258771882e-05,2780,0.17450262606143951
0.0080932741984725,0.9919067621231079,0.5289422273635864,0.6016561388969421,0.6999757289886475,0.00038029992720112205,9.60045144893229e-05,7.456661114702001e-05,17.81597900390625,666.2705688476562,99.03651428222656,0.008112289011478424,1.3292066026679332e-05,6.618930249811098e-05,2790,0.09982746094465256
0.0013165934942662716,0.9986833930015564,0.4346920847892761,0.6014060378074646,0.1942901611328125,0.0003598709881771356,9.213811426889151e-05,7.42155680200085e-05,17.79214859008789,477.95904541015625,86.0429916381836,0.0013345869956538081,1.3144474706958419e-05,6.544538261386112e-05,2800,0.0252032820135355
0.0060407379642128944,0.9939593076705933,0.5159029960632324,0.9989913105964661,0.9856106638908386,0.00038818264147266746,9.828340262174606e-05,7.663153519388288e-05,17.83953857421875,646.1647338867188,93.78459930419922,0.006060147192329168,1.2996132208659014e-05,6.469767648606918e-05,2810,0.07480475306510925
0.0010708890622481704,0.9989290833473206,0.37768107652664185,0.6009253263473511,,0.0003696023195516318,9.525119821773842e-05,7.632228516740724e-05,17.767677307128906,531.01806640625,91.02558135986328,0.0010893691796809435,1.2847075133072883e-05,6.394636860003404e-05,2820,0.02095929905772209
0.0011436608619987965,0.9988563060760498,0.36744776368141174,0.9990759491920471,0.9984122514724731,0.00037854741094633937,9.905613114824519e-05,7.942289812490344e-05,17.75701904296875,558.7024536132812,88.07915496826172,0.0011625882470980287,1.2697340257803033e-05,6.319164432973449e-05,2830,0.03152186796069145
0.001343296840786934,0.998656690120697,0.3768293857574463,0.7993486523628235,0.9983116388320923,0.00036913156509399414,9.616700845072046e-05,7.829714741092175e-05,17.772384643554688,521.1359252929688,89.6768569946289,0.001361753442324698,1.2546964527689405e-05,6.243368989209105e-05,2840,0.041180320084095
0.004446877166628838,0.9955530762672424,0.44881004095077515,0.600520670413971,0.98853600025177,0.00038204711745493114,0.00010000736074289307,7.957562047522515e-05,17.811750411987305,559.825439453125,89.09004974365234,0.004465979523956776,1.2395985045693286e-05,6.167269230101971e-05,2850,0.09195830672979355
0.02319473959505558,0.9768052697181702,0.5529837012290955,0.9991323947906494,0.6541227698326111,0.0004071349685546011,0.0001017654431052506,7.080478826537728e-05,17.792587280273438,758.222900390625,107.3310775756836,0.023215096443891525,1.2244439063742708e-05,6.0908839321289e-05,2860,0.1423238068819046
0.0015574516728520393,0.998442530632019,0.5149082541465759,0.19964049756526947,0.9979940056800842,0.0003797506506089121,9.810186747927219e-05,7.831568655092269e-05,17.824575424194336,559.3017578125,87.74869537353516,0.001576439244672656,1.2092363973541077e-05,6.014231942219189e-05,2870,0.046801697462797165
0.0011209399672225118,0.9988790154457092,0.4632028043270111,0.7318670153617859,0.5814263820648193,0.000372769107343629,9.624293306842446e-05,7.818065932951868e-05,17.800609588623047,601.9254150390625,95.07991790771484,0.0011395784094929695,1.1939797297341357e-05,5.9373321731043807e-05,2880,0.02923995442688465
0.0013408411759883165,0.9986591339111328,0.36950457096099854,0.9988475441932678,0.9983649253845215,0.00037868175422772765,9.746661089593545e-05,7.779091538395733e-05,17.763580322265625,579.5250244140625,91.81070709228516,0.0013597753131762147,1.1786776678687998e-05,5.8602035986518296e-05,2890,0.03774943947792053
0.060485780239105225,0.9395142197608948,0.5077477693557739,0.46653857827186584,0.7163380980491638,0.0004448636609595269,0.00012161325139459223,7.176851067924872e-05,17.876911163330078,665.394775390625,101.05023956298828,0.06050802394747734,1.1633339873128954e-05,5.78286524918318e-05,2900,0.17096757888793945
0.005227637942880392,0.9947723746299744,0.579960823059082,0.5996792316436768,0.5586140751838684,0.0003494634001981467,8.73443714226596e-05,6.839151319582015e-05,17.874378204345703,820.6973266601562,119.5212631225586,0.00524511095136404,1.1479524738900072e-05,5.7053362067789254e-05,2910,0.06448135524988174
0.021310318261384964,0.9786896109580994,0.7469343543052673,,0.5674554705619812,0.0003829454944934696,0.00010300450230715796,7.890605775173753e-05,17.917747497558594,596.8922119140625,96.13249206542969,0.021329466253519058,1.132536922758414e-05,5.627635600570187e-05,2920,0.14691662788391113
0.06436945497989655,0.9356305599212646,0.4880414307117462,0.9991732835769653,0.776187539100647,0.0004651262133847922,0.00012014863023068756,6.095013668527827e-05,17.79836654663086,617.3418579101562,95.04061889648438,0.06439270824193954,1.1170911374746892e-05,5.549782602018888e-05,2930,0.041766759008169174
0.0030103002209216356,0.9969896674156189,0.41029536724090576,0.4022425711154938,0.18604101240634918,0.0003356687957420945,9.041910379892215e-05,7.335756527027115e-05,17.82720947265625,451.1781005859375,84.0465316772461,0.003027083585038781,1.1016189290552318e-05,5.471796420187481e-05,2940,0.07333474606275558
0.001321383286267519,0.9986785650253296,0.5259567499160767,0.5995423197746277,0.9981545805931091,0.00037597198388539255,9.707541175885126e-05,7.928730337880552e-05,17.800031661987305,609.52099609375,90.7819595336914,0.0013401819160208106,1.0861241150359535e-05,5.3936962969994015e-05,2950,0.03648671880364418
0.001341778552159667,0.9986582398414612,0.411390095949173,0.7991476655006409,0.9978886246681213,0.0003781445848289877,9.812178905121982e-05,7.878673932282254e-05,17.787616729736328,611.1990966796875,91.23453521728516,0.0013606857974082232,1.0706105185303593e-05,5.315501502491407e-05,2960,0.034395843744277954
0.05797813460230827,0.942021906375885,0.5932314395904541,0.9991663694381714,0.6012137532234192,0.0004320073639973998,0.00011555233504623175,7.678317342652008e-05,17.83912467956543,645.665283203125,100.55941009521484,0.057999733835458755,1.0550819672862527e-05,5.2372313300589905e-05,2970,0.22796688973903656
0.0021957664284855127,0.9978042244911194,0.4726451337337494,0.9991384744644165,0.10548500716686249,0.0003678406064864248,9.551175753585994e-05,7.822177576599643e-05,17.79430389404297,775.6737060546875,112.08928680419922,0.002214158419519663,1.0395422927412942e-05,5.1589050916960186e-05,2980,0.03837316483259201
0.003106508869677782,0.9968934655189514,0.5254372954368591,0.9991238713264465,0.12892988324165344,0.00034648418659344316,8.92938842298463e-05,7.309530337806791e-05,17.837881088256836,919.3206787109375,127.65840148925781,0.0031238330993801355,1.0239953290776526e-05,5.080542113229784e-05,2990,0.061807166785001755
0.0011340501951053739,0.9988659024238586,0.33194008469581604,0.7996233701705933,0.16511647403240204,0.00035980244865641,9.156661690212786e-05,7.317535346373916e-05,17.772621154785156,544.3406982421875,93.13336944580078,0.0011520403204485774,1.0084449122759774e-05,5.002161729552653e-05,3000,0.031204214319586754
0.00875324197113514,0.99124675989151,0.44651246070861816,0.9993413090705872,0.9777734875679016,0.00038707925705239177,9.977518493542448e-05,7.879253098508343e-05,17.779123306274414,662.0476684570312,94.36840057373047,0.008772595785558224,9.928948791689292e-06,4.9237832798514716e-05,3010,0.0825304165482521
0.002477418165653944,0.9975225925445557,0.5009769201278687,0.999075710773468,0.9946737885475159,0.0003636910405475646,9.331735782325268e-05,7.866290252422914e-05,17.80898666381836,583.4464111328125,92.27623748779297,0.0024956027045845985,9.773490664944965e-06,4.845426102835896e-05,3020,0.04720392823219299
0.0013490496203303337,0.9986510276794434,0.48419517278671265,0.6013093590736389,0.9985158443450928,0.00038304607733152807,9.666875121183693e-05,7.470903801731765e-05,17.78005027770996,619.0193481445312,90.85608673095703,0.0013682019198313355,9.618113099493397e-06,4.7671095319668735e-05,3030,0.04205615818500519
0.0022649026941508055,0.9977350831031799,0.47698697447776794,0.9986605644226074,0.23250079154968262,0.0003599396732170135,9.132469858741388e-05,7.704098243266344e-05,17.733572006225586,628.367919921875,90.05608367919922,0.002282899571582675,9.462854432423904e-06,4.688852890686392e-05,3040,0.06968165934085846
0.005389364901930094,0.9946106672286987,0.49929389357566833,0.6020731925964355,0.9886971712112427,0.000384016428142786,9.769159078132361e-05,7.361533062066883e-05,17.828704833984375,531.3614501953125,87.09993743896484,0.005408565513789654,9.307752971489395e-06,4.6106754876497054e-05,3050,0.13533474504947662
0.0030334629118442535,0.996966540813446,0.49494731426239014,0.5987089276313782,0.9935135841369629,0.00038421229692175984,9.843811858445406e-05,7.603505946462974e-05,17.81833267211914,634.12060546875,97.36061096191406,0.0030526735354214907,9.152846985654523e-06,4.532596611961219e-05,3060,0.060049157589673996
0.004205537494271994,0.9957945346832275,0.5787094235420227,,0.9911593198776245,0.0003717056824825704,9.716837666928768e-05,7.945297693368047e-05,17.83360481262207,537.3189697265625,88.95671844482422,0.00422412296757102,8.998174695653388e-06,4.454635528415193e-05,3070,0.08038845658302307
0.0013294771779328585,0.9986705780029297,0.5997434854507446,0.9991265535354614,0.7308341860771179,0.00036630884278565645,9.390441846335307e-05,7.915575406514108e-05,17.82373046875,656.3199462890625,94.8705062866211,0.0013477925676852465,8.843774264559132e-06,4.376811472742431e-05,3080,0.04002915695309639
0.004020931664854288,0.9959790706634521,0.6104356050491333,,0.7138996124267578,0.00037078364402987063,9.723076072987169e-05,7.876747258706018e-05,17.854841232299805,634.7196044921875,101.52486419677734,0.004039471037685871,8.68968378836779e-06,4.299143646864169e-05,3090,0.06740237027406693
0.0012255549663677812,0.9987744688987732,0.445410817861557,0.7327274680137634,0.9978322982788086,0.0003819292178377509,9.937358845490962e-05,7.892665598774329e-05,17.78887176513672,621.29833984375,91.26457977294922,0.001244651386514306,8.535941286598652e-06,4.22165121415427e-05,3100,0.0259720329195261
0.001024702680297196,0.9989753365516663,0.5747796297073364,0.9992983341217041,0.438616544008255,0.00037057066219858825,9.308665175922215e-05,7.292848022188991e-05,17.82952117919922,648.908447265625,101.7632064819336,0.001043231226503849,8.382584692913533e-06,4.1443532947109624e-05,3110,0.01593833975493908
0.0028891211841255426,0.9971107840538025,0.5948648452758789,0.600917398929596,0.4609110355377197,0.00036448065657168627,9.536115248920396e-05,7.695212843827903e-05,17.871482849121094,551.1797485351562,90.39140319824219,0.0029073453042656183,8.2296518457572e-06,4.067268960639235e-05,3120,0.06826508045196533
0.18795964121818542,0.8120403289794922,0.6872217655181885,0.20009180903434753,0.416653573513031,0.0005942631978541613,0.0001661786955082789,3.842478326987475e-05,17.916345596313477,637.843017578125,107.58243560791016,0.18798935413360596,8.077180479021311e-06,3.9904172313450844e-05,3130,0.4274863302707672
0.0078095016069710255,0.9921905398368835,0.653222918510437,,0.681812047958374,0.00037326067104004323,9.730819147080183e-05,7.826088403817266e-05,17.851499557495117,962.795654296875,114.7553482055664,0.007828164845705032,7.925208212734119e-06,3.913817068842753e-05,3140,0.1015784814953804
0.07376490533351898,0.9262351393699646,0.533884584903717,0.734051525592804,0.8523228168487549,0.00048600821173749864,0.0001226053573191166,5.338479968486354e-05,17.825336456298828,590.9127807617188,95.44371795654297,0.07378920912742615,7.773772543778328e-06,3.837487373076147e-05,3150,0.07224483788013458
0.0072742365300655365,0.9927257895469666,0.407955139875412,0.60136479139328,0.5309255719184875,0.0003759787359740585,9.889659122563899e-05,7.90931808296591e-05,17.79039192199707,848.4647827148438,109.60668182373047,0.00729303527623415,7.6229108366392755e-06,3.761446977255554e-05,3160,0.1019323393702507
0.0009524637134745717,0.9990475177764893,0.46267563104629517,0.5993357300758362,0.5922510623931885,0.0003765283618122339,9.781881090020761e-05,7.652696513105184e-05,17.795642852783203,547.984130859375,91.5525894165039,0.000971290108282119,7.472660314185796e-06,3.68571464321082e-05,3170,0.027478553354740143
0.0012592519633471966,0.9987407922744751,0.5680173635482788,0.9993604421615601,0.14738067984580994,0.0003510331443976611,9.151869016932324e-05,7.36688743927516e-05,17.856075286865234,669.9549560546875,109.1488037109375,0.0012768036685883999,7.323058048486065e-06,3.6103090567621677e-05,3180,0.02820955589413643
0.0014787447871640325,0.9985212683677673,0.5119838714599609,0.9990988373756409,0.11895854026079178,0.0003607471298892051,9.447835327591747e-05,7.699793059146032e-05,17.812610626220703,1008.734130859375,133.1766357421875,0.0014967821771278977,7.174140951660598e-06,3.535248823109736e-05,3190,0.0391341932117939
0.0019589033909142017,0.9980411529541016,0.461789071559906,0.9991994500160217,0.14387246966362,0.0003773199568968266,0.00010360698797740042,8.54395839269273e-05,17.78054428100586,665.7794799804688,100.28081512451172,0.001977769425138831,7.02594576677474e-06,3.4605524622430254e-05,3200,0.038757603615522385
0.03299274295568466,0.9670072197914124,0.4640554189682007,0.7333115935325623,0.8049731254577637,0.00042293916339986026,0.00011217812425456941,7.52565247239545e-05,17.799957275390625,612.3776245117188,96.73726654052734,0.03301389142870903,6.878509058772866e-06,3.3862384043713736e-05,3210,0.14281411468982697
0.07929344475269318,0.9207065105438232,0.7117257118225098,0.2049836665391922,0.7349269390106201,0.00048396122292615473,0.00012502740719355643,5.71020100323949e-05,17.90657615661621,683.7640380859375,99.69071960449219,0.07931764423847198,6.73186720545654e-06,3.312324985376579e-05,3220,0.12023177742958069
0.002108086599037051,0.9978920221328735,0.6069461107254028,,0.7032402157783508,0.0003564837679732591,9.029309876495972e-05,7.259383710334077e-05,17.85184097290039,694.9556884765625,105.7534408569336,0.0021259107161313295,6.58605638850881e-06,3.238830442288784e-05,3230,0.047402266412973404
0.0008131818030960858,0.9991867542266846,0.353706419467926,0.8002045154571533,,0.000375432544387877,9.825636516325176e-05,8.047783194342628e-05,17.784103393554688,587.992431640625,91.46659088134766,0.0008319534244947135,6.441112584566953e-06,3.1657729087867775e-05,3240,0.019101275131106377
0.02219013310968876,0.9778099060058594,0.6155157089233398,0.9993325471878052,0.9616212844848633,0.0004013729630969465,0.0001062689334503375,8.018573134904727e-05,17.8443546295166,629.05322265625,93.72723388671875,0.022210201248526573,6.297071556345745e-06,3.093170410723764e-05,3250,0.19538821280002594
0.017196470871567726,0.9828035831451416,0.5287442207336426,0.20267102122306824,0.9579002857208252,0.0003881466982420534,0.00010235702939098701,7.825134525774047e-05,17.855178833007812,531.0281372070312,86.63397216796875,0.017215877771377563,6.153968843813568e-06,3.0210408616797686e-05,3260,0.1627110093832016
0.00266626151278615,0.997333824634552,0.44352561235427856,0.6012437343597412,0.9924014210700989,0.0003843381127808243,9.867319749901071e-05,7.65116565162316e-05,17.774192810058594,627.6582641601562,92.7457504272461,0.0026854784227907658,6.011839755423448e-06,2.9494020585417176e-05,3270,0.037065375596284866
0.04053983837366104,0.9594601392745972,0.4335173964500427,0.9993774890899658,0.906022846698761,0.000427144201239571,0.00011183023161720484,7.404038478853181e-05,17.80953598022461,623.673583984375,93.32730865478516,0.04056119546294212,5.870719359401225e-06,2.878271677112335e-05,3280,0.12304794043302536
0.0350772924721241,0.9649226665496826,0.48296689987182617,0.9993307590484619,0.46411797404289246,0.0004255426465533674,0.00011090924817835912,7.241436833282933e-05,17.800792694091797,686.79541015625,101.9249496459961,0.035098571330308914,5.730642475092984e-06,2.807667267748888e-05,3290,0.18043915927410126
0.008046155795454979,0.9919538497924805,0.522838830947876,0.9993681907653809,0.5775209069252014,0.00037939840694889426,9.754709026310593e-05,7.648473547305912e-05,17.799325942993164,689.8087158203125,95.56072235107422,0.008065125904977322,5.591643664373915e-06,2.7376062510329127e-05,3300,0.10886295884847641
0.03956982120871544,0.9604301452636719,0.49625304341316223,0.20045523345470428,0.9202837944030762,0.0004175193898845464,0.00011269997048657387,7.593739428557456e-05,17.840290069580078,506.76922607421875,93.00252532958984,0.03959069773554802,5.453757223120672e-06,2.6681059134719352e-05,3310,0.134067103266716
0.026948988437652588,0.9730510115623474,0.567441999912262,0.9993376731872559,0.5339044332504272,0.00040712737245485187,0.00010647546878317371,7.603461563121527e-05,17.826879501342773,808.5052490234375,111.76806640625,0.026969345286488533,5.317017172749407e-06,2.599183403234297e-05,3320,0.11725036799907684
0.001981940818950534,0.9980180859565735,0.5648754835128784,0.999288022518158,0.7107909321784973,0.0003697361971717328,9.872741065919399e-05,8.135553071042523e-05,17.851402282714844,637.9918212890625,100.33051300048828,0.002000427572056651,5.18145725182146e-06,2.5308557259180897e-05,3330,0.05329512804746628
0.12424814701080322,0.8757518529891968,0.347499817609787,0.5222625732421875,0.3883868455886841,0.0005043883575126529,0.0001404694194206968,5.844338011229411e-05,17.83158302307129,486.614013671875,88.80859375,0.12427336722612381,5.047110907718884e-06,2.4631397403552762e-05,3340,0.29901596903800964
0.04627460613846779,0.9537253379821777,0.41908499598503113,0.601607084274292,0.8840649127960205,0.0004302911984268576,0.00011530693154782057,7.457974425051361e-05,17.82282066345215,532.625,89.60890197753906,0.046296119689941406,4.91401128839183e-06,2.396052154452044e-05,3350,0.15903516113758087
0.01056076493114233,0.9894391298294067,0.6364933252334595,0.2029050886631012,0.9828956723213196,0.00037980248453095555,9.79376636678353e-05,7.483767694793642e-05,17.860774993896484,584.0135498046875,97.26368713378906,0.01057975459843874,4.782191234179746e-06,2.3296095210663574e-05,3360,0.11288746446371078
0.06025495007634163,0.9397450685501099,0.48408541083335876,0.204062819480896,0.8778949975967407,0.0004355676064733416,0.00012060371955158189,7.543529500253499e-05,17.851303100585938,486.3883056640625,86.58646392822266,0.06027672812342644,4.651683269708552e-06,2.2638282339238058e-05,3370,0.2438540905714035
0.054553840309381485,0.9454461932182312,0.4760742783546448,0.7339603900909424,0.8366906642913818,0.0004394332936499268,0.00011657482536975294,7.232619827846065e-05,17.815135955810547,576.898193359375,90.4789047241211,0.05457581207156181,4.522519595865644e-06,2.1987245235726835e-05,3380,0.16172590851783752
0.003191366558894515,0.9968085885047913,0.5617164969444275,0.20343665778636932,0.562164306640625,0.0003470346855465323,9.000707359518856e-05,7.398814341286197e-05,17.89931297302246,815.0261840820312,112.97895812988281,0.0032087182626128197,4.394732081854824e-06,2.1343144533793512e-05,3390,0.05068438872694969
0.0007430597324855626,0.99925696849823,0.3605257570743561,0.7342517971992493,,0.00037061775219626725,9.561957267578691e-05,7.613646448589861e-05,17.768150329589844,535.3643798828125,87.09981536865234,0.0007615906069986522,4.268352257333053e-06,2.070613915564842e-05,3400,0.013320453464984894
0.0008333174628205597,0.99916672706604,0.3920629024505615,0.402033269405365,0.999107301235199,0.00036895452649332583,9.563946514390409e-05,7.757877028780058e-05,17.802343368530273,534.60546875,87.1463394165039,0.000851765216793865,4.143411304630964e-06,2.007638627283688e-05,3410,0.01714494451880455
0.0007074662717059255,0.9992925524711609,0.3890795409679413,0.9993647933006287,0.18482175469398499,0.0003691134334076196,9.669837163528427e-05,7.915438618510962e-05,17.789752960205078,546.418212890625,88.76966857910156,0.0007259219419211149,4.019940051059105e-06,1.9454041267459533e-05,3420,0.0127454474568367
0.004225699696689844,0.9957742094993591,0.40714091062545776,0.46825358271598816,0.9850950241088867,0.00036550103686749935,9.666512050898746e-05,7.822633779142052e-05,17.811473846435547,488.95220947265625,85.14299011230469,0.004243974573910236,3.897968961301761e-06,1.883925769383413e-05,3430,0.09654765576124191
0.0006335139623843133,0.9993665218353271,0.38120824098587036,0.9994300603866577,,0.0003749169991351664,9.717484499560669e-05,7.782549073453993e-05,17.72446060180664,587.7515258789062,90.90682220458984,0.0006522597977891564,3.7775281299002293e-06,1.823218724060823e-05,3440,0.013128905557096004
0.05638638511300087,0.943613588809967,0.681533694267273,0.2029540240764618,0.6993570923805237,0.00044714685645885766,0.00012075637641828507,7.595608622068539e-05,17.87816619873047,740.9556884765625,103.7813491821289,0.05640874430537224,3.6586472738274744e-06,1.7632979693332423e-05,3450,0.14751368761062622
0.0011801662622019649,0.9988198280334473,0.5668565034866333,0.9993537068367004,0.9961670637130737,0.0003762531268876046,9.404333832208067e-05,7.385412027360871e-05,17.812217712402344,635.88525390625,94.55828857421875,0.0011989788617938757,3.54135572515587e-06,1.704178289750282e-05,3460,0.019952669739723206
0.10946137458086014,0.8905386328697205,0.7227661609649658,0.9994328022003174,0.8465477824211121,0.0005354565801098943,0.00015219865599647164,7.281861326191574e-05,17.912593841552734,622.109619140625,93.45620727539062,0.10948814451694489,3.425682423819978e-06,1.6458742722082513e-05,3470,0.19151705503463745
0.0008008683798834682,0.9991991519927979,0.3709123730659485,0.9993959665298462,0.9987773895263672,0.00037958877510391176,9.478726860834286e-05,7.319421274587512e-05,17.742046356201172,630.1206665039062,92.3392105102539,0.000819847802631557,3.3116559104760553e-06,1.5884003023510623e-05,3480,0.01170588843524456
0.03452805429697037,0.9654719233512878,0.3971877098083496,0.9994322061538696,0.46741998195648193,0.00041993384365923703,0.00010970182484015822,7.48892271076329e-05,17.74722671508789,654.2423095703125,97.89874267578125,0.0345490500330925,3.1993043194600483e-06,1.5317705610207717e-05,3490,0.10285025835037231
0.000757750472985208,0.9992423057556152,0.2949798107147217,0.8400565385818481,0.9987437725067139,0.00037540667108260095,9.534098353469744e-05,7.553843170171604e-05,17.757869720458984,583.18212890625,89.64698791503906,0.0007765208138152957,3.088655371845886e-06,1.4759990207586837e-05,3500,0.012818722054362297
0.0044578080996870995,0.9955421686172485,0.6276189684867859,0.9994374513626099,0.7770524024963379,0.0003794028889387846,9.917162969941273e-05,7.907584949862212e-05,17.866731643676758,718.7889404296875,102.01515197753906,0.004476778209209442,2.9797363686057254e-06,1.4210994423578351e-05,3510,0.06506385654211044
0.002531409962102771,0.9974685907363892,0.6056616306304932,0.9993772506713867,0.7243180871009827,0.0003700968809425831,9.866322216112167e-05,8.070855983532965e-05,17.842605590820312,627.1272583007812,93.95597839355469,0.002549914875999093,2.872574183873816e-06,1.3670853714677112e-05,3520,0.035095926374197006
0.0008308680262416601,0.999169111251831,0.43420472741127014,0.7338950037956238,,0.0003631312574725598,9.469906217418611e-05,7.661365816602483e-05,17.78750991821289,498.3741760253906,87.04436492919922,0.0008490245672874153,2.767195258315739e-06,1.3139701352520744e-05,3530,0.02151441015303135
0.009364149533212185,0.990635871887207,0.5709031224250793,0.6003647446632385,0.7778801918029785,0.0003826087631750852,0.00010203379497397691,8.089853508863598e-05,17.86779022216797,598.6696166992188,95.44874572753906,0.009383279830217361,2.6636255926045637e-06,1.261766839100684e-05,3540,0.08033014833927155
0.020039012655615807,0.979961097240448,0.749920129776001,,0.6997661590576172,0.0003875517868436873,0.00010506365651963279,8.28864867798984e-05,17.9359073638916,690.6932983398438,108.0697250366211,0.020058389753103256,2.561890741005551e-06,1.2104883633957271e-05,3550,0.09783647954463959
0.013888983055949211,0.986111044883728,0.5258544683456421,0.6012274622917175,0.9724821448326111,0.0003737523511517793,9.869071072898805e-05,7.703271694481373e-05,17.85561752319336,498.2226867675781,87.19022369384766,0.013907670974731445,2.462015805071048e-06,1.1601473603337906e-05,3560,0.10898204147815704
0.0005768121918663383,0.9994231462478638,0.3856322467327118,0.9994547963142395,,0.000380896934075281,0.00010061040666187182,8.205937047023326e-05,17.75115966796875,632.926025390625,92.59928131103516,0.0005958570400252938,2.3640254274470354e-06,1.1107562508041117e-05,3570,0.006976341363042593
0.0016568938735872507,0.9983431100845337,0.5684159398078918,0.9994007349014282,0.9973194599151611,0.0003796711389441043,9.77924355538562e-05,7.963406096678227e-05,17.84886360168457,680.978515625,95.622314453125,0.0016758774872869253,2.2679437857929226e-06,1.0623272213239075e-05,3580,0.023527298122644424
0.0007724787574261427,0.9992275834083557,0.3448900580406189,0.8000411987304688,,0.00037035124842077494,9.482374298386276e-05,7.539086800534278e-05,17.750019073486328,533.5533447265625,86.45455169677734,0.0007909963023848832,2.1737945868160954e-06,1.014872221031547e-05,3590,0.02801532670855522
0.020358780398964882,0.9796412587165833,0.4776666760444641,0.8000404238700867,0.9596788883209229,0.00039493260555900633,0.00010311148798791692,7.772182289045304e-05,17.83126449584961,586.1150512695312,89.99298095703125,0.02037852630019188,2.081601060422614e-06,9.68402958738267e-06,3600,0.12203560024499893
0.03914643079042435,0.9608535766601562,0.3671380281448364,0.4006505608558655,0.9209101796150208,0.0004024492227472365,0.00010854582069441676,7.732471567578614e-05,17.814590454101562,484.58917236328125,83.5842056274414,0.03916655480861664,1.9913859539855913e-06,9.22930900039202e-06,3610,0.2785072326660156
0.003029641229659319,0.9969704151153564,0.5010313987731934,0.99933922290802,0.9930064082145691,0.0003873025707434863,9.875722753349692e-05,7.673207437619567e-05,17.799837112426758,681.7889404296875,95.88565063476562,0.0030490064527839422,1.9031715267326324e-06,8.784672644844278e-06,3620,0.040227752178907394
0.012392123229801655,0.9876078963279724,0.5493563413619995,0.9994144439697266,0.7741186618804932,0.00038826928357593715,9.726943972054869e-05,7.395610009552911e-05,17.818998336791992,652.6676025390625,96.69178009033203,0.012411536648869514,1.816979544253671e-06,8.350230228106886e-06,3630,0.07808633148670197
0.0011244290508329868,0.9988755583763123,0.5798144340515137,0.7334054112434387,0.77854323387146,0.00037532494752667844,9.887933993013576e-05,8.098158286884427e-05,17.872617721557617,740.6484375,105.57696533203125,0.0011431953171268106,1.7328312731306686e-06,7.926088942345491e-06,3640,0.015345294028520584
0.06723938137292862,0.9327605962753296,0.4831640422344208,0.9994192719459534,0.7655457258224487,0.0004639436665456742,0.00011883803381351754,6.049305375199765e-05,17.80908966064453,631.7739868164062,95.92288208007812,0.06726257503032684,1.6507474756903895e-06,7.512353438075801e-06,3650,0.08163385838270187
0.058965012431144714,0.9410350322723389,0.6092458963394165,0.9994600415229797,0.8628605008125305,0.00045868026791140437,0.00012157079618191347,6.930499512236565e-05,17.84185218811035,624.5946655273438,92.9293212890625,0.058987945318222046,1.570748404881602e-06,7.10912579834262e-06,3660,0.15124867856502533
0.09674149006605148,0.9032584428787231,0.6122641563415527,0.9994746446609497,0.6445900797843933,0.0005060714320279658,0.00013324817700777203,5.663164483848959e-05,17.87643051147461,670.4920654296875,99.87559509277344,0.09676679223775864,1.4928537992779811e-06,6.71650551353245e-06,3670,0.10967490822076797
0.04690912365913391,0.9530908465385437,0.43903374671936035,0.7333547472953796,0.7653536200523376,0.00043606790131889284,0.00011386391270207241,6.818486872361973e-05,17.771514892578125,543.1307373046875,91.57696533203125,0.04693092778325081,1.4170828782078973e-06,6.334589456825665e-06,3680,0.2000998705625534
0.09489262849092484,0.9051073789596558,0.4883149266242981,0.40098685026168823,0.5938814282417297,0.0004742031160276383,0.00013079070777166635,6.964742351556197e-05,17.85822868347168,521.167236328125,90.24067687988281,0.09491633623838425,1.3434543370123347e-06,5.963471860294495e-06,3690,0.36237698793411255
0.0013790357625111938,0.9986209869384766,0.5939431190490723,0.9994509816169739,0.9973676800727844,0.00038448156556114554,9.649470302974805e-05,7.469188130926341e-05,17.815208435058594,681.402587890625,95.86971282958984,0.0013982598902657628,1.27198634243211e-06,5.603244291652756e-06,3700,0.024734489619731903
0.037174761295318604,0.9628252983093262,0.5764509439468384,0.20275554060935974,0.953170657157898,0.00041576227522455156,0.0001080554211512208,7.197435479611158e-05,17.85942840576172,534.9188232421875,87.5946044921875,0.03719554841518402,1.2026965281254867e-06,5.253995631662807e-06,3710,0.19840885698795319
0.0008242627955041826,0.9991757869720459,0.4384021759033203,0.20296882092952728,0.999098002910614,0.00037004068144597113,9.616657916922122e-05,7.711139915045351e-05,17.823699951171875,535.791748046875,86.64783477783203,0.0008427648572251201,1.1356019903173362e-06,4.9158120522055636e-06,3720,0.008241004310548306
0.0006646476686000824,0.9993353486061096,0.4221671521663666,0.9994630813598633,0.998782217502594,0.00038012853474356234,9.827270696405321e-05,7.953878957778215e-05,17.75586700439453,638.0347900390625,94.63927459716797,0.0006836540997028351,1.0707192835809108e-06,4.588776995018933e-06,3730,0.00782384816557169
0.001729662879370153,0.9982703924179077,0.5195095539093018,0.20312203466892242,0.7056171894073486,0.0003690046432893723,9.623143705539405e-05,7.796395220793784e-05,17.844356536865234,724.6292724609375,102.63176727294922,0.0017481130780652165,1.008064416753232e-06,4.2729711511097234e-06,3740,0.039761923253536224
0.0006926032365299761,0.99930739402771,0.39691808819770813,0.7338840365409851,0.9991602897644043,0.00036947880289517343,9.541825420456007e-05,7.739226566627622e-05,17.795778274536133,541.6907348632812,88.03018951416016,0.0007110771839506924,9.476528489851703e-07,3.968472440844445e-06,3750,0.006061567924916744
0.0009605318773537874,0.9990394115447998,0.5869228839874268,0.9994397163391113,0.9979977607727051,0.00038294465048238635,0.0001000748889055103,8.184042235370725e-05,17.847013473510742,683.5185546875,95.87120819091797,0.0009796790545806289,8.894994859271102e-07,3.6753559947235155e-06,3760,0.008417962118983269
0.0022496385499835014,0.9977504014968872,0.55830979347229,0.9994460940361023,0.9960889220237732,0.00038202383439056575,9.79671604000032e-05,7.798972364980727e-05,17.846675872802734,681.722900390625,96.0919189453125,0.0022687397431582212,8.336186760512177e-07,3.3936941348440166e-06,3770,0.025693902745842934
0.14003005623817444,0.8599699139595032,0.6458766460418701,,0.6275242567062378,0.0005782691878266633,0.00015589414397254586,5.2366394811542705e-05,17.83139419555664,657.225830078125,96.42501068115234,0.1400589644908905,7.800242071111721e-07,3.123556357055302e-06,3780,0.17995311319828033
0.031987059861421585,0.9680129289627075,0.6007006168365479,0.9993994235992432,0.5441244840621948,0.000397417665226385,0.00010455941082909703,7.397406443487853e-05,17.861412048339844,635.5531616210938,102.68163299560547,0.03200693055987358,7.287293027402289e-07,2.865009313811861e-06,3790,0.1565505713224411
0.0007160305976867676,0.9992839097976685,0.37037137150764465,0.20267154276371002,,0.0003636129549704492,9.67604064499028e-05,7.910218846518546e-05,17.790956497192383,492.118896484375,84.68649291992188,0.0007342112367041409,6.797466191885024e-07,2.618116797727906e-06,3800,0.009616999886929989
0.018406368792057037,0.981593668460846,0.6210237741470337,0.20181286334991455,0.7047387957572937,0.0003793600481003523,0.00010040384950116277,7.711187936365604e-05,17.879695892333984,501.8791198730469,87.26995086669922,0.018425336107611656,6.330882422002134e-07,2.3829397258374395e-06,3810,0.160746768116951
0.00489596975967288,0.9951040148735046,0.5336489677429199,0.20229974389076233,0.9922774434089661,0.00037420770968310535,9.287254943046719e-05,6.964981730561703e-05,17.8363037109375,537.1930541992188,87.04559326171875,0.004914680030196905,5.887656840317203e-07,2.1595361245639236e-06,3820,0.07066663354635239
0.0017955739749595523,0.9982043504714966,0.5748178958892822,0.9994841814041138,0.9976104497909546,0.0003744552959688008,9.693976608105004e-05,7.87273675086908e-05,17.861478805541992,590.5208740234375,91.3942642211914,0.0018142967019230127,5.467898806110371e-07,1.9479611154031063e-06,3830,0.02200251817703247
0.11593477427959442,0.8840652704238892,0.580633282661438,0.6009652614593506,0.3956138789653778,0.0004990362212993205,0.0001357746368739754,5.5964235798455775e-05,17.852941513061523,523.760986328125,94.29563903808594,0.11595972627401352,5.071711888395635e-07,1.748266901322648e-06,3840,0.28871840238571167
0.0006644846289418638,0.9993355870246887,0.511280357837677,0.9994273781776428,0.1604509800672531,0.0003761165135074407,9.754797792993486e-05,7.776202983222902e-05,17.790637969970703,658.1529541015625,100.65128326416016,0.0006832904764451087,4.699193840366627e-07,1.5605027538817643e-06,3850,0.006986718624830246
0.12666210532188416,0.8733379244804382,0.6435309648513794,0.2025829255580902,0.4014023244380951,0.000535046448931098,0.0001444364752387628,5.1431085012154654e-05,17.88184356689453,555.174560546875,97.1722412109375,0.1266888529062271,4.350436575277645e-07,1.3847150010742877e-06,3860,0.2125304788351059
0.03446055203676224,0.9655394554138184,0.5294397473335266,0.6012510657310486,0.9137729406356812,0.00040552078280597925,0.00010745342297013849,7.75723165133968e-05,17.84164810180664,579.4854125976562,94.705078125,0.034480828791856766,4.025526143765236e-07,1.220947015897831e-06,3870,0.20871254801750183
0.0006984176579862833,0.999301552772522,0.387738436460495,0.9994360208511353,0.16746917366981506,0.0003725676506292075,9.311804751632735e-05,7.132710743462667e-05,17.749174118041992,651.5272216796875,101.62642669677734,0.000717046030331403,3.7245427126166464e-07,1.0692392056522288e-06,3880,0.007156172301620245
0.0034545380622148514,0.9965454936027527,0.6456118822097778,0.202651709318161,0.15241514146327972,0.0003499616286717355,8.809243445284665e-05,6.80763041600585e-05,17.858436584472656,744.7113647460938,111.03276824951172,0.0034720362164080143,3.4475605449898134e-07,9.296290019696128e-07,3890,0.09131475538015366
0.002201028633862734,0.9977989792823792,0.3337970972061157,0.8002824783325195,0.9877833127975464,0.000378825148800388,9.848158515524119e-05,7.997071224963292e-05,17.75320053100586,634.9468383789062,92.98765563964844,0.0022199698723852634,3.1946479820900206e-07,8.021508515787073e-07,3900,0.05130955949425697
0.039700329303741455,0.9602996706962585,0.5794064998626709,0.9994330406188965,0.9368122220039368,0.0004380343889351934,0.00011391939187888056,7.104265387170017e-05,17.84911346435547,675.6356811523438,96.14553833007812,0.03972223028540611,2.9658674263077487e-07,6.868362078056227e-07,3910,0.12962433695793152
0.0007289438508450985,0.999271035194397,0.41591769456863403,0.7337889075279236,0.5896174311637878,0.00037917611189186573,0.0001000382035272196,7.995699706953019e-05,17.77623748779297,601.8570556640625,93.43975830078125,0.000747902668081224,2.761275325821826e-07,5.837135228132234e-07,3920,0.005182926543056965
0.0009335044887848198,0.9990664720535278,0.4969164729118347,0.9994363784790039,0.7956998348236084,0.00038094044430181384,9.934862464433536e-05,7.928720879135653e-05,17.805416107177734,648.6236572265625,95.0909423828125,0.0009525514906272292,2.580922160671648e-07,4.928082405809617e-07,3930,0.006861624773591757
0.0023282428737729788,0.9976717829704285,0.4044429063796997,0.9994756579399109,0.564218282699585,0.0003681015514302999,9.357285307487473e-05,7.464848749805242e-05,17.779123306274414,688.6808471679688,101.28624725341797,0.0023466479033231735,2.4248524303020683e-07,4.1414279062700204e-07,3940,0.052560508251190186
0.00088840676471591,0.9991115927696228,0.5466140508651733,0.7335638999938965,0.5726791620254517,0.0003677602799143642,9.529874660074711e-05,7.823726627975702e-05,17.84679412841797,708.7046508789062,106.7721176147461,0.000906794797629118,2.2931046425837143e-07,3.477365824740135e-07,3950,0.00914726685732603
0.0007474989397451282,0.9992524981498718,0.5519895553588867,,0.9990307688713074,0.00036716173053719103,9.161188791040331e-05,7.176334474934265e-05,17.806222915649414,538.139892578125,86.62588500976562,0.0007658570539206266,2.1857113043118204e-07,2.936060008602003e-07,3960,0.007147726137191057
0.0006583231152035296,0.9993416666984558,0.47139084339141846,0.9994480013847351,0.9989862442016602,0.00037340805283747613,9.60793113335967e-05,7.71976774558425e-05,17.769460678100586,586.3032836914062,90.54557800292969,0.0006769935134798288,2.102698913185637e-07,2.517644016965988e-07,3970,0.005976429209113121
0.0006766970036551356,0.9993232488632202,0.4153226912021637,0.7337201237678528,0.15772153437137604,0.0003678697976283729,9.446452168049291e-05,7.588991866214201e-05,17.778440475463867,642.227294921875,102.04474639892578,0.0006950905080884695,2.044087951270564e-07,2.2222210877172874e-07,3980,0.006018507294356823
0.0011882656253874302,0.9988117218017578,0.6576266884803772,0.2021772861480713,0.7970007061958313,0.000366520369425416,9.711911843623966e-05,7.864140206947923e-05,17.90195655822754,512.385986328125,90.89861297607422,0.0012065916089341044,2.009892879944404e-07,2.0498641120430052e-07,3990,0.008604946546256542
0.0006709847948513925,0.9993290901184082,0.3766152858734131,0.8002763390541077,0.9992599487304688,0.0003713091427925974,9.763031266629696e-05,7.900065247667953e-05,17.773012161254883,569.7727661132812,93.62281799316406,0.0006895502447150648,1.9999987786367065e-07,9.99999384383552e-07,4000,0.0063230120576918125
0.0036916632670909166,0.9963082671165466,0.3933247923851013,0.7339912056922913,0.9871014952659607,0.00036424430436454713,9.197290637530386e-05,7.159975939430296e-05,17.793485641479492,493.428955078125,85.71808624267578,0.003709875512868166,1.0999187202783441e-06,5.4995903173625625e-06,4010,0.07092040032148361
0.07260047644376755,0.9273995161056519,0.434959352016449,0.9994403719902039,0.36821699142456055,0.0004738467396236956,0.00012103318294975907,5.6196666264440864e-05,17.769298553466797,601.7620849609375,95.44757080078125,0.07262416929006577,2.0994344988913855e-06,1.0497149645927285e-05,4020,0.05616486817598343
0.001116836559958756,0.9988831281661987,0.4841685891151428,0.20319518446922302,0.1579362452030182,0.00033239659387618303,8.927304588723928e-05,7.342058961512521e-05,17.844913482666016,453.4179992675781,86.35867309570312,0.0011334563605487347,3.0981810773896382e-06,1.549083189512555e-05,4030,0.01585013046860695
0.0011512754717841744,0.9988487362861633,0.5059961080551147,0.20250731706619263,0.15969723463058472,0.000333835108904168,8.362429798580706e-05,6.43479434074834e-05,17.84708023071289,540.4246826171875,91.46708679199219,0.0011679672170430422,4.095792574720577e-06,2.0478792876621898e-05,4040,0.017585519701242447
0.0007702901493757963,0.9992297291755676,0.458112895488739,0.9993135929107666,0.9988125562667847,0.00037403489113785326,9.726965799927711e-05,7.907058170530945e-05,17.80242156982422,590.1762084960938,90.96605682373047,0.0007889919215813279,5.091903576653434e-06,2.5459190755051144e-05,4050,0.01487365085631609
0.029239190742373466,0.9707608819007874,0.6089165806770325,0.9993248581886292,0.6646923422813416,0.0004101708473172039,0.00010746181942522526,7.647534948773682e-05,17.84929084777832,641.0762329101562,99.83453369140625,0.0292596984654665,6.08614928611089e-06,3.043018680575085e-05,4060,0.16341093182563782
0.0008563416777178645,0.999143660068512,0.4927747845649719,0.1999436914920807,0.9991208910942078,0.00036897079553455114,9.638382471166551e-05,7.918811752460897e-05,17.831172943115234,538.6475830078125,85.96048736572266,0.0008747902465984225,7.078165673287577e-06,3.538994617141919e-05,4070,0.022056613117456436
0.0011119857663288713,0.9988880157470703,0.5697457194328308,0.20307086408138275,0.72235506772995,0.00036875667865388095,9.475272236159071e-05,7.661091513000429e-05,17.848526000976562,584.1527709960938,94.04867553710938,0.0011304236249998212,8.067589625503503e-06,4.033663861743684e-05,4080,0.029400693252682686
0.10683728754520416,0.8931626677513123,0.4886820614337921,0.20348654687404633,0.7829384803771973,0.0005061149713583291,0.00013561893138103187,5.4539959819521755e-05,17.843935012817383,484.396728515625,84.83008575439453,0.10686258971691132,9.054059096740617e-06,4.5268439285591593e-05,4090,0.14353615045547485
0.011412521824240685,0.9885874390602112,0.4444538950920105,0.7983039021492004,0.9627383947372437,0.00039840489625930786,0.00010469680273672566,7.883833313826472e-05,17.809738159179688,629.3193969726562,91.99700164794922,0.011432441882789135,1.0037213256810854e-05,5.018352944594561e-05,4100,0.1258656531572342
0.0016459536273032427,0.9983540773391724,0.43047383427619934,0.5995771884918213,0.1788071095943451,0.00034060809412039816,9.242056694347411e-05,8.008211443666369e-05,17.806880950927734,469.74932861328125,84.46808624267578,0.001662984024733305,1.1016692640104027e-05,5.5080097246584945e-05,4110,0.05568468198180199
0.001322011579759419,0.9986779689788818,0.4066944718360901,0.9987910389900208,0.997983455657959,0.00038196571404114366,9.647561091696844e-05,7.666379678994417e-05,17.738162994384766,685.7911376953125,95.25460052490234,0.001341109862551093,1.199213929386421e-05,5.9956338460992326e-05,4120,0.043102510273456573
0.012454464100301266,0.9875454902648926,0.6432322263717651,0.20006024837493896,0.7625621557235718,0.000386400060961023,0.00010133624164154753,7.977754285093397e-05,17.88031005859375,762.0987548828125,105.21781158447266,0.012473784387111664,1.2963196925943262e-05,6.481045723278473e-05,4130,0.12342578172683716
0.0014242819743230939,0.998575747013092,0.4845459461212158,0.9988189339637756,0.18679696321487427,0.0003580414049793035,9.078376751858741e-05,7.209560862975195e-05,17.808435440063477,520.6297607421875,87.00447082519531,0.0014421840896829963,1.3929511051980409e-05,6.964066681755783e-05,4140,0.04798766225576401
0.027813157066702843,0.972186803817749,0.4177858829498291,0.998781681060791,0.8384606838226318,0.00041631507338024676,0.00010919001215370372,7.563202962046489e-05,17.783817291259766,610.2537231445312,95.17645263671875,0.0278339721262455,1.4890729141956929e-05,7.444519032158088e-05,4150,0.10858283936977386
0.0519290529191494,0.9480710029602051,0.5664892196655273,0.7342888712882996,0.9095206260681152,0.0004604264395311475,0.00012101876200176775,6.680854130536318e-05,17.873506546020508,638.251708984375,93.90962219238281,0.05195207521319389,1.5846500766075193e-05,7.922226143708607e-05,4160,0.1486564725637436
0.0014826449332758784,0.9985173940658569,0.4905558228492737,0.7344546318054199,0.5689052939414978,0.00035620288690552115,9.038577263709158e-05,7.218743849080056e-05,17.818382263183594,618.4007568359375,100.6496353149414,0.0015004550805315375,1.6796477739911568e-05,8.397012517389769e-05,4170,0.04231332242488861
0.002029088558629155,0.9979709386825562,0.5755351185798645,0.20787230134010315,0.44492146372795105,0.00035152456257492304,9.249831055058166e-05,7.486027607228607e-05,17.878652572631836,551.5029296875,95.99880981445312,0.002046664711087942,1.7740314268792846e-05,8.868703858714779e-05,4180,0.068046934902668
0.08283135294914246,0.9171686172485352,0.46766576170921326,0.20892849564552307,0.6719585657119751,0.00045996089465916157,0.00012176917516626418,5.9249425248708576e-05,17.816490173339844,501.6451110839844,89.69596862792969,0.08285435289144516,1.8677667091346193e-05,9.337127150082577e-05,4190,0.28647667169570923
0.005067490506917238,0.9949324727058411,0.5156568884849548,0.997130274772644,0.9937261343002319,0.00037195696495473385,9.428086195839569e-05,7.385607750620693e-05,17.7856502532959,563.760986328125,88.5970687866211,0.005086088553071022,1.9510642410122166e-05,9.753344002677737e-05,4200,0.10180669277906418
0.00442907540127635,0.9955708980560303,0.5429432392120361,0.9983288645744324,0.5890244245529175,0.00036939705023542047,9.256023622583598e-05,7.442616333719343e-05,17.796249389648438,617.2529907226562,89.26835632324219,0.004447545390576124,1.946119629724703e-05,9.728421163965927e-05,4210,0.06029879301786423
0.06547049432992935,0.9345295429229736,0.6546987295150757,0.9986422061920166,0.4465208947658539,0.0004912318545393646,0.0001378032029606402,7.406737131532282e-05,17.88860321044922,679.563232421875,105.1553955078125,0.06549505889415741,1.9409440449260143e-05,9.702334125435162e-05,4220,0.2979395091533661
0.050689101219177246,0.9493108987808228,0.4978346824645996,0.6113287806510925,0.8514142036437988,0.0004295273683965206,0.00011430447921156883,7.344818004639819e-05,17.83488655090332,614.888427734375,87.483642578125,0.05071057751774788,1.9355387636142542e-05,9.675089323671847e-05,4230,0.15308041870594025
0.002600498031824827,0.9973994493484497,0.4867449402809143,0.9988847970962524,0.19935835897922516,0.0003665130352601409,9.245156252291054e-05,7.369625382125378e-05,17.78887176513672,630.802978515625,92.73385620117188,0.002618823666125536,1.929905119461707e-05,9.646693480923148e-05,4240,0.04342935234308243
0.0015221602516248822,0.9984778165817261,0.60257887840271,,0.5728235840797424,0.000394461618270725,9.907007188303396e-05,7.265455496963114e-05,17.78704833984375,779.3292236328125,104.78350067138672,0.0015418833354488015,1.9240445024857675e-05,9.617153603438363e-05,4250,0.043105337768793106
0.05917460098862648,0.9408254027366638,0.6025357842445374,0.6005610227584839,0.7242807745933533,0.0004632730851881206,0.0001267607876798138,7.527759589720517e-05,17.89913558959961,596.219970703125,89.19042205810547,0.059197764843702316,1.9179583587059815e-05,9.58647697974025e-05,4260,0.2974952757358551
0.04777747765183449,0.9522225260734558,0.5713788270950317,0.9980912208557129,0.905844509601593,0.00039840053068473935,0.00010456017480464652,7.715936953900382e-05,17.836597442626953,640.319580078125,92.4244384765625,0.047797396779060364,1.9116481897872573e-05,9.55467117882668e-05,4270,0.21187224984169006
0.1124047040939331,0.8875952363014221,0.35499393939971924,0.4019625186920166,0.5461488366127014,0.0005206458736211061,0.00013665320875588804,4.82472350995522e-05,17.807546615600586,523.5374755859375,80.15816497802734,0.11243073642253876,1.905115552669355e-05,9.521744048303112e-05,4280,0.08131454139947891
0.047001440078020096,0.9529985785484314,0.5486297607421875,0.9985246658325195,0.9068875312805176,0.0004434841684997082,0.000121447847050149,8.095255907392129e-05,17.86603546142578,640.0933837890625,89.18468475341797,0.04702361300587654,1.8983620591827325e-05,9.487703712446297e-05,4290,0.27358248829841614
0.0013582692481577396,0.9986417889595032,0.268004834651947,0.6801581978797913,,0.0003790635382756591,9.783139103092253e-05,7.76140223024413e-05,17.762802124023438,645.1534423828125,88.45093536376953,0.0013772224774584174,1.8913893756508537e-05,9.452558570199757e-05,4300,0.03422277793288231
0.018267251551151276,0.9817327857017517,0.397935688495636,0.8001893758773804,0.5597571134567261,0.0003955919237341732,0.0001070386788342148,8.048833842622116e-05,17.81207847595215,596.69873046875,85.55371856689453,0.01828703097999096,1.8841992224790454e-05,9.41631729310145e-05,4310,0.14727918803691864
0.0022378081921488047,0.997762143611908,0.6045865416526794,0.19321274757385254,0.46679070591926575,0.000359541445504874,9.206015965901315e-05,7.429762626998127e-05,17.8721866607666,543.1474609375,81.26705932617188,0.0022557852789759636,1.8767933737300138e-05,9.378988823144211e-05,4320,0.05196869745850563
0.0023232526145875454,0.9976767301559448,0.4454825818538666,0.9977757334709167,0.5993536114692688,0.0003826982283499092,9.699785005068406e-05,7.468432158930227e-05,17.758113861083984,712.3187255859375,95.35393524169922,0.002342387568205595,1.8691736566861226e-05,9.340582370569445e-05,4330,0.06255796551704407
0.002598356455564499,0.9974016547203064,0.48620903491973877,0.7319934964179993,0.5658665299415588,0.00038174245855771005,9.753309132065624e-05,7.432031270582229e-05,17.82415008544922,735.8038940429688,100.77827453613281,0.0026174436789005995,1.861341951398535e-05,9.301107411594635e-05,4340,0.06141061708331108
0.0017874423647299409,0.9982125759124756,0.5763663053512573,,0.594646155834198,0.00036965723847970366,9.469744691159576e-05,7.536158955190331e-05,17.811607360839844,618.218505859375,90.26136779785156,0.0018059252761304379,1.853300190223343e-05,9.260573686075233e-05,4350,0.04506681114435196
0.0037010216619819403,0.9962990283966064,0.6016069650650024,0.9984432458877563,0.7105124592781067,0.0003628733102232218,9.563338971929625e-05,7.832606206648052e-05,17.877748489379883,661.3287353515625,96.5353775024414,0.0037191652227193117,1.845050357344785e-05,9.218991195101493e-05,4360,0.07167454808950424
0.0015485548647120595,0.9984514713287354,0.5846619606018066,0.2018224149942398,0.5842325091362,0.00036402710247784853,9.092556138057262e-05,7.024664228083566e-05,17.860416412353516,594.9432373046875,87.82280731201172,0.001566756167449057,1.836594488285679e-05,9.176370198530846e-05,4370,0.033144980669021606
0.000843161076772958,0.9991568922996521,0.392378568649292,0.9992438554763794,0.1610245704650879,0.00037516100564971566,9.547630907036364e-05,7.550097507191822e-05,17.77889060974121,773.8316650390625,106.110107421875,0.000861919135786593,1.8279346694051874e-05,9.132721212456448e-05,4380,0.021066684275865555
0.0017674699192866683,0.9982325434684753,0.5743923187255859,0.6008374691009521,0.37183380126953125,0.000355379655957222,9.286633576266468e-05,7.783294859109446e-05,17.868253707885742,811.50537109375,110.77715301513672,0.0017852388555184007,1.819073037384039e-05,9.08805500661248e-05,4390,0.04445480927824974
0.0015659300843253732,0.9984341263771057,0.5132136940956116,0.9988933205604553,0.7160897254943848,0.00037980731576681137,9.820389095693827e-05,7.923693920020014e-05,17.818584442138672,804.849365234375,103.3208999633789,0.0015849204501137137,1.8100117786973357e-05,9.042382601716874e-05,4400,0.03944158926606178
0.014909878373146057,0.9850901365280151,0.5377523899078369,0.9990386962890625,0.9619092345237732,0.0004075283941347152,0.00010534335160627961,7.688037294428796e-05,17.804149627685547,778.5531616210938,97.30326080322266,0.01493025477975607,1.8007531290750725e-05,8.995715266752132e-05,4410,0.06920137256383896
0.08462487161159515,0.9153751134872437,0.7837808728218079,,0.6399630904197693,0.0004930334980599582,0.0001270627835765481,5.6099885114235803e-05,17.916004180908203,718.6541748046875,100.95818328857422,0.08464952558279037,1.791299372950503e-05,8.948064516184858e-05,4420,0.10913540422916412
0.018895400688052177,0.9811045527458191,0.6001412868499756,0.9989908933639526,0.37280020117759705,0.00035701043088920414,9.427021723240614e-05,7.370422099484131e-05,17.86792755126953,567.421875,89.9924087524414,0.018913250416517258,1.781652842896491e-05,8.899442107124736e-05,4430,0.2742946445941925
0.057633452117443085,0.9423665404319763,0.6319175362586975,0.9986635446548462,0.8669981956481934,0.000450174295110628,0.00011412176536396146,6.194534944370389e-05,17.839736938476562,720.1787719726562,93.85971069335938,0.05765596032142639,1.7718159190499838e-05,8.849860036423656e-05,4440,0.09967129677534103
0.0048467484302818775,0.9951532483100891,0.5311596989631653,0.5995489358901978,0.5859677195549011,0.00036643826751969755,9.747898002387956e-05,7.986552373040468e-05,17.845966339111328,575.2239379882812,85.4941177368164,0.004865070339292288,1.7617910285247473e-05,8.799330537715646e-05,4450,0.08277986198663712
0.01567654311656952,0.9843235015869141,0.5915994048118591,0.6013535261154175,0.7617439031600952,0.0003823504666797817,0.00010025731899077073,7.968262070789933e-05,17.856565475463867,781.5658569335938,102.31594848632812,0.015695661306381226,1.7515806448125134e-05,8.747866078398426e-05,4460,0.09318674355745316
0.02064436860382557,0.9793555736541748,0.716356635093689,0.20252281427383423,0.9693194031715393,0.00039753681630827487,0.00010799564188346267,8.470717148156837e-05,17.926666259765625,681.081787109375,90.63076782226562,0.020664244890213013,1.741187287172681e-05,8.69547935655725e-05,4470,0.09419926255941391
0.06901296973228455,0.9309870600700378,0.5243782997131348,0.20301900804042816,0.4374648332595825,0.00045296867028810084,0.00012304970005061477,6.917717109899968e-05,17.847248077392578,633.3558349609375,95.01145935058594,0.0690356194972992,1.730613520010729e-05,8.642183297831856e-05,4480,0.21095432341098785
0.0187422726303339,0.9812577366828918,0.5157444477081299,0.9990782141685486,0.8740949630737305,0.0003994147991761565,0.00010595642379485071,8.070124022196978e-05,17.814937591552734,738.8526611328125,96.4651107788086,0.018762243911623955,1.7198619522454862e-05,8.587991052227247e-05,4490,0.08694305270910263
0.0040319375693798065,0.9959680438041687,0.5895792841911316,0.19938760995864868,0.9926846027374268,0.0003697992069646716,9.48969682212919e-05,7.797108264639974e-05,17.858373641967773,680.314697265625,90.16918182373047,0.004050427582114935,1.7089352366654188e-05,8.53291599086913e-05,4500,0.04382425919175148
0.001151647069491446,0.9988483190536499,0.45420974493026733,0.9989261627197266,,0.00039701603236608207,0.00010239264520350844,7.622786506544799e-05,17.807588577270508,701.037353515625,95.92642211914062,0.0011714978609234095,1.697836069274097e-05,8.476971702704791e-05,4510,0.049839749932289124
0.010671022348105907,0.9893289804458618,0.6759278774261475,,0.979444146156311,0.00040071451803669333,0.0001037827751133591,7.853531860746443e-05,17.883729934692383,802.7429809570312,98.4438705444336,0.01069105789065361,1.6865671886249933e-05,8.42017199115022e-05,4520,0.07411261647939682
0.0008651276002638042,0.99913489818573,0.3266837000846863,0.46740424633026123,,0.0003703846305143088,9.591500565875322e-05,7.703693700022995e-05,17.77892303466797,633.6510009765625,87.4155502319336,0.0008836468332447112,1.6751313751457892e-05,8.36253087068433e-05,4530,0.02879512310028076
0.0589170828461647,0.9410828948020935,0.5193729996681213,0.7341123223304749,0.596162736415863,0.0004529259167611599,0.00012203655205667019,7.213145727291703e-05,17.830791473388672,785.8084716796875,103.26775360107422,0.05893972888588905,1.663531450452342e-05,8.304062563391096e-05,4540,0.11561580002307892
0.06813658028841019,0.9318634867668152,0.5591824650764465,0.5990915298461914,0.8635720610618591,0.0004713426751550287,0.00012957127182744443,7.553997420473024e-05,17.860088348388672,684.8448486328125,91.23001861572266,0.06816014647483826,1.6517702766524964e-05,8.244781495450461e-05,4550,0.249611496925354
0.0010579362278804183,0.9989420771598816,0.4366189241409302,0.47042563557624817,0.5772367119789124,0.0003617284237407148,9.251887968275696e-05,7.384049240499735e-05,17.81619644165039,651.363525390625,93.70317840576172,0.0010760226286947727,1.639850755639902e-05,8.1847022935789e-05,4560,0.02889096736907959
0.27358478307724,0.72641521692276,0.8371772766113281,0.20337897539138794,0.4812893569469452,0.0008225519559346139,0.00025022210320457816,3.106558142462745e-05,17.973478317260742,746.5593872070312,110.21174621582031,0.273625910282135,1.6277758283780127e-05,8.123839781420487e-05,4570,0.2574048936367035
0.041208937764167786,0.9587910771369934,0.669011116027832,,0.6240628957748413,0.0004137215146329254,0.00011147835903102532,8.052738849073648e-05,17.882434844970703,897.4129638671875,110.72960662841797,0.041229624301195145,1.615548474174449e-05,8.062208975889394e-05,4580,0.1401747763156891
0.0009774856735020876,0.9990224838256836,0.3638058304786682,0.80086749792099,0.9978834986686707,0.00037265181890688837,9.673733438830823e-05,7.962425297591835e-05,17.79034996032715,693.4861450195312,92.28365325927734,0.000996118295006454,1.6031717099458992e-05,7.999825083464682e-05,4590,0.024742789566516876
0.0059354896657168865,0.9940645694732666,0.4616577625274658,0.7346928119659424,0.5711585283279419,0.00038089294685050845,0.00010003701754612848,7.872918649809435e-05,17.829627990722656,719.7327880859375,103.8268814086914,0.0059545342810451984,1.590648589473739e-05,7.93670349643834e-05,4600,0.05616558715701103
0.07944247871637344,0.9205576181411743,0.42745423316955566,0.9993038177490234,0.6008309721946716,0.0004776754358317703,0.00012503788457252085,5.906245860387571e-05,17.812541961669922,645.28369140625,93.0179443359375,0.07946636527776718,1.5779822026505573e-05,7.872859789117455e-05,4610,0.12059333920478821
0.009371260181069374,0.990628719329834,0.5558411478996277,0.9993481636047363,0.6894471645355225,0.0003926807548850775,0.00010089852730743587,7.68897807574831e-05,17.833864212036133,885.126953125,110.5840072631836,0.009390894323587418,1.5651756747177718e-05,7.808309713981497e-05,4620,0.07146872580051422
0.0009309855522587895,0.9990689754486084,0.4652862250804901,0.999341607093811,0.5866941213607788,0.0003614086308516562,9.456122643314302e-05,7.767873466946185e-05,17.838699340820312,624.39501953125,92.14995574951172,0.0009490560041740537,1.552232165494522e-05,7.74306919779562e-05,4630,0.020704349502921104
0.000623230473138392,0.9993767142295837,0.31106746196746826,0.9994000196456909,,0.00038079475052654743,9.761979163158685e-05,7.72963248891756e-05,17.751728057861328,759.6649169921875,95.631591796875,0.0006422701990231872,1.53915486859803e-05,7.677154337680979e-05,4640,0.012457264587283134
0.008443791419267654,0.9915562272071838,0.6091610789299011,0.9993466138839722,0.766680121421814,0.0003873695677611977,0.00010201265104115009,8.077652455540374e-05,17.868215560913086,899.4617309570312,111.85076141357422,0.008463160134851933,1.5259470106556263e-05,7.610581397143006e-05,4650,0.09119925647974014
0.04699547216296196,0.9530044794082642,0.5886119604110718,0.6030173301696777,0.9295487999916077,0.00042686861706897616,0.00011532014468684793,8.011723548406735e-05,17.875682830810547,702.6573486328125,91.56246185302734,0.04701681435108185,1.5126118505086234e-05,7.543366802058618e-05,4660,0.19130434095859528
0.0013766963966190815,0.9986233115196228,0.47928526997566223,0.6023988723754883,0.588017463684082,0.0003784041909966618,9.314827912021428e-05,6.860562280053273e-05,17.824865341186523,679.8626098632812,96.01245880126953,0.0013956165639683604,1.4991526784082505e-05,7.475527136623405e-05,4670,0.03800194710493088
0.0007290390785783529,0.9992709159851074,0.47888749837875366,0.6032467484474182,0.9991642832756042,0.0003753781202249229,9.676643094280735e-05,7.778886356391013e-05,17.8260498046875,706.8516845703125,91.4264907836914,0.0007478079642169178,1.485572815203829e-05,7.407079139259704e-05,4680,0.019048012793064117
0.0007111182203516364,0.9992888569831848,0.4933386743068695,0.9994235038757324,0.999138593673706,0.0003671085578389466,9.354529902338982e-05,7.660765550099313e-05,17.820873260498047,709.216064453125,93.48726654052734,0.0007294736569747329,1.4718756115234047e-05,7.338039698486656e-05,4690,0.018667565658688545
0.00127642962615937,0.998723566532135,0.507357656955719,0.6028288006782532,0.6974164843559265,0.0003836232062894851,9.968422818928957e-05,7.90726044215262e-05,17.831295013427734,963.15234375,114.07836151123047,0.0012956107966601849,1.4580644469470299e-05,7.268425848753212e-05,4700,0.032285623252391815
0.0008242802578024566,0.9991758465766907,0.5416216254234314,,0.998706579208374,0.00036053647636435926,9.23647967283614e-05,7.406035729218274e-05,17.844791412353516,630.4502563476562,97.7987060546875,0.0008423070539720356,1.4441427291729036e-05,7.198254766235141e-05,4710,0.016947491094470024
0.00919218361377716,0.990807831287384,0.6626704931259155,0.2071128487586975,0.34837597608566284,0.00035937028587795794,9.593235154170543e-05,7.653344073332846e-05,17.892728805541992,864.4314575195312,120.79430389404297,0.009210152551531792,1.4301138931765707e-05,7.127543764597058e-05,4720,0.11983400583267212
0.0007132239989005029,0.9992867708206177,0.3343966007232666,0.6820796132087708,,0.0003805594751611352,9.548867819830775e-05,7.300987635971978e-05,17.757253646850586,707.9195556640625,92.37249755859375,0.0007322519668377936,1.4159814003633955e-05,7.05631029072055e-05,4730,0.01959609054028988
0.0010571349412202835,0.9989427924156189,0.5436060428619385,0.999097466468811,0.7275740504264832,0.00036284676752984524,9.079451410798356e-05,7.472146535292268e-05,17.84174346923828,728.4500732421875,97.190673828125,0.0010752773378044367,1.4017487377145111e-05,6.984571920399405e-05,4740,0.03176718205213547
0.0008695292053744197,0.9991304278373718,0.39962902665138245,0.8009108304977417,0.9988908767700195,0.00036977572017349303,9.49898167164065e-05,7.801198808010668e-05,17.788467407226562,716.1902465820312,93.22386932373047,0.0008880179957486689,1.3874194169264576e-05,6.912346354003055e-05,4750,0.02405620366334915
0.055069584399461746,0.9449304342269897,0.6339513063430786,0.9992267489433289,0.6971986293792725,0.00043797839316539466,0.00011239641753491014,6.628896517213434e-05,17.84418487548828,802.8812255859375,102.39757537841797,0.055091481655836105,1.3729969735447255e-05,6.839651412109273e-05,4760,0.08501903712749481
0.00815446674823761,0.9918454885482788,0.5069878697395325,0.7355730533599854,0.9766288995742798,0.00038274837424978614,9.949711966328323e-05,7.827396620996296e-05,17.838939666748047,714.050537109375,92.11244201660156,0.008173604495823383,1.3584849660914116e-05,6.766505031107217e-05,4770,0.058598048985004425
0.0005810140282846987,0.9994189143180847,0.39959830045700073,0.46985533833503723,,0.0003624092787504196,9.325120481662452e-05,7.461088534910232e-05,17.791521072387695,605.9718017578125,90.6256103515625,0.0005991344805806875,1.3438869751872068e-05,6.692925258771882e-05,4780,0.014488818123936653
0.0005814105388708413,0.9994186162948608,0.4427521824836731,0.734653651714325,0.5944459438323975,0.0003811460337601602,0.00010074776946566999,8.080474799498916e-05,17.809598922729492,723.6494750976562,95.07776641845703,0.0006004678434692323,1.3292066026679332e-05,6.618930249811098e-05,4790,0.012938900850713253
0.04759036749601364,0.9524096250534058,0.6341050863265991,0.9993419647216797,0.6988769769668579,0.0004423920181579888,0.00011752571299439296,7.288258348125964e-05,17.892044067382812,912.3074951171875,111.1662826538086,0.04761248826980591,1.3144474706958419e-05,6.544538261386112e-05,4800,0.11935851722955704
0.08517283946275711,0.9148271083831787,0.5213340520858765,0.7347826957702637,0.5757704377174377,0.00047170824836939573,0.0001246160827577114,6.177158502396196e-05,17.863983154296875,763.7060546875,107.066162109375,0.08519642800092697,1.2996132208659014e-05,6.469767648606918e-05,4810,0.1374233216047287
0.031178941950201988,0.9688209891319275,0.45162245631217957,0.601885199546814,0.9072092771530151,0.00041209495975635946,0.00010852135164896026,7.577431824756786e-05,17.843341827392578,714.400634765625,92.55567932128906,0.03119954653084278,1.2847075133072883e-05,6.394636860003404e-05,4820,0.09432689845561981
0.0006597461178898811,0.9993401765823364,0.5638490319252014,0.20715618133544922,0.5868897438049316,0.00036905717570334673,9.562882769387215e-05,7.719102723058313e-05,17.858394622802734,745.1837158203125,104.8521499633789,0.0006781989941373467,1.2697340257803033e-05,6.319164432973449e-05,4830,0.014216373674571514
0.0009945160709321499,0.9990054368972778,0.5524297952651978,0.6003837585449219,0.7804782390594482,0.0003753243072424084,9.648765990277752e-05,7.679274131078273e-05,17.855052947998047,856.0648193359375,108.01702117919922,0.0010132823372259736,1.2546964527689405e-05,6.243368989209105e-05,4840,0.013326928950846195
0.0008404133259318769,0.999159574508667,0.4881282150745392,0.9992027282714844,0.9989712834358215,0.00039468565955758095,0.0001015969755826518,7.737668056506664e-05,17.795162200927734,813.824951171875,104.44742584228516,0.0008601475856266916,1.2395985045693286e-05,6.167269230101971e-05,4850,0.035232674330472946
0.010843372903764248,0.9891566634178162,0.3432679772377014,0.7349066138267517,0.9477971792221069,0.00038806808879598975,9.805751324165612e-05,7.149815792217851e-05,17.767322540283203,659.6802978515625,90.79947662353516,0.010862776078283787,1.2244439063742708e-05,6.0908839321289e-05,4860,0.07613246887922287
0.05988482013344765,0.940115213394165,0.5200358629226685,0.99949049949646,0.43349456787109375,0.0004604513815138489,0.00012327708827797323,6.689133442705497e-05,17.835485458374023,716.8602294921875,96.70516204833984,0.05990784242749214,1.2092363973541077e-05,6.014231942219189e-05,4870,0.13044282793998718
0.014439759775996208,0.9855601787567139,0.6213510632514954,0.999457597732544,0.5683767795562744,0.00039018160896375775,0.00010005043441196904,7.621457916684449e-05,17.870220184326172,775.385498046875,103.5622329711914,0.014459269121289253,1.1939797297341357e-05,5.9373321731043807e-05,4880,0.08376354724168777
0.11174825578927994,0.8882517218589783,0.4938112497329712,0.4695509970188141,0.5656288266181946,0.0005053334753029048,0.00013189681340008974,4.966573033016175e-05,17.85638427734375,660.8643798828125,95.21923828125,0.1117735207080841,1.1786776678687998e-05,5.8602035986518296e-05,4890,0.12482935935258865
0.0009506956557743251,0.9990493655204773,0.5426696538925171,0.9991991519927979,0.11957160383462906,0.0003457884886302054,9.044682519743219e-05,7.740253931842744e-05,17.840078353881836,951.614990234375,120.971923828125,0.0009679850772954524,1.1633339873128954e-05,5.78286524918318e-05,4900,0.03267386183142662
0.0013123333919793367,0.9986875653266907,0.6266741752624512,0.2071160227060318,0.6655157208442688,0.00036107515916228294,9.332282206742093e-05,7.544973050244153e-05,17.920928955078125,731.6876831054688,100.87474822998047,0.0013303871965035796,1.1479524738900072e-05,5.7053362067789254e-05,4910,0.03232096508145332
0.0014504396822303534,0.9985495805740356,0.3840316832065582,0.9987649917602539,0.7007746696472168,0.00038251010118983686,9.810457413550466e-05,7.710687350481749e-05,17.799236297607422,1022.161865234375,116.94170379638672,0.001469565206207335,1.132536922758414e-05,5.627635600570187e-05,4920,0.036753084510564804
0.06867722421884537,0.9313227534294128,0.5821083784103394,0.20417505502700806,0.6141321063041687,0.0004565338895190507,0.00012106822396162897,6.618411862291396e-05,17.858470916748047,685.4273071289062,95.1991195678711,0.06870005279779434,1.1170911374746892e-05,5.549782602018888e-05,4930,0.1583201289176941
0.0011967601021751761,0.9988031983375549,0.5107144117355347,0.9992478489875793,0.554131031036377,0.0003757317317649722,9.431141370441765e-05,7.327010098379105e-05,17.821157455444336,905.30322265625,116.50831604003906,0.0012155467411503196,1.1016189290552318e-05,5.471796420187481e-05,4940,0.023298656567931175
0.0010067768162116408,0.9989930987358093,0.348317414522171,0.9990645051002502,0.1395946741104126,0.00038588797906413674,9.937010327121243e-05,7.405399082927033e-05,17.76526641845703,787.6149291992188,104.71178436279297,0.0010260712588205934,1.0861241150359535e-05,5.3936962969994015e-05,4950,0.03425608202815056
0.0011122841387987137,0.9988877177238464,0.4576254189014435,0.20365071296691895,0.9988653063774109,0.00035380138433538377,9.193254663841799e-05,8.076442463789135e-05,17.787586212158203,724.7403564453125,92.78055572509766,0.0011299742618575692,1.0706105185303593e-05,5.315501502491407e-05,4960,0.03569907695055008
0.0015362167032435536,0.9984638094902039,0.45839542150497437,0.7348348498344421,0.5733009576797485,0.0003654377651400864,9.210515418089926e-05,7.529009599238634e-05,17.793289184570312,809.84130859375,103.72728729248047,0.0015544885536655784,1.0550819672862527e-05,5.2372313300589905e-05,4970,0.03579294681549072
0.0007105562835931778,0.9992895126342773,0.5238405466079712,0.9993630647659302,0.14599111676216125,0.0003648337733466178,9.656614565756172e-05,7.855271542211995e-05,17.82244873046875,846.6349487304688,120.94747161865234,0.0007287979824468493,1.0395422927412942e-05,5.1589050916960186e-05,4980,0.015811190009117126
0.0007982641109265387,0.9992017149925232,0.48063501715660095,0.6027026772499084,0.9987958669662476,0.00037802281440235674,9.657140617491677e-05,7.707788608968258e-05,17.817459106445312,794.0198974609375,96.56026458740234,0.0008171652443706989,1.0239953290776526e-05,5.080542113229784e-05,4990,0.020235076546669006
0.0010280025890097022,0.9989719390869141,0.48619917035102844,0.6006214022636414,0.7118053436279297,0.00037342566065490246,9.868877532426268e-05,8.007865108083934e-05,17.836515426635742,789.6558227539062,102.31391906738281,0.0010466738604009151,1.0084449122759774e-05,5.002161729552653e-05,5000,0.016500132158398628
0.0007105892291292548,0.9992893934249878,0.42570725083351135,0.9993546605110168,0.5678479075431824,0.00037743462598882616,9.474017133470625e-05,7.458470645360649e-05,17.803817749023438,904.2969970703125,110.2320556640625,0.0007294609677046537,9.928948791689292e-06,4.9237832798514716e-05,5010,0.017536858096718788
0.0016050528502091765,0.9983949661254883,0.7329244613647461,,0.6483494639396667,0.00037216313648968935,9.612511348677799e-05,7.657622336409986e-05,17.91963768005371,996.5223388671875,122.77664947509766,0.0016236610244959593,9.773490664944965e-06,4.845426102835896e-05,5020,0.028754178434610367
0.05188039690256119,0.948119580745697,0.47860509157180786,0.6021686792373657,0.8960484862327576,0.0004428344254847616,0.00011749995610443875,7.149217708501965e-05,17.842281341552734,725.15234375,94.03543853759766,0.051902540028095245,9.618113099493397e-06,4.7671095319668735e-05,5030,0.10375017672777176
0.004129376262426376,0.9958705902099609,0.5971341729164124,0.999470591545105,0.9922831058502197,0.0003818959230557084,9.849770867731422e-05,7.997602369869128e-05,17.872840881347656,855.4849853515625,100.6164779663086,0.0041484711691737175,9.462854432423904e-06,4.688852890686392e-05,5040,0.03908197954297066
0.023824628442525864,0.9761754274368286,0.5154961943626404,0.9995416402816772,0.8356397151947021,0.00041271885856986046,0.00010923352238023654,7.845370419090614e-05,17.81401252746582,794.4295043945312,98.51671600341797,0.023845264688134193,9.307752971489395e-06,4.6106754876497054e-05,5050,0.0974961370229721
0.0005536199896596372,0.9994463920593262,0.3484489321708679,0.4700254201889038,,0.0003743759007193148,9.844700252870098e-05,7.851224654586986e-05,17.785472869873047,668.8314208984375,89.30091857910156,0.0005723387585021555,9.152846985654523e-06,4.532596611961219e-05,5060,0.011450052261352539
0.06730783730745316,0.9326921701431274,0.7506283521652222,0.20257827639579773,0.7863113284111023,0.0004654653021134436,0.0001319051079917699,8.286986121675e-05,17.935731887817383,875.34375,109.69122314453125,0.06733111292123795,8.998174695653388e-06,4.454635528415193e-05,5070,0.17968139052391052
0.013169675134122372,0.9868303537368774,0.6878359317779541,0.9995041489601135,0.9792072176933289,0.00039329376886598766,0.00010110102448379621,7.78922694735229e-05,17.90731430053711,858.0838623046875,100.99298858642578,0.013189340010285378,8.843774264559132e-06,4.376811472742431e-05,5080,0.08007565885782242
0.0005261601181700826,0.9994738698005676,0.45225924253463745,0.2046189308166504,,0.00037004478508606553,9.592873539077118e-05,7.795157580403611e-05,17.83024024963379,672.3350830078125,91.16082763671875,0.0005446623545140028,8.68968378836779e-06,4.299143646864169e-05,5090,0.009874011389911175
0.12168752402067184,0.8783124685287476,0.6973501443862915,0.20351727306842804,0.6888909339904785,0.0005470904870890081,0.000147387501783669,5.282150232233107e-05,17.902587890625,746.2154541015625,99.6151351928711,0.12171487510204315,8.535941286598652e-06,4.22165121415427e-05,5100,0.1472480148077011
0.021748021245002747,0.9782519936561584,0.5915840864181519,0.9995284080505371,0.7633386254310608,0.00039936768007464707,0.00010626728180795908,7.975332846399397e-05,17.871631622314453,794.0861206054688,105.38533020019531,0.021767988801002502,8.382584692913533e-06,4.1443532947109624e-05,5110,0.09199333935976028
0.04312954843044281,0.956870436668396,0.5182399749755859,0.8004844188690186,0.30631133913993835,0.00041286536725237966,0.0001140338572440669,7.984862895682454e-05,17.87335777282715,994.6842041015625,129.97206115722656,0.04315019026398659,8.2296518457572e-06,4.067268960639235e-05,5120,0.11695467680692673
0.0005864208796992898,0.9994134902954102,0.44327622652053833,0.9994322061538696,,0.00037837991840206087,9.700481314212084e-05,7.521541556343436e-05,17.790489196777344,723.2109375,102.84565734863281,0.0006053398828953505,8.077180479021311e-06,3.9904172313450844e-05,5130,0.015765700489282608
0.000604229629971087,0.9993957281112671,0.4606781601905823,0.9994550347328186,0.5904402136802673,0.00037023762706667185,9.296187636209652e-05,7.217760139610618e-05,17.799381256103516,747.8452758789062,102.7440414428711,0.0006227415287867188,7.925208212734119e-06,3.913817068842753e-05,5140,0.011894921772181988
0.04614929109811783,0.9538507461547852,0.6750340461730957,0.9994532465934753,0.9265077710151672,0.00043639770592562854,0.0001154876736109145,7.54793654778041e-05,17.90030288696289,853.5407104492188,100.98198699951172,0.04617111012339592,7.773772543778328e-06,3.837487373076147e-05,5150,0.09877781569957733
0.014971239492297173,0.9850288033485413,0.6956982016563416,0.20453953742980957,0.8034185171127319,0.0003963160852435976,0.00010457071766722947,7.945792458485812e-05,17.91714096069336,948.9248657226562,113.74498748779297,0.014991055242717266,7.6229108366392755e-06,3.761446977255554e-05,5160,0.10646314918994904
0.045783646404743195,0.9542163610458374,0.4914107322692871,0.20369580388069153,0.7256630063056946,0.0004378033336251974,0.00011303123756079003,6.768378079868853e-05,17.79499053955078,732.2501220703125,95.87751007080078,0.04580553621053696,7.472660314185796e-06,3.68571464321082e-05,5170,0.10030996799468994
0.004201255738735199,0.9957987070083618,0.4351675808429718,0.7340657114982605,0.7040861248970032,0.00036697305040434003,9.667792619438842e-05,7.778297003824264e-05,17.858375549316406,739.614013671875,105.43177795410156,0.004219604190438986,7.323058048486065e-06,3.6103090567621677e-05,5180,0.06863957643508911
0.0005819583311676979,0.9994180798530579,0.37504199147224426,0.9994409084320068,,0.00038315984420478344,9.842956205829978e-05,7.790874224156141e-05,17.755966186523438,861.158935546875,101.09932708740234,0.0006011163350194693,7.174140951660598e-06,3.535248823109736e-05,5190,0.016499413177371025
0.0007948920247144997,0.9992051124572754,0.444175660610199,0.9994779825210571,0.5632756948471069,0.00037079074536450207,9.503545879852027e-05,7.651730993529782e-05,17.813926696777344,891.6078491210938,109.78841400146484,0.0008134315721690655,7.02594576677474e-06,3.4605524622430254e-05,5200,0.01584201492369175
0.024332672357559204,0.9756673574447632,0.48018839955329895,0.599526584148407,0.9393035173416138,0.0004006445233244449,0.00010978785576298833,8.238120062742382e-05,17.84638214111328,708.781005859375,101.10722351074219,0.024352705106139183,6.878509058772866e-06,3.3862384043713736e-05,5210,0.10085680335760117
0.004323848057538271,0.9956761598587036,0.4493888020515442,0.19649086892604828,0.10888824611902237,0.0002855230704881251,8.062709093792364e-05,6.945976929273456e-05,17.86313247680664,1063.649169921875,139.32984924316406,0.004338124301284552,6.73186720545654e-06,3.312324985376579e-05,5220,0.11108660697937012
0.005114366300404072,0.9948856234550476,0.5220372676849365,0.6008205413818359,0.7091024518013,0.0003655306645669043,9.720200614538044e-05,7.89307669037953e-05,17.85683250427246,712.010986328125,105.21492004394531,0.005132643040269613,6.58605638850881e-06,3.238830442288784e-05,5230,0.05926291272044182
0.0005281654885038733,0.9994718432426453,0.3409661650657654,0.8388288617134094,0.999442458152771,0.000375194736989215,9.674912871560082e-05,7.895119051681831e-05,17.762205123901367,800.5010375976562,96.78321075439453,0.0005469252355396748,6.441112584566953e-06,3.1657729087867775e-05,5240,0.01040501520037651
0.0005731371929869056,0.9994267821311951,0.41586410999298096,0.6013618111610413,0.5987207293510437,0.00037187396083027124,9.971659164875746e-05,7.920540519990027e-05,17.836050033569336,608.4236450195312,83.66434478759766,0.0005917308735661209,6.297071556345745e-06,3.093170410723764e-05,5250,0.009829232469201088
0.02890586107969284,0.9710941314697266,0.7004083395004272,0.9995638132095337,0.4888173043727875,0.0003965081996284425,0.00010320776345906779,7.462973735528067e-05,17.891582489013672,678.4010009765625,89.71858978271484,0.028925687074661255,6.153968843813568e-06,3.0210408616797686e-05,5260,0.1375102996826172
0.0072422209195792675,0.9927576780319214,0.5575123429298401,0.9995063543319702,0.7919840216636658,0.0003636576293502003,9.595269511919469e-05,7.794455450493842e-05,17.881912231445312,613.0353393554688,84.22099304199219,0.007260403595864773,6.011839755423448e-06,2.9494020585417176e-05,5270,0.07759372144937515
0.0005159813445061445,0.9994840025901794,0.3975220322608948,0.6011662483215332,,0.0003770170151256025,9.809703624341637e-05,7.918523624539375e-05,17.795787811279297,738.3215942382812,92.11898803710938,0.0005348321865312755,5.870719359401225e-06,2.878271677112335e-05,5280,0.01093226857483387
0.021374130621552467,0.9786258935928345,0.4919569492340088,0.20573030412197113,0.93487548828125,0.00037531694397330284,9.759945533005521e-05,7.065782119752839e-05,17.832937240600586,545.9404296875,79.46968078613281,0.02139289677143097,5.730642475092984e-06,2.807667267748888e-05,5290,0.11566764861345291
0.09013775736093521,0.9098622798919678,0.6201595664024353,0.20555366575717926,0.7897835373878479,0.0005119080888107419,0.00014384579844772816,7.492612348869443e-05,17.89480972290039,791.737060546875,96.85342407226562,0.09016335010528564,5.591643664373915e-06,2.7376062510329127e-05,5300,0.15501020848751068
0.0007024398073554039,0.999297559261322,0.5023924112319946,0.6023603677749634,0.7341505885124207,0.0003620048228185624,9.617059549782425e-05,7.863591599743813e-05,17.860107421875,614.722412109375,84.20475006103516,0.0007205400615930557,5.453757223120672e-06,2.6681059134719352e-05,5310,0.01504846103489399
0.0005518554826267064,0.9994482398033142,0.46474382281303406,0.601406991481781,0.9993537664413452,0.00036065312451682985,9.664391109254211e-05,8.078783139353618e-05,17.83564567565918,613.3992309570312,83.73734283447266,0.0005698881577700377,5.317017172749407e-06,2.599183403234297e-05,5320,0.013258703052997589
0.0005837459466420114,0.9994162321090698,0.5384014248847961,0.9995009899139404,0.7317401766777039,0.0003763146814890206,9.586939995642751e-05,7.560424273833632e-05,17.825796127319336,743.1724243164062,93.1442642211914,0.0006025616894476116,5.18145725182146e-06,2.5308557259180897e-05,5330,0.009143704548478127
0.002386835403740406,0.9976131916046143,0.5450363159179688,0.9994857907295227,0.995093822479248,0.0003832669463008642,0.00010045099770650268,8.065712609095499e-05,17.852617263793945,803.3856811523438,96.69845581054688,0.0024059987626969814,5.047110907718884e-06,2.4631397403552762e-05,5340,0.06652271002531052
0.0008727660169824958,0.9991273283958435,0.5217514634132385,0.4696334898471832,0.7339906096458435,0.00036645043292082846,9.632432920625433e-05,7.755069236736745e-05,17.861328125,614.8433837890625,84.15626525878906,0.0008910885662771761,4.91401128839183e-06,2.396052154452044e-05,5350,0.015284261666238308
0.000529950310010463,0.9994701147079468,0.2729946970939636,0.8404644131660461,,0.00037017729482613504,9.560585021972656e-05,7.665326120331883e-05,17.7790584564209,676.6939086914062,88.27062225341797,0.0005484591820277274,4.782191234179746e-06,2.3296095210663574e-05,5360,0.014904888346791267
0.0005482303095050156,0.999451756477356,0.3927405774593353,0.9995607137680054,0.7280016541481018,0.000377139076590538,9.622994548408315e-05,7.841603655833751e-05,17.829071044921875,821.625244140625,99.8600082397461,0.0005670872633345425,4.651683269708552e-06,2.2638282339238058e-05,5370,0.009906470775604248
0.0005377331981435418,0.9994623064994812,0.5225598812103271,0.9994816184043884,0.19163140654563904,0.0003754887729883194,9.748047159519047e-05,8.026380965020508e-05,17.825654983520508,809.7516479492188,97.68303680419922,0.0005565076135098934,4.522519595865644e-06,2.1987245235726835e-05,5380,0.014653429388999939
0.00759107107296586,0.9924089312553406,0.5801111459732056,0.9995596408843994,0.7883528470993042,0.0003879641881212592,0.00010191098408540711,7.889571861596778e-05,17.860383987426758,741.3381958007812,92.78392028808594,0.007610469125211239,4.394732081854824e-06,2.1343144533793512e-05,5390,0.07676146179437637
0.0005004367558285594,0.9994995594024658,0.4890429377555847,0.9995372891426086,0.20281024277210236,0.00037371140206232667,9.447224874747917e-05,7.468201511073858e-05,17.804004669189453,745.4241943359375,93.20096588134766,0.000519122346304357,4.268352257333053e-06,2.070613915564842e-05,5400,0.007986435666680336
0.004061189014464617,0.995938777923584,0.6073126196861267,0.9995304346084595,0.7937964200973511,0.0003773854987230152,9.763863636180758e-05,7.950659346533939e-05,17.8492431640625,807.4605712890625,97.65752410888672,0.004080058075487614,4.143411304630964e-06,2.007638627283688e-05,5410,0.0449141226708889
0.007959241978824139,0.9920408129692078,0.5219574570655823,0.6022153496742249,0.45891404151916504,0.0003570444241631776,9.599919576430693e-05,7.889256812632084e-05,17.869234085083008,552.839111328125,80.34703826904297,0.007977094501256943,4.019940051059105e-06,1.9454041267459533e-05,5420,0.09944134950637817
0.0004547907446976751,0.9995452165603638,0.3510231077671051,0.9995785355567932,,0.0003821185964625329,9.845565364230424e-05,7.97291868366301e-05,17.776281356811523,871.490478515625,101.5667953491211,0.00047389668179675937,3.897968961301761e-06,1.883925769383413e-05,5430,0.00743163051083684
0.015709513798356056,0.9842904806137085,0.5221959948539734,0.9995630383491516,0.7002900242805481,0.000394385278923437,0.00010254684457322583,7.662824646104127e-05,17.832073211669922,745.6173095703125,93.75209045410156,0.015729233622550964,3.7775281299002293e-06,1.823218724060823e-05,5440,0.12996909022331238
0.0006057910504750907,0.9993941783905029,0.6944003701210022,,0.400773823261261,0.0003671251470223069,9.166262316284701e-05,6.986577500356361e-05,17.88642120361328,618.1986083984375,84.83003997802734,0.00062414730200544,3.6586472738274744e-06,1.7632979693332423e-05,5450,0.011941579170525074
0.0006715141353197396,0.9993284940719604,0.560360848903656,0.7348208427429199,0.4652981758117676,0.000358832796337083,9.449602657696232e-05,7.886035018600523e-05,17.864402770996094,618.0570068359375,84.9264907836914,0.0006894557736814022,3.54135572515587e-06,1.704178289750282e-05,5460,0.010482853278517723
0.00047517992788925767,0.9995248317718506,0.5803399085998535,,0.20168760418891907,0.0003731116885319352,9.538725134916604e-05,7.65426957514137e-05,17.842761993408203,746.2633056640625,93.79448699951172,0.0004938355414196849,3.425682423819978e-06,1.6458742722082513e-05,5470,0.0053007169626653194
0.0012013341765850782,0.998798668384552,0.4144216775894165,0.9995792508125305,0.9968315362930298,0.0003787610330618918,9.885139297693968e-05,8.043473644647747e-05,17.813823699951172,807.2406616210938,96.99755096435547,0.0012202722718939185,3.3116559104760553e-06,1.5884003023510623e-05,5480,0.018021773546934128
0.010378404520452023,0.9896215796470642,0.5798777341842651,0.999579131603241,0.5871862173080444,0.0003888659121003002,0.00010135312913917005,7.785367779433727e-05,17.86558723449707,746.333251953125,93.73889923095703,0.01039784774184227,3.1993043194600483e-06,1.5317705610207717e-05,5490,0.0686287209391594
0.0007554394542239606,0.9992445111274719,0.433560311794281,0.9995081424713135,0.6012424826622009,0.00036802978138439357,9.290866000810638e-05,7.357881986536086e-05,17.815406799316406,681.078369140625,88.90291595458984,0.0007738409331068397,3.088655371845886e-06,1.4759990207586837e-05,5500,0.029880637302994728
0.0007163927075453103,0.9992836117744446,0.4612952172756195,0.9995648860931396,0.9976776838302612,0.00038071072776801884,9.957283327821642e-05,8.002997492440045e-05,17.80765151977539,807.587158203125,96.99700927734375,0.0007354282424785197,2.9797363686057254e-06,1.4210994423578351e-05,5510,0.02560071460902691
0.0005455809296108782,0.9994544386863708,0.6496073007583618,,0.5220693945884705,0.00036248989636078477,9.615782619221136e-05,7.92097271187231e-05,17.885318756103516,618.3194580078125,84.81560516357422,0.0005637053982354701,2.872574183873816e-06,1.3670853714677112e-05,5520,0.0062555912882089615
0.0006536791333928704,0.9993463158607483,0.5312960147857666,0.2057460993528366,0.46253085136413574,0.00034907431108877063,9.04046100913547e-05,7.284507591975853e-05,17.867162704467773,555.7557983398438,80.67034912109375,0.0006711328751407564,2.767195258315739e-06,1.3139701352520744e-05,5530,0.009653317742049694
0.0005947693716734648,0.9994052052497864,0.4833984076976776,0.8011418581008911,0.9992808699607849,0.00037689192686229944,9.688599675428122e-05,7.806289795553312e-05,17.84966278076172,807.172607421875,97.2958984375,0.000613613985478878,2.6636255926045637e-06,1.261766839100684e-05,5540,0.0062966556288301945
0.009078171104192734,0.9909217953681946,0.5698801279067993,0.20515525341033936,0.9849762320518494,0.00037941266782581806,9.96851667878218e-05,7.771306991344318e-05,17.86039161682129,678.4981079101562,88.50496673583984,0.009097142145037651,2.561890741005551e-06,1.2104883633957271e-05,5550,0.07573993504047394
0.0005736500024795532,0.9994263648986816,0.45685452222824097,0.6022478342056274,0.6011987924575806,0.00033280401839874685,8.975995297078043e-05,7.394023123197258e-05,17.83974838256836,486.21649169921875,75.29035949707031,0.0005902901757508516,2.462015805071048e-06,1.1601473603337906e-05,5560,0.006464906968176365
0.0004995323251932859,0.9995003938674927,0.5263195633888245,0.602542519569397,0.1998060941696167,0.0003764861903619021,0.00010005384683609009,8.089378388831392e-05,17.85394859313965,682.52978515625,89.07688903808594,0.0005183566245250404,2.3640254274470354e-06,1.1107562508041117e-05,5570,0.00859433226287365
0.00047124637058004737,0.9995287656784058,0.48175185918807983,0.9995979070663452,0.19792616367340088,0.00036189969978295267,9.311104076914489e-05,7.425081275869161e-05,17.815048217773438,621.8739013671875,85.84786224365234,0.0004893413279205561,2.2679437857929226e-06,1.0623272213239075e-05,5580,0.00662956153973937
0.07705799490213394,0.9229419827461243,0.5015723705291748,0.9996069073677063,0.7680335640907288,0.0004706956970039755,0.00012429844355210662,6.342407868942246e-05,17.833580017089844,733.2227783203125,93.07544708251953,0.07708153128623962,2.1737945868160954e-06,1.014872221031547e-05,5590,0.10794489830732346
0.0005142934387549758,0.9994857311248779,0.523184061050415,0.9995554685592651,0.7321924567222595,0.00037444199551828206,9.638502524467185e-05,7.585386629216373e-05,17.833127975463867,681.521728515625,89.04632568359375,0.0005330155254341662,2.081601060422614e-06,9.68402958738267e-06,5600,0.009682290256023407
0.00045840005623176694,0.9995415806770325,0.41719961166381836,0.8009764552116394,0.20021310448646545,0.0003599530318751931,9.428796329302713e-05,7.757187995593995e-05,17.815204620361328,617.7941284179688,84.66108703613281,0.0004763977194670588,1.9913859539855913e-06,9.22930900039202e-06,5610,0.010108226910233498
0.05084903910756111,0.9491509795188904,0.556410014629364,0.7347916960716248,0.5362635254859924,0.0004409595567267388,0.000117200288514141,7.005182123975828e-05,17.873088836669922,678.05517578125,89.54818725585938,0.05087108537554741,1.9031715267326324e-06,8.784672644844278e-06,5620,0.14325080811977386
0.0004491735599003732,0.9995507597923279,0.4457550346851349,0.20625290274620056,0.9994983077049255,0.0003756351361516863,9.835121454671025e-05,8.0131932918448e-05,17.822608947753906,745.484375,93.09868621826172,0.0004679553094319999,1.816979544253671e-06,8.350230228106886e-06,5630,0.0067452904768288136
0.00046780536649748683,0.9995322227478027,0.556694746017456,0.9996025562286377,0.9994646310806274,0.00037546028033830225,9.802149725146592e-05,8.009909652173519e-05,17.836994171142578,745.1468505859375,93.27581024169922,0.0004865783848799765,1.7328312731306686e-06,7.926088942345491e-06,5640,0.006737309042364359
0.0036266527604311705,0.9963734149932861,0.5762772560119629,0.2057783305644989,0.9941856265068054,0.0003714566701091826,9.50057219597511e-05,7.51226325519383e-05,17.874732971191406,679.140869140625,88.7629623413086,0.0036452256608754396,1.6507474756903895e-06,7.512353438075801e-06,5650,0.04201672226190567
0.0004168048326391727,0.9995831847190857,0.37076371908187866,0.9995915293693542,0.6008758544921875,0.0003787017776630819,9.919067088048905e-05,8.107467874651775e-05,17.79817771911621,809.7864990234375,97.22722625732422,0.0004357399302534759,1.570748404881602e-06,7.10912579834262e-06,5660,0.0028383564203977585
0.0004789109225384891,0.9995211362838745,0.3966054916381836,0.800973653793335,0.9993541240692139,0.00037453777622431517,9.512282849755138e-05,7.553547038696706e-05,17.78506088256836,744.7728271484375,93.14632415771484,0.0004976377822458744,1.4928537992779811e-06,6.71650551353245e-06,5670,0.004260208923369646
0.0347353033721447,0.9652647376060486,0.50663161277771,0.4700644910335541,0.9304375648498535,0.0004127918218728155,0.0001101664311136119,7.91342681623064e-05,17.853740692138672,742.8728637695312,93.07449340820312,0.03475594148039818,1.4170828782078973e-06,6.334589456825665e-06,5680,0.0900324210524559
0.046420540660619736,0.9535794854164124,0.6127556562423706,0.20560115575790405,0.7317591905593872,0.000443716358859092,0.00011767768592108041,7.066925172694027e-05,17.883899688720703,737.5398559570312,93.04911041259766,0.046442724764347076,1.3434543370123347e-06,5.963471860294495e-06,5690,0.08999548107385635
0.003081145929172635,0.9969188570976257,0.6735110878944397,0.20538315176963806,0.9949299693107605,0.00038305437192320824,0.00010115074110217392,8.178860298357904e-05,17.892261505126953,808.897216796875,97.19558715820312,0.0031002985779196024,1.27198634243211e-06,5.603244291652756e-06,5700,0.046910520642995834
0.07744733989238739,0.9225527048110962,0.4682266414165497,0.9995263814926147,0.6095811128616333,0.0004819940368179232,0.00012199047341709957,5.3188286983640864e-05,17.83182144165039,667.1533203125,88.6111831665039,0.07747144252061844,1.2026965281254867e-06,5.253995631662807e-06,5710,0.11902637034654617
0.000616971985436976,0.9993829727172852,0.5358716249465942,0.2053328901529312,0.5999675989151001,0.00036251451820135117,9.420981223229319e-05,7.574749179184437e-05,17.879470825195312,618.2479858398438,84.88976287841797,0.0006350977346301079,1.1356019903173362e-06,4.9158120522055636e-06,5720,0.006012010853737593
0.02004089206457138,0.9799590706825256,0.5413346886634827,0.6023884415626526,0.5399227142333984,0.00039433769416064024,0.00010242853022646159,7.674495282117277e-05,17.833568572998047,746.2138671875,93.31259155273438,0.02006060816347599,1.0707192835809108e-06,4.588776995018933e-06,5730,0.09295076131820679
0.043769773095846176,0.9562301635742188,0.5647731423377991,0.9996428489685059,0.8898216485977173,0.0004225458833388984,0.00011339681805111468,7.579530938528478e-05,17.86279296875,679.939697265625,88.91797637939453,0.043790899217128754,1.008064416753232e-06,4.2729711511097234e-06,5740,0.12217123806476593
0.0027150395326316357,0.997285008430481,0.4992375373840332,0.9995951652526855,0.9879647493362427,0.00037245548446662724,9.541846520733088e-05,7.495730824302882e-05,17.811748504638672,681.7393188476562,88.4384994506836,0.0027336622588336468,9.476528489851703e-07,3.968472440844445e-06,5750,0.04377385601401329
0.10701008141040802,0.892989993095398,0.6276847124099731,0.999556839466095,0.5881459712982178,0.0005181097658351064,0.00013560798834078014,4.7115587221924216e-05,17.879161834716797,606.2176513671875,84.70384979248047,0.10703598707914352,8.894994859271102e-07,3.6753559947235155e-06,5760,0.0400288850069046
0.0006380599807016551,0.9993619322776794,0.6083177924156189,,0.9990689158439636,0.0003777132951654494,9.742214024299756e-05,7.834817370167002e-05,17.850357055664062,808.6311645507812,97.29985046386719,0.0006569456309080124,8.336186760512177e-07,3.3936941348440166e-06,5770,0.00760278757661581
0.00044559058733284473,0.999554455280304,0.3902588486671448,0.6022588610649109,0.9995212554931641,0.00036961736623197794,9.740672976477072e-05,7.916813046904281e-05,17.821924209594727,679.800537109375,88.49246978759766,0.0004640714614652097,7.800242071111721e-07,3.123556357055302e-06,5780,0.004262258764356375
0.0016093261074274778,0.9983906149864197,0.4396030306816101,0.7347672581672668,0.9913277626037598,0.00037866795901209116,9.656024485593662e-05,7.699747220613062e-05,17.787410736083984,809.0203857421875,97.53970336914062,0.001628259546123445,7.287293027402289e-07,2.865009313811861e-06,5790,0.03115297108888626
0.0004501226358115673,0.9995498657226562,0.44168174266815186,0.6023748517036438,0.19513675570487976,0.00037252545007504523,9.941545431502163e-05,8.092382631730288e-05,17.807979583740234,684.1566162109375,89.13382720947266,0.00046874891268089414,6.797466191885024e-07,2.618116797727906e-06,5800,0.005072993226349354
0.0004624722932931036,0.9995376467704773,0.45274317264556885,0.2049846202135086,0.19676996767520905,0.0003681533853523433,9.960197348846123e-05,8.018784137675539e-05,17.844173431396484,619.1030883789062,85.19586181640625,0.0004808799712918699,6.330882422002134e-07,2.3829397258374395e-06,5810,0.0044675604440271854
0.0006350842886604369,0.999364972114563,0.5587254762649536,0.9995484948158264,0.9992067217826843,0.00037735249497927725,0.00010050638957181945,8.227699436247349e-05,17.858606338500977,744.1092529296875,92.777587890625,0.0006539518944919109,5.887656840317203e-07,2.1595361245639236e-06,5820,0.004822929855436087
0.0004838115710299462,0.9995161890983582,0.4488433003425598,0.9995882511138916,0.9990888833999634,0.00037875177804380655,9.77358577074483e-05,7.847542292438447e-05,17.796987533569336,809.26220703125,97.37788391113281,0.0005027491715736687,5.467898806110371e-07,1.9479611154031063e-06,5830,0.0031560813076794147
0.0004999175434932113,0.9995000958442688,0.4895888566970825,0.999574601650238,0.9989644289016724,0.0003833988157566637,0.0001006062375381589,8.230645471485332e-05,17.807342529296875,873.2476196289062,101.6325912475586,0.0005190874799154699,5.071711888395635e-07,1.748266901322648e-06,5840,0.0045692939311265945
0.0006045458721928298,0.9993954300880432,0.6031913161277771,,0.9991415739059448,0.000372983020497486,9.680457878857851e-05,7.683307921979576e-05,17.854738235473633,681.6433715820312,88.47132110595703,0.0006231950246728957,4.699193840366627e-07,1.5605027538817643e-06,5850,0.0077131325379014015
0.018532946705818176,0.981467068195343,0.45299869775772095,0.7349145412445068,0.9360086917877197,0.0004027824033983052,0.00010717043187469244,8.120868005789816e-05,17.811092376708984,808.5,97.42394256591797,0.01855308562517166,4.350436575277645e-07,1.3847150010742877e-06,5860,0.08147821575403214
0.0008757818141020834,0.99912428855896,0.5791221857070923,0.6024355888366699,0.7982742786407471,0.0003732089826371521,9.438768029212952e-05,7.550796726718545e-05,17.86342430114746,748.6314697265625,94.11149597167969,0.0008944422588683665,4.025526143765236e-07,1.220947015897831e-06,5870,0.016301006078720093
0.0004414122668094933,0.9995585680007935,0.44152605533599854,0.9996023178100586,0.5980738997459412,0.00037780951242893934,9.45192005019635e-05,7.393881969619542e-05,17.77922821044922,814.4127197265625,97.90392303466797,0.00046030274825170636,3.7245427126166464e-07,1.0692392056522288e-06,5880,0.0031451256945729256
0.0034772444050759077,0.9965227842330933,0.5759745836257935,0.9995297193527222,0.9873596429824829,0.00038529172888956964,9.865590982371941e-05,7.848053792258725e-05,17.842788696289062,874.7656860351562,101.92278289794922,0.0034965090453624725,3.4475605449898134e-07,9.296290019696128e-07,5890,0.030193783342838287
0.066792331635952,0.9332075715065002,0.648435652256012,,0.49876442551612854,0.00046076165745034814,0.00011925539001822472,6.22712541371584e-05,17.848787307739258,736.8324584960938,93.88896942138672,0.06681536883115768,3.1946479820900206e-07,8.021508515787073e-07,5900,0.08167901635169983
0.027437614277005196,0.9725623726844788,0.45113909244537354,0.602340042591095,0.6954286694526672,0.0003967215307056904,0.00010883919458137825,7.997909415280446e-05,17.843313217163086,616.2425537109375,84.57434844970703,0.027457449585199356,2.9658674263077487e-07,6.868362078056227e-07,5910,0.1476721465587616
0.019528960809111595,0.9804709553718567,0.6239228248596191,0.2050662487745285,0.9707231521606445,0.00039681902853772044,0.00010553051833994687,8.036799408728257e-05,17.889657974243164,743.790771484375,93.13390350341797,0.019548801705241203,2.761275325821826e-07,5.837135228132234e-07,5920,0.07124629616737366
0.00894395262002945,0.9910560846328735,0.5372085571289062,0.7349600791931152,0.9796698689460754,0.00038752699038013816,0.00010120071965502575,7.983692921698093e-05,17.853439331054688,810.2859497070312,97.50344848632812,0.008963328786194324,2.580922160671648e-07,4.928082405809617e-07,5930,0.06996877491474152
0.0004531417798716575,0.9995468854904175,0.6168311238288879,,0.4659506380558014,0.00037350275670178235,9.54463830566965e-05,7.670588092878461e-05,17.85546875,748.4609375,93.92961883544922,0.0004718169220723212,2.4248524303020683e-07,4.1414279062700204e-07,5940,0.0025294700171798468
0.0004906964022666216,0.999509334564209,0.3391786515712738,0.8010739684104919,0.9991806149482727,0.00038026258698664606,9.643028897698969e-05,7.510907744290307e-05,17.75006866455078,809.8822631835938,97.5189437866211,0.0005097095272503793,2.2931046425837143e-07,3.477365824740135e-07,5950,0.0029270213562995195
0.0022423514164984226,0.9977577328681946,0.5372129082679749,0.6025394797325134,0.9953303337097168,0.00038180191768333316,9.981297625927255e-05,8.011355384951457e-05,17.841907501220703,809.7607421875,97.4327392578125,0.002261441433802247,2.1857113043118204e-07,2.936060008602003e-07,5960,0.03164847567677498
0.029551412910223007,0.9704485535621643,0.42200061678886414,0.9996142387390137,0.8519943952560425,0.00040353176882490516,0.00010699721315177158,7.70404512877576e-05,17.808185577392578,680.2503662109375,88.66548919677734,0.029571589082479477,2.102698913185637e-07,2.517644016965988e-07,5970,0.09459236264228821
0.04440281540155411,0.9555972218513489,0.6715106964111328,0.20619142055511475,0.5555157661437988,0.0004183357523288578,0.00011509509931784123,7.869751425459981e-05,17.898521423339844,620.7463989257812,85.8211898803711,0.04442373290657997,2.044087951270564e-07,2.2222210877172874e-07,5980,0.1380055546760559
0.002285740338265896,0.9977143406867981,0.45392704010009766,0.47036612033843994,0.5978193879127502,0.0003725604328792542,9.652532753534615e-05,7.732122321613133e-05,17.838937759399414,681.7535400390625,89.21089172363281,0.002304368419572711,2.009892879944404e-07,2.0498641120430052e-07,5990,0.036219291388988495
0.000411396031267941,0.9995885491371155,0.33991798758506775,0.6820247769355774,0.6010779142379761,0.00036892530624754727,9.68777749221772e-05,7.953828026074916e-05,17.825206756591797,681.52490234375,88.68773651123047,0.00042984230094589293,1.9999987786367065e-07,9.99999384383552e-07,6000,0.002544331829994917
0.04665480554103851,0.9533451795578003,0.6043487191200256,0.9996180534362793,0.9255903363227844,0.00043629988795146346,0.00011256917787250131,6.956616562092677e-05,17.879167556762695,864.3612060546875,101.7889633178711,0.046676620841026306,1.0999187202783441e-06,5.4995903173625625e-06,6010,0.06823083758354187
0.0004427909734658897,0.9995573163032532,0.5259459018707275,0.20482304692268372,,0.0003676498308777809,9.376447997055948e-05,7.484835805371404e-05,17.81698989868164,681.2277221679688,88.72247314453125,0.0004611734766513109,2.0994344988913855e-06,1.0497149645927285e-05,6020,0.005536321084946394
0.0004724372993223369,0.9995275139808655,0.3864680528640747,0.8009955286979675,0.199642613530159,0.0003665241238195449,9.474479884374887e-05,7.679784175707027e-05,17.80097198486328,687.3858642578125,90.1662826538086,0.0004907635156996548,3.0981810773896382e-06,1.549083189512555e-05,6030,0.006133499555289745
0.021442648023366928,0.9785573482513428,0.5437436699867249,0.9995695352554321,0.5365778207778931,0.0004014062287751585,0.00010256972745992243,7.32711487216875e-05,17.821205139160156,746.0934448242188,93.67766571044922,0.02146271802484989,4.095792574720577e-06,2.0478792876621898e-05,6040,0.07511160522699356
0.003941807895898819,0.9960581660270691,0.4059801399707794,0.4695098400115967,0.981897234916687,0.00037519633769989014,9.660565410740674e-05,7.617601659148932e-05,17.799293518066406,681.9019775390625,88.8799819946289,0.0039605675265192986,5.091903576653434e-06,2.5459190755051144e-05,6050,0.0626494511961937
0.0004756138368975371,0.9995243549346924,0.4536650776863098,0.9995749592781067,0.9994091987609863,0.0003771847113966942,9.554089047014713e-05,7.623178680660203e-05,17.791322708129883,810.1819458007812,97.74777221679688,0.0004944730899296701,6.08614928611089e-06,3.043018680575085e-05,6060,0.010215074755251408
0.0009045557235367596,0.9990954399108887,0.412352055311203,0.8010700941085815,0.998589813709259,0.0003818391705863178,9.999155008699745e-05,8.033993799472228e-05,17.81954574584961,810.61376953125,97.31459045410156,0.0009236476616933942,7.078165673287577e-06,3.538994617141919e-05,6070,0.01636151783168316
0.0005788681446574628,0.9994211196899414,0.37112411856651306,0.6028361320495605,0.9992409944534302,0.0003708519507199526,9.407181642018259e-05,7.463606743840501e-05,17.79312515258789,682.8590698242188,88.89334869384766,0.0005974107189103961,8.067589625503503e-06,4.033663861743684e-05,6080,0.013964998535811901
0.001059331581927836,0.9989408254623413,0.5387829542160034,0.6017695665359497,0.7335715889930725,0.00036771796294488013,9.639014024287462e-05,7.622439443366602e-05,17.858495712280273,620.4413452148438,85.4351577758789,0.001077717519365251,9.054059096740617e-06,4.5268439285591593e-05,6090,0.0195128433406353
0.0021968127693980932,0.9978032112121582,0.49941667914390564,0.46911683678627014,0.46480199694633484,0.00035553722409531474,9.311754547525197e-05,7.361473399214447e-05,17.85508918762207,558.7486572265625,80.58611297607422,0.00221458962187171,1.0037213256810854e-05,5.018352944594561e-05,6100,0.03361545130610466
0.0006676965858787298,0.9993322491645813,0.4684140682220459,0.6022638082504272,0.20421917736530304,0.0003652995510492474,9.236769983544946e-05,7.114440813893452e-05,17.81316375732422,621.6375732421875,85.14934539794922,0.0006859615677967668,1.1016692640104027e-05,5.5080097246584945e-05,6110,0.020332522690296173
0.005066548939794302,0.9949334263801575,0.47526997327804565,0.7347159385681152,0.588348388671875,0.0003627153637353331,9.401711577083915e-05,7.781798194628209e-05,17.833202362060547,688.009033203125,89.20699310302734,0.005084684584289789,1.199213929386421e-05,5.9956338460992326e-05,6120,0.07545475661754608
0.0011748787946999073,0.9988250732421875,0.4331575334072113,0.20210854709148407,0.19978013634681702,0.0002616223646327853,7.661563722649589e-05,7.537736382801086e-05,17.86172866821289,430.9770202636719,72.04146575927734,0.0011879599187523127,1.2963196925943262e-05,6.481045723278473e-05,6130,0.040746092796325684
0.020945431664586067,0.9790546298027039,0.46681156754493713,0.999341607093811,0.8570362329483032,0.0003878085408359766,0.0001018314651446417,8.03954026196152e-05,17.784692764282227,816.59423828125,97.56775665283203,0.02096482180058956,1.3929511051980409e-05,6.964066681755783e-05,6140,0.11398644000291824
0.000923257612157613,0.9990767240524292,0.5855808258056641,0.9991081953048706,0.2019205242395401,0.0003700388770084828,9.634003799874336e-05,7.87734315963462e-05,17.83611488342285,697.0011596679688,90.4986343383789,0.0009417595574632287,1.4890729141956929e-05,7.444519032158088e-05,6150,0.02530054561793804
0.06471006572246552,0.9352899789810181,0.7224264144897461,0.999333381652832,0.8968622088432312,0.00046817262773402035,0.00011966904276050627,6.18252670392394e-05,17.898786544799805,869.515625,101.89519500732422,0.06473347544670105,1.5846500766075193e-05,7.922226143708607e-05,6160,0.09186583012342453
0.004744208883494139,0.9952557682991028,0.47003281116485596,0.9991418123245239,0.5880544185638428,0.0003768454771488905,9.835741366259754e-05,8.003345283214003e-05,17.812273025512695,822.1407470703125,97.62066650390625,0.004763050936162472,1.6796477739911568e-05,8.397012517389769e-05,6170,0.05260642617940903
0.0019268683390691876,0.998073160648346,0.5975432395935059,,0.9953568577766418,0.0003714039921760559,9.602394857211038e-05,8.042425906751305e-05,17.855998992919922,829.3291625976562,97.42072296142578,0.0019454385619610548,1.7740314268792846e-05,8.868703858714779e-05,6180,0.037141092121601105
0.001003286219201982,0.9989967346191406,0.4227059781551361,0.4712000787258148,0.20059654116630554,0.00036865525180473924,9.786900773178786e-05,7.417870801873505e-05,17.830097198486328,561.4392700195312,79.78487396240234,0.0010217189555987716,1.8677667091346193e-05,9.337127150082577e-05,6190,0.03859655186533928
0.019252698868513107,0.9807473421096802,0.5617911219596863,0.7350208163261414,0.9560341238975525,0.000425213627750054,0.00011372456356184557,7.890136475907639e-05,17.847122192382812,827.132080078125,97.65655517578125,0.01927395910024643,1.9510642410122166e-05,9.753344002677737e-05,6200,0.13374614715576172
0.010791019536554813,0.989208996295929,0.5196794867515564,0.6026099324226379,0.9757903218269348,0.0003768177703022957,9.697133646113798e-05,7.896191527834162e-05,17.84992218017578,826.919921875,96.5313720703125,0.010809860192239285,1.946119629724703e-05,9.728421163965927e-05,6210,0.07066825777292252
0.0013553788885474205,0.9986446499824524,0.37988752126693726,0.4718986451625824,0.21135181188583374,0.0003593472356442362,9.588563989382237e-05,7.764628389850259e-05,17.826210021972656,566.8780517578125,79.87560272216797,0.001373346196487546,1.9409440449260143e-05,9.702334125435162e-05,6220,0.09627502411603928
0.001079111360013485,0.9989208579063416,0.24308937788009644,0.6038120985031128,,0.00035778561141341925,9.074382978724316e-05,7.302500307559967e-05,17.778987884521484,634.9491577148438,84.55492401123047,0.0010970006696879864,1.9355387636142542e-05,9.675089323671847e-05,6230,0.03328253701329231
0.007565723266452551,0.9924342632293701,0.5493731498718262,0.9993619918823242,0.9751242399215698,0.00038519970257766545,9.891221998259425e-05,7.713943341514096e-05,17.832876205444336,837.4698486328125,97.2186050415039,0.007584983482956886,1.929905119461707e-05,9.646693480923148e-05,6240,0.07659384608268738
0.0019031898118555546,0.9980968832969666,0.5752575993537903,0.998529314994812,0.7333598136901855,0.00035121297696605325,9.30106034502387e-05,8.206377970054746e-05,17.86445426940918,713.4277954101562,90.38626861572266,0.0019207504810765386,1.9240445024857675e-05,9.617153603438363e-05,6250,0.056265395134687424
0.0014372275909408927,0.998562753200531,0.6444161534309387,0.9989374876022339,0.8046376705169678,0.0003621571231633425,9.376146044814959e-05,7.905789243523031e-05,17.895034790039062,781.8740234375,94.61931610107422,0.0014553354121744633,1.9179583587059815e-05,9.58647697974025e-05,6260,0.03220604732632637
0.0013173507759347558,0.9986826777458191,0.3525102734565735,0.9987412691116333,0.2088020145893097,0.00038326342473737895,9.634561865823343e-05,7.514277240261436e-05,17.78443145751953,852.2044677734375,99.7547607421875,0.0013365139020606875,1.9116481897872573e-05,9.55467117882668e-05,6270,0.03598160296678543
0.009279620833694935,0.9907203912734985,0.4570399522781372,0.4716661274433136,0.9860695004463196,0.00043757123057730496,0.00011242798791499808,6.91022360115312e-05,17.86162567138672,716.898193359375,90.61266326904297,0.009301499463617802,1.905115552669355e-05,9.521744048303112e-05,6280,0.12051013112068176
0.0015465616015717387,0.9984533786773682,0.33696335554122925,0.9984723329544067,0.9982929229736328,0.0003832158399745822,0.00010097058839164674,8.227498619817197e-05,17.788558959960938,861.5234985351562,98.0428695678711,0.001565722399391234,1.8983620591827325e-05,9.487703712446297e-05,6290,0.038440000265836716
0.011562630534172058,0.9884373545646667,0.5559520721435547,0.998429536819458,0.592276930809021,0.00036438790266402066,9.574026626069099e-05,8.094898657873273e-05,17.84228515625,793.3499755859375,94.42889404296875,0.01158084999769926,1.8913893756508537e-05,9.452558570199757e-05,6300,0.09426045417785645
0.0010707820765674114,0.9989292621612549,0.6382420659065247,,0.47273018956184387,0.0003665971744339913,9.507495269645005e-05,7.715912943240255e-05,17.87136459350586,733.5283203125,91.90237426757812,0.001089111901819706,1.8841992224790454e-05,9.41631729310145e-05,6310,0.02510111592710018
0.0014722620835527778,0.9985277652740479,0.3192189335823059,0.9988365769386292,0.9963911771774292,0.00037905547651462257,9.891849185805768e-05,8.081511623458937e-05,17.775779724121094,933.1024780273438,102.43010711669922,0.0014912148471921682,1.8767933737300138e-05,9.378988823144211e-05,6320,0.032004550099372864
0.0018882385920733213,0.9981117248535156,0.33540770411491394,0.8400676846504211,0.20628240704536438,0.0004012318386230618,0.00010025162191595882,7.106651901267469e-05,17.79747772216797,798.2073974609375,94.09911346435547,0.0019083002116531134,1.8691736566861226e-05,9.340582370569445e-05,6330,0.048102933913469315
0.0012853365624323487,0.9987146854400635,0.4042348265647888,0.7352897524833679,0.9986907243728638,0.00037958932807669044,9.628129191696644e-05,7.311470835702494e-05,17.810760498046875,737.8267822265625,89.97139739990234,0.0013043159851804376,1.861341951398535e-05,9.301107411594635e-05,6340,0.03276641294360161
0.0010302913142368197,0.9989696145057678,0.31940758228302,0.6829951405525208,0.9982945322990417,0.0003809967602137476,9.760724060470238e-05,7.59800968808122e-05,17.791427612304688,807.169677734375,94.57592010498047,0.0010493411682546139,1.853300190223343e-05,9.260573686075233e-05,6350,0.023702405393123627
0.001091968733817339,0.9989079236984253,0.58686763048172,0.21186554431915283,0.8018789291381836,0.00035940244561061263,8.925254951464012e-05,6.91791792633012e-05,17.877689361572266,672.9579467773438,86.25187683105469,0.0011099388357251883,1.845050357344785e-05,9.218991195101493e-05,6360,0.02621375024318695
0.0008069814066402614,0.999193012714386,0.5058994293212891,0.2055782973766327,0.6030340194702148,0.0003804163134191185,9.599392797099426e-05,7.390548125840724e-05,17.814014434814453,808.791259765625,94.57151794433594,0.0008260022150352597,1.836594488285679e-05,9.176370198530846e-05,6370,0.01590285450220108
0.0010686528403311968,0.998931348323822,0.34153521060943604,0.8005058765411377,0.9989733099937439,0.0003849606146104634,0.00010042323992820457,7.996174099389464e-05,17.787181854248047,881.8577270507812,97.80178833007812,0.0010879008332267404,1.8279346694051874e-05,9.132721212456448e-05,6380,0.026805181056261063
0.0010149860754609108,0.9989850521087646,0.32083991169929504,0.4055882394313812,0.20696520805358887,0.00033382157562300563,9.121062612393871e-05,7.539612852269784e-05,17.824594497680664,533.4755249023438,77.13264465332031,0.0010316771222278476,1.819073037384039e-05,9.08805500661248e-05,6390,0.0271209217607975
0.0015866145258769393,0.9984133839607239,0.41701048612594604,0.8011817932128906,0.9972442984580994,0.00039024915895424783,0.00010042581561719999,7.709368946962059e-05,17.828792572021484,889.4215698242188,98.96739959716797,0.0016061270143836737,1.8100117786973357e-05,9.042382601716874e-05,6400,0.027316782623529434
0.0007627155864611268,0.9992372989654541,0.5665444731712341,0.9994500875473022,0.9988725185394287,0.0003791484050452709,9.881191363092512e-05,7.889538392191753e-05,17.85253143310547,818.7328491210938,94.60424041748047,0.0007816730067133904,1.8007531290750725e-05,8.995715266752132e-05,6410,0.02478019893169403
0.07808955758810043,0.9219104647636414,0.543867290019989,0.7365164160728455,0.8180193305015564,0.00048246775986626744,0.0001287148625124246,6.65584157104604e-05,17.87210464477539,878.7254638671875,99.21495819091797,0.07811368256807327,1.791299372950503e-05,8.948064516184858e-05,6420,0.10112442821264267
0.0070590367540717125,0.9929409027099609,0.4561145007610321,0.7353639602661133,0.5798431038856506,0.00038344087079167366,9.951255196938291e-05,7.609207386849448e-05,17.820877075195312,759.9606323242188,92.94684600830078,0.007078208960592747,1.781652842896491e-05,8.899442107124736e-05,6430,0.07649332284927368
0.18736501038074493,0.8126350045204163,0.6737315654754639,0.6052597165107727,0.5302225351333618,0.0006135239964351058,0.00017399617354385555,4.747585626319051e-05,17.918319702148438,668.1277465820312,88.21578216552734,0.18739569187164307,1.7718159190499838e-05,8.849860036423656e-05,6440,0.23688244819641113
0.0009817786049097776,0.9990182518959045,0.49183523654937744,0.9990983605384827,0.9989492893218994,0.00038314814446493983,9.654073073761538e-05,7.45322831789963e-05,17.80876350402832,821.5162353515625,96.07102966308594,0.0010009360266849399,1.7617910285247473e-05,8.799330537715646e-05,6450,0.029212895780801773
0.0008182410383597016,0.9991818070411682,0.439789354801178,0.7369377017021179,0.9990444183349609,0.0003653309540823102,9.310326277045533e-05,7.319003634620458e-05,17.81989288330078,684.7294921875,87.33690643310547,0.0008365075918845832,1.7515806448125134e-05,8.747866078398426e-05,6460,0.017353687435388565
0.001146387541666627,0.9988536834716797,0.5161375999450684,0.6042465567588806,0.9977543354034424,0.0003870456712320447,0.00010074945021187887,7.958415517350659e-05,17.840869903564453,901.371337890625,98.99078369140625,0.0011657398426905274,1.741187287172681e-05,8.69547935655725e-05,6470,0.019870173186063766
0.10331554710865021,0.896684467792511,0.5775381326675415,0.9994071125984192,0.5600690245628357,0.0005015261704102159,0.00013557789498008788,6.535455759149045e-05,17.86389923095703,826.3386840820312,96.54227447509766,0.10334062576293945,1.730613520010729e-05,8.642183297831856e-05,6480,0.14844246208667755
0.0037379120476543903,0.9962621927261353,0.5833604335784912,0.999318540096283,0.7935432195663452,0.00037411414086818695,9.837027755565941e-05,8.183272439055145e-05,17.869672775268555,923.360595703125,103.11940002441406,0.0037566176615655422,1.7198619522454862e-05,8.587991052227247e-05,6490,0.03588808327913284
0.007562479004263878,0.9924376010894775,0.4547122120857239,0.6049541234970093,0.5860402584075928,0.0003750022442545742,9.687054989626631e-05,7.598991214763373e-05,17.82372283935547,761.3924560546875,90.8330307006836,0.007581229321658611,1.7089352366654188e-05,8.53291599086913e-05,6500,0.08417357504367828
0.03077525459229946,0.969224750995636,0.4771432876586914,0.7357308268547058,0.8935538530349731,0.0004154807538725436,0.00010936023318208754,7.695960812270641e-05,17.834613800048828,904.2547607421875,99.81147766113281,0.030796028673648834,1.697836069274097e-05,8.476971702704791e-05,6510,0.11585808545351028
0.02586277574300766,0.9741371870040894,0.6539114713668823,0.9993486404418945,0.5414794683456421,0.0004156516515649855,0.00010943324014078826,7.396462024189532e-05,17.86884307861328,762.0807495117188,91.6270980834961,0.02588355913758278,1.6865671886249933e-05,8.42017199115022e-05,6520,0.10246099531650543
0.0010513798333704472,0.9989486336708069,0.5459444522857666,0.20942455530166626,0.6015796661376953,0.0003566595260053873,9.170136036118492e-05,7.356449350481853e-05,17.87281036376953,694.2991333007812,88.31468200683594,0.0010692127980291843,1.6751313751457892e-05,8.36253087068433e-05,6530,0.025080014020204544
0.002652814146131277,0.9973472356796265,0.440132737159729,0.4728124141693115,0.994314968585968,0.00036906939931213856,9.690712613519281e-05,7.96071981312707e-05,17.845396041870117,763.8809814453125,91.10582733154297,0.002671267604455352,1.663531450452342e-05,8.304062563391096e-05,6540,0.04162242263555527
0.0012418385595083237,0.9987581372261047,0.36994069814682007,0.7358570694923401,,0.0003794029471464455,9.933978435583413e-05,7.879628537921235e-05,17.802711486816406,765.7271728515625,90.96331787109375,0.0012608086690306664,1.6517702766524964e-05,8.244781495450461e-05,6550,0.0299882423132658
0.001197897712700069,0.9988021850585938,0.6222867369651794,0.20256617665290833,0.6010485887527466,0.000388642045436427,0.0001020148120005615,7.679544796701521e-05,17.886173248291016,772.7496948242188,92.67215728759766,0.001217329758219421,1.639850755639902e-05,8.1847022935789e-05,6560,0.02708452381193638
0.0009789442410692573,0.999021053314209,0.5189658999443054,0.9990920424461365,0.998934268951416,0.0003803901490755379,9.55717550823465e-05,7.369778177235276e-05,17.859615325927734,850.014892578125,95.46681213378906,0.0009979637106880546,1.6277758283780127e-05,8.123839781420487e-05,6570,0.02106715552508831
0.0011180432047694921,0.9988819360733032,0.5464228391647339,0.20415937900543213,0.998823881149292,0.0003549553803168237,8.941147825680673e-05,6.867069896543398e-05,17.862916946411133,625.1539306640625,82.95256805419922,0.001135790953412652,1.615548474174449e-05,8.062208975889394e-05,6580,0.025848442688584328
0.0011051248293370008,0.9988948106765747,0.48784565925598145,0.9989102482795715,0.20715782046318054,0.00037739245453849435,9.717511420603842e-05,7.380606257356703e-05,17.850929260253906,703.2511596679688,88.41877746582031,0.0011239944724366069,1.6031717099458992e-05,7.999825083464682e-05,6590,0.02978966198861599
0.00070048967609182,0.9992995262145996,0.46419721841812134,0.80091392993927,0.6059024930000305,0.00037659500958397985,9.860839054454118e-05,8.000827074283734e-05,17.835935592651367,850.3433227539062,94.62641143798828,0.0007193194469437003,1.590648589473739e-05,7.93670349643834e-05,6600,0.014482488855719566
0.11905276030302048,0.8809471726417542,0.5687892436981201,0.9995189309120178,0.7606959342956543,0.0005548141780309379,0.0001475074968766421,5.004425474908203e-05,17.8487548828125,826.357177734375,94.46758270263672,0.11908049881458282,1.5779822026505573e-05,7.872859789117455e-05,6610,0.14847230911254883
0.02159494161605835,0.9784051179885864,0.6177178621292114,0.9994659423828125,0.5037480592727661,0.00040071283001452684,0.000110354543721769,8.395257464144379e-05,17.887954711914062,791.0986938476562,93.94859313964844,0.021614978089928627,1.5651756747177718e-05,7.808309713981497e-05,6620,0.08331674337387085
0.0027249869890511036,0.9972749948501587,0.597285807132721,0.9991961717605591,0.7939069867134094,0.00038613451761193573,9.862364822765812e-05,7.619705138495192e-05,17.873653411865234,953.65234375,102.96569061279297,0.0027442937716841698,1.552232165494522e-05,7.74306919779562e-05,6630,0.03640833497047424
0.0022864106576889753,0.997713565826416,0.4646245241165161,0.5997427701950073,0.9950908422470093,0.00040332641219720244,0.00010411911353003234,7.373221160378307e-05,17.814125061035156,779.9678955078125,90.9128189086914,0.0023065770510584116,1.53915486859803e-05,7.677154337680979e-05,6640,0.05314530059695244
0.0009828381007537246,0.9990171194076538,0.35548532009124756,0.682206392288208,0.9984121918678284,0.0003871955268550664,9.691098966868594e-05,7.280285353772342e-05,17.817794799804688,854.5059814453125,95.00524139404297,0.001002197852358222,1.5259470106556263e-05,7.610581397143006e-05,6650,0.02335607260465622
0.0008690679678693414,0.99913090467453,0.46399426460266113,0.9994296431541443,0.9972747564315796,0.00037856484414078295,9.821516869124025e-05,8.102542051346973e-05,17.822711944580078,1004.9252319335938,103.6617202758789,0.0008879962260834873,1.5126118505086234e-05,7.543366802058618e-05,6660,0.018004002049565315
0.021066229790449142,0.9789337515830994,0.5386966466903687,0.6040065288543701,0.7012099623680115,0.00039559148717671633,0.00010301033034920692,7.466167153324932e-05,17.867122650146484,782.43798828125,91.40809631347656,0.021086009219288826,1.4991526784082505e-05,7.475527136623405e-05,6670,0.06984520703554153
0.09488595277070999,0.9051139950752258,0.5971266031265259,0.6023130416870117,0.36442676186561584,0.00045825561392121017,0.00012330095341894776,6.338545063044876e-05,17.867534637451172,654.517822265625,87.91976165771484,0.09490886330604553,1.485572815203829e-05,7.407079139259704e-05,6680,0.21569208800792694
0.007248715963214636,0.9927512407302856,0.6501085162162781,0.9995111227035522,0.7902203798294067,0.000380517914891243,9.984479402191937e-05,7.914249727036804e-05,17.883243560791016,865.313232421875,96.47639465332031,0.0072677419520914555,1.4718756115234047e-05,7.338039698486656e-05,6690,0.07446355372667313
0.0007940727518871427,0.9992058873176575,0.3665631115436554,0.2073635309934616,0.6044284701347351,0.0003158586332574487,8.477732626488432e-05,7.448701944667846e-05,17.85110855102539,563.186767578125,80.25731658935547,0.0008098656544461846,1.4580644469470299e-05,7.268425848753212e-05,6700,0.02140946313738823
0.047873083502054214,0.9521268606185913,0.4813975691795349,0.9994686245918274,0.6252760887145996,0.0004111400048714131,0.00010846849181689322,7.876677409512922e-05,17.841516494750977,942.35400390625,100.31517791748047,0.04789363965392113,1.4441427291729036e-05,7.198254766235141e-05,6710,0.21316583454608917
0.014931474812328815,0.9850685000419617,0.5789896249771118,0.9994809627532959,0.9559699892997742,0.0003929061349481344,0.0001023336808430031,7.745993934804574e-05,17.843830108642578,866.2825927734375,96.4205093383789,0.014951120130717754,1.4301138931765707e-05,7.127543764597058e-05,6720,0.06751389056444168
0.00076250423444435,0.9992375373840332,0.5141273736953735,0.7343009114265442,0.732819139957428,0.0003723620029632002,9.576114098308608e-05,7.778729195706546e-05,17.86267852783203,867.8865966796875,96.19874572753906,0.000781122362241149,1.4159814003633955e-05,7.05631029072055e-05,6730,0.0098124323412776
0.0005342532531358302,0.9994657039642334,0.49150174856185913,0.9994990825653076,0.6022343039512634,0.00037787979817949235,9.759720705915242e-05,7.761894084978849e-05,17.836833953857422,872.0955200195312,97.11592864990234,0.000553147227037698,1.4017487377145111e-05,6.984571920399405e-05,6740,0.011129161342978477
0.0005540240090340376,0.999445915222168,0.44453027844429016,0.9994745850563049,0.20028212666511536,0.0003616051108110696,9.239571954822168e-05,7.388587982859462e-05,17.8172664642334,713.609619140625,87.46219635009766,0.0005721042398363352,1.3874194169264576e-05,6.912346354003055e-05,6750,0.01389233022928238
0.001413433812558651,0.9985865354537964,0.6199753284454346,0.9993196725845337,0.5213201642036438,0.0003670913865789771,9.53298294916749e-05,7.754287798888981e-05,17.89723014831543,792.4583740234375,92.88885498046875,0.0014317884342744946,1.3729969735447255e-05,6.839651412109273e-05,6760,0.02996797114610672
0.0005830908776260912,0.9994168877601624,0.33208751678466797,0.8008067607879639,,0.0003672465682029724,9.414842497790232e-05,7.817793812137097e-05,17.79414939880371,869.9031982421875,96.11458587646484,0.0006014531827531755,1.3584849660914116e-05,6.766505031107217e-05,6770,0.013611416332423687
0.0007640757248736918,0.9992358684539795,0.461177259683609,0.9993302822113037,0.9990322589874268,0.0003764662833418697,9.59657336352393e-05,7.474663289031014e-05,17.83222198486328,796.1200561523438,91.8067626953125,0.0007828990346752107,1.3438869751872068e-05,6.692925258771882e-05,6780,0.01938134804368019
0.07376475632190704,0.9262351989746094,0.6262381076812744,0.9995443820953369,0.3791901469230652,0.0004711134824901819,0.00012132507254136726,5.8118661399930716e-05,17.874832153320312,862.58349609375,96.49714660644531,0.07378831505775452,1.3292066026679332e-05,6.618930249811098e-05,6790,0.05641690269112587
0.0611848458647728,0.9388150572776794,0.6640022993087769,0.9995170831680298,0.7675116062164307,0.0004658296820707619,0.0001265180908376351,7.21665273886174e-05,17.904403686523438,868.1209106445312,96.62736511230469,0.06120813637971878,1.3144474706958419e-05,6.544538261386112e-05,6800,0.11838690936565399
0.022678567096590996,0.9773213863372803,0.34312742948532104,0.801353931427002,0.843961238861084,0.00040866268682293594,0.00010760918667074293,7.805043424014002e-05,17.814598083496094,948.0777587890625,100.45933532714844,0.02269900031387806,1.2996132208659014e-05,6.469767648606918e-05,6810,0.053324587643146515
0.0007779718725942075,0.9992219805717468,0.4451926350593567,0.4691026508808136,0.9981525540351868,0.00037578557385131717,9.727365977596492e-05,7.82828064984642e-05,17.82699966430664,872.62158203125,95.88362884521484,0.0007967611309140921,1.2847075133072883e-05,6.394636860003404e-05,6820,0.015291036106646061
0.0005493211792781949,0.99945068359375,0.3875768184661865,0.7350919842720032,0.19521686434745789,0.0003600924974307418,9.248166315956041e-05,7.444154471158981e-05,17.81336212158203,735.7322998046875,90.91451263427734,0.0005673257983289659,1.2697340257803033e-05,6.319164432973449e-05,6830,0.010445971973240376
0.005739846732467413,0.9942601919174194,0.5313470363616943,0.6027759313583374,0.7274330258369446,0.0003756802179850638,9.845626482274383e-05,7.85465381341055e-05,17.880699157714844,796.581298828125,91.5651626586914,0.0057586305774748325,1.2546964527689405e-05,6.243368989209105e-05,6840,0.053210899233818054
0.0007975281914696097,0.9992024302482605,0.5779983997344971,0.9995433688163757,0.9987652897834778,0.0003807616885751486,9.598585893400013e-05,7.48008387745358e-05,17.84847068786621,954.5647583007812,101.20665740966797,0.0008165662875398993,1.2395985045693286e-05,6.167269230101971e-05,6850,0.01333328802138567
0.0005084374570287764,0.9994915723800659,0.6365726590156555,,0.7355716824531555,0.00037305758451111615,9.408713231096044e-05,7.498899503843859e-05,17.8760929107666,878.131591796875,97.57182312011719,0.0005270903347991407,1.2244439063742708e-05,6.0908839321289e-05,6860,0.007790223229676485
0.0005622972967103124,0.999437689781189,0.4447633624076843,0.8019808530807495,0.9993368983268738,0.00037789446651004255,9.60689430939965e-05,7.485062815248966e-05,17.84772491455078,878.8679809570312,96.57289123535156,0.0005811920273117721,1.2092363973541077e-05,6.014231942219189e-05,6870,0.011136460117995739
0.020973775535821915,0.9790262579917908,0.659086287021637,0.6028935313224792,0.5099138021469116,0.0003743746201507747,0.00010052967991214246,7.587943400721997e-05,17.89997673034668,652.248291015625,85.12164306640625,0.020992495119571686,1.1939797297341357e-05,5.9373321731043807e-05,6880,0.1395493894815445
0.0009591272100806236,0.9990409016609192,0.5560890436172485,0.9994516372680664,0.6051026582717896,0.0003726791182998568,9.717130160424858e-05,7.979473593877628e-05,17.858924865722656,879.98095703125,96.64802551269531,0.0009777611121535301,1.1786776678687998e-05,5.8602035986518296e-05,6890,0.0207486804574728
0.0004099291982129216,0.9995900392532349,0.44918403029441833,0.6037658452987671,0.6026188135147095,0.0003671812009997666,9.341644181404263e-05,7.464732334483415e-05,17.811134338378906,804.8289794921875,94.51570129394531,0.0004282882437109947,1.1633339873128954e-05,5.78286524918318e-05,6900,0.005401825066655874
0.0029638076666742563,0.9970362186431885,0.6073257923126221,0.6029313802719116,0.5973124504089355,0.00037772057112306356,9.54511997406371e-05,7.294151146197692e-05,17.877578735351562,815.4349975585938,94.47209930419922,0.00298269372433424,1.1479524738900072e-05,5.7053362067789254e-05,6910,0.041819874197244644
0.0005629821098409593,0.9994370937347412,0.4586593508720398,0.603445827960968,0.6018467545509338,0.0003761122061405331,9.69234824879095e-05,7.767149509163573e-05,17.837947845458984,881.61865234375,98.34769439697266,0.0005817877245135605,1.132536922758414e-05,5.627635600570187e-05,6920,0.014015763998031616
0.007149671670049429,0.9928503632545471,0.5350673198699951,0.6036403179168701,0.7254683971405029,0.00037159660132601857,9.846191096585244e-05,8.068906026892364e-05,17.86227035522461,802.32666015625,92.51220703125,0.007168251555413008,1.1170911374746892e-05,5.549782602018888e-05,6930,0.07889588922262192
0.000619706348516047,0.9993802309036255,0.4844399690628052,0.4725715219974518,0.9993268847465515,0.00037146187969483435,9.703727846499532e-05,8.007005089893937e-05,17.853050231933594,882.6654052734375,96.73111724853516,0.0006382794235832989,1.1016189290552318e-05,5.471796420187481e-05,6940,0.012874622829258442
0.08599700033664703,0.9140029549598694,0.5207818150520325,0.20912806689739227,0.8249303102493286,0.0004761004529427737,0.0001260310527868569,5.89967385167256e-05,17.87413787841797,715.381103515625,87.67938232421875,0.0860208049416542,1.0861241150359535e-05,5.3936962969994015e-05,6950,0.13217388093471527
0.0446738675236702,0.9553260803222656,0.45719560980796814,0.9994781613349915,0.8229022026062012,0.0004397633601911366,0.00011721935152309015,7.74001091485843e-05,17.821317672729492,1036.1302490234375,105.45662689208984,0.04469585418701172,1.0706105185303593e-05,5.315501502491407e-05,6960,0.10844388604164124
0.0005054278299212456,0.9994944930076599,0.5346676111221313,0.9995427131652832,0.6053609251976013,0.0003802854917012155,9.833095828071237e-05,7.788043149048463e-05,17.835872650146484,884.0059814453125,96.59425354003906,0.0005244421190582216,1.0550819672862527e-05,5.2372313300589905e-05,6970,0.011499166488647461
0.006215370260179043,0.9937846064567566,0.43357187509536743,0.7360625267028809,0.9706418514251709,0.00037344638258218765,9.717631473904476e-05,7.787817594362423e-05,17.83108901977539,805.9984130859375,92.25054931640625,0.0062340423464775085,1.0395422927412942e-05,5.1589050916960186e-05,6980,0.04483693465590477
0.0005269270623102784,0.9994730353355408,0.5265817046165466,0.20713286101818085,0.6041155457496643,0.0003460404695942998,8.954354416346177e-05,7.413840648951009e-05,17.87940216064453,653.2354736328125,85.13849639892578,0.000544229056686163,1.0239953290776526e-05,5.080542113229784e-05,6990,0.008048564195632935
0.0004640644183382392,0.9995359182357788,0.49513179063796997,0.6037866473197937,0.6046484708786011,0.0003712289617396891,9.311448957305402e-05,7.442383503075689e-05,17.829463958740234,885.6156005859375,97.44647216796875,0.0004826258518733084,1.0068898283889793e-05,4.9943234784454607e-05,7000,0.007285976316779852
0.00041004709783010185,0.9995899200439453,0.3832564055919647,0.40626993775367737,0.6033903956413269,0.00036265054950490594,9.426410542801023e-05,7.593556074425578e-05,17.83872413635254,730.4505004882812,88.75756072998047,0.0004281796282157302,9.913400446817458e-06,4.915946285820112e-05,7010,0.005522670689970255
0.0005857328069396317,0.9994142651557922,0.637666642665863,0.6036824584007263,0.5237544178962708,0.0003461471642367542,8.64042085595429e-05,6.804083386668935e-05,17.897480010986328,664.6525268554688,88.33866119384766,0.0006030401564203203,9.757948650392727e-06,4.837592299541384e-05,7020,0.01239787321537733
0.0004935733741149306,0.999506413936615,0.4619794189929962,0.7354583740234375,0.9990323781967163,0.0003732592158485204,9.643729572417215e-05,7.864989311201498e-05,17.83790397644043,888.798095703125,96.79814910888672,0.0005122363218106329,9.602581250020282e-06,4.75928085228295e-05,7030,0.018401995301246643
0.05552884563803673,0.9444711804389954,0.6697992086410522,0.9996073246002197,0.7190444469451904,0.0004439094918780029,0.00011857278877869248,7.21170799806714e-05,17.909915924072266,883.9398803710938,97.67229461669922,0.055551040917634964,9.44733658028136e-06,4.681031266222624e-05,7040,0.14315330982208252
0.0004611189942806959,0.9995388388633728,0.44921496510505676,0.6041783690452576,0.7314426302909851,0.00036718964111059904,9.400338603882119e-05,7.62380805099383e-05,17.854888916015625,819.0691528320312,95.8892822265625,0.00047947847633622587,9.292252945475241e-06,4.602862848274894e-05,7050,0.005531827453523874
0.017859065905213356,0.982140839099884,0.6528823375701904,0.9995672702789307,0.9689616560935974,0.0003953981213271618,0.00010632855992298573,8.346616959897801e-05,17.891389846801758,966.365478515625,101.23574829101562,0.017878836020827293,9.137368610168248e-06,4.524794885327228e-05,7060,0.08516672998666763
0.004450256936252117,0.9955497980117798,0.39035189151763916,0.841494083404541,0.9853885173797607,0.0003799244586843997,9.528538794256747e-05,7.380520401056856e-05,17.802181243896484,966.4708251953125,101.5008544921875,0.004469253122806549,8.982721789752531e-06,4.446846639481326e-05,7070,0.03950957953929901
0.000416404363932088,0.9995835423469543,0.470626562833786,0.9996341466903687,0.9995386004447937,0.0003747896116692573,9.272900933865458e-05,7.154863851610571e-05,17.802614212036133,890.049072265625,97.2477035522461,0.00043514385470189154,8.828350641017003e-06,4.369037343300489e-05,7080,0.005748454947024584
0.0005618598079308867,0.9994382262229919,0.6186426877975464,0.9995810985565186,0.9993226528167725,0.00036120822187513113,9.204749221680686e-05,7.350173109443858e-05,17.888036727905273,729.8641967773438,87.29388427734375,0.0005799202481284738,8.674293252732704e-06,4.2913861950642616e-05,7090,0.007718601264059544
0.04358439892530441,0.956415593624115,0.5986083745956421,0.9996331334114075,0.7348006963729858,0.00041553296614438295,0.0001115962368203327,8.032438199734315e-05,17.888103485107422,892.85498046875,98.8674087524414,0.043605174869298935,8.520587636254986e-06,4.213912354031553e-05,7100,0.10129659622907639
0.00041863517253659666,0.9995813965797424,0.599390983581543,0.20887252688407898,0.7314793467521667,0.00036593677941709757,9.604969818610698e-05,8.023744157981128e-05,17.893810272216797,833.4290771484375,95.20600891113281,0.0004369320231489837,8.367271716144769e-06,4.136634935713373e-05,7110,0.007438523229211569
0.0003745436843018979,0.9996254444122314,0.42197662591934204,0.6034216284751892,0.20645657181739807,0.00035059440415352583,8.963272557593882e-05,7.09889573045075e-05,17.805927276611328,653.1702880859375,83.83367919921875,0.00039207341615110636,8.21438332081122e-06,4.059573007156363e-05,7120,0.005312290042638779
0.0004913659067824483,0.9995086193084717,0.42870429158210754,0.4728042185306549,0.9993282556533813,0.0003761508269235492,9.614792361389846e-05,7.448146789101884e-05,17.80606460571289,811.520751953125,92.70782470703125,0.0005101734423078597,8.061960173178174e-06,3.9827455822382914e-05,7130,0.010112034156918526
0.0005513770738616586,0.9994486570358276,0.44561269879341125,0.8013639450073242,0.7340219616889954,0.00036721164360642433,9.420952846994624e-05,7.795468263793737e-05,17.84882164001465,893.862548828125,97.37651824951172,0.0005697376327589154,7.910039881376556e-06,3.9061716169766676e-05,7140,0.014753099530935287
0.00048032100312411785,0.9995197057723999,0.438650906085968,0.9995444416999817,0.9994063377380371,0.0003789461334235966,9.78616444626823e-05,8.033711492316797e-05,17.83336067199707,1049.1214599609375,106.31267547607422,0.0004992682952433825,7.758659929465127e-06,3.8298700048516136e-05,7150,0.007920215837657452
0.0005146682960912585,0.9994853734970093,0.6716690063476562,,0.4683433473110199,0.0003598876064643264,9.288899309467524e-05,7.592837209813297e-05,17.898157119750977,743.6668701171875,91.0653305053711,0.0005326626705937088,7.607857668181877e-06,3.753859572144199e-05,7160,0.009424067102372646
0.04144607111811638,0.9585539698600769,0.6473709344863892,0.9996040463447571,0.9275640249252319,0.0004241962742526084,0.00011169815843459219,7.539078069385141e-05,17.873512268066406,971.0909423828125,102.51055145263672,0.04146727919578552,7.457670305728284e-06,3.678159073291327e-05,7170,0.11821325868368149
0.0006234082393348217,0.9993765950202942,0.5277314186096191,0.9994781613349915,0.6039299368858337,0.0003661921073216945,9.637491893954575e-05,8.00926354713738e-05,17.866878509521484,817.357666015625,93.99971771240234,0.0006417178665287793,7.308134898588719e-06,3.6027871862583546e-05,7180,0.014826091006398201
0.0005451480392366648,0.999454915523529,0.4689556956291199,0.9994666576385498,,0.00038035682518966496,9.820388368098065e-05,7.714699313510209e-05,17.810489654541016,891.8170776367188,97.17105865478516,0.0005641658790409565,7.159288342387354e-06,3.527762507930595e-05,7190,0.014204619452357292
0.13202457129955292,0.8679754734039307,0.6660594940185547,0.20815509557724,0.6000745892524719,0.0005527068860828876,0.00014650463708676398,4.187946251477115e-05,17.901159286499023,645.7833251953125,84.43303680419922,0.1320522129535675,7.011167362784694e-06,3.4531035495248104e-05,7200,0.2122974842786789
0.005242499057203531,0.9947575330734253,0.4582092761993408,0.6032549738883972,0.9874081611633301,0.00038054012111388147,9.991039405576885e-05,7.879505574237555e-05,17.834951400756836,815.2689208984375,93.01555633544922,0.0052615259774029255,6.863808506416071e-06,3.3788287320218374e-05,7210,0.050824183970689774
0.05688483640551567,0.9431151747703552,0.5148878693580627,0.9995698928833008,0.43233025074005127,0.00044947347487322986,0.00011881843965966254,6.785251025576144e-05,17.849071502685547,883.1708984375,98.30878448486328,0.05690731108188629,6.717248131874315e-06,3.304956381621498e-05,7220,0.10288451611995697
0.0005230816313996911,0.9994768500328064,0.4692911207675934,0.6033484935760498,0.9992700815200806,0.00037415287806652486,9.522313484922051e-05,7.639046816620976e-05,17.82482147216797,895.5458984375,97.3467025756836,0.000541789282578975,6.571522400738818e-06,3.231504725220879e-05,7230,0.008229470811784267
0.0004327396454755217,0.9995672702789307,0.6113355755805969,,0.6042948961257935,0.00036977475974708796,9.463957394473255e-05,7.447304233210161e-05,17.866687774658203,816.36865234375,93.45011138916016,0.00045122837764211,6.426667268653195e-06,3.158491885917115e-05,7240,0.007766735274344683
0.0030622289050370455,0.9969377517700195,0.4238329827785492,0.47209611535072327,0.9914430379867554,0.00037646875716745853,9.655805479269475e-05,7.698652916587889e-05,17.82389259338379,895.2740478515625,97.48101043701172,0.0030810523312538862,6.282718476453775e-06,3.085935878535791e-05,7250,0.0342586487531662
0.0003795252996496856,0.9996204376220703,0.4105078876018524,0.8016737699508667,0.6037275791168213,0.0003734891361091286,9.453298116568476e-05,7.556618948001415e-05,17.812915802001953,897.9468994140625,99.11707305908203,0.00039819974335841835,6.13971154135108e-06,3.0138546051860495e-05,7260,0.0032172438222914934
0.00041088394937105477,0.9995890855789185,0.4436910152435303,0.9996417164802551,0.6045558452606201,0.0003672389138955623,9.5403753221035e-05,7.812610419932753e-05,17.845081329345703,818.3672485351562,93.33302307128906,0.00042924590525217354,5.997681748166487e-06,2.9422658508435125e-05,7270,0.005303533747792244
0.0004089808207936585,0.999591052532196,0.4874669313430786,0.9996195435523987,0.606736421585083,0.000375855976017192,9.724913979880512e-05,7.910704880487174e-05,17.850696563720703,976.6815185546875,102.41812896728516,0.00042777362978085876,5.85666414062623e-06,2.8711872789621104e-05,7280,0.005765723530203104
0.0004453874134924263,0.9995546340942383,0.4727616608142853,0.9996296167373657,0.9993735551834106,0.0003798799589276314,9.659421630203724e-05,7.715410902164876e-05,17.831092834472656,976.1690063476562,102.2967529296875,0.00046438141725957394,5.716693512714876e-06,2.8006364271158826e-05,7290,0.006761537399142981
0.00040528515819460154,0.9995947480201721,0.6205755472183228,0.2091333419084549,0.8020621538162231,0.0003739410312846303,9.646614489611238e-05,7.805351924616843e-05,17.880451202392578,899.9654541015625,97.5614242553711,0.00042398221557959914,5.577804400090437e-06,2.7306307026718467e-05,7300,0.0046919649466872215
0.07165979593992233,0.9283401370048523,0.5970523357391357,0.9996562004089355,0.7112054824829102,0.0004729638167191297,0.00012463206076063216,6.076152203604579e-05,17.885194778442383,806.653564453125,93.56786346435547,0.07168344408273697,5.440031071563211e-06,2.6611873784949923e-05,7310,0.08336520940065384
0.00040649049333296716,0.9995934963226318,0.4526219964027405,0.6037203073501587,0.20907938480377197,0.00035091693280264735,9.151941048912704e-05,7.396735600195825e-05,17.82452392578125,660.08056640625,84.92888641357422,0.00042403634870424867,5.30340752064046e-06,2.5923235886864545e-05,7320,0.008221402764320374
0.0008503177668899298,0.9991496801376343,0.4356628358364105,0.8018550276756287,0.9984745383262634,0.000380722398404032,9.966586367227137e-05,8.037751103984192e-05,17.840576171875,976.2388916015625,101.74054718017578,0.0008693538838997483,5.167967457139041e-06,2.524056324355941e-05,7330,0.019230538979172707
0.0010169553570449352,0.9989829659461975,0.5967263579368591,0.6036933064460754,0.9981358647346497,0.0003797000099439174,9.901070734485984e-05,7.98336259322241e-05,17.89202880859375,977.0316162109375,101.88677978515625,0.0010359403677284718,5.033744298867986e-06,2.4564024294294194e-05,7340,0.012825746089220047
0.001095683197490871,0.9989044070243835,0.6007885932922363,0.47210511565208435,0.6028137803077698,0.0003601389180403203,9.281549137085676e-05,7.489537529181689e-05,17.89171600341797,746.323974609375,90.23506164550781,0.0011136900866404176,4.900771163383171e-06,2.3893785964931338e-05,7350,0.029953783378005028
0.00043340158299542964,0.9995666146278381,0.4465804994106293,0.9995818734169006,0.999488115310669,0.0003692287427838892,9.372575004817918e-05,7.467328396160156e-05,17.81633186340332,817.73291015625,92.87861633300781,0.0004518630157690495,4.769080859816067e-06,2.323001362674967e-05,7360,0.009146277792751789
0.00228730752132833,0.9977126121520996,0.5159344673156738,0.6037957072257996,0.7325635552406311,0.000367356842616573,9.795307414606214e-05,7.880065095378086e-05,17.872020721435547,742.3690185546875,89.15840911865234,0.00230567529797554,4.638705880778541e-06,2.2572871055641336e-05,7370,0.05622168257832527
0.0004913473967462778,0.9995086789131165,0.5370082855224609,0.20805832743644714,0.5995396375656128,0.0003487628127913922,8.970637281890959e-05,7.209570321720093e-05,17.860206604003906,666.8689575195312,86.6976089477539,0.0005087855388410389,4.509678394345838e-06,2.1922520391702763e-05,7380,0.011925389058887959
0.00034156860783696175,0.9996584057807922,0.46567943692207336,0.9996802806854248,0.9996256828308105,0.00037708962918259203,9.768079326022416e-05,7.907772669568658e-05,17.81212615966797,977.95263671875,101.9104995727539,0.0003604230878408998,4.3820302361195525e-06,2.1279122099228857e-05,7390,0.0040220338851213455
0.0005247073131613433,0.9994753003120422,0.4842105507850647,0.47193458676338196,0.6037348508834839,0.00033316414919681847,8.710715337656438e-05,6.845183816039935e-05,17.861967086791992,584.2208251953125,80.2096176147461,0.0005413655308075249,4.255792901372682e-06,2.0642834927120893e-05,7400,0.005042801611125469
0.0003715837956406176,0.9996284246444702,0.4269297420978546,0.6042503118515015,,0.0003732775221578777,9.645328827900812e-05,7.839582394808531e-05,17.814952850341797,897.201171875,97.25480651855469,0.00039024767465889454,4.130997537278654e-06,2.0013815869717664e-05,7410,0.004170707892626524
0.06855964660644531,0.9314403533935547,0.5745962858200073,0.2085641324520111,0.8400087356567383,0.00047133711632341146,0.00012156266893725842,6.108546222094446e-05,17.85528564453125,964.584716796875,102.19231414794922,0.06858321279287338,4.007674935226206e-06,1.9392220128059366e-05,7420,0.07510049641132355
0.00036257223109714687,0.9996374845504761,0.3206385672092438,0.8017563223838806,,0.00037453602999448776,9.472866076976061e-05,7.490938878618181e-05,17.798856735229492,897.3137817382812,97.71109771728516,0.00038129903259687126,3.885855523222067e-06,1.8778201071594052e-05,7430,0.0036754468455910683
0.00038539664819836617,0.9996145963668823,0.4175944924354553,0.9996309876441956,0.9995282888412476,0.00038130098255351186,9.919052536133677e-05,8.02531503723003e-05,17.791933059692383,1058.845703125,106.4880599975586,0.0004044616944156587,3.7655693583833354e-06,1.8171910200336206e-05,7440,0.006367664318531752
0.0003840687277261168,0.9996159672737122,0.46725577116012573,0.47218775749206543,0.735072910785675,0.00037159607745707035,9.369328472530469e-05,7.335298141697422e-05,17.8265380859375,821.090576171875,93.58131408691406,0.0004026485257782042,3.646846119521299e-06,1.7573497107486145e-05,7450,0.005812843795865774
0.168934166431427,0.831065833568573,0.7049627304077148,0.9996687173843384,0.7958985567092896,0.0006511001265607774,0.00017859804211184382,3.955861029680818e-05,17.89914894104004,865.6064453125,97.81328582763672,0.16896672546863556,3.5297150998186604e-06,1.6983109442520316e-05,7460,0.14719893038272858
0.0003447335911914706,0.9996551871299744,0.3139492869377136,0.8018798232078552,,0.00037008445360697806,9.694683831185102e-05,7.832817209418863e-05,17.77646255493164,819.2171630859375,93.36286926269531,0.0003632378065958619,3.4142051996018578e-06,1.640089287476088e-05,7470,0.003980609588325024
0.00040632078889757395,0.9995936155319214,0.4778672158718109,0.7361206412315369,0.9995591640472412,0.0003716087085194886,9.61835976340808e-05,7.701308641117066e-05,17.843814849853516,821.6339721679688,93.2696304321289,0.0004249012272339314,3.3003449192103593e-06,1.5826991057434036e-05,7480,0.007075936067849398
0.05951537936925888,0.9404846429824829,0.4525820016860962,0.9996256828308105,0.5844618678092957,0.00044362450717017055,0.0001143449917435646,6.677199417026713e-05,17.815776824951172,968.2092895507812,102.39879608154297,0.05953755974769592,3.1881623519646224e-06,1.5261545592225724e-05,7490,0.10024654120206833
0.00039832486072555184,0.9996017217636108,0.48208677768707275,0.6041067242622375,0.4731025695800781,0.00036936416290700436,9.575137664796785e-05,7.765245391055942e-05,17.86627960205078,823.08740234375,93.92994689941406,0.00041679307469166815,3.077685177234491e-06,1.4704695994343544e-05,7500,0.006722824648022652
0.00037787770270369947,0.999622106552124,0.48941701650619507,0.9996492266654968,0.19535894691944122,0.0003765895962715149,9.87799430731684e-05,8.021030225791037e-05,17.819927215576172,931.4362182617188,103.10367584228516,0.0003967071825172752,2.9689406536097215e-06,1.4156579658093444e-05,7510,0.005630713887512684
0.00978856161236763,0.9902114868164062,0.6350518465042114,0.9996321201324463,0.7863620519638062,0.0003883382014464587,0.00010400043538538739,8.188968058675528e-05,17.885013580322266,907.5906982421875,99.16915130615234,0.009807978756725788,2.861955612174346e-06,1.3617331822979782e-05,7520,0.05114882066845894
0.0005017495132051408,0.999498188495636,0.6614954471588135,,0.6048175096511841,0.0003613883745856583,9.30841633817181e-05,7.514795288443565e-05,17.89598846435547,745.7967529296875,90.01858520507812,0.0005198189173825085,2.7567564498864834e-06,1.308708554033692e-05,7530,0.004665650427341461
0.0003776688827201724,0.9996223449707031,0.5043109655380249,0.9996756911277771,0.2041255086660385,0.0003694977203849703,9.452820813748986e-05,7.528619607910514e-05,17.81940269470215,828.234130859375,95.9203872680664,0.0003961437614634633,2.653369123065299e-06,1.2565971640500848e-05,7540,0.003945346921682358
0.0003941805916838348,0.9996058344841003,0.379849910736084,0.6039655208587646,0.9994949698448181,0.00037402904126793146,9.663912351243198e-05,7.85732117947191e-05,17.826431274414062,900.7747802734375,97.73436737060547,0.00041288204374723136,2.5518191409866683e-06,1.2054118700528761e-05,7550,0.0042833732441067696
0.07532449066638947,0.9246755242347717,0.6640864610671997,0.9996541738510132,0.8680437207221985,0.0004783076874446124,0.00013404598576016724,7.756250852253288e-05,17.89236831665039,972.3212280273438,102.51371002197266,0.07534840703010559,2.452131559589142e-06,1.1551653012474564e-05,7560,0.11899390071630478
0.000407163955969736,0.9995928406715393,0.44470053911209106,0.736023485660553,0.9995141625404358,0.0003749106253962964,9.538650920148939e-05,7.539198850281537e-05,17.838520050048828,899.5064697265625,97.70890045166016,0.0004259095003362745,2.354330975291778e-06,1.1058698552228254e-05,7570,0.002663095947355032
0.0014300665352493525,0.9985699653625488,0.6863483190536499,0.20897643268108368,0.5242066383361816,0.0003498129080981016,9.340920951217413e-05,7.722475857008249e-05,17.92568016052246,669.5587768554688,86.70948791503906,0.0014475572388619184,2.258441518925327e-06,1.0575376948926647e-05,7580,0.03341379761695862
0.002430615248158574,0.9975693225860596,0.515160083770752,0.4722881019115448,0.6013228893280029,0.0003553232818376273,9.409792983205989e-05,7.502104563172907e-05,17.856426239013672,670.9769897460938,86.79613494873047,0.0024483813904225826,2.1644868497783206e-06,1.010180745494325e-05,7590,0.05757858604192734
0.0005486442241817713,0.9994513988494873,0.5655738115310669,0.9996875524520874,0.46697166562080383,0.0003613322915043682,8.997230906970799e-05,6.996145384619012e-05,17.859792709350586,761.9590454101562,93.86559295654297,0.0005667108343914151,2.0724901497595046e-06,9.638106916464572e-06,7600,0.01118405256420374
0.00036574722616933286,0.9996341466903687,0.5416521430015564,0.2091314196586609,0.47761020064353943,0.00035178466350771487,9.379186667501926e-05,7.684277079533786e-05,17.873231887817383,662.9263916015625,85.10570526123047,0.0003833364462479949,1.9824741176780237e-06,9.184389744659937e-06,7610,0.0023195252288132906
0.000342347368132323,0.9996575713157654,0.47986268997192383,0.9996566772460938,0.6035575866699219,0.00037922561750747263,9.816077363211662e-05,7.850790279917419e-05,17.823577880859375,984.278076171875,103.37739562988281,0.0003613086591940373,1.8944609636428573e-06,8.740767887452381e-06,7620,0.0028465408831834793
0.00040554945007897913,0.9995943903923035,0.36801695823669434,0.8019745349884033,0.9994300603866577,0.00037909019738435745,9.783329733181745e-05,7.744929462205619e-05,17.811786651611328,901.8019409179688,98.15091705322266,0.000424503959948197,1.8084724035827977e-06,8.30735080189713e-06,7630,0.006869825068861246
0.01733521744608879,0.9826648235321045,0.5915876626968384,0.9996559023857117,0.9543492197990417,0.00040573670412413776,0.00010839421884156764,8.20912973722443e-05,17.878467559814453,1060.644287109375,107.1466064453125,0.017355503514409065,1.7245296538883633e-06,7.88424542717468e-06,7640,0.058267902582883835
0.010304601863026619,0.9896953701972961,0.7069044709205627,,0.4542590081691742,0.0003753587952814996,9.806774323806167e-05,7.805955829098821e-05,17.891626358032227,826.7322998046875,94.22120666503906,0.01032336987555027,1.642653426176977e-06,7.471556158205166e-06,7650,0.06164069101214409
0.016309816390275955,0.9836902618408203,0.4186113774776459,0.6832529306411743,0.9514579176902771,0.0003904043114744127,0.00010100826330017298,7.580097008030862e-05,17.822538375854492,900.2034912109375,98.00479888916016,0.016329336911439896,1.5628639221826928e-06,7.069384819890542e-06,7660,0.05137083679437637
0.0003758999228011817,0.9996240735054016,0.5708503723144531,0.20891636610031128,0.204262837767601,0.00036600750172510743,9.422840957995504e-05,7.445277879014611e-05,17.860210418701172,747.6677856445312,90.05162811279297,0.000394200294977054,1.4851808287716956e-06,6.677830641990668e-06,7670,0.006341350730508566
0.017752375453710556,0.982247531414032,0.6170222759246826,0.999681830406189,0.975947380065918,0.0003750609466806054,9.29224188439548e-05,6.793159263907e-05,17.889995574951172,743.91455078125,89.67658233642578,0.017771128565073013,1.4096233130848962e-06,6.2969902346400325e-06,7680,0.10152118653059006
0.001043864176608622,0.9989562034606934,0.5522180199623108,0.20994308590888977,0.9987042546272278,0.00036361097590997815,9.459257125854492e-05,7.644652214366943e-05,17.889385223388672,741.531982421875,88.63172912597656,0.0010620447574183345,1.3362100178086942e-06,5.926957564510488e-06,7690,0.01815136708319187
0.01613621599972248,0.9838637113571167,0.45252272486686707,0.20963959395885468,0.9351743459701538,0.0003861268633045256,0.0001000966367428191,7.252026989590377e-05,17.8194580078125,741.4337158203125,89.0385971069336,0.01615552231669426,1.2649590565751918e-06,5.5678239316264715e-06,7700,0.08136240392923355
0.04683520272374153,0.95316481590271,0.6614677309989929,0.9997130036354065,0.712978720664978,0.0004414377617649734,0.00011511815682752058,6.908270734129474e-05,17.886951446533203,1004.960693359375,108.86617279052734,0.04685727506875992,1.1958880094929262e-06,5.219677946838083e-06,7710,0.07884926348924637
0.0003598489274736494,0.9996402263641357,0.47654515504837036,0.9996739029884338,,0.00037733642966486514,9.560264152241871e-05,7.633080531377345e-05,17.809322357177734,983.2717895507812,102.6860122680664,0.0003787157475017011,1.1290139188092322e-06,4.882605509957645e-06,7720,0.003472111187875271
0.000332717812852934,0.9996672868728638,0.3788173794746399,0.7361932396888733,0.9996501207351685,0.00037120707565918565,9.671840234659612e-05,7.769799412926659e-05,17.804157257080078,823.2146606445312,94.005126953125,0.00035127816954627633,1.0643532847053227e-06,4.556689788565212e-06,7730,0.0022024335339665413
0.0003460926818661392,0.9996538758277893,0.4456179141998291,0.6045527458190918,,0.00037099147448316216,9.738786320667714e-05,7.952394662424922e-05,17.815942764282227,822.88134765625,93.31099700927734,0.00036464224103838205,1.00192206122513e-06,4.242011197488281e-06,7740,0.003260233672335744
0.0003640250361058861,0.9996359944343567,0.48709726333618164,0.6041864156723022,0.9996262192726135,0.0003813248185906559,0.00010037088941317052,8.162709855241701e-05,17.85739517211914,982.5435180664062,102.25807189941406,0.0003830912755802274,9.417356523388643e-07,3.938647378960538e-06,7750,0.002271852921694517
0.02454804629087448,0.9754519462585449,0.673990786075592,,0.9630751609802246,0.0004001427150797099,0.00010446962551213801,7.662623102078214e-05,17.90365982055664,901.975830078125,97.91239929199219,0.02456805296242237,8.83808908142336e-07,3.646673183464906e-06,7760,0.06859263777732849
0.00035693717654794455,0.9996431469917297,0.3574520945549011,0.4070931077003479,,0.0003693832259159535,9.332927584182471e-05,7.36561487428844e-05,17.806222915649414,821.385498046875,93.46951293945312,0.00037540635094046593,8.281561211928963e-07,3.3661606512652053e-06,7770,0.0035398276522755623
0.0070196823216974735,0.9929803013801575,0.5471614003181458,0.9996757507324219,0.5825797319412231,0.00038914024480618536,0.00010156318603549153,7.897715840954334e-05,17.833078384399414,983.890380859375,102.5987548828125,0.00703913951292634,7.747910229829737e-07,3.0971789946313525e-06,7780,0.03849836811423302
0.000382573576644063,0.9996173977851868,0.4927912950515747,0.7362076640129089,0.9995909333229065,0.0003785450535360724,9.892765228869393e-05,8.046533912420273e-05,17.866254806518555,982.00341796875,102.18484497070312,0.0004015008162241429,7.237267805520321e-07,2.839794580762263e-06,7790,0.0027803145349025726
0.010188142769038677,0.9898118376731873,0.6046797037124634,0.9996131062507629,0.8285182118415833,0.0003913412510883063,0.00010073954763356596,7.665446173632517e-05,17.881155014038086,983.7069091796875,103.06806945800781,0.010207709856331348,6.749759932378024e-07,2.594070915410742e-06,7800,0.049496836960315704
0.08860737830400467,0.9113926887512207,0.4108967185020447,0.7361910939216614,0.776114284992218,0.0004846317751798779,0.00012702621461357921,5.6837801821529865e-05,17.832292556762695,807.2468872070312,93.77153778076172,0.08863160759210587,6.285506895675776e-07,2.360068627214356e-06,7810,0.08050761371850967
0.00046594158629886806,0.9995341300964355,0.7010021209716797,0.20958779752254486,0.6831010580062866,0.00036050917697139084,9.161503112409264e-05,7.337977876886725e-05,17.922931671142578,750.8984985351562,90.6904525756836,0.0004839670436922461,5.844623242903663e-07,2.137845452736291e-06,7820,0.002741728676483035
0.014337664470076561,0.9856624007225037,0.5091356039047241,0.7362971901893616,0.9714290499687195,0.00039150798693299294,0.00010342567111365497,8.018114021979272e-05,17.882387161254883,904.156494140625,97.9388656616211,0.014357239939272404,5.427217755505886e-07,1.9274562222196335e-06,7830,0.07739235460758209
0.00837546307593584,0.9916245937347412,0.549902617931366,0.9996626973152161,0.787899374961853,0.00038412807043641806,9.94462170638144e-05,7.706627366133034e-05,17.885522842407227,909.90087890625,99.44696044921875,0.008394669741392136,5.033393422040705e-07,1.7289528460589003e-06,7840,0.058810554444789886
0.000659458281006664,0.9993405342102051,0.34751003980636597,0.6046081781387329,0.998317301273346,0.00036007227026857436,9.439994028070942e-05,7.735032704658806e-05,17.825130462646484,742.2379150390625,88.9448471069336,0.0006774619105271995,4.6632474127694754e-07,1.5423843019918868e-06,7850,0.005605360958725214
0.00035466867848299444,0.9996454119682312,0.5511651039123535,0.9996830224990845,0.7306086421012878,0.0003736355865839869,9.600137127563357e-05,7.721273141214624e-05,17.845077514648438,920.9475708007812,101.33399963378906,0.00037335045635700226,4.316871055681367e-07,1.3677966230151536e-06,7860,0.0019808446522802114
0.0003295619098935276,0.9996704459190369,0.3567822575569153,0.8021073937416077,0.20878630876541138,0.00036819608067162335,9.569183748681098e-05,7.839193858671933e-05,17.827367782592773,824.621337890625,93.99162292480469,0.00034797171247191727,3.994349813959561e-07,1.2052328860260816e-06,7870,0.001495731296017766
0.001478239195421338,0.9985218048095703,0.43044155836105347,0.8020995855331421,0.6032606959342957,0.0003719789965543896,9.793894423637539e-05,7.920931238913909e-05,17.82285499572754,823.27197265625,93.95482635498047,0.0014968381728976965,3.695763264894462e-07,1.0547332011942794e-06,7880,0.03686893731355667
0.0017342614009976387,0.9982657432556152,0.4030192196369171,0.6045322418212891,0.9954738020896912,0.0003773201024159789,9.68785461736843e-05,7.630960317328572e-05,17.818571090698242,901.9833984375,97.90392303466797,0.001753127435222268,3.421185080249194e-07,9.163347020649974e-07,7890,0.030333293601870537
0.0010090485448017716,0.9989909529685974,0.48803025484085083,0.6044721007347107,0.9949795603752136,0.00038170997868292034,9.8887161584571e-05,7.925447425805032e-05,17.834150314331055,983.9284057617188,102.45049285888672,0.0010281340219080448,3.170683008082237e-07,7.900715363970062e-07,7900,0.01427409052848816
0.0003823291335720569,0.9996176958084106,0.6198166012763977,0.9996790885925293,0.6036608219146729,0.000365399377187714,9.598828910384327e-05,7.622092380188406e-05,17.886072158813477,746.3699951171875,89.65025329589844,0.00040059909224510193,2.9443188560315324e-07,6.759748577371058e-07,7910,0.002875985112041235
0.00035627142642624676,0.9996436834335327,0.6079798340797424,,0.21111008524894714,0.0003610371786635369,9.2540038167499e-05,7.3759161750786e-05,17.853294372558594,748.7332763671875,90.71825408935547,0.00037432328099384904,2.742148476064451e-07,5.740728177334961e-07,7920,0.0020348879043012857
0.0003365791344549507,0.9996634721755981,0.3467367887496948,0.8417659997940063,0.21055170893669128,0.00037600923678837717,9.830587805481628e-05,7.980444934219122e-05,17.81708526611328,905.051513671875,98.76702117919922,0.00035537959774956107,2.5642217506971067e-07,4.843905591897537e-07,7930,0.0016435772413387895
0.0008702034247107804,0.9991297721862793,0.4528343975543976,0.7361757755279541,0.9978582859039307,0.00038056905032135546,9.951358515536413e-05,8.06658499641344e-05,17.84117889404297,983.1934814453125,102.29984283447266,0.0008892318583093584,2.410582580686621e-07,4.0695020986123593e-07,7940,0.018283352255821228
0.00032542788540013134,0.9996745586395264,0.35709869861602783,0.9996776580810547,,0.0003772396012209356,9.744293492985889e-05,7.88350444054231e-05,17.80339241027832,983.1185302734375,102.5635757446289,0.00034428987419232726,2.2812688741992207e-07,3.417708769953647e-07,7950,0.001423309207893908
0.0003377134562470019,0.9996622800827026,0.4518682360649109,,,0.0003785237204283476,0.00010107554408023134,8.280890324385837e-05,17.81203842163086,902.9478759765625,97.72236633300781,0.00035663964808918536,2.1763125374570315e-07,2.88868642617231e-07,7960,0.001550909597426653
0.008901260793209076,0.9910987019538879,0.624287486076355,0.20915541052818298,0.7907419800758362,0.0003802197752520442,0.00010107292473549023,8.002901449799538e-05,17.898828506469727,826.7514038085938,94.71868133544922,0.008920271880924702,2.0957394668656542e-07,2.4825655956157717e-07,7970,0.06394926458597183
0.00038547231815755367,0.9996145367622375,0.43562081456184387,0.9996647238731384,0.7363817095756531,0.0003776801750063896,9.793230128707364e-05,8.023090049391612e-05,17.842727661132812,984.6297607421875,103.10162353515625,0.00040435633854940534,2.039569542624603e-07,2.1994464825219884e-07,7980,0.0016413666307926178
0.08237630128860474,0.9176236987113953,0.6921442747116089,0.999707043170929,0.6984086632728577,0.0004824091447517276,0.0001308658393099904,6.709738227073103e-05,17.901962280273438,817.947998046875,94.244873046875,0.08240041881799698,2.0078166238222052e-07,2.0393989422957605e-07,7990,0.15998807549476624
0.00038104315171949565,0.9996189475059509,0.4988332986831665,0.9996137619018555,0.2113417685031891,0.0003575691662263125,9.124378266278654e-05,7.343631295952946e-05,17.826271057128906,746.5217895507812,89.7702407836914,0.0003989216056652367,1.9999951145498398e-07,9.999975375357274e-07,8000,0.008491052314639091
0.00038311805110424757,0.9996169209480286,0.43975499272346497,0.2090233564376831,0.21090982854366302,0.0003516840224619955,9.450600191485137e-05,7.883895887061954e-05,17.83924102783203,666.0416259765625,84.8652572631836,0.00040070226532407105,1.0999032708713505e-06,5.49951244610913e-06,8010,0.0038219343405216932
0.0003435148682910949,0.9996564984321594,0.1704966127872467,0.9008704423904419,,0.0003802513238042593,9.874966053757817e-05,7.928408740554005e-05,17.764789581298828,982.40283203125,102.63140106201172,0.00036252744030207396,2.099379364814994e-06,1.049687174790588e-05,8020,0.0048042181879282
0.00036534873652271926,0.9996347427368164,0.3598107695579529,0.4067283868789673,0.9995714426040649,0.00036030696355737746,9.308807784691453e-05,7.506614201702178e-05,17.823516845703125,741.6217041015625,89.0611572265625,0.0003833640948869288,3.098061859911934e-06,1.5490230990869243e-05,8030,0.003539885627105832
0.06853657215833664,0.9314634203910828,0.4673900306224823,0.8018379807472229,0.596898078918457,0.0004711350193247199,0.0001217804237967357,5.954642256256193e-05,17.85297393798828,892.90771484375,99.20986938476562,0.06856013089418411,4.095584906887878e-06,2.04777461468389e-05,8040,0.06558167189359665
0.0004930707509629428,0.999506950378418,0.6795288324356079,0.21074944734573364,0.5241919159889221,0.00035409870906732976,9.43634076975286e-05,7.501048821723089e-05,17.8995361328125,680.108154296875,88.68138122558594,0.0005107756587676704,5.091583135321909e-06,2.545757560126901e-05,8050,0.013584567233920097
0.019590837880969048,0.9804090857505798,0.5558444857597351,0.2081843912601471,0.960419774055481,0.0003805012092925608,0.00010147287684958428,7.803090556990355e-05,17.863662719726562,744.6985473632812,89.22452545166016,0.019609862938523293,6.085691803961949e-06,3.0427880910878912e-05,8060,0.09876801073551178
0.0005411538295447826,0.9994588494300842,0.4928938150405884,0.9995261430740356,0.9993696808815002,0.00037927523953840137,9.795719233807176e-05,8.029733726289123e-05,17.845481872558594,1063.6400146484375,106.78656005859375,0.0005601175944320858,7.07754695082257e-06,3.5386827560206685e-05,8070,0.01450259517878294
0.0018418331164866686,0.9981581568717957,0.517316460609436,0.9995334148406982,0.6004512310028076,0.00038563748239539564,9.755853534443304e-05,7.501435902668163e-05,17.83385467529297,985.5990600585938,102.8523178100586,0.0018611149862408638,8.066785543013305e-06,4.033258571680442e-05,8080,0.019759010523557663
0.001112310215830803,0.9988876581192017,0.5318634510040283,0.6030243039131165,0.998284101486206,0.0003821037244051695,9.800202678889036e-05,7.628642197232693e-05,17.860366821289062,902.2495727539062,97.72826385498047,0.0011314153671264648,9.053045626245642e-06,4.526333098481389e-05,8090,0.02773609571158886
0.04341660812497139,0.9565833806991577,0.6646397709846497,0.20982250571250916,0.5512489080429077,0.0004287917981855571,0.00011135491513414308,6.879272405058146e-05,17.889446258544922,823.2362060546875,94.62725830078125,0.04343804717063904,1.00359664739671e-05,5.017724515666245e-05,8100,0.11041013151407242
0.0005367430276237428,0.9994631409645081,0.4019537568092346,0.7359963059425354,0.60535728931427,0.0003553906863089651,9.11182796698995e-05,7.516440382460132e-05,17.835926055908203,746.5389404296875,89.23531341552734,0.0005545125459320843,1.1015188736070721e-05,5.5072516962619086e-05,8110,0.014674046076834202
0.0004890798591077328,0.9995108842849731,0.5293182134628296,0.2150367796421051,0.6076727509498596,0.00036822317633777857,9.352064807899296e-05,7.392402767436579e-05,17.822704315185547,831.208740234375,94.60710906982422,0.0005074910004623234,1.1990354587128657e-05,5.994734281795152e-05,8120,0.010390006005764008
0.14676141738891602,0.853238582611084,0.5251293182373047,0.21555884182453156,0.6361818313598633,0.0004511421429924667,0.0001391183614032343,9.008636698126793e-05,17.883075714111328,565.3326416015625,81.769775390625,0.1467839777469635,1.2961107874098526e-05,6.479992756742589e-05,8130,21.906661987304688
0.005348917096853256,0.9946511387825012,0.48373502492904663,0.9988682866096497,0.9862222075462341,0.0003601319622248411,9.435907122679055e-05,8.183161844499409e-05,17.846837997436523,915.209228515625,101.13970184326172,0.005366923753172159,1.3927094263451425e-05,6.962848522689152e-05,8140,0.07126814872026443
0.0012670023133978248,0.9987330436706543,0.5393784642219543,0.6055335998535156,0.6069172024726868,0.0003680688387248665,9.414550731889904e-05,7.65839868108742e-05,17.848785400390625,912.4609375,101.93077850341797,0.001285405713133514,1.4887961387670733e-05,7.443123972169389e-05,8150,0.022516297176480293
0.0006970791728235781,0.9993029832839966,0.41151851415634155,0.801724910736084,0.9992990493774414,0.000380525627406314,9.55200957832858e-05,7.424290379276499e-05,17.818368911743164,997.519775390625,105.3813247680664,0.0007161054527387023,1.5843358991070893e-05,7.920642562166037e-05,8160,0.01626165397465229
0.0908815786242485,0.9091184139251709,0.5857337117195129,0.6016891598701477,0.8470929265022278,0.00048709067050367594,0.00012332451296970248,5.1296046876814216e-05,17.874462127685547,821.14892578125,96.04766082763672,0.09090593457221985,1.679293907488579e-05,8.395228887240412e-05,8170,0.10786458104848862
0.0024856047239154577,0.9975143671035767,0.6051615476608276,0.9977016448974609,0.467435359954834,0.00040743802674114704,0.00010638232197379693,7.599708624184132e-05,17.889205932617188,846.4798583984375,99.65638732910156,0.0025059767067432404,1.77363560415763e-05,8.866708752269265e-05,8180,0.055343642830848694
0.08969005197286606,0.910309910774231,0.5471315979957581,0.46694648265838623,0.8495394587516785,0.0005094251246191561,0.00013272330397740006,5.111814243718982e-05,17.872575759887695,831.931884765625,96.01426696777344,0.08971552550792694,1.8673266838307136e-05,9.33490924476289e-05,8190,0.04499850049614906
0.0007614317000843585,0.9992385506629944,0.41777098178863525,0.7353189587593079,0.9992834329605103,0.00038337623118422925,9.79539763648063e-05,7.65288423281163e-05,17.81783103942871,933.3037109375,100.1048583984375,0.0007806005305610597,1.950580208909764e-05,9.750904285312851e-05,8200,0.014962690882384777
0.001208648318424821,0.9987913370132446,0.42919647693634033,0.736434280872345,0.6081355810165405,0.0003708750009536743,9.748504817252979e-05,7.920200005173683e-05,17.830793380737305,857.8815307617188,95.33091735839844,0.0012271921150386333,1.945612444428007e-05,9.725864745147226e-05,8210,0.02473090961575508
0.015533817000687122,0.9844661951065063,0.7239945530891418,,0.9760329127311707,0.00036488365731202066,9.778396633919328e-05,8.732758578844368e-05,17.915992736816406,1108.71240234375,107.7488021850586,0.01555206160992384,1.9404138315754567e-05,9.699661635920736e-05,8220,0.10446535050868988
0.0009353485656902194,0.9990646243095398,0.33663636445999146,0.7353623509407043,,0.00036727325641550124,9.561085607856512e-05,7.613485649926588e-05,17.80694007873535,776.4572143554688,90.8608169555664,0.0009537122095935047,1.9349856530320463e-05,9.672301422858495e-05,8230,0.0179763026535511
0.003873228095471859,0.9961267709732056,0.40983104705810547,0.7360724806785583,0.9913336634635925,0.0003851145156659186,0.00010480432683834806,8.300559420604259e-05,17.834938049316406,868.2962646484375,95.40510559082031,0.003892483888193965,1.9293292481196072e-05,9.643790856683677e-05,8240,0.04729890823364258
0.0006347255548462272,0.9993653297424316,0.49756932258605957,0.9994024038314819,0.2144990861415863,0.0003735689097084105,9.758450323715806e-05,7.751632801955566e-05,17.85149574279785,866.962158203125,96.46089172363281,0.0006534039857797325,1.923446012471414e-05,9.614136971951874e-05,8250,0.0114597138017416
0.04741162061691284,0.9525883197784424,0.5741233825683594,0.9992399215698242,0.7303802967071533,0.0004206114972475916,0.00010996308992616832,7.174778875196353e-05,17.88091278076172,951.147705078125,99.56134033203125,0.04743264988064766,1.9173373976878288e-05,9.58334708531542e-05,8260,0.122170090675354
0.00413860846310854,0.9958613514900208,0.5156508088111877,0.6038049459457397,0.7317147850990295,0.0003771562478505075,0.00010003162606153637,8.04686569608748e-05,17.877212524414062,872.0177001953125,95.05944061279297,0.004157466348260641,1.911004910978146e-05,9.55142879371813e-05,8270,0.038016095757484436
0.08636870235204697,0.91363126039505,0.6293103694915771,0.6038890480995178,0.6936335563659668,0.0004885972011834383,0.0001256725809071213,5.387244527810253e-05,17.89896011352539,862.1544189453125,96.30733489990234,0.08639313280582428,1.9044501147887046e-05,9.518389972520845e-05,8280,0.05763954296708107
0.0009294960182160139,0.9990705251693726,0.4052813947200775,0.9991052746772766,0.9989258050918579,0.00036636661388911307,9.163582581095397e-05,7.541067316196859e-05,17.797809600830078,1130.867919921875,107.91056060791016,0.0009478143765591085,1.897674626417384e-05,9.484238773558328e-05,8290,0.021561190485954285
0.001031825551763177,0.9989681839942932,0.4827089309692383,0.6048110723495483,0.9989482164382935,0.000383839855203405,9.689915896160528e-05,7.428246317431331e-05,17.836315155029297,962.1395263671875,99.05724334716797,0.0010510175488889217,1.890680117614555e-05,9.448983623127908e-05,8300,0.02268771454691887
0.03578678146004677,0.9642131924629211,0.7383596897125244,0.999228298664093,0.699860155582428,0.0004161602118983865,0.00011058735981350765,7.89570331107825e-05,17.933137893676758,962.9356689453125,100.76504516601562,0.035807590931653976,1.8834683141706042e-05,9.412633219910418e-05,8310,0.1111605167388916
0.1159820705652237,0.8840179443359375,0.47019389271736145,0.4708836078643799,0.5776914358139038,0.0004993339534848928,0.00013239159306976944,5.585033795796335e-05,17.86834716796875,786.7439575195312,93.04549407958984,0.11600703746080399,1.8760409954901186e-05,9.37519653282393e-05,8320,0.16174101829528809
0.04188991338014603,0.9581100940704346,0.4318115711212158,0.7351202368736267,0.8750960826873779,0.0004321567539591342,0.00011583731975406408,7.57216039346531e-05,17.85433006286621,964.8289184570312,100.1390609741211,0.041911520063877106,1.8683999941528454e-05,9.336682798810806e-05,8330,0.11284969747066498
0.000869319133926183,0.9991306662559509,0.36456578969955444,0.7360827922821045,0.9987895488739014,0.00037684637936763465,9.775621583685279e-05,7.859820470912382e-05,17.823177337646484,972.7923583984375,99.7626953125,0.0008881614776328206,1.86054719546153e-05,9.29710152055862e-05,8340,0.01830899529159069
0.002474142936989665,0.9975257515907288,0.6344861388206482,0.9993211627006531,0.7952765226364136,0.00037225004052743316,9.732344187796116e-05,8.051734766922891e-05,17.894933700561523,990.2258911132812,101.98719787597656,0.0024927554186433554,1.852484536976745e-05,9.256462464155513e-05,8350,0.030513111501932144
0.02190239168703556,0.9780975580215454,0.7305035591125488,,0.6611505150794983,0.00037144756061024964,9.764750575413927e-05,7.962322706589475e-05,17.91754913330078,896.8457641601562,99.39747619628906,0.021920964121818542,1.8442140080388282e-05,9.214775656680558e-05,8360,0.10661928355693817
0.0007459099870175123,0.999254047870636,0.5211822986602783,0.8020249009132385,0.46628713607788086,0.0003555311122909188,9.247241541743279e-05,7.673677464481443e-05,17.89255142211914,813.3740844726562,94.80306243896484,0.0007636865484528244,1.8357376492770398e-05,9.172051383729725e-05,8370,0.014187775552272797
0.05298786982893944,0.9470121264457703,0.6276350617408752,0.6051266193389893,0.6373350024223328,0.000422390439780429,0.00011234136763960123,7.018658652668819e-05,17.89910125732422,822.53857421875,97.76929473876953,0.05300898849964142,1.82705755210607e-05,9.128300186878068e-05,8380,0.17083264887332916
0.0010994429467245936,0.9989005327224731,0.5098249912261963,0.6039760708808899,0.21396633982658386,0.000380633253371343,0.00010289190686307847,7.59324393584393e-05,17.86681365966797,712.218505859375,86.93049621582031,0.0011184746399521828,1.8181758582100124e-05,9.083532861078749e-05,8390,0.02801012620329857
0.004620533436536789,0.9953795075416565,0.59956294298172,,0.9807580709457397,0.0003625874232966453,9.763323760125786e-05,8.495143993059173e-05,17.87154769897461,897.21484375,97.45592498779297,0.004638663027435541,1.8090947590139362e-05,9.037760451999537e-05,8400,0.04949405789375305
0.0008816514164209366,0.9991183280944824,0.4987906217575073,0.7370209693908691,0.4755641222000122,0.0003632514853961766,9.417207911610603e-05,7.562350947409868e-05,17.862010955810547,810.7971801757812,92.88786315917969,0.0008998140110634267,1.7998164951431853e-05,8.990994253297469e-05,8410,0.016811754554510117
0.01816338114440441,0.9818366169929504,0.4137568473815918,0.9989325404167175,0.5518478751182556,0.0004030585696455091,0.00010663589637260884,7.855611329432577e-05,17.834758758544922,987.1522216796875,100.73234558105469,0.01818353496491909,1.7903433558705357e-05,8.943245803832295e-05,8420,0.0846591591835022
0.006255325395613909,0.9937446713447571,0.5969477891921997,0.6050274968147278,0.7938705682754517,0.000384650775231421,9.821864659897983e-05,7.519933569710702e-05,17.894588470458984,991.8109130859375,99.90397644042969,0.006274558138102293,1.7806776785513535e-05,8.894526884819448e-05,8430,0.03439968079328537
0.003608750645071268,0.9963912963867188,0.33108481764793396,0.6841952204704285,0.9837890863418579,0.00037376591353677213,9.774405043572187e-05,7.796807039994746e-05,17.816482543945312,903.9193115234375,96.23588562011719,0.0036274390295147896,1.770821848046886e-05,8.844849516923193e-05,8440,0.03895463049411774
0.012696139514446259,0.9873038530349731,0.7088720798492432,0.9995648860931396,0.6684881448745728,0.0003768189053516835,9.943273471435532e-05,7.751476368866861e-05,17.93082046508789,831.388671875,96.71806335449219,0.01271498017013073,1.7607782961358348e-05,8.794225957290723e-05,8450,0.08205676823854446
0.000584574299864471,0.999415397644043,0.4783915877342224,0.9994939565658569,0.7302311062812805,0.0003801827260758728,0.00010070159623865038,8.258926391135901e-05,17.862903594970703,1099.13818359375,107.94412994384766,0.0006035834085196257,1.7505495009143487e-05,8.742668696527878e-05,8460,0.010391809977591038
0.0005830089212395251,0.9994170069694519,0.5533961057662964,0.9994776248931885,0.9993699193000793,0.00038211041828617454,9.581500489730388e-05,7.50784674892202e-05,17.84824562072754,1174.7958984375,108.13874816894531,0.0006021144217811525,1.7401379861845922e-05,8.690190455617289e-05,8470,0.011141110211610794
0.01192130334675312,0.9880787134170532,0.6161068081855774,,0.7139244079589844,0.0003845789469778538,9.780358232092112e-05,7.437432941514999e-05,17.87601661682129,997.4208984375,100.63580322265625,0.011940532363951206,1.729546320832034e-05,8.636804182779646e-05,8480,0.05313871428370476
0.05274398252367973,0.9472559690475464,0.4855959415435791,0.7357884049415588,0.4499848186969757,0.00044659405830316246,0.00011785957030951977,7.113561150617898e-05,17.859861373901367,993.1275634765625,100.75234985351562,0.052766311913728714,1.718777118191613e-05,8.582523050278938e-05,8490,0.13020290434360504
0.0005052536143921316,0.9994948506355286,0.40763992071151733,0.9995420575141907,0.2094293236732483,0.00037987326504662633,9.711032907944173e-05,7.673107029404491e-05,17.815067291259766,1000.388671875,100.9005355834961,0.0005242472980171442,1.7078330354029378e-05,8.527360451172384e-05,8500,0.012274849228560925
0.0005064707947894931,0.9994935393333435,0.6152363419532776,0.999570369720459,0.4680882394313812,0.00035917761852033436,9.26476059248671e-05,7.506941619794816e-05,17.863862991333008,836.0096435546875,95.7230453491211,0.0005244296626187861,1.6967167727546772e-05,8.471329996005898e-05,8510,0.009349155239760876
0.0004561130772344768,0.9995439052581787,0.42969125509262085,0.9995708465576172,0.6048948764801025,0.0003663231327664107,9.474135003983974e-05,8.014253398869187e-05,17.850805282592773,1004.3717651367188,101.61922454833984,0.0004744292236864567,1.6854310730183027e-05,8.414445509455889e-05,8520,0.008728055283427238
0.019854890182614326,0.9801451563835144,0.6154534220695496,0.6043490171432495,0.778113842010498,0.00039235877920873463,0.00010411153198219836,7.852297858335078e-05,17.89534568786621,914.9200439453125,97.41847229003906,0.019874507561326027,1.6739787207713532e-05,8.356721026918234e-05,8530,0.05750046297907829
0.000774394313339144,0.9992256164550781,0.688741147518158,,0.8001656532287598,0.00037797197001054883,9.805186709854752e-05,7.98649198259227e-05,17.91996955871582,1102.032470703125,106.45426177978516,0.000793292885646224,1.66236254171038e-05,8.298170791045249e-05,8540,0.013863812200725079
0.055995214730501175,0.9440047740936279,0.5751039981842041,0.9995073676109314,0.4488743543624878,0.00044995840289629996,0.00011892213660757989,6.771682092221454e-05,17.875728607177734,934.591552734375,103.8768539428711,0.056017711758613586,1.65058540195375e-05,8.238809248231529e-05,8550,0.1402096152305603
0.01805955544114113,0.9819403886795044,0.6725506782531738,,0.5790432691574097,0.000380004639737308,9.935627167578787e-05,7.584822014905512e-05,17.898117065429688,852.3054809570312,100.77095031738281,0.018078556284308434,1.6386502073344734e-05,8.178651045049517e-05,8560,0.08410324156284332
0.0005507165915332735,0.9994493126869202,0.4646802544593811,0.6050397157669067,0.9993579983711243,0.0003671791928354651,9.546773799229413e-05,7.514165190514177e-05,17.841339111328125,827.9228515625,93.41403198242188,0.0005690755788236856,1.6265599026832316e-05,8.117711024635682e-05,8570,0.010027780197560787
0.033524200320243835,0.966475784778595,0.48443475365638733,0.6043318510055542,0.5544695258140564,0.0003845637256745249,0.00010561216913629323,7.858066965127364e-05,17.864004135131836,735.5932006835938,89.80464935302734,0.033543430268764496,1.6143174711017867e-05,8.056004223028196e-05,8580,0.07789452373981476
0.015364020131528378,0.9846360087394714,0.425942987203598,0.9994306564331055,0.8955342769622803,0.00039653523708693683,0.00010440822370583192,7.954772445373237e-05,17.82457733154297,1104.7083740234375,105.06365203857422,0.015383847057819366,1.6019259332269438e-05,7.99354586545702e-05,8590,0.060297150164842606
0.0008377580670639873,0.9991622567176819,0.3861011266708374,0.40853723883628845,0.6057330369949341,0.0003370361519046128,8.52724551805295e-05,7.123209070414305e-05,17.836355209350586,734.1451416015625,89.45255279541016,0.000854609883390367,1.5893883464852553e-05,7.930351362587296e-05,8600,0.019393181428313255
0.06427597254514694,0.9357240796089172,0.6167684197425842,0.21397098898887634,0.8918545842170715,0.00045052519999444485,0.00011958328104810789,6.639522325713187e-05,17.878456115722656,911.3111572265625,96.41485595703125,0.06429849565029144,1.576707804338645e-05,7.866436306717008e-05,8610,0.09602503478527069
0.0005099406116642058,0.9994900226593018,0.602498471736908,0.9995244145393372,0.4616047143936157,0.00035338601446710527,9.073825640371069e-05,7.55007058614865e-05,17.86423110961914,865.9290771484375,99.95034790039062,0.0005276098963804543,1.5638874355211455e-05,7.801816467929814e-05,8620,0.011069608852267265
0.05218096449971199,0.9478191137313843,0.39547067880630493,0.9995625615119934,0.369735449552536,0.00045228650560602546,0.00011900499521289021,6.807741010561585e-05,17.84659194946289,1007.40087890625,100.33519744873047,0.052203577011823654,1.5509304032669266e-05,7.736507790204003e-05,8630,0.08180970698595047
0.012027304619550705,0.987972617149353,0.377051442861557,0.21071766316890717,0.9411917328834534,0.0003961196925956756,0.00010572305473033339,7.88134930189699e-05,17.84331512451172,925.9599609375,97.2374038696289,0.012047111056745052,1.537839904529817e-05,7.670526387478572e-05,8640,0.05068515986204147
0.0004123911785427481,0.9995876550674438,0.20866218209266663,0.8412544131278992,,0.00037858428549952805,9.851384675130248e-05,7.899336196715012e-05,17.792266845703125,1019.8092651367188,101.51660919189453,0.00043132039718329906,1.5246191691945023e-05,7.60388853967734e-05,8650,0.00779299158602953
0.00040764579898677766,0.9995924830436707,0.29961249232292175,0.6046475172042847,,0.0003629079437814653,9.355065412819386e-05,7.387835648842156e-05,17.801868438720703,832.3890380859375,93.17012786865234,0.0004257911932654679,1.5112714592796013e-05,7.536610688692132e-05,8660,0.005989589262753725
0.0008293288992717862,0.9991706609725952,0.4179835319519043,0.999614953994751,0.997816801071167,0.00038665186730213463,9.87518869806081e-05,7.699505658820271e-05,17.796669006347656,1205.33544921875,109.50654602050781,0.0008486614678986371,1.4978000681328086e-05,7.468709434325975e-05,8670,0.012212153524160385
0.0004011829732917249,0.9995988011360168,0.44821786880493164,0.6048402190208435,0.9995379447937012,0.00036868039751425385,9.50935427681543e-05,7.746781193418428e-05,17.83542251586914,934.540771484375,102.53580474853516,0.00041961699025705457,1.4842083196183134e-05,7.400201530197358e-05,8680,0.005231490824371576
0.0007426184020005167,0.9992573261260986,0.48153960704803467,0.47351375222206116,0.9989863634109497,0.0003562753554433584,9.074431727640331e-05,7.546762935817242e-05,17.851707458496094,926.1375732421875,98.52122497558594,0.0007604321581311524,1.4704995672966838e-05,7.331103879606517e-05,8690,0.01869204454123974
0.034370142966508865,0.9656298160552979,0.5218340158462524,0.9996207356452942,0.5020178556442261,0.0004149223386775702,0.00010797020513564348,7.306785846594721e-05,17.843406677246094,1021.77001953125,103.05047607421875,0.034390889108181,1.4566771935974266e-05,7.261433531364808e-05,8700,0.11480473726987839
0.003925308585166931,0.9960747361183167,0.46144697070121765,0.999610185623169,0.9747741222381592,0.0003859917924273759,0.00010030022531282157,7.938324415590614e-05,17.834590911865234,1117.20849609375,106.169677734375,0.003944608382880688,1.4427446089844235e-05,7.191207675588156e-05,8710,0.03799201175570488
0.05627922713756561,0.9437207579612732,0.5264986753463745,0.47270429134368896,0.6411124467849731,0.0004397633019834757,0.00011934633948840201,7.519047358073294e-05,17.88894271850586,926.9074096679688,99.61553955078125,0.056301213800907135,1.4287052511144505e-05,7.120443639455666e-05,8720,0.10412423312664032
0.0004155698698014021,0.9995843768119812,0.4336373209953308,0.7362151741981506,0.6053560972213745,0.0003750792529899627,0.00010185324936173856,8.334079757332802e-05,17.83704376220703,932.3193969726562,98.38390350341797,0.0004343238251749426,1.4145625839889856e-05,7.049158882934383e-05,8730,0.006758424919098616
0.10417114943265915,0.8958288431167603,0.6355639696121216,0.21115005016326904,0.30038389563560486,0.0005063192220404744,0.00013370807573664933,5.149014759808779e-05,17.88325309753418,831.6668701171875,96.3647689819336,0.1041964665055275,1.4003200970995213e-05,6.977370994471326e-05,8740,0.05933764576911926
0.0004997783689759672,0.9995002150535583,0.43184205889701843,0.9995262026786804,0.6043780446052551,0.00037192576564848423,9.580161713529378e-05,7.914318121038377e-05,17.855194091796875,1120.851318359375,106.5399169921875,0.0005183746688999236,1.3859813045665833e-05,6.905097686653788e-05,8750,0.010613109916448593
0.00042313887388445437,0.9995768666267395,0.5201357007026672,0.21009224653244019,0.605183482170105,0.0003741977852769196,9.591331763658673e-05,7.472933793906122e-05,17.851268768310547,934.9446411132812,98.4549789428711,0.0004418487660586834,1.371549744272672e-05,6.832356791839024e-05,8760,0.00793933030217886
0.0012795262737199664,0.9987204670906067,0.5534590482711792,0.7365530133247375,0.6026503443717957,0.0003655053733382374,9.330465400125831e-05,7.587172149214894e-05,17.891925811767578,947.3944702148438,100.8042221069336,0.0012978015001863241,1.3570289769893463e-05,6.759166257754383e-05,8770,0.01939508505165577
0.0056274957023561,0.9943724870681763,0.34531882405281067,0.9995602369308472,0.9581081867218018,0.00038589496398344636,9.918824071064591e-05,7.842866034479812e-05,17.794654846191406,1218.6939697265625,110.4480972290039,0.005646790377795696,1.3424225854986547e-05,6.685544143068978e-05,8780,0.03282128646969795
0.005001449957489967,0.9949984550476074,0.4483931064605713,0.7364756464958191,0.9888060688972473,0.0003829521010629833,0.00010001607006415725,7.964056567288935e-05,17.864404678344727,1124.0762939453125,106.53630828857422,0.005020597483962774,1.3277341737091372e-05,6.611508612937975e-05,8790,0.04097815230488777
0.0013228071620687842,0.998677134513855,0.5204973816871643,0.4730353057384491,0.9980509281158447,0.00037039321614429355,9.613746078684926e-05,7.719662971794605e-05,17.874263763427734,938.252197265625,100.90660858154297,0.0013413268607109785,1.3129673657666159e-05,6.53707793452062e-05,8800,0.02872842736542225
0.07888710498809814,0.9211128950119019,0.6740634441375732,,0.3332097828388214,0.00044740719022229314,0.00012146723747719079,7.034804730210453e-05,17.900611877441406,1017.2114868164062,117.66705322265625,0.07890947163105011,1.2981258051599893e-05,6.462270472473078e-05,8810,0.15513096749782562
0.07588852196931839,0.924111545085907,0.5932210683822632,0.9993035793304443,0.508943498134613,0.00044611815246753395,0.00011589087080210447,6.162129284348339e-05,17.890947341918945,928.246826171875,100.03492736816406,0.07591082900762558,1.2832131538222584e-05,6.387104684417242e-05,8820,0.08879067003726959
0.10330931842327118,0.8966906666755676,0.5619028806686401,0.6048171520233154,0.7893718481063843,0.0004853178688790649,0.00012680776126217097,5.4527339671039954e-05,17.877805709838867,835.5894775390625,95.24943542480469,0.10333358496427536,1.2682330912269977e-05,6.311599116386585e-05,8830,0.13417065143585205
0.003578840522095561,0.9964211583137512,0.3866579234600067,0.9995960593223572,0.977292537689209,0.00037999486085027456,9.827867324929684e-05,7.845927029848099e-05,17.822490692138672,1128.35693359375,106.63972473144531,0.0035978402011096478,1.2531893134805023e-05,6.235772398250208e-05,8840,0.041312314569950104
0.00043629659921862185,0.9995637536048889,0.5738084316253662,0.6040246486663818,0.4588688910007477,0.0003520562604535371,9.548318485030904e-05,7.943125092424452e-05,17.89092254638672,797.8211059570312,98.72761535644531,0.0004538994107861072,1.2380855324098247e-05,6.159643239116188e-05,8850,0.006126794032752514
0.00042355124605819583,0.9995765089988708,0.5037528276443481,0.6048269867897034,0.1770203411579132,0.00036169192753732204,9.077815047930926e-05,7.105515396688133e-05,17.8553466796875,885.072265625,104.2454605102539,0.00044163584243506193,1.2229254746469422e-05,6.083230422715395e-05,8860,0.008596327155828476
0.00037230923771858215,0.9996277093887329,0.4339222311973572,0.4745655059814453,0.21261931955814362,0.00034546374808996916,9.088591468753293e-05,7.562836981378496e-05,17.845544815063477,758.1517333984375,96.62022399902344,0.0003895824193023145,1.207712880709263e-05,6.006552802766891e-05,8870,0.006760120391845703
0.00285429903306067,0.9971457123756409,0.5787570476531982,0.20962488651275635,0.5994733572006226,0.0003767424204852432,9.429077908862382e-05,6.942221079953015e-05,17.860456466674805,853.9009399414062,98.84556579589844,0.0028731361962854862,1.1924515040767101e-05,5.929629298326044e-05,8880,0.037114933133125305
0.030976194888353348,0.9690237641334534,0.4345453083515167,0.735471785068512,0.5421414971351624,0.00042876903899013996,0.00011495743819978088,7.283769082278013e-05,17.833105087280273,845.808837890625,96.0918960571289,0.030997633934020996,1.1771451102656065e-05,5.852478889116541e-05,8890,0.10924295336008072
0.0009524395572952926,0.999047577381134,0.5063247680664062,0.2091871201992035,0.9963521957397461,0.0003828920307569206,9.701760427560657e-05,7.405944052152336e-05,17.83781623840332,1037.73046875,105.48856353759766,0.0009715841733850539,1.161797475899591e-05,5.775120610847433e-05,8900,0.013883979059755802
0.00039866272709332407,0.9996013641357422,0.5377921462059021,0.9996127486228943,0.4657801687717438,0.0003720667154993862,9.479481377638876e-05,7.611137698404491e-05,17.849666595458984,1051.298095703125,105.99433898925781,0.000417266070144251,1.1464123877777918e-05,5.697573550516344e-05,8910,0.007034153211861849
0.014610613696277142,0.9853893518447876,0.41862213611602783,0.7370336055755615,0.9705633521080017,0.0003703311085700989,9.533309639664367e-05,7.397233275696635e-05,17.830472946166992,847.4370727539062,95.482177734375,0.014629130251705647,1.1309936419404905e-05,5.619856841700048e-05,8920,0.065211720764637
0.07219872623682022,0.9278013110160828,0.5467541217803955,0.6055054068565369,0.6155280470848083,0.00047152634942904115,0.0001251474895980209,6.329709140118212e-05,17.890960693359375,932.685302734375,98.81434631347656,0.07222229987382889,1.1155450427325073e-05,5.5419896598335465e-05,8930,0.09878750890493393
0.11494498699903488,0.8850550651550293,0.6413801908493042,0.9995424747467041,0.681578516960144,0.0005359041970223188,0.0001495734613854438,6.621723878197372e-05,17.899871826171875,1115.0849609375,105.92225646972656,0.11497177928686142,1.1000704018645342e-05,5.463991217478813e-05,8940,0.15203145146369934
0.0003400816931389272,0.9996600151062012,0.4135758876800537,0.9996655583381653,0.9996241331100464,0.0003744859423022717,9.866707841865718e-05,8.070583862718195e-05,17.836353302001953,1044.09765625,106.2861328125,0.00035880599170923233,1.0845735374726535e-05,5.385880759584384e-05,8950,0.005905699450522661
0.0004245334130246192,0.9995753765106201,0.5352233648300171,0.21068765223026276,0.9994975924491882,0.0003656989138107747,9.475587285123765e-05,7.841296610422432e-05,17.875709533691406,945.2836303710938,101.32059478759766,0.0004428183601703495,1.0690582731762691e-05,5.307677558736953e-05,8960,0.004215557128190994
0.00038787812809459865,0.9996120929718018,0.5941145420074463,0.6043303608894348,0.4650942385196686,0.00036454873043112457,9.274804324377328e-05,7.305377221200615e-05,17.87941551208496,875.4091186523438,104.69396209716797,0.0004061055660713464,1.0535284371346862e-05,5.2294009104061456e-05,8970,0.0058672926388680935
0.0003846370382234454,0.9996153116226196,0.3604481816291809,0.8022720813751221,0.19709134101867676,0.0003666058764792979,9.375027730129659e-05,7.557480421382934e-05,17.819564819335938,952.7548828125,102.0096206665039,0.00040296732913702726,1.0379878611025704e-05,5.151070128183663e-05,8980,0.007122610695660114
0.0003546176303643733,0.999645471572876,0.37145864963531494,0.7367570996284485,,0.00036441010888665915,9.73671194515191e-05,8.014981722226366e-05,17.82721710205078,852.95849609375,97.474853515625,0.0003728381416294724,1.0224403794845192e-05,5.07270453901793e-05,8990,0.006727554369717836
0.0004570854362100363,0.9995429515838623,0.436947226524353,0.9995378851890564,0.20607677102088928,0.0003777859383262694,9.719873196445405e-05,7.47523590689525e-05,17.82146453857422,946.7350463867188,100.61339569091797,0.0004759747243952006,1.0068898283889793e-05,4.9943234784454607e-05,9000,0.009699222631752491
0.0004318208957556635,0.9995682239532471,0.4576489329338074,0.9996465444564819,0.9992853403091431,0.0003700913512147963,9.617600153433159e-05,7.949581777211279e-05,17.83519744873047,1050.884033203125,108.6980972290039,0.0004503254604060203,9.913400446817458e-06,4.915946285820112e-05,9010,0.008743507787585258
0.08724142611026764,0.9127585887908936,0.5176158547401428,0.7368265986442566,0.7796273231506348,0.0004880437336396426,0.00013297307305037975,6.672788003925234e-05,17.880146026611328,939.3470458984375,103.74285888671875,0.08726582676172256,9.757948650392727e-06,4.837592299541384e-05,9020,0.12245378643274307
0.01930682361125946,0.9806931614875793,0.7543604373931885,,0.586565375328064,0.0003775158547796309,0.0001011833519442007,7.548137364210561e-05,17.931819915771484,801.2863159179688,99.86712646484375,0.019325699657201767,9.602581250020282e-06,4.75928085228295e-05,9030,0.13908064365386963
0.0003884161124005914,0.9996116161346436,0.42895349860191345,0.6042591333389282,,0.00037827013875357807,9.783545101527125e-05,7.764458132442087e-05,17.82477569580078,1046.473876953125,106.33483123779297,0.0004073296149726957,9.44733658028136e-06,4.681031266222624e-05,9040,0.007025891449302435
0.0004106267006136477,0.9995893836021423,0.37929338216781616,0.47409868240356445,0.9995038509368896,0.0003485755296424031,8.990633068606257e-05,7.19911404303275e-05,17.835845947265625,760.8875732421875,95.8065414428711,0.00042805547127500176,9.292252945475241e-06,4.602862848274894e-05,9050,0.004683361388742924
0.00045874432544223964,0.9995412826538086,0.44649559259414673,0.7365109324455261,0.9992417097091675,0.0003716510545928031,9.35122006922029e-05,7.255063246702775e-05,17.837121963500977,953.4966430664062,103.3504409790039,0.00047732688835822046,9.137368610168248e-06,4.524794885327228e-05,9060,0.008192356675863266
0.04832642525434494,0.9516735076904297,0.5492731332778931,0.47335299849510193,0.6310741305351257,0.0004303748137317598,0.00011551909119589254,7.41367693990469e-05,17.892383575439453,1050.7869873046875,114.04203033447266,0.048347942531108856,8.982721789752531e-06,4.446846639481326e-05,9070,0.09345656633377075
0.0003093821578659117,0.9996906518936157,0.30996811389923096,0.6051350831985474,,0.0003617195470724255,9.457856504013762e-05,7.6399213867262e-05,17.81105613708496,852.5732421875,99.60594940185547,0.0003274681221228093,8.828350641017003e-06,4.369037343300489e-05,9080,0.005328324157744646
0.09714281558990479,0.9028571844100952,0.5502154231071472,0.473128080368042,0.5188794136047363,0.0004786562349181622,0.0001319266011705622,6.210096762515604e-05,17.88308334350586,798.4158935546875,102.5488052368164,0.0971667468547821,8.674293252732704e-06,4.2913861950642616e-05,9090,0.17602628469467163
0.000419760326622054,0.9995802640914917,0.6095780730247498,0.605127215385437,0.5984047055244446,0.00036499896668829024,9.468759526498616e-05,7.736716361250728e-05,17.89040756225586,969.2945556640625,103.99574279785156,0.0004380102618597448,8.520587636254986e-06,4.213912354031553e-05,9100,0.006203972268849611
0.0511208176612854,0.9488791823387146,0.672186553478241,0.9996357560157776,0.7686323523521423,0.0004332537646405399,0.00011438169167377055,7.532904419349506e-05,17.91427993774414,1138.953369140625,107.9970932006836,0.051142480224370956,8.367271716144769e-06,4.136634935713373e-05,9110,0.10288384556770325
0.0004488130798563361,0.9995511770248413,0.2802022099494934,0.5268349647521973,,0.00035741133615374565,9.182604844681919e-05,7.413765706587583e-05,17.80048942565918,854.192138671875,96.52265930175781,0.0004666836466640234,8.21438332081122e-06,4.059573007156363e-05,9120,0.010174405761063099
0.0005911979824304581,0.9994087815284729,0.6315144896507263,0.9994852542877197,0.4644780457019806,0.0003688563883770257,9.275414049625397e-05,7.248680049087852e-05,17.88382339477539,974.1609497070312,103.51827239990234,0.0006096407887525856,8.061960173178174e-06,3.9827455822382914e-05,9130,0.012346028350293636
0.0003772050840780139,0.9996228218078613,0.4242311418056488,0.7367996573448181,0.9995625019073486,0.0003758708480745554,9.420987771591172e-05,7.357615686487406e-05,17.82382583618164,1048.061767578125,103.85384368896484,0.0003959986206609756,7.910039881376556e-06,3.9061716169766676e-05,9140,0.00690871849656105
0.0003925186756532639,0.9996074438095093,0.5247150659561157,0.9996193647384644,0.18518374860286713,0.0003534936986397952,8.694153802935034e-05,6.52043818263337e-05,17.841856002807617,785.225830078125,101.61162567138672,0.0004101933736819774,7.758659929465127e-06,3.8298700048516136e-05,9150,0.007718447130173445
0.023737872019410133,0.9762621521949768,0.5755810737609863,0.21167920529842377,0.9525758624076843,0.0003972535487264395,0.00010464809747645631,7.91095953900367e-05,17.881752014160156,1048.4150390625,104.10778045654297,0.023757735267281532,7.607857668181877e-06,3.753859572144199e-05,9160,0.05253619700670242
0.0016036623856052756,0.9983962774276733,0.5309091806411743,0.7362279891967773,0.6021206974983215,0.00037344390875659883,9.682701056590304e-05,7.664378063054755e-05,17.873111724853516,953.0880126953125,99.52191162109375,0.0016223345883190632,7.457670305728284e-06,3.678159073291327e-05,9170,0.031201904639601707
0.0003386781900189817,0.9996613264083862,0.5057381391525269,0.9996833801269531,0.9996193647384644,0.00037732042255811393,9.517835133010522e-05,7.559664663858712e-05,17.870315551757812,1146.431884765625,106.71551513671875,0.0003575442242436111,7.308134898588719e-06,3.6027871862583546e-05,9180,0.002951033879071474
0.03106624446809292,0.9689337015151978,0.6914194822311401,0.20988143980503082,0.8094995617866516,0.00040951251867227256,0.00011046716826967895,7.828489469829947e-05,17.919580459594727,952.5650634765625,98.84549713134766,0.031086720526218414,7.159288342387354e-06,3.527762507930595e-05,9190,0.10498084872961044
0.0003218742785975337,0.9996781349182129,0.48315438628196716,0.7368740439414978,0.46955183148384094,0.0003604763769544661,9.178797336062416e-05,7.304560131160542e-05,17.853954315185547,864.127197265625,98.05961608886719,0.00033989810617640615,7.011167362784694e-06,3.4531035495248104e-05,9200,0.0032880068756639957
0.09597257524728775,0.9040274024009705,0.5926065444946289,0.21133404970169067,0.7105952501296997,0.0005210302188061178,0.00013966596452519298,5.903666897211224e-05,17.88135528564453,1033.5859375,105.6463394165039,0.09599862992763519,6.863808506416071e-06,3.3788287320218374e-05,9210,0.14350371062755585
0.0003821774444077164,0.9996178150177002,0.35757017135620117,0.6047070026397705,0.6023143529891968,0.00037697324296459556,9.71932677202858e-05,7.543510582763702e-05,17.838682174682617,955.6546020507812,100.58456420898438,0.0004010261036455631,6.717248131874315e-06,3.304956381621498e-05,9220,0.008375310339033604
0.0006231265142560005,0.9993767738342285,0.42535072565078735,0.605286717414856,0.9990152716636658,0.00037358058034442365,9.7615149570629e-05,8.001861715456471e-05,17.846012115478516,1052.08935546875,104.0897445678711,0.000641805527266115,6.571522400738818e-06,3.231504725220879e-05,9230,0.011927655898034573
0.003572725923731923,0.9964272975921631,0.2853061556816101,0.7362152934074402,0.9804295301437378,0.00037962719216011465,0.00010003818897530437,7.99452536739409e-05,17.82588005065918,1050.7677001953125,104.2536849975586,0.003591707209125161,6.426667268653195e-06,3.158491885917115e-05,9240,0.03597670793533325
0.019218921661376953,0.980781078338623,0.36599594354629517,0.8418344259262085,0.8854659795761108,0.0004002161440439522,0.00010609680612105876,7.929735875222832e-05,17.835947036743164,1056.318603515625,106.93675994873047,0.01923893205821514,6.282718476453775e-06,3.085935878535791e-05,9250,0.0493672639131546
0.0041007548570632935,0.9958992600440979,0.5435997247695923,0.7369441986083984,0.9930471181869507,0.0003780741535592824,9.496834536548704e-05,7.526460831286386e-05,17.869361877441406,1148.073974609375,107.5912857055664,0.004119658377021551,6.13971154135108e-06,3.0138546051860495e-05,9260,0.03893328830599785
0.00034285016590729356,0.999657154083252,0.48671954870224,0.999660849571228,0.18641306459903717,0.0003618472837843001,9.486349881626666e-05,7.653805369045585e-05,17.86729621887207,927.0654296875,109.48347473144531,0.0003609425330068916,5.997681748166487e-06,2.9422658508435125e-05,9270,0.004771604668349028
0.052570611238479614,0.947429358959198,0.5563445091247559,0.2100970298051834,0.8417657017707825,0.00044035990140400827,0.00011976971291005611,7.851023110561073e-05,17.85961151123047,1049.620849609375,104.82596588134766,0.052592627704143524,5.85666414062623e-06,2.8711872789621104e-05,9280,0.11747463792562485
0.00044291242375038564,0.9995571374893188,0.4402994215488434,0.7366620898246765,0.2087607979774475,0.00035160797415301204,8.984871237771586e-05,7.11599423084408e-05,17.84438705444336,766.003173828125,97.87623596191406,0.0004604928253684193,5.716693512714876e-06,2.8006364271158826e-05,9290,0.009674616158008575
0.00035155765363015234,0.9996484518051147,0.2964826226234436,0.6839665174484253,,0.0003666080010589212,9.454149403609335e-05,7.659831317141652e-05,17.798358917236328,955.290283203125,101.40526580810547,0.000369888060959056,5.577804400090437e-06,2.7306307026718467e-05,9300,0.007054711692035198
0.0005099775735288858,0.9994900226593018,0.5740798115730286,0.2090044915676117,0.46390560269355774,0.00036522853770293295,9.573633724357933e-05,7.66265147831291e-05,17.8735408782959,873.7091064453125,102.18175506591797,0.0005282390047796071,5.440031071563211e-06,2.6611873784949923e-05,9310,0.013535378500819206
0.020771421492099762,0.9792285561561584,0.5804299712181091,0.21079501509666443,0.9478683471679688,0.00039344123797491193,0.00010487285908311605,7.846266817068681e-05,17.891368865966797,953.9754028320312,103.01053619384766,0.02079109288752079,5.30340752064046e-06,2.5923235886864545e-05,9320,0.1036890521645546
0.00033557135611772537,0.9996644258499146,0.4988671541213989,0.9996824264526367,0.999646782875061,0.00037919613532721996,9.663114178692922e-05,7.779717270750552e-05,17.85071563720703,1246.26416015625,111.32453918457031,0.00035453116288408637,5.167967457139041e-06,2.524056324355941e-05,9330,0.005076135508716106
0.00030713333399035037,0.9996928572654724,0.4439527988433838,0.6050378680229187,0.6043847799301147,0.0003511292452458292,9.343631973024458e-05,7.620107498951256e-05,17.84300422668457,763.6212158203125,94.71166229248047,0.0003246897831559181,5.033744298867986e-06,2.4564024294294194e-05,9340,0.0038274251855909824
0.0009251433657482266,0.9990748763084412,0.4366603493690491,0.7365352511405945,0.9977647066116333,0.00037422930472530425,9.683369717095047e-05,7.839158934075385e-05,17.83935546875,1052.8702392578125,104.13238525390625,0.0009438548586331308,4.900771163383171e-06,2.3893785964931338e-05,9350,0.023321526125073433
0.03880509361624718,0.9611948728561401,0.48178261518478394,0.7368106245994568,0.4817698001861572,0.00041992365731857717,0.00011224302579648793,7.650806219317019e-05,17.867450714111328,1052.186279296875,106.02650451660156,0.03882608935236931,4.769080859816067e-06,2.323001362674967e-05,9360,0.08064805716276169
0.0003389047342352569,0.9996610879898071,0.49023669958114624,0.999636173248291,0.9996229410171509,0.00038044931716285646,9.55664727371186e-05,7.548127905465662e-05,17.83633041381836,1244.23779296875,111.4212875366211,0.00035792720154859126,4.638705880778541e-06,2.2572871055641336e-05,9370,0.004496005829423666
0.0003273485926911235,0.9996726512908936,0.354645699262619,0.6056983470916748,0.19748425483703613,0.00036835952778346837,9.434397361474112e-05,7.237272075144574e-05,17.795398712158203,870.4990234375,101.43421936035156,0.00034576657344587147,4.509678394345838e-06,2.1922520391702763e-05,9380,0.003916203044354916
0.08707445859909058,0.9129254817962646,0.6713947057723999,0.9997055530548096,0.7516194581985474,0.0004817040462512523,0.0001257887197425589,5.69937183172442e-05,17.900009155273438,952.4741821289062,101.81758880615234,0.08709854632616043,4.3820302361195525e-06,2.1279122099228857e-05,9390,0.08444961905479431
0.005464387591928244,0.9945356249809265,0.4642999470233917,0.7370760440826416,0.9892935752868652,0.0003774042415898293,9.623679216019809e-05,7.598470256198198e-05,17.867074966430664,1054.6031494140625,105.84205627441406,0.005483257584273815,4.255792901372682e-06,2.0642834927120893e-05,9400,0.042202845215797424
0.0015648275148123503,0.9984351992607117,0.4323362112045288,0.9997091293334961,0.9952702522277832,0.0003773359057959169,9.729628072818741e-05,7.905735401436687e-05,17.86582374572754,1150.3206787109375,107.17889404296875,0.0015836943639442325,4.130997537278654e-06,2.0013815869717664e-05,9410,0.016176141798496246
0.047757651656866074,0.952242374420166,0.6058351397514343,0.9996846914291382,0.9237736463546753,0.00045057418174110353,0.00011634045222308487,6.757713708793744e-05,17.884855270385742,1236.517822265625,111.392578125,0.04778018221259117,4.007674935226206e-06,1.9392220128059366e-05,9420,0.06859472393989563
0.006523411720991135,0.9934766292572021,0.7101223468780518,0.9996142387390137,0.7300918698310852,0.0003694631450343877,9.504172339802608e-05,7.57841335143894e-05,17.931598663330078,964.8685302734375,102.11387634277344,0.00654188496991992,3.885855523222067e-06,1.8778201071594052e-05,9430,0.05793728306889534
0.00031073574791662395,0.9996892809867859,0.3318691849708557,0.6842942237854004,,0.0003698261280078441,9.297807264374569e-05,7.30743195163086e-05,17.81155014038086,958.4567260742188,101.9852294921875,0.00032922704122029245,3.7655693583833354e-06,1.8171910200336206e-05,9440,0.004761795047670603
0.06010963395237923,0.9398903250694275,0.5120405554771423,0.9997132420539856,0.7897165417671204,0.00045364690595306456,0.00011686873040162027,6.380994454957545e-05,17.862403869628906,1137.8050537109375,108.55145263671875,0.06013231724500656,3.646846119521299e-06,1.7573497107486145e-05,9450,0.054182130843400955
0.014128201641142368,0.9858717322349548,0.6515230536460876,,0.8207410573959351,0.00039246445521712303,0.00010139706137124449,7.741266745142639e-05,17.891862869262695,1154.8153076171875,108.88504791259766,0.014147824607789516,3.5297150998186604e-06,1.6983109442520316e-05,9460,0.03879028558731079
0.00030779317603446543,0.9996922016143799,0.4630085825920105,0.9996902346611023,0.20917928218841553,0.0003769749600905925,9.376819798490033e-05,7.268996705533937e-05,17.809947967529297,1152.52734375,107.925537109375,0.00032664192258380353,3.4142051996018578e-06,1.640089287476088e-05,9470,0.004331124015152454
0.032144054770469666,0.9678559303283691,0.6493548154830933,0.9996547698974609,0.651709794998169,0.00040211970917880535,0.00010709255002439022,7.772774551995099e-05,17.923198699951172,955.75439453125,99.87947845458984,0.032164160162210464,3.3003449192103593e-06,1.5826991057434036e-05,9480,0.09410921484231949
0.00032302745967172086,0.9996769428253174,0.19974744319915771,0.7366207242012024,,0.00037361454451456666,9.853897790890187e-05,7.98889814177528e-05,17.81692123413086,958.387451171875,101.5278091430664,0.00034170818980783224,3.1881623519646224e-06,1.5261545592225724e-05,9490,0.0044633387587964535
0.00033326991251669824,0.999666690826416,0.5790067911148071,,0.9996231198310852,0.0003771525516640395,9.773940837476403e-05,7.828601519577205e-05,17.875274658203125,1055.281005859375,103.96292877197266,0.00035212753573432565,3.077685177234491e-06,1.4704695994343544e-05,9500,0.003310510888695717
0.00033824951970018446,0.9996618032455444,0.46377694606781006,0.6058124303817749,0.6052281260490417,0.00036802058457396924,9.565459913574159e-05,7.74781292420812e-05,17.842695236206055,958.6131591796875,100.13551330566406,0.00035665056202560663,2.9689406536097215e-06,1.4156579658093444e-05,9510,0.0038639616686850786
0.00027008922188542783,0.9997299909591675,0.32960402965545654,0.9997329115867615,0.19403621554374695,0.00037037208676338196,9.651256550569087e-05,7.789521623635665e-05,17.81769371032715,962.5938110351562,102.6922607421875,0.00028860781458206475,2.861955612174346e-06,1.3617331822979782e-05,9520,0.002150498563423753
0.02011331170797348,0.9798866510391235,0.4144495129585266,0.6057770848274231,0.5618637204170227,0.00038003179361112416,9.919825242832303e-05,7.515186734963208e-05,17.862770080566406,865.9407958984375,99.4310302734375,0.020132312551140785,2.7567564498864834e-06,1.308708554033692e-05,9530,0.07398253679275513
0.0003217308549210429,0.9996781945228577,0.5184075236320496,0.9996950030326843,0.5856922268867493,0.00037282463745214045,9.440961730433628e-05,7.298641867237166e-05,17.8507080078125,998.5437622070312,109.9715347290039,0.0003403720911592245,2.653369123065299e-06,1.2565971640500848e-05,9540,0.003760608145967126
0.0028798417188227177,0.997120201587677,0.6083285808563232,0.2120877355337143,0.9958159923553467,0.0003803816216532141,0.00010016192391049117,8.018063090275973e-05,17.88674545288086,1055.336669921875,103.4505386352539,0.0028988607227802277,2.5518191409866683e-06,1.2054118700528761e-05,9550,0.0429517962038517
0.00028596832999028265,0.9997140765190125,0.4416639804840088,0.7372873425483704,0.19761261343955994,0.0003606333048082888,9.263305400963873e-05,7.470422133337706e-05,17.83806610107422,871.12548828125,101.0500259399414,0.00030399998649954796,2.452131559589142e-06,1.1551653012474564e-05,9560,0.0023912577889859676
0.025645695626735687,0.9743542671203613,0.6132410764694214,,0.45272138714790344,0.0003593144938349724,0.00010310210200259462,7.925534737296402e-05,17.882747650146484,672.0084228515625,88.2172622680664,0.02566366083920002,2.354330975291778e-06,1.1058698552228254e-05,9570,0.11788090318441391
0.00031703466083854437,0.9996829628944397,0.5077723264694214,0.9997038245201111,0.20051182806491852,0.0003682833630591631,9.569700341671705e-05,7.765823829686269e-05,17.84256362915039,965.9883422851562,100.17585754394531,0.0003354488289915025,2.258441518925327e-06,1.0575376948926647e-05,9580,0.004251487087458372
0.041651125997304916,0.9583488702774048,0.6221569776535034,0.9997426271438599,0.9029138684272766,0.0004273963568266481,0.0001172690317616798,8.340143540408462e-05,17.898536682128906,1150.74560546875,108.5789566040039,0.041672494262456894,2.1644868497783206e-06,1.010180745494325e-05,9590,0.12079369276762009
0.052562177181243896,0.9474378228187561,0.5637298822402954,0.9996883869171143,0.8944312930107117,0.00044258919660933316,0.00011777828331105411,7.20675234333612e-05,17.87673568725586,1048.74169921875,104.1311264038086,0.05258430540561676,2.0724901497595046e-06,9.638106916464572e-06,9600,0.0771244615316391
0.04104504734277725,0.958954930305481,0.8078373074531555,,0.9520179629325867,0.00042778285569511354,0.00011590478243306279,8.100281411316246e-05,17.94913101196289,1152.97802734375,108.93391418457031,0.04106643795967102,1.9824741176780237e-06,9.184389744659937e-06,9610,0.08292318880558014
0.0003463823813945055,0.9996535778045654,0.5100644826889038,0.9996676445007324,0.9995057582855225,0.0003742870467249304,9.462900925427675e-05,7.446301606250927e-05,17.838167190551758,1056.574951171875,103.4395751953125,0.0003650967264547944,1.8944609636428573e-06,8.740767887452381e-06,9620,0.003972126170992851
0.029999135062098503,0.9700008034706116,0.6092376708984375,,0.42411187291145325,0.00039927958277985454,0.00010290283535141498,7.101172377588227e-05,17.8674259185791,881.5219116210938,100.19182586669922,0.03001909889280796,1.8084724035827977e-06,8.30735080189713e-06,9630,0.054218392819166183
0.0002986745967064053,0.9997012615203857,0.39712685346603394,0.6055067777633667,,0.00036345282569527626,9.253612370230258e-05,7.250078488141298e-05,17.822254180908203,864.2733764648438,98.00212860107422,0.000316847232170403,1.7245296538883633e-06,7.88424542717468e-06,9640,0.0021306585986167192
0.00032274099066853523,0.9996772408485413,0.502880334854126,0.9997292160987854,0.6026730537414551,0.0003741068358067423,9.524504275759682e-05,7.638893293915316e-05,17.85399055480957,1069.2384033203125,106.10174560546875,0.000341446342645213,1.642653426176977e-06,7.471556158205166e-06,9650,0.0019610743038356304
0.008675915189087391,0.9913240075111389,0.5393885374069214,,0.9572008848190308,0.0003802357823587954,9.659428906161338e-05,7.25513236830011e-05,17.82855224609375,960.2815551757812,100.86326599121094,0.008694927208125591,1.5628639221826928e-06,7.069384819890542e-06,9660,0.05826328322291374
0.00030149289523251355,0.9996984601020813,0.44687825441360474,0.6055600643157959,0.6073275208473206,0.00035388165269978344,9.41787293413654e-05,7.567904685856774e-05,17.860631942749023,768.5745239257812,93.02064514160156,0.0003191869764123112,1.4851808287716956e-06,6.677830641990668e-06,9670,0.002375298645347357
0.06663450598716736,0.933365523815155,0.5467023849487305,0.2112388014793396,0.36118558049201965,0.0004241089045535773,0.00012648542178794742,7.991821621544659e-05,17.893526077270508,712.3325805664062,96.58043670654297,0.0666557103395462,1.4096233130848962e-06,6.2969902346400325e-06,9680,0.2021644562482834
0.00260061863809824,0.9973993897438049,0.5233660936355591,0.9997146129608154,0.7299297451972961,0.00038310664240270853,0.00010245130397379398,8.391428855247796e-05,17.893569946289062,1153.797119140625,106.66512298583984,0.002619774080812931,1.3362100178086942e-06,5.926957564510488e-06,9690,0.024360639974474907
0.0003239812795072794,0.999675989151001,0.4758414626121521,0.9997232556343079,0.9996008276939392,0.0003774281940422952,9.640619100537151e-05,7.755636761430651e-05,17.845109939575195,1155.0494384765625,107.39818572998047,0.0003428526979405433,1.2649590565751918e-06,5.5678239316264715e-06,9700,0.0019479721086099744
0.007115641608834267,0.9928843975067139,0.6024038195610046,0.2117079794406891,0.7186689972877502,0.00035725548514164984,9.437953121960163e-05,7.485609967261553e-05,17.904369354248047,798.5217895507812,100.40409851074219,0.0071335043758153915,1.1958880094929262e-06,5.219677946838083e-06,9710,0.06527631729841232
0.00029239305877126753,0.9997075796127319,0.5614073276519775,,0.9997020363807678,0.00037687321309931576,9.439383575227112e-05,7.239956175908446e-05,17.83810043334961,1057.2100830078125,103.93190002441406,0.0003112367121502757,1.1290139188092322e-06,4.882605509957645e-06,9720,0.0018511229427531362
0.16995581984519958,0.830044150352478,0.5150898098945618,0.4744834005832672,0.7361093759536743,0.0006125590298324823,0.000173967782757245,4.48882274213247e-05,17.86909294128418,753.0560302734375,95.77989959716797,0.16998644173145294,1.0643532847053227e-06,4.556689788565212e-06,9730,0.2632090151309967
0.02944956347346306,0.9705504179000854,0.5427098870277405,0.605574905872345,0.6846024990081787,0.00040488404920324683,0.00010629180906107649,7.471635035471991e-05,17.872940063476562,969.8064575195312,104.14617156982422,0.02946980856359005,1.00192206122513e-06,4.242011197488281e-06,9740,0.08601940423250198
0.020228425040841103,0.9797714948654175,0.4734324812889099,0.6054058074951172,0.9595443606376648,0.00039820754318498075,0.0001046659963321872,7.84798976383172e-05,17.870174407958984,1056.54052734375,104.2879409790039,0.020248334854841232,9.417356523388643e-07,3.938647378960538e-06,9750,0.04231405630707741
0.00027155992574989796,0.9997284412384033,0.3747800588607788,0.8026155233383179,0.18529433012008667,0.0003643912496045232,9.702431270852685e-05,7.934796303743497e-05,17.843841552734375,888.7125854492188,101.58802795410156,0.00028977947658859193,8.83808908142336e-07,3.646673183464906e-06,9760,0.001817846205085516
0.05287642776966095,0.9471235275268555,0.3431064188480377,0.8420397043228149,0.7333033084869385,0.0004421090998221189,0.00011704754433594644,6.963373743928969e-05,17.847578048706055,954.173828125,100.81493377685547,0.05289853364229202,8.281561211928963e-07,3.3661606512652053e-06,9770,0.11268165707588196
0.008681653998792171,0.9913182854652405,0.49033814668655396,0.9997063279151917,0.720465362071991,0.00037713133497163653,9.828791371546686e-05,7.76517772465013e-05,17.869731903076172,962.6761474609375,100.92705535888672,0.008700510486960411,7.747910229829737e-07,3.0971789946313525e-06,9780,0.049066562205553055
0.000317917118081823,0.9996820688247681,0.571600615978241,0.21106582880020142,0.7289132475852966,0.0003682370006572455,9.557504381518811e-05,7.836189615773037e-05,17.885244369506836,974.200439453125,103.7201919555664,0.0003363289579283446,7.237267805520321e-07,2.839794580762263e-06,9790,0.001973390346392989
0.00029117174562998116,0.9997088313102722,0.3050081133842468,0.5263801217079163,,0.0003618976043071598,9.372772910865024e-05,7.582613034173846e-05,17.818727493286133,863.6382446289062,95.56973266601562,0.0003092666156589985,6.749759932378024e-07,2.594070915410742e-06,9800,0.0015710722655057907
0.06984876096248627,0.9301512837409973,0.5558311939239502,0.736790657043457,0.612321674823761,0.0004540342779364437,0.00012029785284539685,6.697273056488484e-05,17.888275146484375,967.7258911132812,105.40386962890625,0.0698714628815651,6.285506895675776e-07,2.360068627214356e-06,9810,0.09568220376968384
0.0007976058986969292,0.9992024302482605,0.4813504219055176,0.6053465604782104,0.997750461101532,0.0003676240739878267,9.856098040472716e-05,8.088862523436546e-05,17.859149932861328,865.0074462890625,97.19146728515625,0.0008159871213138103,5.844623242903663e-07,2.137845452736291e-06,9820,0.02517648972570896
0.010443703271448612,0.9895562529563904,0.5080976486206055,0.999729573726654,0.9759335517883301,0.0003899465373251587,0.0001000651391223073,7.683149306103587e-05,17.86205291748047,1156.7001953125,109.34590148925781,0.010463200509548187,5.427217755505886e-07,1.9274562222196335e-06,9830,0.03766494616866112
0.0006698267534375191,0.9993302226066589,0.6050162315368652,0.9997093677520752,0.7923972606658936,0.0003752679331228137,9.640981443226337e-05,7.680382987018675e-05,17.881065368652344,1084.56787109375,109.9457015991211,0.000688590167555958,5.033393422040705e-07,1.7289528460589003e-06,9840,0.004128068219870329
0.02477487176656723,0.9752251505851746,0.4593827724456787,0.47410154342651367,0.9376635551452637,0.00040114251896739006,0.0001082691815099679,7.979942893143743e-05,17.85433578491211,959.544189453125,100.73219299316406,0.02479492872953415,4.6632474127694754e-07,1.5423843019918868e-06,9850,0.060581766068935394
0.0030467386823147535,0.9969533085823059,0.7001352310180664,0.9997245073318481,0.8292289972305298,0.00037896461435593665,9.74796203081496e-05,7.823272608220577e-05,17.91098403930664,1202.829345703125,114.75627899169922,0.0030656869057565928,4.316871055681367e-07,1.3677966230151536e-06,9860,0.031061550602316856
0.020016929134726524,0.9799830317497253,0.5307034254074097,0.9997221231460571,0.6852516531944275,0.0004010528209619224,0.00010325189214199781,7.584132981719449e-05,17.856435775756836,1168.344482421875,111.03714752197266,0.020036982372403145,3.994349813959561e-07,1.2052328860260816e-06,9870,0.055076345801353455
0.00032720089075155556,0.9996727108955383,0.4377440810203552,0.47407543659210205,0.9996021389961243,0.00036716036265715957,9.4465387519449e-05,7.66801240388304e-05,17.8624210357666,962.6861572265625,101.5631103515625,0.0003455589176155627,3.695763264894462e-07,1.0547332011942794e-06,9880,0.0013641437981277704
0.00034303468419238925,0.9996569156646729,0.5378116369247437,0.9996953010559082,0.999596893787384,0.00036746487603522837,9.1090943897143e-05,7.121280941646546e-05,17.84931182861328,961.6854248046875,100.06336975097656,0.00036140793235972524,3.421185080249194e-07,9.163347020649974e-07,9890,0.0015110803069546819
0.00029101132531650364,0.9997089505195618,0.3776509761810303,0.6054924130439758,0.9996473789215088,0.00037525923107750714,9.803398279473186e-05,7.677555549889803e-05,17.821735382080078,960.1749267578125,99.54335021972656,0.0003097742737736553,3.170683008082237e-07,7.900715363970062e-07,9900,0.0014520352706313133
0.02225486934185028,0.9777451753616333,0.5154740810394287,0.9997200965881348,0.8453948497772217,0.0004040001949761063,0.0001051278377417475,7.683940202696249e-05,17.839496612548828,1153.38916015625,109.00994873046875,0.02227506972849369,2.9443188560315324e-07,6.759748577371058e-07,9910,0.05859176814556122
0.00028776118415407836,0.9997122883796692,0.33349254727363586,0.6054126620292664,,0.00036873354110866785,9.440919529879466e-05,7.605779683217406e-05,17.82197380065918,958.7589721679688,100.66411590576172,0.0003061978495679796,2.742148476064451e-07,5.740728177334961e-07,9920,0.0015831425553187728
0.0003059726150240749,0.9996939897537231,0.46409058570861816,0.9997294545173645,0.99958735704422,0.00036797687062062323,9.43239065236412e-05,7.64744690968655e-05,17.86285972595215,962.14404296875,100.92740631103516,0.00032437144545838237,2.5642217506971067e-07,4.843905591897537e-07,9930,0.0013869729591533542
0.0002919401158578694,0.9997080564498901,0.5034285187721252,0.7368326187133789,0.19176481664180756,0.00034916296135634184,8.835944754537195e-05,6.952788680791855e-05,17.8698673248291,824.921630859375,103.60908508300781,0.0003093982522841543,2.410582580686621e-07,4.0695020986123593e-07,9940,0.002158248098567128
0.00028344165184535086,0.999716579914093,0.3047495484352112,0.8420253992080688,,0.0003782569838222116,9.95121372397989e-05,7.979352085385472e-05,17.80265235900879,1057.8121337890625,104.51045227050781,0.00030235451413318515,2.2812688741992207e-07,3.417708769953647e-07,9950,0.0014320617774501443
0.0003173381555825472,0.9996825456619263,0.5126481056213379,0.999724268913269,0.9995333552360535,0.00036358711076900363,9.373994544148445e-05,7.43469427106902e-05,17.837539672851562,864.1844482421875,97.91106414794922,0.0003355175140313804,2.1763125374570315e-07,2.88868642617231e-07,9960,0.0015068615321069956
0.0002861550892703235,0.9997137784957886,0.5449942946434021,0.9997367858886719,0.47363510727882385,0.00037067505763843656,9.702216630103067e-05,7.876944437157363e-05,17.887317657470703,960.0523681640625,99.4100570678711,0.0003046888450626284,2.0957394668656542e-07,2.4825655956157717e-07,9970,0.0012287759454920888
0.0002821307862177491,0.9997178316116333,0.4415043592453003,0.7369236946105957,0.9996789693832397,0.000363202445441857,9.192786819767207e-05,7.195716898422688e-05,17.81490135192871,865.3563232421875,97.8367691040039,0.00030029090703465044,2.039569542624603e-07,2.1994464825219884e-07,9980,0.0011489841854199767
0.0005537497927434742,0.9994462728500366,0.590947687625885,0.9997028112411499,0.7210533618927002,0.00037730447365902364,9.522823529550806e-05,7.518678467022255e-05,17.870973587036133,1198.234375,116.02983856201172,0.0005726150120608509,2.0078166238222052e-07,2.0393989422957605e-07,9990,0.013908321969211102
0.00034288750612176955,0.9996570944786072,0.5768663883209229,0.21123361587524414,0.802328884601593,0.00036709170672111213,9.509197843726724e-05,7.719929999439046e-05,17.898174285888672,960.76171875,99.4592514038086,0.00036124209873378277,1.9999951145498398e-07,9.999975375357274e-07,10000,0.003980544861406088
0.1255771964788437,0.8744227886199951,0.5555940270423889,0.6054404377937317,0.7473503947257996,0.0005492187337949872,0.00014828782877884805,5.339709605323151e-05,17.876628875732422,1033.8743896484375,104.08552551269531,0.12560465931892395,1.0999032708713505e-06,5.49951244610913e-06,10010,0.12259425967931747
0.0003200983628630638,0.9996798634529114,0.4666167199611664,0.21140393614768982,0.9996019005775452,0.0003719138621818274,9.607372339814901e-05,7.632171764271334e-05,17.826160430908203,960.9785766601562,100.16142272949219,0.0003386940516065806,2.099379364814994e-06,1.049687174790588e-05,10020,0.0028173252940177917
0.0003040058945771307,0.9996960759162903,0.4117920994758606,0.737135648727417,0.9996681213378906,0.0003743203415069729,9.413772204425186e-05,7.388432277366519e-05,17.833629608154297,1058.738525390625,105.6707763671875,0.0003227218985557556,3.098061859911934e-06,1.5490230990869243e-05,10030,0.0026965432334691286
0.0007825306965969503,0.9992174506187439,0.381838858127594,0.8025463819503784,0.9970998764038086,0.00037836330011487007,9.732208854984492e-05,7.734645623713732e-05,17.844877243041992,1058.139892578125,104.25117492675781,0.0008014488848857582,4.095584906887878e-06,2.04777461468389e-05,10040,0.00779171334579587
0.07447556406259537,0.9255244135856628,0.4970865547657013,0.7370021939277649,0.6967198252677917,0.00043768720934167504,0.00011786420509452,7.076547626638785e-05,17.861312866210938,859.93017578125,97.84999084472656,0.07449744641780853,5.091583135321909e-06,2.545757560126901e-05,10050,0.1649031937122345
0.00047882579383440316,0.9995211958885193,0.4960046708583832,0.6062292456626892,0.5822349786758423,0.00037116240127943456,9.633447916712612e-05,7.89938640082255e-05,17.849201202392578,1113.455078125,111.57659149169922,0.0004973839386366308,6.085691803961949e-06,3.0427880910878912e-05,10060,0.00852686632424593
0.00035603975993581116,0.9996439218521118,0.43435150384902954,0.9996596574783325,0.9996219873428345,0.0003861648146994412,9.797654638532549e-05,7.626488513778895e-05,17.8133544921875,1251.8992919921875,111.68562316894531,0.0003753479977604002,7.07754695082257e-06,3.5386827560206685e-05,10070,0.006539268884807825
0.00034972597495652735,0.9996502995491028,0.45245543122291565,0.20865663886070251,0.9996165633201599,0.0003694998740684241,9.816908277571201e-05,8.180146687664092e-05,17.846820831298828,962.05224609375,101.27281951904297,0.0003682009701151401,8.066785543013305e-06,4.033258571680442e-05,10080,0.0045983269810676575
0.00035158960963599384,0.9996484518051147,0.47876793146133423,0.7378849983215332,0.4711294174194336,0.0003652370651252568,9.51968104345724e-05,7.873626600485295e-05,17.86662483215332,970.2587280273438,101.77926635742188,0.0003698514774441719,9.053045626245642e-06,4.526333098481389e-05,10090,0.006339249201118946
0.0005299760960042477,0.999470055103302,0.48271122574806213,0.21072562038898468,0.7371922135353088,0.0003578506293706596,9.6908348496072e-05,7.902782817836851e-05,17.88273811340332,767.4100341796875,92.38802337646484,0.0005478686071000993,1.00359664739671e-05,5.017724515666245e-05,10100,0.01411154679954052
0.0017856390913948417,0.9982143044471741,0.5030285120010376,0.9994329214096069,0.9920608401298523,0.00037975169834680855,9.751301695359871e-05,7.575740164611489e-05,17.852062225341797,1063.47119140625,106.7493667602539,0.0018046266632154584,1.1015188736070721e-05,5.5072516962619086e-05,10110,0.028007037937641144
0.07291862368583679,0.9270813465118408,0.5361760258674622,0.4740934371948242,0.7013809680938721,0.0004633235512301326,0.0001222503196913749,6.30728027317673e-05,17.87790298461914,984.128173828125,107.60791015625,0.07294178754091263,1.1990354587128657e-05,5.994734281795152e-05,10120,0.08792083710432053
0.0003452235832810402,0.9996547102928162,0.5441874265670776,0.9996739625930786,0.45789361000061035,0.0003705502313096076,9.58920136326924e-05,7.780248415656388e-05,17.869890213012695,1019.0936279296875,108.91590881347656,0.00036375108174979687,1.2961107874098526e-05,6.479992756742589e-05,10130,0.005238241050392389
0.011131038889288902,0.9888689517974854,0.6890448331832886,0.21022343635559082,0.5156873464584351,0.0003748346061911434,9.616979514248669e-05,7.286792970262468e-05,17.916629791259766,873.64013671875,98.03816986083984,0.011149780824780464,1.3927094263451425e-05,6.962848522689152e-05,10140,0.06469287723302841
0.00152448914013803,0.9984754920005798,0.5773643851280212,0.9996541738510132,0.7310797572135925,0.00038235331885516644,9.922955359797925e-05,7.897453906480223e-05,17.874942779541016,1169.6766357421875,110.47391510009766,0.0015436068642884493,1.4887961387670733e-05,7.443123972169389e-05,10150,0.026054447516798973
0.000665266823489219,0.9993346929550171,0.5205890536308289,0.21394559741020203,0.6041394472122192,0.0003442845481913537,8.88193171704188e-05,7.310052023967728e-05,17.890056610107422,779.2528076171875,94.14847564697266,0.000682481040712446,1.5843358991070893e-05,7.920642562166037e-05,10160,0.015965566039085388
0.000708404288161546,0.9992915391921997,0.48960626125335693,0.2128230482339859,0.18745523691177368,0.0003271028690505773,8.481049007968977e-05,6.990153633523732e-05,17.869281768798828,719.4226684570312,98.60955810546875,0.0007247594185173512,1.679293907488579e-05,8.395228887240412e-05,10170,0.014408722519874573
0.038172099739313126,0.9618279337882996,0.4781103730201721,0.6061039566993713,0.7558155059814453,0.0004212838539388031,0.0001122721005231142,7.295836985576898e-05,17.869102478027344,968.2089233398438,100.85499572753906,0.03819316253066063,1.77363560415763e-05,8.866708752269265e-05,10180,0.09454085677862167
0.010230917483568192,0.9897692203521729,0.6152691841125488,0.21674008667469025,0.7950809001922607,0.0004052058793604374,0.00011130471102660522,7.950903091114014e-05,17.898212432861328,879.8792114257812,99.70207977294922,0.010251177474856377,1.8673266838307136e-05,9.33490924476289e-05,10190,0.24222171306610107
0.002317324746400118,0.9976827502250671,0.4244382381439209,0.4650764465332031,0.19963394105434418,0.00034055960713885725,9.16779026738368e-05,7.964668475324288e-05,17.841854095458984,782.1905517578125,101.24581146240234,0.0023343528155237436,1.950580208909764e-05,9.750904285312851e-05,10200,0.029762528836727142
0.0015929860528558493,0.9984071254730225,0.5543321371078491,0.9984743595123291,0.4497983157634735,0.00037226290442049503,9.690396109363064e-05,7.842261402402073e-05,17.879531860351562,1077.763427734375,117.33026123046875,0.0016115992330014706,1.945612444428007e-05,9.725864745147226e-05,10210,0.02336621843278408
0.004001774359494448,0.9959982633590698,0.48002636432647705,0.7351799011230469,0.9920446276664734,0.00036997112329117954,9.833306830842048e-05,8.471334876958281e-05,17.873031616210938,1203.0941162109375,112.97760009765625,0.004020272754132748,1.9404138315754567e-05,9.699661635920736e-05,10220,0.043388061225414276
0.0013697779504582286,0.9986302256584167,0.6432252526283264,,0.5958421230316162,0.0003324478748254478,8.635166886961088e-05,7.38967428333126e-05,17.882118225097656,836.028076171875,107.096435546875,0.0013864003121852875,1.9349856530320463e-05,9.672301422858495e-05,10230,0.02457025833427906
0.03994555026292801,0.9600544571876526,0.4866901934146881,0.8038657903671265,0.9075114130973816,0.00042468635365366936,0.00011110867490060627,7.343979086726904e-05,17.86381721496582,1195.4161376953125,112.54364013671875,0.03996678441762924,1.9293292481196072e-05,9.643790856683677e-05,10240,0.07245198637247086
0.001294063637033105,0.9987059235572815,0.44247883558273315,0.8025505542755127,0.9981235861778259,0.00038766892976127565,9.781448170542717e-05,7.474947778973728e-05,17.843616485595703,1207.9647216796875,112.7386474609375,0.001313447137363255,1.923446012471414e-05,9.614136971951874e-05,10250,0.015612606890499592
0.0013623610138893127,0.9986376166343689,0.4334055185317993,0.21960961818695068,0.21681472659111023,0.000384013430448249,9.944118210114539e-05,7.24704732419923e-05,17.834320068359375,902.922119140625,99.24079895019531,0.0013815617421641946,1.9173373976878288e-05,9.58334708531542e-05,10260,0.02332669124007225
0.0017228912329301238,0.9982771277427673,0.36968177556991577,0.6839329600334167,0.6025092005729675,0.00037296421942301095,9.540454630041495e-05,7.234908116515726e-05,17.835851669311523,907.2257080078125,98.6075668334961,0.001741539454087615,1.911004910978146e-05,9.55142879371813e-05,10270,0.028005437925457954
0.0009363705758005381,0.9990636706352234,0.3791660666465759,0.8024816513061523,0.9990392923355103,0.00039789846050553024,0.0001033191874739714,7.863886276027188e-05,17.847084045410156,1224.2821044921875,111.6119384765625,0.0009562654886394739,1.9044501147887046e-05,9.518389972520845e-05,10280,0.018533362075686455
0.0006958460435271263,0.9993041157722473,0.6363528966903687,,0.7996940612792969,0.0003797459357883781,9.613709698896855e-05,7.471207209164277e-05,17.873903274536133,1121.713623046875,108.5864028930664,0.0007148333243094385,1.897674626417384e-05,9.484238773558328e-05,10290,0.009875149466097355
0.000605585693847388,0.999394416809082,0.4201711416244507,0.9994186162948608,,0.00038992558256722987,9.965680510504171e-05,7.591536996187642e-05,17.82239532470703,1224.0775146484375,110.37308502197266,0.0006250820006243885,1.890680117614555e-05,9.448983623127908e-05,10300,0.011263408698141575
0.057368263602256775,0.9426317811012268,0.547995924949646,0.21304365992546082,0.8556644320487976,0.00043762658606283367,0.00011351372813805938,6.666673289146274e-05,17.858470916748047,1013.3446655273438,102.92323303222656,0.05739014595746994,1.8834683141706042e-05,9.412633219910418e-05,10310,0.17612086236476898
0.00043943882337771356,0.9995605945587158,0.2675709128379822,0.685336709022522,,0.0003698800865095109,9.235746983904392e-05,7.216334051918238e-05,17.78023338317871,1021.02099609375,102.36019134521484,0.00045793282333761454,1.8760409954901186e-05,9.37519653282393e-05,10320,0.0066034370101988316
0.0026575441006571054,0.9973425269126892,0.5898021459579468,0.6039491295814514,0.9965691566467285,0.00039453062345273793,0.00010258186375722289,7.894327427493408e-05,17.905345916748047,1231.266845703125,111.28264617919922,0.0026772706769406796,1.8683999941528454e-05,9.336682798810806e-05,10330,0.04335971176624298
0.03472355380654335,0.9652764797210693,0.5204607248306274,0.7358548045158386,0.947807252407074,0.00041619373951107264,0.00010878592729568481,7.397618901450187e-05,17.88149642944336,1123.302001953125,107.42536926269531,0.03474436327815056,1.86054719546153e-05,9.29710152055862e-05,10340,0.09141968935728073
0.0007959306240081787,0.9992039799690247,0.34311386942863464,0.8037370443344116,0.9991627931594849,0.0003583624493330717,9.130532271228731e-05,7.717039261478931e-05,17.81312370300293,1129.74267578125,110.0177230834961,0.0008138487464748323,1.852484536976745e-05,9.256462464155513e-05,10350,0.016161708161234856
0.024465005844831467,0.975534975528717,0.6462723016738892,0.9994804263114929,0.5647683143615723,0.00038619679980911314,0.00010061617649625987,7.669581827940419e-05,17.919038772583008,1073.08349609375,108.68358612060547,0.024484315887093544,1.8442140080388282e-05,9.214775656680558e-05,10360,0.10010372847318649
0.0008647611830383539,0.9991352558135986,0.5918186902999878,0.9992120265960693,0.9990718364715576,0.00037938542664051056,9.715258056530729e-05,7.826584624126554e-05,17.899147033691406,1336.1376953125,112.8626480102539,0.0008837304776534438,1.8357376492770398e-05,9.172051383729725e-05,10370,0.01611875370144844
0.0006786114536225796,0.9993214011192322,0.4456409215927124,0.6055895090103149,0.1429532915353775,0.00037861219607293606,9.866825712379068e-05,7.873462163843215e-05,17.82404136657715,1212.1138916015625,118.4504623413086,0.000697542040143162,1.82705755210607e-05,9.128300186878068e-05,10380,0.01326744444668293
0.0004304036556277424,0.9995695352554321,0.3449370861053467,0.6853892207145691,0.19251102209091187,0.0003662847448140383,9.285495616495609e-05,7.50015169614926e-05,17.845821380615234,1043.862548828125,107.434326171875,0.00044871788122691214,1.8181758582100124e-05,9.083532861078749e-05,10390,0.007264936342835426
0.0005352201405912638,0.9994648694992065,0.49402937293052673,0.6065880656242371,0.6046128273010254,0.00037996284663677216,9.907269850373268e-05,7.881016790634021e-05,17.864910125732422,1138.228759765625,106.58589935302734,0.0005542183062061667,1.8090947590139362e-05,9.037760451999537e-05,10400,0.01063053123652935
0.057063307613134384,0.9429366588592529,0.4300486147403717,0.8026019930839539,0.624431312084198,0.00043999991612508893,0.00011208154319319874,6.406854663509876e-05,17.830158233642578,1128.1497802734375,106.9610595703125,0.0570853091776371,1.7998164951431853e-05,8.990994253297469e-05,10410,0.09002687782049179
0.0992254987359047,0.9007745385169983,0.4280298352241516,0.6051615476608276,0.40019211173057556,0.0004888124531134963,0.00012888216588180512,5.424614573712461e-05,17.84737777709961,915.3997192382812,103.74675750732422,0.0992499366402626,1.7903433558705357e-05,8.943245803832295e-05,10420,0.10792052745819092
0.0015491192461922765,0.9984508752822876,0.4805675745010376,0.46974340081214905,0.9976754188537598,0.00036563913454301655,9.323815174866468e-05,7.608422311022878e-05,17.876827239990234,1036.68701171875,107.3117904663086,0.0015674012247473001,1.7806776785513535e-05,8.894526884819448e-05,10430,0.036253925412893295
0.005745849572122097,0.9942541718482971,0.4575400948524475,0.47153154015541077,0.9860869646072388,0.0003702621324919164,9.789489558897913e-05,8.037166116992012e-05,17.856857299804688,1035.79150390625,106.1844711303711,0.005764362867921591,1.770821848046886e-05,8.844849516923193e-05,10440,0.08082251995801926
0.03669438511133194,0.963305652141571,0.6790059804916382,0.9995927810668945,0.8014774322509766,0.0004149358137510717,0.00011154329695273191,7.788527727825567e-05,17.917667388916016,1045.7158203125,105.9683837890625,0.036715131253004074,1.7607782961358348e-05,8.794225957290723e-05,10450,0.10534609854221344
0.0012725353008136153,0.9987274408340454,0.5704789161682129,0.6013467907905579,0.7952075004577637,0.00038315399433486164,9.586074884282425e-05,7.296662806766108e-05,17.869979858398438,1161.640869140625,112.3051528930664,0.0012916929554194212,1.7505495009143487e-05,8.742668696527878e-05,10460,0.022375671193003654
0.00628507137298584,0.9937148690223694,0.5176742076873779,0.605082094669342,0.9853790998458862,0.00037522937054745853,9.92135755950585e-05,7.926445687189698e-05,17.873937606811523,1042.6856689453125,106.28694152832031,0.006303832866251469,1.7401379861845922e-05,8.690190455617289e-05,10470,0.03341082111001015
0.019843267276883125,0.9801567196846008,0.5230438709259033,0.20409522950649261,0.696679413318634,0.0003999004256911576,0.0001085433250409551,8.16980900708586e-05,17.8787899017334,1055.8743896484375,111.16249084472656,0.01986326277256012,1.729546320832034e-05,8.636804182779646e-05,10480,0.055136147886514664
0.0005624914192594588,0.9994375705718994,0.2718117833137512,0.5959954261779785,,0.00038736072019673884,0.00010089058196172118,7.887058018241078e-05,17.809316635131836,1153.2607421875,111.77684783935547,0.0005818594363518059,1.718777118191613e-05,8.582523050278938e-05,10490,0.012322120368480682
0.02382204681634903,0.9761779308319092,0.5491907596588135,0.2064516842365265,0.952505886554718,0.00040920867468230426,0.00010552973253652453,7.285428728209808e-05,17.889381408691406,1151.0321044921875,110.61054992675781,0.02384250797331333,1.7078330354029378e-05,8.527360451172384e-05,10500,0.11677884310483932
0.0006788308382965624,0.9993212223052979,0.5215358734130859,0.5997838973999023,0.735107958316803,0.0003774879442062229,9.74289359874092e-05,7.71423801779747e-05,17.874900817871094,1157.59326171875,108.99816131591797,0.0006977052544243634,1.6967167727546772e-05,8.471329996005898e-05,10510,0.011952108703553677
0.0005624849000014365,0.9994375705718994,0.6041848659515381,,0.9993586540222168,0.0003772402124013752,9.742633119458333e-05,8.025542047107592e-05,17.89423942565918,1271.1639404296875,114.9907455444336,0.0005813469178974628,1.6854310730183027e-05,8.414445509455889e-05,10520,0.009878719225525856
0.00041610782500356436,0.9995838403701782,0.344734251499176,0.7998884320259094,,0.00036519169225357473,9.387161117047071e-05,7.656431989744306e-05,17.82262420654297,1050.56884765625,108.34795379638672,0.0004343674227129668,1.6739787207713532e-05,8.356721026918234e-05,10530,0.007347130682319403
0.0004576881474349648,0.9995422959327698,0.4513801336288452,0.7340390086174011,0.9994934797286987,0.0003706184506881982,9.441474685445428e-05,7.454768638126552e-05,17.847126007080078,1052.81982421875,108.94441986083984,0.00047621908015571535,1.66236254171038e-05,8.298170791045249e-05,10540,0.008370902389287949
0.0011961901327595115,0.9988037347793579,0.5777760744094849,0.7340664267539978,0.7952226400375366,0.0003754174686037004,9.570063411956653e-05,7.578327495139092e-05,17.87386703491211,1174.4219970703125,112.36236572265625,0.0012149610556662083,1.65058540195375e-05,8.238809248231529e-05,10550,0.02569933421909809
0.0008418715442530811,0.9991580843925476,0.4859713315963745,0.6024282574653625,0.19342508912086487,0.00035417760955169797,8.957358659245074e-05,7.502890366595238e-05,17.839576721191406,1068.449462890625,109.09332275390625,0.0008595804101787508,1.6386502073344734e-05,8.178651045049517e-05,10560,0.01710345596075058
0.002546572359278798,0.9974534511566162,0.4829719364643097,0.602314293384552,0.9960610270500183,0.00036467600148171186,9.390576451551169e-05,7.593721966259181e-05,17.85594940185547,1054.8291015625,110.6861801147461,0.0025648062583059072,1.6265599026832316e-05,8.117711024635682e-05,10570,0.04463163763284683
0.10680153220891953,0.8931984901428223,0.508095383644104,0.7350853085517883,0.3154544532299042,0.0004837862215936184,0.0001325703487964347,6.256748747546226e-05,17.884620666503906,964.9703369140625,108.02213287353516,0.10682572424411774,1.6143174711017867e-05,8.056004223028196e-05,10580,0.14393667876720428
0.041525330394506454,0.9584746360778809,0.5378543138504028,0.9991621971130371,0.6504228711128235,0.0004014406295027584,0.00010584142000880092,7.592283509438857e-05,17.883243560791016,1169.105712890625,111.6704330444336,0.04154540225863457,1.6019259332269438e-05,7.99354586545702e-05,10590,0.09349312633275986
0.07131004333496094,0.9286899566650391,0.585807740688324,0.6067492365837097,0.6916340589523315,0.00045402959221974015,0.00011817099584732205,6.424434832297266e-05,17.901844024658203,1168.6090087890625,110.34159088134766,0.07133274525403976,1.5893883464852553e-05,7.930351362587296e-05,10600,0.07965134084224701
0.002799595706164837,0.9972003102302551,0.5788252353668213,0.2123326063156128,0.5936392545700073,0.0003584694059100002,9.003035665955395e-05,7.145137351471931e-05,17.868867874145508,986.1070556640625,105.2451171875,0.0028175192419439554,1.576707804338645e-05,7.866436306717008e-05,10610,0.03006088361144066
0.07146278023719788,0.9285371899604797,0.4342826306819916,0.8037372827529907,0.5697497129440308,0.0004762063908856362,0.00012254880857653916,5.617622082354501e-05,17.848033905029297,1149.2421875,106.74388885498047,0.07148659229278564,1.5638874355211455e-05,7.801816467929814e-05,10620,0.029879577457904816
0.0004459676565602422,0.9995540380477905,0.4594654440879822,0.7367631793022156,0.9995336532592773,0.0003779305552598089,9.699065412860364e-05,7.839550380595028e-05,17.878311157226562,1281.299560546875,111.23646545410156,0.00046486419159919024,1.5509304032669266e-05,7.736507790204003e-05,10630,0.007917041890323162
0.000545555492863059,0.9994544982910156,0.4172627925872803,0.40865302085876465,0.9994163513183594,0.0003706904826685786,9.683614189270884e-05,7.809093222022057e-05,17.86042022705078,1062.75,104.61063385009766,0.0005640900344587862,1.537839904529817e-05,7.670526387478572e-05,10640,0.009578735567629337
0.060975756496191025,0.9390242695808411,0.47924500703811646,0.603174090385437,0.6330545544624329,0.00045434795902110636,0.00011834080214612186,6.355580262606964e-05,17.86626625061035,1056.6610107421875,105.50170135498047,0.060998473316431046,1.5246191691945023e-05,7.60388853967734e-05,10650,0.10669310390949249
0.010263795964419842,0.9897362589836121,0.720534086227417,,0.9877002835273743,0.00038763528573326766,0.00010204908903688192,7.918029587017372e-05,17.931184768676758,1179.3951416015625,112.09381103515625,0.010283177718520164,1.5112714592796013e-05,7.536610688692132e-05,10660,0.06633972376585007
0.0003743666165973991,0.9996256232261658,0.42951223254203796,0.36075836420059204,0.9996079802513123,0.00036583293695002794,9.698954818304628e-05,7.870018453104421e-05,17.85830307006836,954.718017578125,106.24378967285156,0.0003926582576241344,1.4978000681328086e-05,7.468709434325975e-05,10670,0.004325214307755232
0.0024578883312642574,0.997542142868042,0.545730710029602,0.9994475245475769,0.4657444655895233,0.00036901599378325045,9.669492283137515e-05,7.845333311706781e-05,17.88039207458496,1068.3372802734375,106.75225830078125,0.002476339228451252,1.4842083196183134e-05,7.400201530197358e-05,10680,0.030981164425611496
0.00033147193607874215,0.9996684789657593,0.551843523979187,0.9996985793113708,0.466806024312973,0.00037695534410886467,9.786954615265131e-05,7.867890235502273e-05,17.87546157836914,1191.2890625,110.33442687988281,0.0003503196930978447,1.4704995672966838e-05,7.331103879606517e-05,10690,0.00423186831176281
0.00036659257602877915,0.9996333718299866,0.5251373648643494,0.9996539950370789,0.7236049175262451,0.00038064754335209727,9.630026761442423e-05,7.36861111363396e-05,17.856029510498047,1218.591552734375,113.63818359375,0.0003856249386444688,1.4566771935974266e-05,7.261433531364808e-05,10700,0.005594849586486816
0.08579044044017792,0.9142095446586609,0.4025571942329407,0.8022968173027039,0.7833950519561768,0.0004833061248064041,0.00012324124691076577,5.18829001521226e-05,17.845796585083008,1050.0380859375,104.9972152709961,0.08581460267305374,1.4427446089844235e-05,7.191207675588156e-05,10710,0.03453182801604271
0.0003526633372530341,0.999647319316864,0.3537967801094055,0.9996544122695923,0.60617595911026,0.0003778875689022243,9.962961485143751e-05,8.204668120015413e-05,17.85797691345215,1291.187255859375,110.92276763916016,0.0003715577186085284,1.4287052511144505e-05,7.120443639455666e-05,10720,0.006192425731569529
0.004312453325837851,0.9956875443458557,0.46156617999076843,0.5986913442611694,0.9795600175857544,0.00038094192859716713,0.00010019396722782403,7.804973574820906e-05,17.85205078125,1067.9501953125,105.7533187866211,0.004331500269472599,1.4145625839889856e-05,7.049158882934383e-05,10730,0.04082878679037094
0.0004184850840829313,0.9995815753936768,0.6960880756378174,,0.6038815975189209,0.00037309856270439923,9.737013169797137e-05,7.915736932773143e-05,17.914283752441406,1185.9949951171875,108.29167938232422,0.00043713999912142754,1.4003200970995213e-05,6.977370994471326e-05,10740,0.01272672414779663
0.000293699064059183,0.9997063279151917,0.45630866289138794,0.9996954798698425,,0.0003724619164131582,9.634843445383012e-05,7.833946438040584e-05,17.847003936767578,1189.8857421875,112.37175750732422,0.00031232216861099005,1.3859813045665833e-05,6.905097686653788e-05,10750,0.004013127647340298
0.015160581097006798,0.9848393797874451,0.5302767753601074,0.9996562004089355,0.9650017619132996,0.00039765043766237795,0.00010357577411923558,7.818022277206182e-05,17.8920841217041,1296.764404296875,113.3368911743164,0.015180463902652264,1.371549744272672e-05,6.832356791839024e-05,10760,0.07843276113271713
0.00040435075061395764,0.9995957016944885,0.5511921644210815,0.9996727705001831,0.9995121359825134,0.00038197654066607356,0.00010135256161447614,8.196206181310117e-05,17.886056900024414,1189.040283203125,112.6753921508789,0.00042344958637841046,1.3570289769893463e-05,6.759166257754383e-05,10770,0.00704747810959816
0.0003985838557127863,0.999601423740387,0.46964871883392334,0.99961256980896,0.18880870938301086,0.00035640521673485637,9.32280599954538e-05,8.000731031643227e-05,17.852216720581055,1090.9747314453125,111.83174133300781,0.0004164041019976139,1.3424225854986547e-05,6.685544143068978e-05,10780,0.009486950002610683
0.0179115179926157,0.9820885062217712,0.4585667848587036,0.797881007194519,0.9379259347915649,0.00039480457780882716,0.00010578264482319355,8.263047493528575e-05,17.867660522460938,1296.32275390625,113.826904296875,0.01793125830590725,1.3277341737091372e-05,6.611508612937975e-05,10790,0.05371912196278572
0.0005982931470498443,0.9994016289710999,0.5016108155250549,0.9994471073150635,0.5935652256011963,0.00037494016578420997,9.528016380500048e-05,7.343015022343025e-05,17.871845245361328,1094.46484375,112.89070129394531,0.0006170401466079056,1.3129673657666159e-05,6.53707793452062e-05,10800,0.012292974628508091
0.0006717453943565488,0.9993283152580261,0.5096915364265442,0.9995473623275757,0.7239349484443665,0.000379302742658183,9.505504567641765e-05,7.438675675075501e-05,17.853885650634766,1314.2923583984375,117.6959457397461,0.0006907105562277138,1.2981258051599893e-05,6.462270472473078e-05,10810,0.012837669812142849
0.01685161143541336,0.9831483364105225,0.7521988153457642,0.9994415044784546,0.5014346241950989,0.0003865260514430702,0.00010541322262724862,8.042238187044859e-05,17.93977165222168,1008.7813720703125,111.08741760253906,0.01687093824148178,1.2832131538222584e-05,6.387104684417242e-05,10820,0.070064976811409
0.0007462275098077953,0.9992537498474121,0.5800715684890747,0.9994763135910034,0.4697917401790619,0.00038135211798362434,9.371307533001527e-05,6.927343201823533e-05,17.873571395874023,1189.77099609375,108.33522033691406,0.000765295117162168,1.2682330912269977e-05,6.311599116386585e-05,10830,0.016768133267760277
0.00037740051629953086,0.9996225833892822,0.47776293754577637,0.5959755182266235,0.9996265172958374,0.0003711391182150692,9.765368304215372e-05,8.106660970952362e-05,17.865524291992188,1196.759521484375,115.0073471069336,0.00039595746784470975,1.2531893134805023e-05,6.235772398250208e-05,10840,0.007003349252045155
0.0004226719029247761,0.9995772838592529,0.45821893215179443,0.9996819496154785,0.5981329083442688,0.0003716651117429137,9.8173797596246e-05,8.176396659109741e-05,17.86843490600586,1211.999755859375,116.43806457519531,0.00044125516433268785,1.2380855324098247e-05,6.159643239116188e-05,10850,0.006356344558298588
0.10889279842376709,0.8911072015762329,0.5181134939193726,0.5965163707733154,0.5884367823600769,0.0004835057770833373,0.00012849933409597725,5.786531983176246e-05,17.872432708740234,961.890380859375,108.4941635131836,0.10891697555780411,1.2229254746469422e-05,6.083230422715395e-05,10860,0.14956559240818024
0.00033770326990634203,0.9996622800827026,0.5423446893692017,0.18732336163520813,0.5872900485992432,0.0003639263450168073,9.335699724033475e-05,7.646336598554626e-05,17.86507225036621,1110.808837890625,116.0468978881836,0.00035589959588833153,1.207712880709263e-05,6.006552802766891e-05,10870,0.005628193728625774
0.0009894691174849868,0.9990105628967285,0.5398873686790466,0.9996398687362671,0.8012974858283997,0.0003704160626512021,9.586334635969251e-05,8.05341696832329e-05,17.878124237060547,1304.2308349609375,111.12065887451172,0.0010079898638650775,1.1924515040767101e-05,5.929629298326044e-05,10880,0.012580270878970623
0.0003124976938124746,0.9996874332427979,0.27765631675720215,0.6748014688491821,,0.00037285967846401036,9.999855683417991e-05,8.243405318353325e-05,17.842655181884766,1085.19580078125,113.58180236816406,0.0003311406762804836,1.1771451102656065e-05,5.852478889116541e-05,10890,0.004154757596552372
0.001233398448675871,0.9987666010856628,0.38928481936454773,0.9997173547744751,0.6001850962638855,0.00038180852425284684,9.776616934686899e-05,7.682928844587877e-05,17.825511932373047,1307.67431640625,112.2176284790039,0.0012524889316409826,1.161797475899591e-05,5.775120610847433e-05,10900,0.02595074102282524
0.00032164042931981385,0.999678373336792,0.31754428148269653,0.9996910095214844,0.9996258020401001,0.0003745509311556816,9.427536133443937e-05,7.41456460673362e-05,17.818096160888672,1200.343994140625,115.05633544921875,0.0003403679875191301,1.1464123877777918e-05,5.697573550516344e-05,10910,0.005008663982152939
0.001018931157886982,0.9989810585975647,0.6638308763504028,,0.5982888340950012,0.00037381803849712014,9.648560080677271e-05,7.680444105062634e-05,17.917713165283203,1102.687744140625,113.2208480834961,0.0010376221034675837,1.1309936419404905e-05,5.619856841700048e-05,10920,0.029204685240983963
0.0003215016913600266,0.9996784925460815,0.49261292815208435,0.9997013807296753,0.5974963903427124,0.00037859444273635745,9.672396117821336e-05,7.728531636530533e-05,17.86510467529297,1315.84375,113.82746887207031,0.00034043140476569533,1.1155450427325073e-05,5.5419896598335465e-05,10930,0.00503986282274127
0.06748928874731064,0.9325106739997864,0.5880738496780396,0.9996498227119446,0.4942968487739563,0.0004832143895328045,0.0001230811030836776,5.444176713353954e-05,17.875059127807617,1223.4990234375,114.64090728759766,0.06751345098018646,1.1000704018645342e-05,5.463991217478813e-05,10940,0.06045489013195038
0.001973449718207121,0.9980265498161316,0.4041874408721924,0.7338571548461914,0.9915240406990051,0.0003644908720161766,9.497209975961596e-05,7.864346844144166e-05,17.839385986328125,1080.4432373046875,105.42872619628906,0.001991674304008484,1.0845735374726535e-05,5.385880759584384e-05,10950,0.041550226509571075
0.006534024141728878,0.9934659004211426,0.5149526596069336,0.4678223133087158,0.9891907572746277,0.0003770955663640052,9.852263610810041e-05,7.717165135545656e-05,17.890670776367188,1087.804443359375,109.58137512207031,0.006552878767251968,1.0690582731762691e-05,5.307677558736953e-05,10960,0.05344501510262489
0.00036165310302749276,0.9996382594108582,0.6331616044044495,0.5980528593063354,0.6777324676513672,0.0003729557211045176,9.531814430374652e-05,7.514937897212803e-05,17.9189453125,1101.9033203125,110.16948699951172,0.0003803008876275271,1.0535284371346862e-05,5.2294009104061456e-05,10970,0.005506003741174936
0.00034996471367776394,0.9996500015258789,0.6368207931518555,0.9997084140777588,0.7319366335868835,0.0003570114786271006,9.530187526252121e-05,8.024233829928562e-05,17.89933967590332,985.8641357421875,107.32659149169922,0.00036781528615392745,1.0379878611025704e-05,5.151070128183663e-05,10980,0.004788632038980722
0.000987777253612876,0.9990122318267822,0.582807183265686,0.6004465818405151,0.7308195233345032,0.00037175495526753366,9.754968050401658e-05,8.086524030659348e-05,17.89995574951172,1208.3851318359375,110.87425994873047,0.001006365055218339,1.0224403794845192e-05,5.07270453901793e-05,10990,0.019991451874375343
0.00029856926994398236,0.9997014403343201,0.4430326819419861,0.9996849298477173,0.20476172864437103,0.00037942701601423323,9.942780889105052e-05,7.954570901347324e-05,17.875064849853516,1202.1744384765625,109.96405029296875,0.0003175406309310347,1.0053347521760204e-05,4.986485266018527e-05,11000,0.003472104901447892
0.0023919211234897375,0.9976080656051636,0.6428903937339783,0.9997373819351196,0.996530294418335,0.00037608249112963676,9.6925075922627e-05,7.697269029449672e-05,17.897567749023438,1201.35791015625,111.3042221069336,0.002410725224763155,9.897852562361475e-06,4.908109523856945e-05,11010,0.01575595885515213
0.0002956366224680096,0.9997043013572693,0.41491806507110596,0.8010060787200928,0.999656081199646,0.00036046700552105904,9.245050750905648e-05,7.389712845906615e-05,17.849369049072266,975.6380004882812,104.47704315185547,0.0003136599843855947,9.742407479818189e-06,4.829758921645734e-05,11020,0.0022662600968033075
0.011748552322387695,0.9882514476776123,0.6291276812553406,0.9996961355209351,0.8256856203079224,0.0003888033388648182,0.00010202064004261047,8.050569158513099e-05,17.9188232421875,1310.86572265625,111.17877197265625,0.011767992749810219,9.587050627878485e-06,4.7514527912236e-05,11030,0.058788713067770004
0.05325128883123398,0.946748673915863,0.6363409757614136,0.9997112154960632,0.6180073618888855,0.0004470402782317251,0.00012171498383395374,7.679990085307509e-05,17.918670654296875,1208.595458984375,109.83431243896484,0.05327364057302475,9.431820338520925e-06,4.6732104534565065e-05,11040,0.12681667506694794
0.00031260144896805286,0.9996874332427979,0.38534727692604065,0.6043694019317627,0.1995854377746582,0.0003504091582726687,9.315934585174546e-05,7.60411930968985e-05,17.87041473388672,875.5821533203125,101.26290130615234,0.00033012189669534564,9.276754912496649e-06,4.595051213470533e-05,11050,0.0054664756171405315
0.12094259262084961,0.8790574669837952,0.5874614715576172,0.603672981262207,0.7566856741905212,0.0005485081928782165,0.00014064704009797424,4.476786853047088e-05,17.855121612548828,1174.4156494140625,110.3753433227539,0.12097001820802689,9.121892609879233e-06,4.516994355888623e-05,11060,0.07919906824827194
0.0035525306593626738,0.9964475035667419,0.47298601269721985,0.9997270107269287,0.9914357662200928,0.00037392383092083037,9.864449384622276e-05,7.942783850012347e-05,17.874990463256836,1092.6861572265625,106.96646881103516,0.0035712269600480795,8.967271640624595e-06,4.4390591400723966e-05,11070,0.03556986525654793
0.000332854368025437,0.9996671676635742,0.437749981880188,0.472842812538147,0.6044279932975769,0.00035172863863408566,9.535071876598522e-05,7.870097033446655e-05,17.874462127685547,863.6054077148438,97.38082885742188,0.0003504407941363752,8.812930155143255e-06,4.361264795370186e-05,11080,0.0035871367435902357
0.0002670536341611296,0.9997329711914062,0.3763197660446167,0.6015039682388306,0.19951094686985016,0.00035285926423966885,9.31053000385873e-05,7.521173392888159e-05,17.840023040771484,864.7645263671875,101.91938018798828,0.0002846966090146452,8.658906234887292e-06,4.283630516372484e-05,11090,0.0028422423638403416
0.0003837356634903699,0.9996163249015808,0.5301879048347473,0.9997326731681824,0.7287476062774658,0.00037877479917369783,9.776194929145277e-05,7.919844938442111e-05,17.883888244628906,1329.2861328125,115.74437713623047,0.00040267439908348024,8.505237882954321e-06,4.206175458175966e-05,11100,0.008155258372426033
0.005833581555634737,0.9941664338111877,0.47601863741874695,0.7344686388969421,0.5924757122993469,0.00037783008883707225,9.645795216783881e-05,7.366423960775137e-05,17.843509674072266,1093.586669921875,107.90201568603516,0.005852472968399525,8.351963014710798e-06,4.128918731657261e-05,11110,0.05264715850353241
0.0059835780411958694,0.9940163493156433,0.5516477823257446,0.9996446967124939,0.7239258885383606,0.0003833482332993299,9.62904014158994e-05,7.429332617903128e-05,17.870681762695312,1317.951904296875,113.4122543334961,0.006002745591104031,8.199119448436953e-06,4.0518793987576154e-05,11120,0.03567064553499222
0.00034480830072425306,0.9996552467346191,0.4493028521537781,0.7373783588409424,0.19976085424423218,0.0003592548018787056,9.054694965016097e-05,7.12004693923518e-05,17.833065032958984,988.7510986328125,104.47374725341797,0.0003627710393629968,8.046744895995718e-06,3.97507646777966e-05,11130,0.006203632801771164
0.00031860661692917347,0.9996813535690308,0.4248945116996765,0.4103807806968689,0.608045756816864,0.00035354139981791377,9.202698129229248e-05,7.384104537777603e-05,17.845706939697266,865.9078979492188,97.76373291015625,0.0003362837014719844,7.894876953527885e-06,3.898528888697388e-05,11140,0.0052442122250795364
0.01823732629418373,0.981762707233429,0.6296526193618774,0.9997339844703674,0.43162378668785095,0.0003965171636082232,0.00010430195106891915,7.763589383102953e-05,17.888038635253906,1218.5853271484375,112.52977752685547,0.018257152289152145,7.743553092175802e-06,3.8222555484805304e-05,11150,0.04218485206365585
0.0002725859230849892,0.9997274279594421,0.37942278385162354,0.9997578263282776,0.9996507167816162,0.00037468437221832573,9.777762170415372e-05,7.967313285917044e-05,17.856327056884766,1208.057373046875,108.30059051513672,0.00029132014606148005,7.592810648837951e-06,3.7462752664344826e-05,11160,0.002734617330133915
0.001072077313438058,0.9989279508590698,0.6697996854782104,0.9997432827949524,0.684198796749115,0.00036832259502261877,9.446681360714138e-05,7.60845941840671e-05,17.924060821533203,1095.226318359375,103.4893798828125,0.0010904934024438262,7.442686816956623e-06,3.6706067895569243e-05,11170,0.029897984117269516
0.0002746897516772151,0.9997252821922302,0.4589431583881378,0.606831431388855,0.2018512338399887,0.0003374952939338982,9.167556709144264e-05,7.321177690755576e-05,17.85629653930664,768.9279174804688,95.2218246459961,0.0002915645018219948,7.2932186373409795e-06,3.595268787912271e-05,11180,0.0031064487993717194
0.045645978301763535,0.9543540477752686,0.5646040439605713,0.9997460842132568,0.7217088937759399,0.0004315032856538892,0.00011301672202534974,7.209162868093699e-05,17.88040542602539,1312.8956298828125,112.83222961425781,0.045667555183172226,7.144442989027799e-06,3.520279850025123e-05,11190,0.0817732959985733
0.005883347243070602,0.9941166043281555,0.6540632247924805,0.9996770620346069,0.5966870784759521,0.0003754162462428212,9.586897795088589e-05,7.468883995898068e-05,17.907649993896484,1098.0831298828125,104.490966796875,0.005902118049561977,6.996396580182129e-06,3.44565847829382e-05,11200,0.04785817116498947
0.025916576385498047,0.974083423614502,0.6029596328735352,0.9997345209121704,0.7568264007568359,0.0004148364532738924,0.00010822327749338001,7.509264105465263e-05,17.886260986328125,1317.96875,112.8194580078125,0.025937318801879883,6.849115939040083e-06,3.3714230844252536e-05,11210,0.10877351462841034
0.0003443754685577005,0.9996556043624878,0.5987998247146606,0.6075205206871033,0.7349532246589661,0.0003652028099168092,9.310433233622462e-05,7.4345400207676e-05,17.893251419067383,1097.734375,104.12855529785156,0.00036263561923988163,6.702637404896058e-06,3.297591984892054e-05,11220,0.0054084425792098045
0.000292334210826084,0.9997076988220215,0.4135228991508484,0.9997107982635498,,0.0003495417768135667,9.004109597299248e-05,7.308600470423698e-05,17.839929580688477,870.9940185546875,94.87371063232422,0.00030981129384599626,6.556997119136546e-06,3.2241833964132695e-05,11230,0.004848893731832504
0.0005441048415377736,0.9994558691978455,0.583392322063446,0.9997351169586182,0.9990324974060059,0.00037412490928545594,9.537472942611203e-05,7.803880725987256e-05,17.880754470825195,1433.090576171875,116.62483215332031,0.0005628110957331955,6.4122310163227975e-06,3.1512154314596724e-05,11240,0.015236536040902138
0.0020434807520359755,0.9979565143585205,0.4132532477378845,0.40933483839035034,0.99699866771698,0.00035923768882639706,9.187324030790478e-05,7.012594869593158e-05,17.86551284790039,870.4829711914062,96.28938293457031,0.002061442704871297,6.268374815324497e-06,3.078706093784772e-05,11250,0.06537435203790665
0.017058536410331726,0.9829415082931519,0.5453542470932007,0.9997537136077881,0.9659183025360107,0.0003928755468223244,0.00010400224709883332,7.897130853962153e-05,17.876747131347656,1207.9248046875,108.4043197631836,0.017078179866075516,6.125464010506683e-06,3.006673273982662e-05,11260,0.037771306931972504
0.03822857141494751,0.9617714881896973,0.5674926042556763,0.9997445940971375,0.5112011432647705,0.0004160515672992915,0.00011094172805314884,7.656174420844764e-05,17.883037567138672,1094.497314453125,103.4169921875,0.03824937343597412,5.983533862972012e-06,2.9351347450737717e-05,11270,0.06052131950855255
0.0002784348907880485,0.9997215270996094,0.44372105598449707,0.9997159838676453,0.21359527111053467,0.00035849871346727014,9.064482583198696e-05,7.221171108540148e-05,17.833927154541016,982.164794921875,98.75218963623047,0.00029635982355102897,5.842619391860652e-06,2.864108158119662e-05,11280,0.0033578386064618826
0.00118809484411031,0.9988119006156921,0.40114355087280273,0.9997537136077881,0.605350136756897,0.0003771154733840376,9.814237273531035e-05,7.923728844616562e-05,17.870651245117188,1207.5382080078125,107.68031311035156,0.0012069506337866187,5.70275536570979e-06,2.793611037867864e-05,11290,0.026945430785417557
0.00031056770239956677,0.9996894001960754,0.5561296343803406,0.21410249173641205,0.47509637475013733,0.0003732511540874839,9.96890157693997e-05,8.11623758636415e-05,17.88854217529297,1094.5601806640625,102.78108215332031,0.00032923027174547315,5.56397629387506e-06,2.7236607784279348e-05,11300,0.0025977951008826494
0.00026521566906012595,0.9997346997261047,0.5940922498703003,0.9997397661209106,0.7373726963996887,0.0003754405479412526,9.422020957572386e-05,7.394202111754566e-05,17.881206512451172,1208.1241455078125,108.09806060791016,0.0002839876979123801,5.426316418015839e-06,2.654274638979701e-05,11310,0.0014818059280514717
0.00025258411187678576,0.9997474551200867,0.3920149803161621,0.7377488613128662,0.6085144281387329,0.00037182061350904405,9.850342757999897e-05,8.00260022515431e-05,17.864662170410156,1094.8172607421875,103.27928924560547,0.0002711751440074295,5.289809703646641e-06,2.5854697395148222e-05,11320,0.002358929719775915
0.0003436068072915077,0.9996563792228699,0.36109626293182373,0.2139812856912613,0.2095719277858734,0.00028191760065965354,8.048956806305796e-05,7.173650374170393e-05,17.839839935302734,644.87548828125,85.41735076904297,0.000357702694600448,5.154489831756643e-06,2.517263056612692e-05,11330,0.005128519609570503
0.01518361084163189,0.9848164319992065,0.5593470931053162,0.47580552101135254,0.9697025418281555,0.0003911812964361161,0.00010555815970292315,8.342730870936066e-05,17.908130645751953,1209.431884765625,107.6818618774414,0.015203169547021389,5.02039019049941e-06,2.449671419251723e-05,11340,0.04690410941839218
0.0008663673070259392,0.9991335868835449,0.5263885855674744,0.9997689127922058,0.4753415882587433,0.0003766716399695724,9.935985144693404e-05,7.92860082583502e-05,17.86119842529297,1094.802734375,101.82665252685547,0.0008852008613757789,4.887543866954835e-06,2.3827115046570327e-05,11350,0.015939870849251747
0.023500733077526093,0.9764991998672485,0.7100905179977417,,0.7191324234008789,0.00039409022429026663,0.00010357305291108787,7.671370258321986e-05,17.92514419555664,1094.996826171875,102.39495849609375,0.023520438000559807,4.755983638965428e-06,2.3163998341856048e-05,11360,0.06984391063451767
0.03952622786164284,0.9604738354682922,0.6456104516983032,0.21296031773090363,0.3890988826751709,0.00037147870170883834,0.00010016037413151935,6.91298846504651e-05,17.899028778076172,757.4307861328125,89.54561614990234,0.03954480215907097,4.625741967048877e-06,2.250752769249889e-05,11370,0.19402216374874115
0.06575765460729599,0.934242308139801,0.5952082872390747,0.9997435808181763,0.7047795057296753,0.00046032178215682507,0.00011765943781938404,6.011096411384642e-05,17.902740478515625,1194.052490234375,107.29305267333984,0.06578066945075989,4.496850986388873e-06,2.1857865072808564e-05,11380,0.07019542902708054
0.00029264535987749696,0.9997072815895081,0.4027479290962219,0.6065148115158081,0.999685525894165,0.0003660307847894728,9.575368312653154e-05,7.567165448563173e-05,17.827621459960938,986.2491455078125,99.4663314819336,0.00031094689620658755,4.369342498906261e-06,2.12151707773154e-05,11390,0.0048291804268956184
0.00029378716135397553,0.9997062087059021,0.5096229314804077,0.9997392892837524,0.7391077876091003,0.00037600932409986854,9.804649744182825e-05,7.929975254228339e-05,17.893117904663086,1211.326904296875,108.5594253540039,0.0003125876246485859,4.24324796541238e-06,2.057960338121998e-05,11400,0.003536371747031808
0.00027444030274637043,0.9997256398200989,0.6246094703674316,0.9997484683990479,0.21039623022079468,0.00036079183337278664,9.172259888146073e-05,7.30735991965048e-05,17.919818878173828,985.545166015625,100.0248031616211,0.0002924799046013504,4.118598497846564e-06,1.9951319701267026e-05,11410,0.003165647154673934
0.046295106410980225,0.9537048935890198,0.5594977140426636,0.213385671377182,0.6444898247718811,0.0004341380554251373,0.00011595268733799458,7.356885907938704e-05,17.897876739501953,1204.2406005859375,107.96711730957031,0.04631681367754936,3.995424851599776e-06,1.933047475705342e-05,11420,0.09083501249551773
0.0002593933022581041,0.9997406005859375,0.48900070786476135,0.9997658729553223,0.6013363599777222,0.000377740798285231,9.734132618177682e-05,7.874432776588947e-05,17.87868881225586,1328.912109375,113.7968521118164,0.00027828034944832325,3.873757417926138e-06,1.8717221732779223e-05,11430,0.0021150142420083284
0.0002518600958865136,0.9997481107711792,0.3361794948577881,0.6074353456497192,0.9997280836105347,0.00037459697341546416,9.894574759528041e-05,8.099580009002239e-05,17.832935333251953,1210.8389892578125,108.11357879638672,0.00027058995328843594,3.7536262164443545e-06,1.8111711939451846e-05,11440,0.003390443278476596
0.0002828195283655077,0.9997171759605408,0.42065972089767456,0.8031666278839111,0.999674916267395,0.0003743012493941933,9.690775186754763e-05,7.837096200091764e-05,17.86163330078125,1212.5772705078125,108.01175689697266,0.00030153460102155805,3.6350608877308385e-06,1.751409477755241e-05,11450,0.002070400398224592
0.0009305879357270896,0.999069333076477,0.5109914541244507,,0.9956436157226562,0.00037812598748132586,9.761290857568383e-05,7.842856575734913e-05,17.861248016357422,1213.423095703125,108.04862213134766,0.0009494942496530712,3.5180906860063135e-06,1.6924517700173237e-05,11460,0.0229742843657732
0.0490327887237072,0.9509671926498413,0.3445974588394165,0.999751091003418,0.4591596722602844,0.00042939590639434755,0.00011399437789805233,7.290083885891363e-05,17.8536376953125,1205.13427734375,107.91507720947266,0.049054257571697235,3.4027444719177938e-06,1.6343126176636152e-05,11470,0.09258504211902618
0.0002557776460889727,0.9997442960739136,0.4700039029121399,0.999764621257782,0.21320562064647675,0.00037205941043794155,9.443062299396843e-05,7.418807945214212e-05,17.85091781616211,1100.635498046875,103.689697265625,0.0002743806107901037,3.2890507054176425e-06,1.5770063656600038e-05,11480,0.0033133942633867264
0.00024469385971315205,0.9997553825378418,0.344303160905838,0.9997653365135193,,0.0003743568668141961,9.90277185337618e-05,8.176383562386036e-05,17.83455467224121,1212.0972900390625,108.15824127197266,0.00026341169723309577,3.1770374387415035e-06,1.520547153466677e-05,11490,0.0027092357631772757
0.008278395049273968,0.9917216300964355,0.6260102987289429,0.9997612237930298,0.39486297965049744,0.0003788018075283617,0.0001001500932034105,7.934040331747383e-05,17.890695571899414,1110.68798828125,107.03971099853516,0.008297335356473923,3.066732309486847e-06,1.4649489115494309e-05,11500,0.046455707401037216
0.0002945525338873267,0.9997053742408752,0.5190144181251526,0.9997462630271912,0.7374434471130371,0.00037834528484381735,9.832953219301999e-05,8.038066880544648e-05,17.892467498779297,1323.2791748046875,112.51403045654297,0.00031346979085355997,2.958162533793783e-06,1.4102253579425229e-05,11510,0.005270928610116243
0.00026609422639012337,0.9997339248657227,0.412642240524292,0.8033820390701294,0.2132703959941864,0.00037514467840082943,9.7358446510043e-05,7.974624168127775e-05,17.876617431640625,1211.2999267578125,108.1943130493164,0.0002848514704965055,2.8513548996298926e-06,1.3563899948639557e-05,11520,0.0036697792820632458
0.011305113323032856,0.9886947870254517,0.5595837831497192,0.9997471570968628,0.45396527647972107,0.00037857843562960625,9.666485857451335e-05,7.413187267957255e-05,17.874401092529297,1102.4228515625,103.79475402832031,0.011324042454361916,2.7463357601807157e-06,1.3034561053840173e-05,11530,0.04897044226527214
0.0015991255640983582,0.998400866985321,0.44919028878211975,0.6067169904708862,0.9963133931159973,0.00037124686059542,9.456688712816685e-05,7.420222391374409e-05,17.85409927368164,1101.006103515625,103.98351287841797,0.001617687870748341,2.6431310273474742e-06,1.2514367501478682e-05,11540,0.047838665544986725
0.00029095474747009575,0.9997090697288513,0.44701993465423584,0.9997580647468567,0.999640941619873,0.0003666135889943689,9.318944648839533e-05,7.441762863891199e-05,17.858001708984375,1099.430908203125,104.01561737060547,0.00030928541673347354,2.5417661653537065e-06,1.2003447641530297e-05,11550,0.00212203455157578
0.0010648713214322925,0.9989351034164429,0.4702240228652954,0.7379465699195862,0.6052101850509644,0.0003696786006912589,9.5626492111478e-05,7.73233114159666e-05,17.879854202270508,1098.825927734375,104.41739654541016,0.0010833552805706859,2.4422661844623606e-06,1.1501927535825434e-05,11560,0.021853730082511902
0.00029240272124297917,0.9997076392173767,0.49389007687568665,0.9997819662094116,0.9995590448379517,0.00036635901778936386,9.699122165329754e-05,8.114242518786341e-05,17.87270736694336,1099.548583984375,103.36134338378906,0.00031072067213244736,2.344655634804865e-06,1.1009930926945733e-05,11570,0.003956506494432688
0.00028129370184615254,0.9997186660766602,0.6350908279418945,,0.6042690277099609,0.0003699107328429818,9.578258323017508e-05,7.734414248261601e-05,17.899152755737305,1100.62158203125,103.45194244384766,0.0002997892443090677,2.2489586003237772e-06,1.0527579207692573e-05,11580,0.002370616886764765
0.1262475699186325,0.8737524151802063,0.4595051407814026,0.47626566886901855,0.4095066487789154,0.0005088772741146386,0.00013855152064934373,5.3839154134038836e-05,17.87691879272461,862.0046997070312,95.22461700439453,0.1262730211019516,2.1551986928304028e-06,1.005499139113506e-05,11590,0.14750981330871582
0.01711953990161419,0.9828804731369019,0.43962812423706055,0.9997511506080627,0.9405189156532288,0.000399478041799739,0.00010676799865905195,8.213081309804693e-05,17.87203598022461,1327.062744140625,112.14908599853516,0.017139513045549393,2.063399046178957e-06,9.59228408124545e-06,11600,0.034335747361183167
0.00023810446145944297,0.9997619986534119,0.29072505235671997,0.8428171873092651,0.21165011823177338,0.00036676673335023224,9.470153599977493e-05,7.742363231955096e-05,17.83729362487793,1102.05615234375,104.1559066772461,0.0002564427850302309,1.973582310558627e-06,9.139571444128836e-06,11610,0.0019036127487197518
0.0002630762755870819,0.9997369050979614,0.5770730972290039,,0.6046520471572876,0.0003748736926354468,9.658210183260962e-05,7.75638036429882e-05,17.877948760986328,1214.4775390625,108.37554931640625,0.0002818199573084712,1.885770646904969e-06,8.696965179854339e-06,11620,0.0020279614254832268
0.035976529121398926,0.9640235304832458,0.35337960720062256,0.9997389316558838,0.8743342161178589,0.00042572422535158694,0.00010860446491278708,6.983288039918989e-05,17.83315658569336,1323.55615234375,112.79833984375,0.03599781543016434,1.7999857214320322e-06,8.264574494894787e-06,11630,0.06313369423151016
0.002127740764990449,0.9978723526000977,0.5401439666748047,0.9997509121894836,0.9931340217590332,0.0003801397106144577,9.603516082279384e-05,7.532979361712933e-05,17.865009307861328,1327.2022705078125,112.6251220703125,0.002146747661754489,1.7162487002865568e-06,7.842506075181736e-06,11640,0.02882182039320469
0.00025458919117227197,0.9997454285621643,0.3748120665550232,0.999731719493866,,0.00037439638981595635,9.349430911242962e-05,7.439092587446794e-05,17.81601333618164,1327.570068359375,112.66218566894531,0.00027330900775268674,1.6345802443255206e-06,7.430864059782169e-06,11650,0.0031750770285725594
0.00048337894259020686,0.9995166063308716,0.32280072569847107,0.8425494432449341,0.998296320438385,0.0003745912981685251,9.455179679207504e-05,7.406290387734771e-05,17.801464080810547,1213.282470703125,108.03736877441406,0.0005021084798499942,1.555000504018399e-06,7.029750015203849e-06,11660,0.015557805076241493
0.02230437658727169,0.977695643901825,0.4974308907985687,0.7376068234443665,0.9331244826316833,0.0004017726460006088,0.00010608791490085423,7.814384298399091e-05,17.853801727294922,1215.1156005859375,107.530029296875,0.022324465215206146,1.4775291144753417e-06,6.639262910335308e-06,11670,0.06373291462659836
0.00023347594833467156,0.9997665286064148,0.29393917322158813,0.9997701644897461,0.999737024307251,0.0003808165492955595,9.802004205994308e-05,7.910068961791694e-05,17.852005004882812,1440.44677734375,116.89703369140625,0.0002525167656131089,1.4021851906024841e-06,6.2594990920266625e-06,11680,0.0013295476092025638
0.036308299750089645,0.9636917114257812,0.5115411281585693,0.7379059791564941,0.666935920715332,0.00041549064917489886,0.00010884668154176325,7.555176853202283e-05,17.88219451904297,1211.0606689453125,107.4449462890625,0.03632907569408417,1.3289873223856527e-06,5.890552261317583e-06,11690,0.08737858384847641
0.014052464626729488,0.9859475493431091,0.6754642724990845,,0.716148853302002,0.0003872061497531831,0.00010373175609856844,8.056468504946679e-05,17.905107498168945,1099.0009765625,103.19791412353516,0.014071824960410595,1.2579535703035406e-06,5.532513450317846e-06,11700,0.08522508293390274
0.00023578912077937275,0.9997642040252686,0.42866021394729614,0.9997593760490417,0.21583586931228638,0.00037480334867723286,9.64662031037733e-05,7.71637714933604e-05,17.824806213378906,1212.58642578125,107.06017303466797,0.000254529295489192,1.189101460871574e-06,5.18547099974662e-06,11710,0.0012385277077555656
0.02677535079419613,0.9732246398925781,0.5885323286056519,0.6069079041481018,0.95318204164505,0.0004132133908569813,0.00010802571341628209,7.63851057854481e-05,17.889312744140625,1327.2110595703125,112.387939453125,0.0267960112541914,1.1224479823175017e-06,4.849510537135689e-06,11720,0.05598116293549538
0.002492798026651144,0.9975072145462036,0.616529107093811,0.999751627445221,0.9952381253242493,0.000377872318495065,9.677490743342787e-05,7.553714385721833e-05,17.889699935913086,1215.230224609375,107.82037353515625,0.0025116915348917246,1.058009580389798e-06,4.5247149557021134e-06,11730,0.026154331862926483
0.0002483025600668043,0.9997517466545105,0.5676549077033997,0.9997844696044922,0.9997321963310242,0.00037955635343678296,0.00010054334416054189,8.05940362624824e-05,17.882530212402344,1213.137939453125,107.79339599609375,0.000267280382104218,9.958021542999238e-07,4.211164393895575e-06,11740,0.0020636997651308775
0.0002425863203825429,0.9997574090957642,0.5527762174606323,0.9997541904449463,0.21365448832511902,0.0003732791810762137,9.376836533192545e-05,7.437325257342309e-05,17.87679672241211,1213.3251953125,107.44464111328125,0.000261250272160396,9.358410527994439e-07,3.90893621562548e-06,11750,0.0014613836538046598
0.0018441614229232073,0.9981558322906494,0.619504988193512,0.9997731447219849,0.7359790802001953,0.0003702726971823722,9.550481627229601e-05,7.656435627723113e-05,17.899646759033203,1101.495849609375,102.63954162597656,0.0018626750679686666,8.781410703929284e-07,3.618104991172438e-06,11760,0.03742452338337898
0.005934840068221092,0.9940651059150696,0.6622247695922852,,0.6802501678466797,0.0003751102485693991,9.846648754319176e-05,7.891580025898293e-05,17.90827178955078,1100.14697265625,102.63020324707031,0.005953595507889986,8.227164436876585e-07,3.3387424787893094e-06,11770,0.04515055939555168
0.00025242974516004324,0.9997475147247314,0.517922043800354,0.9997609853744507,0.9997317790985107,0.00037376160616986454,9.659980423748493e-05,7.847121742088348e-05,17.867328643798828,1213.56005859375,108.09420013427734,0.00027111783856526017,7.69580847880934e-07,3.0709176069958188e-06,11780,0.001232141861692071
0.00023519362730439752,0.9997648596763611,0.3222598731517792,0.6851804256439209,0.2200077623128891,0.00036587813519872725,9.80492914095521e-05,7.966459088493139e-05,17.82516098022461,984.5594482421875,97.85670471191406,0.0002534875238779932,7.187473933859344e-07,2.8146964575715284e-06,11790,0.0011733319843187928
0.0002579482679720968,0.9997420310974121,0.4993389844894409,0.9997548460960388,,0.0003708689473569393,9.56995936576277e-05,7.612416811753064e-05,17.855981826782227,1102.298828125,102.85088348388672,0.00027649171533994377,6.702286225969232e-07,2.5701422492511584e-06,11800,0.0008647295762784779
0.0002440768148517236,0.9997559189796448,0.49701279401779175,0.999775230884552,0.9996814727783203,0.0003772888157982379,9.862642036750913e-05,8.105568122118711e-05,17.86435317993164,1327.449951171875,111.75691223144531,0.0002629412629175931,6.240365067945898e-07,2.337315322126266e-06,11810,0.0011623846367001534
0.00024585967184975743,0.9997541308403015,0.2994878888130188,0.8426221609115601,,0.0003747662412934005,9.576507727615535e-05,7.58074747864157e-05,17.819847106933594,1213.56982421875,107.83723449707031,0.0002645979984663427,5.801824431923163e-07,2.1162731227572306e-06,11820,0.0012376870727166533
0.0046846503391861916,0.9953153729438782,0.5438590049743652,0.21364614367485046,0.5936512351036072,0.0003661235678009689,9.295128984376788e-05,7.197663944680244e-05,17.867591857910156,991.0830078125,99.89774322509766,0.004702956415712833,5.386772521240984e-07,1.907070189999243e-06,11830,0.04637002572417259
0.017915936186909676,0.9820840954780579,0.6215710639953613,0.9997731447219849,0.7726988792419434,0.0004009175463579595,0.00010511710570426658,7.874322182033211e-05,17.885910034179688,1327.5152587890625,112.0713119506836,0.0179359819740057,4.995311743747752e-07,1.7097581415455839e-06,11840,0.04025242105126381
0.00022784584143664688,0.9997721314430237,0.47229325771331787,0.9997749328613281,0.608146607875824,0.0003792247734963894,9.820448030950502e-05,7.956688932608813e-05,17.87334632873535,1327.181396484375,112.16844940185547,0.0002468070888426155,4.627538686532766e-07,1.5243856611917676e-06,11850,0.0006417963304556906
0.00137035408988595,0.9986296892166138,0.5349912643432617,0.9996981620788574,0.9969011545181274,0.0003730860771611333,9.897953714244068e-05,7.985129195731133e-05,17.863534927368164,1100.59765625,104.13909912109375,0.0013890083646401763,4.283544092094779e-07,1.35099848682353e-06,11860,0.02349558286368847
0.0003823225270025432,0.9996176958084106,0.521247148513794,0.9997552633285522,0.9985654354095459,0.00037953880382701755,9.736206266097724e-05,7.868184184189886e-05,17.877666473388672,1441.751220703125,116.97906494140625,0.0004012994759250432,3.9634128359526845e-07,1.1896393991317067e-06,11870,0.0007058684132061899
0.006635208614170551,0.9933647513389587,0.6027187705039978,0.21353086829185486,0.7967864871025085,0.0003550999390427023,9.406372555531561e-05,7.602431287523359e-05,17.893827438354492,877.46142578125,93.6327133178711,0.006652963813394308,3.6672239057036883e-07,1.0403482110567077e-06,11880,0.06517722457647324
0.009767401032149792,0.990232527256012,0.5228899121284485,0.21375876665115356,0.7942153811454773,0.0003702499088831246,9.647922706790268e-05,7.624833233421668e-05,17.890804290771484,987.54248046875,98.58964538574219,0.009785913862287998,3.395050381534371e-07,9.03161757965304e-07,11890,0.059334419667720795
0.0005138556007295847,0.9994862079620361,0.5448217391967773,0.9997574090957642,0.8025318384170532,0.00037902151234447956,9.636687173042446e-05,7.628565799677745e-05,17.886852264404297,1327.94140625,112.18962860107422,0.0005328066763468087,3.1469594181891915e-07,7.781138885620268e-07,11900,0.005826191045343876
0.0002258938184240833,0.9997740387916565,0.44021934270858765,0.6067789793014526,,0.0003627170517574996,9.351437620352954e-05,7.40369941922836e-05,17.841678619384766,986.7960815429688,98.94561004638672,0.0002440296666463837,2.9230122284011134e-07,6.652354565375309e-07,11910,0.0011567262699827552
0.010114539414644241,0.9898854494094849,0.368630051612854,0.8425840139389038,0.940027117729187,0.0003871828375849873,0.00010186171857640147,7.925290265120566e-05,17.844240188598633,1214.6123046875,107.71638488769531,0.010133898817002773,2.7232640677881973e-07,5.645543129558692e-07,11920,0.07211384922266006
0.02045951411128044,0.9795404672622681,0.531869649887085,0.7377064824104309,0.5559521317481995,0.00039656704757362604,0.00010337911226088181,7.52550404286012e-05,17.861574172973633,1100.41015625,104.13507080078125,0.020479341968894005,2.547764221220186e-07,4.7609529938269973e-07,11930,0.0714196264743805
0.0002555247920099646,0.9997444748878479,0.3914909362792969,0.7378419041633606,0.6080850958824158,0.00037328843609429896,9.520114690531045e-05,7.603297854075208e-05,17.843883514404297,1215.3297119140625,107.86775970458984,0.0002741892240010202,2.396555990658171e-07,3.9988024175598694e-07,11940,0.0010116274934262037
0.00028237979859113693,0.999717652797699,0.6445345878601074,0.99976646900177,0.803534984588623,0.0003767967864405364,9.71536646829918e-05,7.728322816547006e-05,17.896480560302734,1213.804931640625,107.58817291259766,0.0003012196393683553,2.2696766844704465e-07,3.359279450007603e-07,11950,0.0014952877536416054
0.00023986183805391192,0.9997601509094238,0.5674196481704712,,0.9997005462646484,0.00037879226147197187,9.809396578930318e-05,7.881256169639528e-05,17.872058868408203,1325.79248046875,112.3935775756836,0.00025880144676193595,2.1671576082272972e-07,2.842541883893144e-07,11960,0.0007892520516179502
0.01670730672776699,0.9832926988601685,0.5426225662231445,0.9997681975364685,0.7046794891357422,0.0003876065893564373,9.967628284357488e-05,7.693858788115904e-05,17.884674072265625,1212.8741455078125,109.0970458984375,0.01672668755054474,2.0890240569767493e-07,2.4487172164787665e-07,11970,0.03877926617860794
0.06614181399345398,0.9338581562042236,0.5564739108085632,0.9997629523277283,0.3437090814113617,0.0004642272542696446,0.00011954893125221133,6.008343189023435e-05,17.88301658630371,1195.7119140625,107.00428771972656,0.0661650225520134,2.0352953090034333e-07,2.1779026181082143e-07,11980,0.05572149530053139
0.010822081938385963,0.9891778826713562,0.45943474769592285,0.9997801780700684,0.9150971174240112,0.0003950196842197329,0.00010355976701248437,8.025235729292035e-05,17.85428237915039,1442.10693359375,117.14924621582031,0.010841832496225834,2.0059846210719635e-07,2.030164908231411e-07,11990,0.05263746902346611
0.0002887429727707058,0.9997112154960632,0.6036811470985413,0.21374018490314484,0.9997086524963379,0.0003673458122648299,9.445002797292545e-05,7.825334614608437e-05,17.888225555419922,1211.906982421875,108.42327117919922,0.0003071102546527982,1.9999890077484403e-07,9.999944594610825e-07,12000,0.004994488321244717
0.0003029853687621653,0.9996970295906067,0.49842554330825806,,0.20981892943382263,0.000356387288775295,9.643605153542012e-05,7.659652328584343e-05,17.83911895751953,873.804931640625,94.55723571777344,0.0003208047419320792,1.0998864782034039e-06,5.499427804277762e-06,12010,0.0029520452953875065
0.01084405742585659,0.9891559481620789,0.5019344091415405,0.9997257590293884,0.967797577381134,0.00039637167355977,0.00010283262236043811,7.653459761058912e-05,17.86100196838379,1214.834716796875,108.02989959716797,0.010863875970244408,2.0993216674070424e-06,1.0496580929657719e-05,12020,0.04660926014184952
0.00029143012943677604,0.9997084736824036,0.6082471609115601,0.2146831452846527,0.6039355397224426,0.0003613049630075693,9.057253191713244e-05,7.039814227027819e-05,17.87434959411621,992.4495849609375,100.27831268310547,0.0003094953717663884,3.097938860990188e-06,1.548961102660711e-05,12030,0.003225225955247879
0.0002449668536428362,0.9997549653053284,0.41421565413475037,0.9997380971908569,,0.0003810429770965129,9.903368481900543e-05,7.98298351583071e-05,17.846498489379883,1328.6820068359375,112.32323455810547,0.00026401900686323643,4.095372242359478e-06,2.0476674231690703e-05,12040,0.0029789560940116644
0.0002569371135905385,0.9997431039810181,0.43668511509895325,0.9997575283050537,0.21566241979599,0.0003722582769114524,9.500107262283564e-05,7.609387103002518e-05,17.848873138427734,1214.9547119140625,107.82861328125,0.0002755500318016857,5.091256485805364e-06,2.5455929155726025e-05,12050,0.0029212625231593847
0.02566300891339779,0.9743369817733765,0.5730732679367065,0.9997413754463196,0.9105668067932129,0.0004054945893585682,0.00010548475256655365,7.59981048759073e-05,17.860092163085938,1327.7763671875,113.77850341796875,0.025683283805847168,6.085226906800968e-06,3.0425537641350332e-05,12060,0.0576496385037899
0.08174549043178558,0.9182544946670532,0.6467937231063843,0.6065492630004883,0.6994688510894775,0.0004764022887684405,0.00011999436537735164,5.372197483666241e-05,17.907154083251953,1089.30908203125,103.60462951660156,0.08176930993795395,7.076919612078846e-06,3.5383665519468124e-05,12070,0.08701573312282562
0.0356171578168869,0.9643828272819519,0.4685686528682709,0.9997378587722778,0.534449577331543,0.0004098039062228054,0.00010839044261956587,7.1686168666929e-05,17.85332679748535,986.48876953125,98.66097259521484,0.03563764691352844,8.065971649433797e-06,4.032848336431783e-05,12080,0.10635210573673248
0.0003290280292276293,0.9996709227561951,0.49885961413383484,0.9996974468231201,0.21420225501060486,0.0003720249515026808,9.527331712888554e-05,7.536853081546724e-05,17.869916915893555,1104.7606201171875,103.10124969482422,0.00034762927680276334,9.052021157199947e-06,4.52581672468967e-05,12090,0.006583822891116142
0.0003606844984460622,0.9996392726898193,0.41822418570518494,0.4732855260372162,0.9993497133255005,0.0003704455157276243,9.39430101425387e-05,7.398753950838e-05,17.831985473632812,1103.891357421875,103.70418548583984,0.00037920678732916713,1.003470751335044e-05,5.017089948648353e-05,12100,0.006107918918132782
0.0002639610320329666,0.9997360706329346,0.28277456760406494,0.8423646688461304,,0.00037046894431114197,9.312706242781132e-05,7.396863657049835e-05,17.79953384399414,1216.392822265625,108.1980209350586,0.0002824844850692898,1.1013671484168219e-05,5.50648693999994e-05,12110,0.003268740139901638
0.0013539547799155116,0.998646080493927,0.4446468949317932,0.7369892001152039,0.6003298163414001,0.00037477092701010406,9.800087718758732e-05,7.813995762262493e-05,17.856212615966797,1105.3817138671875,104.99181365966797,0.0013726933393627405,1.198855537243641e-05,5.993827404894715e-05,12120,0.03030599094927311
0.007879480719566345,0.9921205639839172,0.48014163970947266,0.6055283546447754,0.9768019914627075,0.0003804505104199052,9.865054744295776e-05,7.933845336083323e-05,17.88103675842285,1219.3326416015625,108.687255859375,0.007898502983152866,1.2959003165097158e-05,6.478931898367153e-05,12130,0.047040700912475586
0.049007538706064224,0.9509924650192261,0.5667282342910767,0.605633556842804,0.3547171354293823,0.0004242080030962825,0.00011490126053104177,7.41689873393625e-05,17.905061721801758,992.1095581054688,102.38835906982422,0.049028750509023666,1.392466068032772e-05,6.961621898468213e-05,12140,0.13475635647773743
0.005544285289943218,0.9944556951522827,0.4735371768474579,0.9996533989906311,0.5849753618240356,0.0003734577039722353,9.710228914627805e-05,7.903690857347101e-05,17.87061309814453,1224.771240234375,110.59942626953125,0.005562958307564259,1.4885175713983e-05,7.4417198800783e-05,12150,0.03531298786401749
0.003625178476795554,0.996374785900116,0.5621758699417114,0.9988173842430115,0.46851885318756104,0.00036370064481161535,8.594639075454324e-05,6.271727033890784e-05,17.855731964111328,994.5936279296875,103.01116943359375,0.003643363481387496,1.584019818535375e-05,7.919049388375273e-05,12160,0.047097284346818924
0.0004555265768431127,0.9995444416999817,0.28005343675613403,0.999545693397522,,0.0003692057798616588,9.636855975259095e-05,8.008741133380681e-05,17.82253646850586,1226.794921875,113.085693359375,0.0004739868745673448,1.678938028219e-05,8.393435111932131e-05,12170,0.008855448104441166
0.04126569256186485,0.9587342739105225,0.6516697406768799,0.21234941482543945,0.7447054386138916,0.00042213124106638134,0.0001103512040572241,7.022968929959461e-05,17.903060913085938,1124.0352783203125,110.27318572998047,0.04128680005669594,1.7732376604939456e-05,8.864702955418978e-05,12180,0.08119216561317444
0.00040202587842941284,0.99959796667099,0.5217195749282837,0.2028835415840149,0.5895756483078003,0.00036164940684102476,9.349616448162124e-05,7.485174864996225e-05,17.86443519592285,1016.125244140625,109.8811264038086,0.0004201083502266556,1.8668844310150828e-05,9.332680111884105e-05,12190,0.0070833489298820496
0.008176042698323727,0.9918239116668701,0.45465412735939026,0.8011400699615479,0.9720407128334045,0.00038436969043686986,9.907702769851312e-05,7.845069922041148e-05,17.87899398803711,1344.1917724609375,113.98811340332031,0.008195261470973492,1.950093856019147e-05,9.748452870237923e-05,12200,0.04091676324605942
0.022263552993535995,0.9777364730834961,0.4443352520465851,0.9994745850563049,0.9486128687858582,0.0004115603805985302,0.00010739712161011994,7.620954420417547e-05,17.870941162109375,1344.8480224609375,115.01191711425781,0.0222841314971447,1.9451029506006105e-05,9.723296690401057e-05,12210,0.03828613460063934
0.026489954441785812,0.9735100269317627,0.5257699489593506,0.9996210336685181,0.9079316854476929,0.0004159888776484877,0.00011223113688174635,8.172842353815213e-05,17.879745483398438,1346.5155029296875,114.38542938232422,0.026510754600167274,1.9398813225212593e-05,9.696977575132409e-05,12220,0.08829909563064575
0.09518248587846756,0.9048174619674683,0.6416899561882019,0.6012119054794312,0.6064871549606323,0.000492286984808743,0.00012751625035889447,5.225028144195676e-05,17.91088104248047,991.8150634765625,102.9483642578125,0.0952071025967598,1.934430260139689e-05,9.669502018279846e-05,12230,0.10357110947370529
0.0011449671583250165,0.9988550543785095,0.34943392872810364,0.7349287867546082,,0.0003323832352180034,8.945811714511365e-05,8.383451495319605e-05,17.84042739868164,1001.6973876953125,105.6859130859375,0.001161586376838386,1.928751108423976e-05,9.6408767990259e-05,12240,0.022745028138160706
0.007056172005832195,0.9929438233375549,0.6150505542755127,0.21204379200935364,0.7959150671958923,0.0003837393887806684,0.00010021219350164756,7.710365753155202e-05,17.896560668945312,1126.1207275390625,109.9251708984375,0.007075359113514423,1.9228452686198273e-05,9.611108980215089e-05,12250,0.05178290605545044
0.0005532523500733078,0.9994467496871948,0.475056529045105,0.9994862079620361,0.999218225479126,0.0003764827561099082,9.550453978590667e-05,7.653788634343073e-05,17.836841583251953,1356.87548828125,114.94596099853516,0.0005720764747820795,1.9167141979048436e-05,9.580205906611282e-05,12260,0.008737727999687195
0.028771650046110153,0.9712283611297607,0.35907572507858276,0.6026105284690857,0.9118839502334595,0.00037526353844441473,9.791793127078563e-05,7.140537491068244e-05,17.850399017333984,896.7682495117188,101.8438949584961,0.028790412470698357,1.9103594090289827e-05,9.548175203085477e-05,12270,0.09677217900753021
0.002326009329408407,0.9976739883422852,0.4749550521373749,0.8022441864013672,0.9939686059951782,0.0003647193079814315,9.490670345257968e-05,8.122694271150976e-05,17.884254455566406,1354.0054931640625,112.57502746582031,0.0023442453239113092,1.9037824699413107e-05,9.515024772734486e-05,12280,0.024111784994602203
0.08254050463438034,0.9174594879150391,0.6260912418365479,0.2106395661830902,0.698178768157959,0.00047404036740772426,0.0001247444306500256,5.973263250780292e-05,17.90585708618164,1112.062255859375,104.92192840576172,0.08256420493125916,1.8969850034031354e-05,9.480762794930955e-05,12290,0.04599929600954056
0.0004296278639230877,0.9995704293251038,0.569583535194397,,0.9995208978652954,0.00037617841735482216,9.510790550848469e-05,7.399252353934571e-05,17.853227615356445,1245.5399169921875,109.35517883300781,0.000448436796432361,1.8899686865876113e-05,9.445397723305233e-05,12300,0.005866864696145058
0.00033576786518096924,0.999664306640625,0.4902510643005371,0.9996940493583679,0.999657154083252,0.0003787977038882673,9.782161214388907e-05,7.765579357510433e-05,17.858840942382812,1254.361083984375,113.73876190185547,0.00035470776492729783,1.8827352506659263e-05,9.408938283659566e-05,12310,0.004838638007640839
0.06686121970415115,0.9331387877464294,0.3825688362121582,0.5201060771942139,0.8637834787368774,0.00042669891263358295,0.00011675552377710119,7.526374974986538e-05,17.873302459716797,1017.1725463867188,108.45635986328125,0.06688255816698074,1.875286480380157e-05,9.371393471815135e-05,12320,0.14361977577209473
0.02769441343843937,0.9723055958747864,0.5965346097946167,0.9994622468948364,0.42175695300102234,0.0004005446389783174,0.00010793162800837308,7.985355478012934e-05,17.890531539916992,1140.13330078125,106.87223052978516,0.0277144405990839,1.867624213602914e-05,9.332772551392465e-05,12330,0.07582175731658936
0.020562993362545967,0.9794369339942932,0.5614014267921448,0.9996262788772583,0.6831984519958496,0.00040109542896971107,0.00010480622586328536,7.674694643355906e-05,17.865402221679688,1282.95068359375,119.18059539794922,0.020583048462867737,1.85975034088387e-05,9.29308505152577e-05,12340,0.057051632553339005
0.00047855539014562964,0.9995214343070984,0.3941916823387146,0.7326051592826843,,0.00035007225233130157,8.803263335721567e-05,6.91716413712129e-05,17.83770751953125,910.1893920898438,103.95637512207031,0.0004960590158589184,1.8516668049833013e-05,9.25234076451179e-05,12350,0.008073735982179642
0.0003878033021464944,0.9996121525764465,0.4285290241241455,0.1962740570306778,0.9995750188827515,0.00037451423122547567,9.653502638684586e-05,7.836067379685119e-05,17.855697631835938,1256.0391845703125,112.27373504638672,0.0004065290268044919,1.8433756003927332e-05,9.210549743393675e-05,12360,0.00600883224979043
0.03973757475614548,0.9602624177932739,0.6130068302154541,0.6064106822013855,0.6480387449264526,0.0004155686474405229,0.00011153309606015682,7.581232785014436e-05,17.90642547607422,1135.790771484375,106.0146484375,0.0397583544254303,1.834878772842835e-05,9.167722299480552e-05,12370,0.10770011693239212
0.00042981040314771235,0.9995701909065247,0.506392240524292,,0.9994809627532959,0.00037005211925134063,9.576707088854164e-05,7.792381074978039e-05,17.861961364746094,1144.249267578125,107.8155746459961,0.0004483130178414285,1.8261784187986638e-05,9.123868999803365e-05,12380,0.0066140806302428246
0.0005002694670110941,0.9994996786117554,0.5553394556045532,0.999550998210907,0.4733993113040924,0.0003758586826734245,9.610034612705931e-05,7.51476181903854e-05,17.897659301757812,1152.718994140625,109.91224670410156,0.0005190623924136162,1.817276684942394e-05,9.079000664507622e-05,12390,0.0096677765250206
0.0003319664974696934,0.9996680021286011,0.4819850027561188,0.9996868371963501,0.2138839215040207,0.00037419935688376427,9.612800204195082e-05,7.588409062009305e-05,17.842336654663086,1146.0330810546875,108.31969451904297,0.0003506764769554138,1.808175767643655e-05,9.033128364183674e-05,12400,0.00561927305534482
0.005723756272345781,0.9942762851715088,0.4881080687046051,0.9996609687805176,0.9807644486427307,0.00038807548116892576,0.00010087018745252863,7.840691978344694e-05,17.85686492919922,1381.77001953125,113.36128997802734,0.0057431599125266075,1.7988779124176103e-05,8.986263417135226e-05,12410,0.035873569548130035
0.017968691885471344,0.9820314049720764,0.5520395040512085,,0.5732573866844177,0.00038019625935703516,0.00010038741311291233,7.583604019600898e-05,17.866247177124023,1031.5794677734375,103.53118896484375,0.017987702041864395,1.78938541337091e-05,8.938417386586707e-05,12420,0.12270915508270264
0.00040487086516804993,0.999595046043396,0.4448823630809784,0.7365644574165344,0.2089243233203888,0.00035963437403552234,9.128907549893484e-05,7.307925989152864e-05,17.861251831054688,1038.0340576171875,105.6370849609375,0.0004228525795042515,1.7797006126356545e-05,8.889602077830219e-05,12430,0.00625245738774538
0.0003098233719356358,0.9996901154518127,0.5780949592590332,0.20892924070358276,0.20875391364097595,0.00037425890332087874,9.608821710571647e-05,7.754602120257914e-05,17.890222549438477,1266.624267578125,109.48662567138672,0.0003285363200120628,1.769825899791509e-05,8.839829535312758e-05,12440,0.003732073586434126
0.000539903063327074,0.9994601607322693,0.3455538749694824,0.8021286725997925,,0.00036368027213029563,9.806550951907411e-05,8.054531645029783e-05,17.815933227539062,1031.4775390625,103.13307189941406,0.0005580870783887804,1.759763711276109e-05,8.789112039664428e-05,12450,0.010278451256453991
0.0004100410733371973,0.9995899796485901,0.45393040776252747,0.6049498915672302,0.47407761216163635,0.0003429302014410496,8.758279727771878e-05,7.145879499148577e-05,17.873432159423828,913.0714111328125,96.41436004638672,0.00042718759505078197,1.7495165297839067e-05,8.737462104668377e-05,12460,0.007084328215569258
0.0002989956992678344,0.9997009634971619,0.6103874444961548,,0.1935083270072937,0.0003735493519343436,9.680924995336682e-05,7.630084292031825e-05,17.866918563842773,1179.5655517578125,112.9898452758789,0.00031767316977493465,1.7390868836536036e-05,8.684892474173214e-05,12470,0.004995104856789112
0.0005076181259937584,0.999492347240448,0.332754909992218,0.403821736574173,0.9994709491729736,0.00036884547444060445,9.696607594378293e-05,7.687724428251386e-05,17.84405517578125,1034.77001953125,105.69554901123047,0.0005260604084469378,1.72847734624432e-05,8.631416118948644e-05,12480,0.00967727042734623
0.06742846965789795,0.932571530342102,0.44121724367141724,0.8007168173789978,0.35657167434692383,0.0004584239795804024,0.00011841212108265609,6.215253961272538e-05,17.846961975097656,1152.2294921875,107.32262420654297,0.06745138764381409,1.7176905353006587e-05,8.577046233485137e-05,12490,0.08029700815677643
0.0003804038278758526,0.9996194839477539,0.28042179346084595,0.8680713772773743,,0.00037280499236658216,9.618113108444959e-05,7.794411067152396e-05,17.829490661621094,1274.498046875,109.80976867675781,0.00039904407458379865,1.7067291123068118e-05,8.521796232738375e-05,12500,0.006941237021237612
0.005611869040876627,0.9943881630897522,0.5104260444641113,0.6072381734848022,0.7308672070503235,0.00037019484443590045,9.560374019201845e-05,7.443057256750762e-05,17.86817169189453,1037.218017578125,100.52166748046875,0.005630378611385822,1.695595781829885e-05,8.46567974881932e-05,12510,0.051926545798778534
0.00032666613697074354,0.9996733665466309,0.3903513550758362,0.9996644854545593,0.21303176879882812,0.00037568272091448307,9.683526877779514e-05,7.882542558945715e-05,17.83114242553711,1394.9769287109375,112.9970474243164,0.0003454502730164677,1.6842932908525817e-05,8.40871062763069e-05,12520,0.005894953850656748
0.00029793247813358903,0.9997021555900574,0.386480450630188,0.7358759045600891,,0.0003607200924307108,9.132131526712328e-05,7.179508975241333e-05,17.840858459472656,1039.21240234375,101.57369232177734,0.0003159684711135924,1.6728244280954277e-05,8.35090292545069e-05,12530,0.004355179145932198
0.08751905709505081,0.9124809503555298,0.5977165699005127,0.20831480622291565,0.7090301513671875,0.0004819361784029752,0.0001308716891799122,6.236324406927451e-05,17.907447814941406,1037.3936767578125,105.16279602050781,0.08754315227270126,1.661192023328696e-05,8.29227090546484e-05,12540,0.10410159081220627
0.05626047030091286,0.9437395334243774,0.3836468458175659,0.9997439384460449,0.8031383156776428,0.00044433053699322045,0.00011424774129409343,6.655373726971447e-05,17.860389709472656,1382.556396484375,114.51131439208984,0.056282687932252884,1.649398946674203e-05,8.23282903424674e-05,12550,0.05751795694231987
0.0006881774170324206,0.9993117451667786,0.5151045322418213,0.9997116923332214,0.7377653121948242,0.0003775146615225822,9.732689068187028e-05,7.709230703767389e-05,17.887691497802734,1277.861328125,108.5860366821289,0.0007070531719364226,1.6374481078971503e-05,8.172591978188665e-05,12560,0.012778708711266518
0.0004020832129754126,0.9995978474617004,0.41732510924339294,0.20444737374782562,0.9995632767677307,0.00037144121597521007,9.671263251220807e-05,7.596772775286809e-05,17.85051727294922,1044.3125,105.81245422363281,0.00042065526940859854,1.6253424556881813e-05,8.111574599882852e-05,12570,0.008457186631858349
0.0003804236766882241,0.9996196031570435,0.5473019480705261,0.6059052348136902,0.4091494679450989,0.0003531790862325579,9.226534893969074e-05,7.268985064001754e-05,17.88329315185547,924.126953125,96.1502685546875,0.00039808262954466045,1.6130849769358378e-05,8.049791954454375e-05,12580,0.005541519727557898
0.041438035666942596,0.9585620164871216,0.5702952146530151,0.4688950479030609,0.7483356595039368,0.00041941655217669904,0.00011035862553399056,7.320503209484741e-05,17.905818939208984,1164.9239501953125,106.55606842041016,0.04145900532603264,1.6006786959895902e-05,7.98725928584652e-05,12590,0.08652272075414658
0.00044556878856383264,0.999554455280304,0.47076767683029175,0.47488346695899963,0.9995539784431458,0.00036325157270766795,9.545221109874547e-05,7.93707076809369e-05,17.859722137451172,1162.6351318359375,105.89962005615234,0.00046373135410249233,1.5881266739136217e-05,7.923992023059568e-05,12600,0.008344198577105999
0.0007592862821184099,0.9992407560348511,0.5094494819641113,0.7372326254844666,0.7337779998779297,0.0003801251295953989,9.864501043921337e-05,7.802175241522491e-05,17.881031036376953,1284.401123046875,110.71173095703125,0.0007782925385981798,1.5754320077315606e-05,7.860005776343925e-05,12610,0.011862699873745441
0.0002923706197179854,0.9997075200080872,0.39186474680900574,0.8026059865951538,0.2129029631614685,0.0003620520874392241,9.635617607273161e-05,7.960291259223595e-05,17.85565948486328,1042.39501953125,99.80476379394531,0.0003104732313659042,1.562597829662332e-05,7.795316333348522e-05,12620,0.00464205164462328
0.08370964229106903,0.9162903428077698,0.5525270700454712,0.7373887896537781,0.5004908442497253,0.0004889517440460622,0.00012691025040112436,5.411665915744379e-05,17.908231735229492,1144.9537353515625,104.1924819946289,0.08373408764600754,1.5496273063473334e-05,7.729939655225449e-05,12630,0.03505384549498558
0.029543299227952957,0.9704567193984985,0.6218845844268799,0.999727725982666,0.750909149646759,0.00041814325959421694,0.00011136521061416715,7.879496843088418e-05,17.916454315185547,1408.0289306640625,112.80598449707031,0.029564205557107925,1.53652363806911e-05,7.663891872691778e-05,12640,0.05368626117706299
0.006611195858567953,0.9933887720108032,0.4076821804046631,0.99967360496521,0.9745514392852783,0.0003898311697412282,0.00010089837451232597,7.888133404776454e-05,17.864826202392578,1529.3988037109375,118.42604064941406,0.0066306875087320805,1.5232900579617357e-05,7.597189282049558e-05,12650,0.035067345947027206
0.00040820715366862714,0.9995917677879333,0.45043206214904785,0.8030896186828613,0.4705711305141449,0.0003634220047388226,9.113142732530832e-05,7.075682515278459e-05,17.870464324951172,1056.260498046875,102.93180084228516,0.00042637824662961066,1.5099298312130834e-05,7.529848341164936e-05,12660,0.006831815466284752
0.0217762254178524,0.9782237410545349,0.6962165832519531,0.999651312828064,0.5818558931350708,0.00039662537164986134,0.0001051158833433874,7.458206528099254e-05,17.918264389038086,1059.382568359375,102.97624969482422,0.021796057000756264,1.4964462542591896e-05,7.46188566540743e-05,12670,0.0843014344573021
0.06404618918895721,0.9359537959098816,0.4575444459915161,0.9995607137680054,0.7762393951416016,0.0004759875009767711,0.00012109234376111999,5.757935286965221e-05,17.83779525756836,1398.1220703125,114.64910125732422,0.06406998634338379,1.4828426539709089e-05,7.39331802355034e-05,12680,0.031241068616509438
0.0003346352023072541,0.9996654391288757,0.582431435585022,0.9997040033340454,0.21620850265026093,0.0003716530918609351,9.429211786482483e-05,7.139431545510888e-05,17.889711380004883,1050.675048828125,98.8330307006836,0.00035321785253472626,1.4691223868330578e-05,7.324162333633292e-05,12690,0.00737183541059494
0.00029320811154320836,0.9997067451477051,0.496957004070282,0.2140538990497589,0.20898142457008362,0.0003502735635265708,9.32341645238921e-05,7.751755765639246e-05,17.874061584472656,932.724853515625,96.86876678466797,0.0003107217780780047,1.455288838116251e-05,7.254435658787972e-05,12700,0.0037339201662689447
0.0003479397564660758,0.999652087688446,0.5153761506080627,0.21299144625663757,0.9996337294578552,0.0003697669308166951,9.561622573528439e-05,7.690295751672238e-05,17.859085083007812,1174.56787109375,106.71649169921875,0.00036642811028286815,1.4413454210416389e-05,7.18415520302806e-05,12710,0.00500610051676631
0.027225561439990997,0.9727743864059448,0.7625749111175537,,0.8374471068382263,0.0004022078064735979,0.00010508701961953193,7.756561535643414e-05,17.93268585205078,1414.671630859375,113.77752685546875,0.027245672419667244,1.4272955759387452e-05,7.113338307004382e-05,12720,0.0613383874297142
0.00031112576834857464,0.9996888041496277,0.4019993543624878,0.5237692594528198,0.464273065328598,0.0003499725426081568,9.077315189642832e-05,7.349685620283708e-05,17.862693786621094,944.8355712890625,103.58638000488281,0.00032862438820302486,1.413142769396616e-05,7.042002443726378e-05,12730,0.004711108282208443
0.0003961935581173748,0.9996037483215332,0.3684578835964203,0.40793657302856445,0.9995943307876587,0.00032479705987498164,8.34835518617183e-05,6.838807894382626e-05,17.8258056640625,808.4082641601562,97.17798614501953,0.0004124334082007408,1.398890493408493e-05,6.97016521425089e-05,12740,0.006828433368355036
0.00036139835719950497,0.9996386170387268,0.5235958695411682,0.21199367940425873,0.7382282614707947,0.0003646065597422421,9.398224938195199e-05,7.657444075448439e-05,17.876758575439453,1172.422607421875,105.65498352050781,0.00037962867645546794,1.384542264510215e-05,6.897844343339367e-05,12750,0.007117068395018578
0.019847720861434937,0.9801523089408875,0.5928612947463989,0.9997226595878601,0.6901595592498779,0.00041438397602178156,0.00011012428149115294,7.807354995748028e-05,17.895145416259766,1417.0703125,114.626708984375,0.01986844092607498,1.370101622912565e-05,6.825057675084545e-05,12760,0.0530012883245945
0.023999853059649467,0.976000189781189,0.39561665058135986,0.8021512627601624,0.9281121492385864,0.00040940320468507707,0.00011073475616285577,8.13520819065161e-05,17.852262496948242,1295.865478515625,110.76582336425781,0.024020323529839516,1.3555721316277778e-05,6.751823168507688e-05,12770,0.05811324715614319
0.021208368241786957,0.9787916541099548,0.5254853963851929,0.6058506965637207,0.6940088272094727,0.0004018748295493424,0.00010676153760869056,7.938125054351985e-05,17.893306732177734,1300.457275390625,109.56544494628906,0.02122846245765686,1.3409573755904183e-05,6.678158893127462e-05,12780,0.06796593964099884
0.000324276858009398,0.9996757507324219,0.6527070999145508,,0.47116920351982117,0.0003695843042805791,9.591154230292886e-05,7.714449020568281e-05,17.909648895263672,1181.3798828125,107.5824966430664,0.00034275607322342694,1.3262609607728532e-05,6.604083024501554e-05,12790,0.004698293283581734
0.0004322185704950243,0.9995678067207336,0.7164750695228577,0.21272632479667664,0.36064985394477844,0.000287502451101318,8.397210331168026e-05,7.454869046341628e-05,17.926103591918945,720.2413330078125,95.1303482055664,0.0004465936799533665,1.3114865132955319e-05,6.529613839742126e-05,12800,0.007586393039673567
0.005151844117790461,0.9948481917381287,0.45159298181533813,0.8030605316162109,0.4650985896587372,0.00038131343899294734,0.00010132620082003996,7.891507993917912e-05,17.87624740600586,1177.3927001953125,105.0044174194336,0.005170909687876701,1.2966376785322946e-05,6.454769713006212e-05,12810,0.0333171971142292
0.009906871244311333,0.9900931119918823,0.4900602400302887,0.999700129032135,0.9613097906112671,0.0003949005913455039,0.0001027664402499795,8.006222924450412e-05,17.873149871826172,1547.98046875,118.65959930419922,0.009926616214215755,1.2817181202109306e-05,6.379569110962166e-05,12820,0.02977517992258072
0.00027225108351558447,0.999727725982666,0.5577049255371094,0.47399261593818665,0.6047810316085815,0.0003623012744355947,9.405825403518975e-05,7.619465031893924e-05,17.898862838745117,1058.300048828125,101.97317504882812,0.00029036615160293877,1.2667315195092102e-05,6.304030588233292e-05,12830,0.003672056831419468
0.0002510712656658143,0.9997488260269165,0.6104100942611694,0.21313127875328064,0.6035584211349487,0.0003681826638057828,9.548536036163568e-05,7.754008402116597e-05,17.894041061401367,1183.81396484375,107.32982635498047,0.0002694803988561034,1.2516815741466075e-05,6.228172782819769e-05,12840,0.0023201366420835257
0.0003340737894177437,0.9996658563613892,0.21858471632003784,0.6607333421707153,0.20442795753479004,0.00035800255136564374,9.38436423894018e-05,7.826705405022949e-05,17.842239379882812,1059.1429443359375,104.87055969238281,0.000351973925717175,1.236571997471943e-05,6.152014411499996e-05,12850,0.005648839753121138
0.0009300775127485394,0.9990699291229248,0.582410454750061,0.20679594576358795,0.8014097213745117,0.0003674240433610976,9.698924259282649e-05,8.012959733605385e-05,17.892108917236328,1183.51025390625,110.89110565185547,0.0009484487236477435,1.2214065175471716e-05,6.075574265212511e-05,12860,0.019307564944028854
0.10747416317462921,0.892525851726532,0.6742315292358398,0.6040154695510864,0.5963295698165894,0.0005129375495016575,0.00013040534395258874,4.417858872329816e-05,17.908288955688477,1040.9783935546875,103.51898193359375,0.10749980807304382,1.2061888762275393e-05,5.998871204419617e-05,12870,0.0486990325152874
0.0003253003233112395,0.9996747374534607,0.5791990160942078,,0.7346504330635071,0.0003561816702131182,9.184425289276987e-05,7.575353083666414e-05,17.89706039428711,1059.6519775390625,104.8315658569336,0.0003431093937251717,1.1909228282383349e-05,5.9219241544538294e-05,12880,0.005572856403887272
0.029207229614257812,0.9707927703857422,0.5945578813552856,0.2117316722869873,0.9264596700668335,0.00040738380630500615,0.00011050354078179225,7.913790614111349e-05,17.886333465576172,1183.2412109375,107.6191177368164,0.029227599501609802,1.175612140248469e-05,5.844752100848344e-05,12890,0.11687082052230835
0.0002765532408375293,0.9997233748435974,0.5646472573280334,0.9997541308403015,0.47267401218414307,0.0003719680244103074,9.621669596526772e-05,7.695215026615188e-05,17.888317108154297,1184.1258544921875,106.71659088134766,0.0002951516362372786,1.1602605899411047e-05,5.767374084652639e-05,12900,0.0034537860192358494
0.00033360443194396794,0.9996663928031921,0.7103816270828247,0.9997128248214722,0.3653658330440521,0.00034676791983656585,8.909805910661817e-05,7.285999890882522e-05,17.93720817565918,947.829833984375,98.81050109863281,0.00035094283521175385,1.1448719650815696e-05,5.689809197734376e-05,12910,0.004731344524770975
0.00027432956267148256,0.9997256398200989,0.5177668333053589,0.60693359375,0.47233113646507263,0.0003635894972831011,9.416510874871165e-05,7.547144195996225e-05,17.873178482055664,1063.3179931640625,102.67134094238281,0.0002925090375356376,1.1294500625827835e-05,5.6120765780687774e-05,12920,0.004209511913359165
0.0002523646398913115,0.999747633934021,0.35049277544021606,0.6856921315193176,0.9997238516807556,0.0003744523273780942,9.603338548913598e-05,7.704200106672943e-05,17.865697860717773,1306.569580078125,109.9476547241211,0.00027108725043945014,1.1139986875684247e-05,5.534195405016605e-05,12930,0.0033749816939234734
0.0005515145021490753,0.9994484186172485,0.5750792622566223,0.9996803998947144,0.9991079568862915,0.00037139374762773514,9.582451457390562e-05,7.59875329094939e-05,17.876880645751953,1185.3597412109375,106.986083984375,0.0005700842011719942,1.0985216524340738e-05,5.456184894591947e-05,12940,0.006953193806111813
0.00039265569648705423,0.9996073246002197,0.40962931513786316,0.9996523261070251,0.9995035529136658,0.00037346637691371143,9.759492968441918e-05,8.124890882754698e-05,17.876018524169922,1432.70751953125,116.02379608154297,0.00041132900514639914,1.0830227759065629e-05,5.378064294720958e-05,12950,0.007196294143795967
0.10861639678478241,0.8913835883140564,0.4334982633590698,0.6058350801467896,0.38445374369621277,0.0005074122454971075,0.0001341496390523389,5.1328563131392e-05,17.856088638305664,1052.3343505859375,103.89747619628906,0.10864176601171494,1.0675058821017607e-05,5.299852880492712e-05,12960,0.09469840675592422
0.0007950603030622005,0.9992048740386963,0.4985460340976715,0.9997009038925171,0.9985414147377014,0.00037821487057954073,9.561769547872245e-05,7.642641139682382e-05,17.890968322753906,1432.9801025390625,115.1519546508789,0.0008139710407704115,1.0519747995810284e-05,5.221569949403365e-05,12970,0.013839156366884708
0.0003563119098544121,0.9996437430381775,0.45425450801849365,0.7360761761665344,0.21081840991973877,0.0003758139500860125,9.608604887034744e-05,7.430165715049952e-05,17.857995986938477,1188.89453125,106.6289291381836,0.000375102594261989,1.0364333604065819e-05,5.1432348165947914e-05,12980,0.006546054035425186
0.0638687014579773,0.9361312389373779,0.6597731113433838,0.9996697902679443,0.8716745376586914,0.0004598654923029244,0.00012115972640458494,6.591263809241354e-05,17.90312957763672,1301.03857421875,112.37895965576172,0.0638916939496994,1.020885399195986e-05,5.064866810088859e-05,12990,0.07077372074127197
0.00041503371903672814,0.9995850324630737,0.6166206002235413,,0.734075129032135,0.00035629060585051775,8.947886090027168e-05,7.202195411082357e-05,17.892410278320312,1077.0386962890625,107.6339111328125,0.0004328482609707862,1.0053347521760204e-05,4.986485266018527e-05,13000,0.007774716708809137
0.05911321938037872,0.9408867955207825,0.5923250913619995,0.9996578693389893,0.6140317320823669,0.0004486918915063143,0.00012250029249116778,7.591342000523582e-05,17.92525863647461,1321.890625,114.80859375,0.05913565307855606,9.897852562361475e-06,4.908109523856945e-05,13010,0.08206547796726227
0.00033539990545250475,0.9996646046638489,0.6016649007797241,0.9997273683547974,0.5996284484863281,0.00036226780503056943,9.418235276825726e-05,7.575820200145245e-05,17.89651870727539,1072.1807861328125,106.6120834350586,0.00035351328551769257,9.742407479818189e-06,4.829758921645734e-05,13020,0.005327523220330477
0.03857528045773506,0.961424708366394,0.5807286500930786,0.999704897403717,0.8653252124786377,0.00044035050086677074,0.0001148603914771229,7.024057413218543e-05,17.871734619140625,1430.7197265625,116.77998352050781,0.03859729692339897,9.587050627878485e-06,4.7514527912236e-05,13030,0.05666302144527435
0.017741510644555092,0.9822584986686707,0.4585724472999573,0.4651200771331787,0.9702279567718506,0.0003803025174420327,9.935859270626679e-05,7.730096695013344e-05,17.873201370239258,1192.397216796875,112.87529754638672,0.01776052638888359,9.431820338520925e-06,4.6732104534565065e-05,13040,0.09192121773958206
0.026348577812314034,0.9736514091491699,0.5301802158355713,0.9996798634529114,0.9082118272781372,0.00040571545832790434,0.00010608766751829535,7.65160220908001e-05,17.879497528076172,1434.55712890625,116.41078186035156,0.026368863880634308,9.276754912496649e-06,4.595051213470533e-05,13050,0.07131530344486237
0.0003372768987901509,0.9996627569198608,0.5191724300384521,0.7328076362609863,0.46403419971466064,0.0003699520311783999,9.633584704715759e-05,7.823557098163292e-05,17.888545989990234,1207.9818115234375,112.42870330810547,0.0003557745076250285,9.121892609879233e-06,4.516994355888623e-05,13060,0.006099678575992584
0.00031730893533676863,0.9996826648712158,0.6051018238067627,0.9997307062149048,0.20835010707378387,0.00034887916990555823,8.901745604816824e-05,6.988737732172012e-05,17.892818450927734,946.5281982421875,100.46904754638672,0.0003347528981976211,8.967271640624595e-06,4.4390591400723966e-05,13070,0.005394259002059698
0.00026034165057353675,0.9997396469116211,0.4491066336631775,0.7983459234237671,0.9997013211250305,0.00037887017242610455,9.726063581183553e-05,7.830541289877146e-05,17.885324478149414,1439.5849609375,116.67350006103516,0.000279285159194842,8.812930155143255e-06,4.361264795370186e-05,13080,0.002666984684765339
0.000213026229175739,0.9997869729995728,0.39378246665000916,0.999798595905304,0.19875730574131012,0.00037420314038172364,9.745440911501646e-05,7.958789501572028e-05,17.856761932373047,1317.923095703125,112.20401763916016,0.00023173638328444213,8.658906234887292e-06,4.283630516372484e-05,13090,0.001791990827769041
0.00022763902961742133,0.999772310256958,0.4962064325809479,0.999765157699585,0.6073858141899109,0.0003756390360649675,0.00010128505527973175,8.25584793346934e-05,17.879762649536133,1192.54931640625,110.06031799316406,0.000246420968323946,8.505237882954321e-06,4.206175458175966e-05,13100,0.002806716598570347
0.039774056524038315,0.9602258801460266,0.3845176100730896,0.9997913241386414,0.880250096321106,0.00042683942592702806,0.0001118223590310663,7.21182586858049e-05,17.854108810424805,1313.4315185546875,112.8331527709961,0.0397953987121582,8.351963014710798e-06,4.128918731657261e-05,13110,0.0781407430768013
0.051929112523794174,0.9480708837509155,0.4071096181869507,0.9997546076774597,0.5863483548164368,0.0004514113534241915,0.00011648509826045483,6.532586849061772e-05,17.87583351135254,1548.82373046875,119.00450897216797,0.051951684057712555,8.199119448436953e-06,4.0518793987576154e-05,13120,0.023220906034111977
0.016291147097945213,0.9837088584899902,0.6235974431037903,0.600172221660614,0.8222392797470093,0.0003915196575690061,0.00010318349814042449,7.944159733597189e-05,17.91629981994629,1318.70458984375,112.1400146484375,0.01631072349846363,8.046744895995718e-06,3.97507646777966e-05,13130,0.0438428595662117
0.00025978032499551773,0.9997402429580688,0.44846636056900024,0.9997601509094238,0.9997143745422363,0.00036954524694010615,9.194535959977657e-05,7.124902913346887e-05,17.823410034179688,1202.755859375,115.90687561035156,0.0002782575902529061,7.894876953527885e-06,3.898528888697388e-05,13140,0.003422270528972149
0.0002749701088760048,0.9997251033782959,0.3417122960090637,0.6768902540206909,0.999672532081604,0.00037728220922872424,9.653752204030752e-05,7.6135533163324e-05,17.85628890991211,1319.2220458984375,116.16680145263672,0.00029383422224782407,7.743553092175802e-06,3.8222555484805304e-05,13150,0.004175359848886728
0.00043774041114374995,0.9995622634887695,0.4018000066280365,0.4682398736476898,0.9989473819732666,0.0003705817798618227,9.718976798467338e-05,7.944172102725133e-05,17.860225677490234,1197.5828857421875,111.85536193847656,0.00045626951032318175,7.592810648837951e-06,3.7462752664344826e-05,13160,0.007919550873339176
0.00026812832220457494,0.9997318387031555,0.5958583354949951,,0.7315206527709961,0.00036476823152042925,9.465472976444289e-05,7.517088670283556e-05,17.89097023010254,1092.76513671875,113.42652893066406,0.0002863667323254049,7.442686816956623e-06,3.6706067895569243e-05,13170,0.0032755632419139147
0.02534777857363224,0.9746522903442383,0.6040318012237549,,0.7704083919525146,0.0003981105692218989,0.00010648330498952419,7.889840344432741e-05,17.89069366455078,1202.5794677734375,114.3336410522461,0.02536768466234207,7.2932186373409795e-06,3.595268787912271e-05,13180,0.08973535150289536
0.00071739248232916,0.9992825388908386,0.34234514832496643,0.6754988431930542,0.6067330837249756,0.00036123761674389243,9.457847045268863e-05,7.671250205021352e-05,17.85934829711914,1073.7391357421875,109.3252182006836,0.0007354543777182698,7.144442989027799e-06,3.520279850025123e-05,13190,0.01944747008383274
0.004186092875897884,0.9958139657974243,0.5299683809280396,0.592289388179779,0.9917998313903809,0.000381057703634724,9.6683252195362e-05,7.428627577610314e-05,17.899768829345703,1330.2471923828125,119.88313293457031,0.004205145873129368,6.996396580182129e-06,3.44565847829382e-05,13200,0.022246506065130234
0.00022519411868415773,0.9997748732566833,0.584084153175354,0.5926595330238342,0.4034384489059448,0.00033226973027922213,8.999256533570588e-05,7.478597399313003e-05,17.89015007019043,837.6849365234375,104.98348236083984,0.0002418076037429273,6.849115939040083e-06,3.3714230844252536e-05,13210,0.003100684843957424
0.00029457558412104845,0.99970543384552,0.4976973235607147,0.9997488260269165,0.9996698498725891,0.00037663153489120305,9.940721065504476e-05,8.158618584275246e-05,17.891937255859375,1324.82763671875,116.8661880493164,0.0003134071594104171,6.702637404896058e-06,3.297591984892054e-05,13220,0.004516448825597763
0.00025466427905485034,0.9997453093528748,0.45776981115341187,0.5937004089355469,0.9997187852859497,0.0003767105517908931,9.648715058574453e-05,7.660336268600076e-05,17.85122299194336,1325.347412109375,117.17815399169922,0.0002734998124651611,6.556997119136546e-06,3.2241833964132695e-05,13230,0.0038421419449150562
0.00024770767777226865,0.999752402305603,0.5217721462249756,0.5991326570510864,0.1893409937620163,0.00036454066867008805,9.542715270072222e-05,7.909655687399209e-05,17.895185470581055,1228.37109375,116.85762786865234,0.00026593470829539,6.4122310163227975e-06,3.1512154314596724e-05,13240,0.0036516638938337564
0.0002232852712040767,0.9997767210006714,0.37936288118362427,0.799060583114624,0.1906854212284088,0.00036610194365493953,9.498349390923977e-05,7.458218169631436e-05,17.850948333740234,1083.5615234375,111.4449234008789,0.00024159037275239825,6.268374815324497e-06,3.078706093784772e-05,13250,0.002594180405139923
0.00022899619943927974,0.999770998954773,0.3636775612831116,0.7326447367668152,0.9997127652168274,0.00037164316745474935,9.88829051493667e-05,8.020794484764338e-05,17.837501525878906,1199.97314453125,115.08381652832031,0.0002475783694535494,6.125464010506683e-06,3.006673273982662e-05,13260,0.002990942681208253
0.00020179485727567226,0.9997982382774353,0.5068624019622803,0.999813973903656,0.6049254536628723,0.00037559334305115044,9.434117237105966e-05,7.408684905385599e-05,17.84925651550293,1325.5157470703125,112.00227355957031,0.0002205745258834213,5.983533862972012e-06,2.9351347450737717e-05,13270,0.0015787127194926143
0.0064240191131830215,0.9935758709907532,0.5135411024093628,0.5926405787467957,0.9842056035995483,0.0003640512004494667,9.28645022213459e-05,7.540504157077521e-05,17.867088317871094,1201.3232421875,115.17317199707031,0.006442221812903881,5.842619391860652e-06,2.864108158119662e-05,13280,0.045342519879341125
0.0002382987440796569,0.999761700630188,0.5263857841491699,0.9997907876968384,0.4613005220890045,0.00036597534199245274,9.38207667786628e-05,7.37171940272674e-05,17.880571365356445,1101.5107421875,115.03423309326172,0.0002565975009929389,5.70275536570979e-06,2.793611037867864e-05,13290,0.003975228872150183
0.00023812189465388656,0.9997619390487671,0.4610046148300171,0.9997738599777222,0.601745069026947,0.0003628155100159347,9.066884376807138e-05,7.01524259056896e-05,17.83456039428711,1092.19384765625,117.49468994140625,0.00025626266142353415,5.56397629387506e-06,2.7236607784279348e-05,13300,0.0027230256237089634
0.00021096145792398602,0.9997889995574951,0.3972657024860382,0.9997832775115967,0.999798059463501,0.00038118092925287783,9.965051140170544e-05,8.19489941932261e-05,17.88412094116211,1569.7294921875,119.16436767578125,0.00023002050875220448,5.426316418015839e-06,2.654274638979701e-05,13310,0.0015231785364449024
0.0002506589225959033,0.9997493624687195,0.36974823474884033,0.675477147102356,0.6051960587501526,0.00037040794268250465,9.717053035274148e-05,7.91751517681405e-05,17.869159698486328,1200.3216552734375,112.2779541015625,0.0002691793197300285,5.289809703646641e-06,2.5854697395148222e-05,13320,0.003519837511703372
0.00022089043341111392,0.9997790455818176,0.5449938774108887,0.9997832775115967,0.47082388401031494,0.0003736829967238009,9.725814743433148e-05,7.956507033668458e-05,17.90013313293457,1325.230712890625,111.1692123413086,0.00023957458324730396,5.154489831756643e-06,2.517263056612692e-05,13330,0.002868609968572855
0.07102593034505844,0.9289740324020386,0.6879233121871948,0.9997860193252563,0.6928308010101318,0.0004705452884081751,0.00011968697072006762,5.611799861071631e-05,17.930212020874023,1314.973388671875,113.9891586303711,0.07104945927858353,5.02039019049941e-06,2.449671419251723e-05,13340,0.022774307057261467
0.007445663213729858,0.9925543665885925,0.5957712531089783,0.9997657537460327,0.7197728753089905,0.0003865305334329605,0.00010055831808131188,7.915420428616926e-05,17.918333053588867,1448.95947265625,114.32647705078125,0.0074649895541369915,4.887543866954835e-06,2.3827115046570327e-05,13350,0.031728483736515045
0.00023459149815607816,0.9997653961181641,0.577839732170105,,0.7310071587562561,0.00037449519732035697,9.636226604925469e-05,7.746444316580892e-05,17.89132308959961,1327.482666015625,115.6904067993164,0.00025331624783575535,4.755983638965428e-06,2.3163998341856048e-05,13360,0.0027040692511945963
0.0002292991994181648,0.9997707009315491,0.4861210882663727,0.46366527676582336,0.9997435808181763,0.0003758339153137058,9.742676047608256e-05,7.871809066273272e-05,17.887746810913086,1325.7816162109375,115.20291900634766,0.00024809088790789247,4.625741967048877e-06,2.250752769249889e-05,13370,0.0026077590882778168
0.00026131581398658454,0.9997386336326599,0.43932870030403137,0.7314200401306152,0.999694287776947,0.00036922073923051357,9.672583837527782e-05,8.120153506752104e-05,17.866750717163086,1321.3839111328125,112.16922760009766,0.00027977683930657804,4.496850986388873e-06,2.1857865072808564e-05,13380,0.005227813497185707
0.00023656306439079344,0.9997634887695312,0.626610279083252,0.1891014575958252,0.7993773818016052,0.0003718684602063149,9.318497905042022e-05,7.201947300927714e-05,17.89494514465332,1211.68798828125,111.9741439819336,0.0002551564830355346,4.369342498906261e-06,2.12151707773154e-05,13390,0.0029465495608747005
0.00021606450900435448,0.9997839331626892,0.4480082094669342,0.9997819662094116,0.6029520630836487,0.00037707429146394134,9.755926294019446e-05,7.892586290836334e-05,17.871843338012695,1449.7613525390625,115.9615707397461,0.00023491821775678545,4.24324796541238e-06,2.057960338121998e-05,13400,0.002043934538960457
0.011307788081467152,0.9886921644210815,0.4821609556674957,0.5950352549552917,0.9716597199440002,0.0003833180235233158,0.00010218250099569559,8.010296733118594e-05,17.861881256103516,1206.403564453125,116.48486328125,0.011326953768730164,4.118598497846564e-06,1.9951319701267026e-05,13410,0.0426848866045475
0.025130441412329674,0.9748695492744446,0.5026056170463562,0.5943785905838013,0.9488810300827026,0.00039233535062521696,0.00010766501509351656,8.235877612605691e-05,17.882644653320312,1081.293701171875,113.03289031982422,0.025150058791041374,3.995424851599776e-06,1.933047475705342e-05,13420,0.05294633284211159
0.048248983919620514,0.9517509937286377,0.49629878997802734,0.5946472883224487,0.6625454425811768,0.00043700914829969406,0.00011506830924190581,7.177887891884893e-05,17.871347427368164,1441.7445068359375,117.85787200927734,0.04827083274722099,3.873757417926138e-06,1.8717221732779223e-05,13430,0.06715214997529984
0.00022215621720533818,0.9997777938842773,0.500369668006897,0.19206222891807556,0.18601864576339722,0.0003707149007823318,9.676042100181803e-05,7.812933472450823e-05,17.871326446533203,1216.2431640625,116.82746887207031,0.00024069196661002934,3.7536262164443545e-06,1.8111711939451846e-05,13440,0.003249218687415123
0.0002227506774943322,0.9997773170471191,0.5276737213134766,0.5954084992408752,0.6035372614860535,0.00035970265162177384,9.108180529437959e-05,7.23782941349782e-05,17.89202117919922,1081.0146484375,109.45265197753906,0.0002407358115306124,3.6350608877308385e-06,1.751409477755241e-05,13450,0.002397811971604824
0.00023918274382594973,0.9997607469558716,0.4578860104084015,0.46097835898399353,0.9996867179870605,0.0003750584146473557,9.420352580491453e-05,7.380015449598432e-05,17.87064552307129,1326.41552734375,116.04814910888672,0.00025793566601350904,3.5180906860063135e-06,1.6924517700173237e-05,13460,0.0019629276357591152
0.0009207424009218812,0.9990792870521545,0.38996565341949463,0.7975897789001465,0.9976691603660583,0.0003732950717676431,9.36981596169062e-05,7.355325942626223e-05,17.870868682861328,1325.806884765625,115.8438491821289,0.0009394071530550718,3.4027444719177938e-06,1.6343126176636152e-05,13470,0.016049757599830627
0.00020596566901076585,0.9997940063476562,0.3843157887458801,0.9998008608818054,0.9997900724411011,0.0003823203151114285,9.767153824213892e-05,7.809021917637438e-05,17.87162208557129,1574.07373046875,119.48040008544922,0.00022508169058710337,3.2890507054176425e-06,1.5770063656600038e-05,13480,0.0017744278302416205
0.0002112994552589953,0.9997887015342712,0.4504748284816742,0.9997899532318115,0.9997868537902832,0.00037378782872110605,9.522146865492687e-05,7.604071288369596e-05,17.857070922851562,1327.132568359375,115.9763412475586,0.00022998884378466755,3.1770374387415035e-06,1.520547153466677e-05,13490,0.0023023225367069244
0.000257332983892411,0.9997426271438599,0.7117947936058044,0.99978107213974,0.678507924079895,0.0003702096873894334,9.542434418108314e-05,7.811364775989205e-05,17.924781799316406,1345.1070556640625,114.19937896728516,0.0002758434566203505,3.066732309486847e-06,1.4649489115494309e-05,13500,0.003666684729978442
0.014243481680750847,0.985756516456604,0.5824221968650818,0.596926748752594,0.44756054878234863,0.00037240207893773913,9.548523667035624e-05,6.899134314153343e-05,17.888839721679688,973.1826171875,111.1844253540039,0.014262101612985134,2.958162533793783e-06,1.4102253579425229e-05,13510,0.07011574506759644
0.03791427984833717,0.9620857834815979,0.4972560405731201,0.7308388352394104,0.8858901858329773,0.00041657438850961626,0.00010771960660349578,7.200900290627033e-05,17.870346069335938,1325.48291015625,115.74885559082031,0.037935107946395874,2.8513548996298926e-06,1.3563899948639557e-05,13520,0.05756257474422455
0.00022505407105199993,0.9997749328613281,0.35010287165641785,0.9997720718383789,,0.0003771859046537429,9.447992488276213e-05,7.274931704159826e-05,17.817684173583984,1336.4674072265625,119.06395721435547,0.0002439133677398786,2.7463357601807157e-06,1.3034561053840173e-05,13530,0.002785890130326152
0.00022455977159552276,0.9997755289077759,0.4003344774246216,0.5171991586685181,0.20416583120822906,0.0003485112392809242,8.825963595882058e-05,6.937445141375065e-05,17.85397720336914,958.6053466796875,106.75,0.00024198534083552659,2.6431310273474742e-06,1.2514367501478682e-05,13540,0.0022009655367583036
0.00022023404017090797,0.9997797608375549,0.4637083411216736,0.9997929334640503,0.9997837543487549,0.00037430322845466435,9.513554687146097e-05,7.617620576638728e-05,17.874847412109375,1332.1834716796875,115.73858642578125,0.00023894920013844967,2.5417661653537065e-06,1.2003447641530297e-05,13550,0.0015473880339413881
0.00021753662440460175,0.9997824430465698,0.5393583178520203,0.19974453747272491,0.9997779130935669,0.0003740203974302858,9.656268230173737e-05,7.833974086679518e-05,17.880224227905273,1329.098876953125,114.60941314697266,0.00023623763991054147,2.4422661844623606e-06,1.1501927535825434e-05,13560,0.0014928991440683603
0.00032566807931289077,0.9996743202209473,0.3888557553291321,0.999813437461853,0.9994425773620605,0.00038245314499363303,9.987513476517051e-05,8.134229574352503e-05,17.88968276977539,1575.299560546875,119.3012924194336,0.00034479075111448765,2.344655634804865e-06,1.1009930926945733e-05,13570,0.0026925941929221153
0.002662964165210724,0.9973370432853699,0.6275984644889832,0.999801516532898,0.7313239574432373,0.0003764097054954618,9.706104174256325e-05,7.731588266324252e-05,17.902572631835938,1327.4671630859375,112.4402847290039,0.002681784564629197,2.2489586003237772e-06,1.0527579207692573e-05,13580,0.03586631640791893
0.00020990255870856345,0.9997901320457458,0.4347893297672272,0.7995573282241821,0.7365477085113525,0.00037532212445512414,9.640232019592077e-05,7.709146302659065e-05,17.862979888916016,1327.76220703125,113.13470458984375,0.00022866866493131965,2.1551986928304028e-06,1.005499139113506e-05,13590,0.0013166284188628197
0.0017236957792192698,0.9982763528823853,0.5860098600387573,0.9998162388801575,0.9967281818389893,0.00037227998836897314,9.576780576026067e-05,7.776433631079271e-05,17.891817092895508,1330.6019287109375,115.0644302368164,0.0017423097742721438,2.063399046178957e-06,9.59228408124545e-06,13600,0.02724035270512104
0.0002054993383353576,0.9997945427894592,0.46988213062286377,0.9998035430908203,,0.0003736231301445514,9.524762572254986e-05,7.652293425053358e-05,17.84695816040039,1330.689697265625,112.8478012084961,0.0002241804904770106,1.973582310558627e-06,9.139571444128836e-06,13610,0.0011864574626088142
0.00020746146037708968,0.9997925758361816,0.30906856060028076,0.6804891228675842,0.9997441172599792,0.00037433404941111803,9.562910418026149e-05,7.646024459972978e-05,17.837928771972656,1328.4736328125,114.57441711425781,0.00022617816284764558,1.885770646904969e-06,8.696965179854339e-06,13620,0.0011159725254401565
0.00022623699624091387,0.9997737407684326,0.3035677671432495,0.7339286208152771,0.6003885269165039,0.000369110144674778,9.434294770471752e-05,7.564115367131308e-05,17.852069854736328,1209.47216796875,111.8543472290039,0.0002446924918331206,1.7999857214320322e-06,8.264574494894787e-06,13630,0.0010111203882843256
0.001344360294751823,0.9986556768417358,0.46832066774368286,0.601910412311554,0.9940379858016968,0.00037179351784288883,9.330615284852684e-05,7.201188418548554e-05,17.848987579345703,1205.791015625,110.08062744140625,0.0013629499590024352,1.7162487002865568e-06,7.842506075181736e-06,13640,0.023622017353773117
0.026646042242646217,0.9733539819717407,0.5232037305831909,0.9997923970222473,0.9069552421569824,0.00041527533903717995,0.00010878384637180716,7.623754208907485e-05,17.879894256591797,1451.6541748046875,117.00148010253906,0.026666805148124695,1.6345802443255206e-06,7.430864059782169e-06,13650,0.062202323228120804
0.00021834591461811215,0.9997816681861877,0.4612201750278473,0.9998000860214233,0.6045021414756775,0.0003592350985854864,9.151096310233697e-05,7.379130693152547e-05,17.86237144470215,1082.2274169921875,107.95783996582031,0.00023630766372662038,1.555000504018399e-06,7.029750015203849e-06,13660,0.0019832621328532696
0.00024053109518717974,0.9997594952583313,0.5786808729171753,0.20708179473876953,0.6055586338043213,0.00036542551242746413,9.485323971603066e-05,7.494566671084613e-05,17.86989402770996,1079.196533203125,105.98006439208984,0.00025880237808451056,1.4775291144753417e-06,6.639262910335308e-06,13670,0.001515952404588461
0.00020851210865657777,0.9997914433479309,0.2871324121952057,0.6014736294746399,0.21431033313274384,0.000350208836607635,8.94831246114336e-05,7.075800385791808e-05,17.841779708862305,955.7025146484375,102.7264633178711,0.00022602254466619343,1.4021851906024841e-06,6.2594990920266625e-06,13680,0.0010141913080587983
0.022849339991807938,0.9771506786346436,0.5435822606086731,0.9997975826263428,0.7057484984397888,0.0003852113150060177,9.838418918661773e-05,7.098886271705851e-05,17.872636795043945,1081.638671875,107.14702606201172,0.022868599742650986,1.3289873223856527e-06,5.890552261317583e-06,13690,0.10803768038749695
0.0002747972321230918,0.9997252225875854,0.466991662979126,0.6005966663360596,0.9996386766433716,0.00035289127845317125,9.533882985124364e-05,7.83578580012545e-05,17.85541534423828,956.9398193359375,105.5564956665039,0.00029244180768728256,1.2579535703035406e-06,5.532513450317846e-06,13700,0.0021040316205471754
0.0001996214996324852,0.9998003840446472,0.4447076618671417,0.7310606837272644,0.9998158812522888,0.0003760565596166998,0.00010013696737587452,8.297217573272064e-05,17.87307357788086,1327.6510009765625,112.8486328125,0.00021842433488927782,1.189101460871574e-06,5.18547099974662e-06,13710,0.002309534465894103
0.00020772777497768402,0.9997922778129578,0.5532110929489136,0.599934458732605,0.6007983088493347,0.0003715463390108198,9.621049684938043e-05,7.675403321627527e-05,17.87716293334961,1208.7547607421875,110.6669692993164,0.00022630509920418262,1.1224479823175017e-06,4.849510537135689e-06,13720,0.0013725149910897017
0.000545152579434216,0.999454915523529,0.6502321362495422,0.9998261332511902,0.8416711091995239,0.00037559110205620527,9.966620564227924e-05,8.288444951176643e-05,17.915481567382812,1329.8843994140625,112.52718353271484,0.000563932117074728,1.058009580389798e-06,4.5247149557021134e-06,13730,0.015117446891963482
0.00019188050646334887,0.999808132648468,0.4209502935409546,0.9998162984848022,0.6060039401054382,0.00037822482408955693,9.743687405716628e-05,7.876319432398304e-05,17.87067985534668,1450.979736328125,115.2395248413086,0.0002107917534885928,9.958021542999238e-07,4.211164393895575e-06,13740,0.000993354944512248
0.010360084474086761,0.9896398782730103,0.7986844778060913,,0.765953004360199,0.0003842846199404448,9.891000809147954e-05,7.609286694787443e-05,17.943981170654297,1328.91357421875,110.2655258178711,0.010379298590123653,9.358410527994439e-07,3.90893621562548e-06,13750,0.04353514313697815
0.0006382539868354797,0.9993617534637451,0.4526529908180237,0.5998347997665405,0.9979772567749023,0.0003633095184341073,9.323525591753423e-05,7.393283885903656e-05,17.855976104736328,1081.975830078125,110.01441955566406,0.0006564194336533546,8.781410703929284e-07,3.618104991172438e-06,13760,0.01486414298415184
0.06743879616260529,0.9325611591339111,0.6804882884025574,,0.5183625221252441,0.00046591920545324683,0.00012375775258988142,6.392430805135518e-05,17.9086856842041,1198.5054931640625,110.16654205322266,0.06746209412813187,8.227164436876585e-07,3.3387424787893094e-06,13770,0.11631196737289429
0.0002735657908488065,0.9997264742851257,0.37835758924484253,0.8399652242660522,0.9992174506187439,0.00037644506664946675,9.735605271998793e-05,7.906508108135313e-05,17.851062774658203,1452.9923095703125,117.20277404785156,0.000292388052912429,7.69580847880934e-07,3.0709176069958188e-06,13780,0.0069365547969937325
0.0005972229992039502,0.9994028210639954,0.45131534337997437,0.9997873902320862,0.9974534511566162,0.00037646363489329815,9.851085633272305e-05,7.94223160482943e-05,17.86417007446289,1342.1285400390625,121.413330078125,0.0006160461925901473,7.187473933859344e-07,2.8146964575715284e-06,13790,0.014743977226316929
0.0002529360936023295,0.999747097492218,0.5999794006347656,0.18360289931297302,0.47276392579078674,0.00032967969309538603,8.678214362589642e-05,6.933705299161375e-05,17.894018173217773,850.1031494140625,110.3504867553711,0.0002694200666155666,6.702286225969232e-07,2.5701422492511584e-06,13800,0.0033289578277617693
0.08102840185165405,0.918971598148346,0.6467732787132263,0.9998351335525513,0.6004000902175903,0.0004858755855821073,0.00012595189036801457,5.437692016130313e-05,17.899938583374023,1191.034912109375,111.82271575927734,0.08105269819498062,6.240365067945898e-07,2.337315322126266e-06,13810,0.04621234908699989
0.016796626150608063,0.9832033514976501,0.5240963101387024,0.9998120069503784,0.7065280079841614,0.0003891850064974278,0.00010491533612366766,8.065455767791718e-05,17.874542236328125,1216.745849609375,117.934814453125,0.01681608520448208,5.801824431923163e-07,2.1162731227572306e-06,13820,0.04556688293814659
0.0002055543736787513,0.9997944831848145,0.48766180872917175,0.9998071193695068,,0.0003730567405000329,9.738211520016193e-05,7.84656876930967e-05,17.86948013305664,1221.1387939453125,119.86455535888672,0.0002242072077933699,5.386772521240984e-07,1.907070189999243e-06,13830,0.0021149737294763327
0.03079666756093502,0.9692033529281616,0.5047236680984497,0.5910112857818604,0.9073822498321533,0.0004151933826506138,0.00011227798677282408,7.969712896738201e-05,17.887569427490234,1328.486572265625,115.3006591796875,0.0308174267411232,4.995311743747752e-07,1.7097581415455839e-06,13840,0.08020047843456268
0.00020170974312350154,0.9997982978820801,0.3092978596687317,0.6729422807693481,,0.0003698804648593068,9.5469004008919e-05,7.666334568057209e-05,17.831703186035156,1209.413818359375,114.9950180053711,0.00022020377218723297,4.627538686532766e-07,1.5243856611917676e-06,13850,0.0013515023747459054
0.0002006853319471702,0.9997992515563965,0.5239994525909424,0.45629629492759705,0.7350428700447083,0.00036310587893240154,9.245489491149783e-05,7.289100904017687e-05,17.865840911865234,1085.4700927734375,112.11665344238281,0.0002188406215282157,4.283544092094779e-07,1.35099848682353e-06,13860,0.0010573214385658503
0.00020466753630898893,0.9997952580451965,0.5357391834259033,0.591269850730896,0.20436032116413116,0.00032832499709911644,8.44541791593656e-05,6.779812974855304e-05,17.87957000732422,851.3671875,109.61659240722656,0.00022108378470875323,3.9634128359526845e-07,1.1896393991317067e-06,13870,0.0015019404236227274
0.012135417200624943,0.98786461353302,0.550429105758667,0.9998524785041809,0.9393178224563599,0.0003794356598518789,9.9712357041426e-05,7.894761074567214e-05,17.891481399536133,1213.3590087890625,115.0689697265625,0.012154389172792435,3.6672239057036883e-07,1.0403482110567077e-06,13880,0.0459742397069931
0.05642210692167282,0.9435778856277466,0.4224418103694916,0.7955796718597412,0.8023448586463928,0.000454567838460207,0.00011965885641984642,6.674515316262841e-05,17.873306274414062,1439.399658203125,118.51185607910156,0.05644483491778374,3.395050381534371e-07,9.03161757965304e-07,13890,0.050335843116045
0.02610197849571705,0.9738981127738953,0.8010335564613342,,0.8406239151954651,0.000409390457207337,0.00011338372132740915,8.546314347768202e-05,17.94866943359375,1337.1375732421875,117.460205078125,0.026122447103261948,3.1469594181891915e-07,7.781138885620268e-07,13900,0.06001618131995201
0.00021544580522459,0.999784529209137,0.31323739886283875,0.5095518827438354,0.20538678765296936,0.00035125226713716984,8.777901530265808e-05,6.75009359838441e-05,17.817317962646484,963.034912109375,112.9190902709961,0.0002330084244022146,2.9230122284011134e-07,6.652354565375309e-07,13910,0.0006768162129446864
0.04331541061401367,0.9566845893859863,0.6244651079177856,0.18201881647109985,0.7447953820228577,0.00042093070806004107,0.00011444307892816141,7.909814303275198e-05,17.907428741455078,1211.62060546875,115.5460433959961,0.04333645850419998,2.7232640677881973e-07,5.645543129558692e-07,13920,0.1006237342953682
0.00018797532538883388,0.9998120665550232,0.34559059143066406,0.9998178482055664,,0.00037442034226842225,9.810822666622698e-05,8.028066076803952e-05,17.864097595214844,1334.369873046875,118.2532730102539,0.00020669633522629738,2.547764221220186e-07,4.7609529938269973e-07,13930,0.0007135923369787633
0.0001906637626234442,0.9998093247413635,0.3268466889858246,0.673731803894043,0.999813973903656,0.0003680189838632941,9.364995639771223e-05,7.476763857994229e-05,17.831832885742188,1211.57861328125,118.40673065185547,0.000209064717637375,2.396555990658171e-07,3.9988024175598694e-07,13940,0.0007062195800244808
0.04572991281747818,0.9542701244354248,0.6322985887527466,0.9997974634170532,0.7189012765884399,0.0004296218103263527,0.00011194954277016222,7.228359754662961e-05,17.915237426757812,1450.484619140625,117.6589126586914,0.04575139284133911,2.2696766844704465e-07,3.359279450007603e-07,13950,0.07178590446710587
0.008297783322632313,0.9917021989822388,0.5444552302360535,0.5915109515190125,0.9834737181663513,0.0003833293740171939,0.00010103808017447591,8.009816519916058e-05,17.893821716308594,1332.6280517578125,117.83306884765625,0.0083169499412179,2.1671576082272972e-07,2.842541883893144e-07,13960,0.03953747823834419
0.00018961077148560435,0.9998103976249695,0.370604932308197,0.9998171329498291,0.9997587203979492,0.0003803273430094123,9.780113759916276e-05,7.902960351202637e-05,17.84552001953125,1578.81982421875,119.779052734375,0.000208627141546458,2.0890240569767493e-07,2.4487172164787665e-07,13970,0.0005012981710024178
0.0009431857615709305,0.9990567564964294,0.6030572652816772,0.5902233123779297,0.5971466302871704,0.00037168734706938267,9.61193727562204e-05,7.692498911637813e-05,17.890941619873047,1221.6162109375,115.70100402832031,0.0009617701289243996,2.0352953090034333e-07,2.1779026181082143e-07,13980,0.012514288537204266
0.00018931771046482027,0.9998106956481934,0.3894161880016327,0.7278034687042236,0.20484955608844757,0.0003605709061957896,9.252642485080287e-05,7.45023280614987e-05,17.860633850097656,1087.228515625,110.80604553222656,0.0002073462528642267,2.0059846210719635e-07,2.030164908231411e-07,13990,0.0006432047230191529
0.014501722529530525,0.9854982495307922,0.6322217583656311,,0.9712269902229309,0.0004053366428706795,0.00010586378630250692,7.846191874705255e-05,17.905614852905273,1580.14697265625,119.56539154052734,0.014521989040076733,1.9999890077484403e-07,9.999944594610825e-07,14000,0.025346681475639343
0.0002201512543251738,0.9997798204421997,0.578769326210022,0.9997997879981995,0.6817663908004761,0.0003750078030861914,9.612752182874829e-05,7.697313412791118e-05,17.90851593017578,1334.979736328125,111.77916717529297,0.00023890164447948337,1.0998864782034039e-06,5.499427804277762e-06,14010,0.0017985340673476458
0.00021809736790601164,0.9997819662094116,0.6034756898880005,0.5927271842956543,0.4683174192905426,0.00036572132376022637,9.419819980394095e-05,7.656027446500957e-05,17.897239685058594,1220.256103515625,113.05574035644531,0.00023638343554921448,2.0993216674070424e-06,1.0496580929657719e-05,14020,0.002201678231358528
0.0002098985278280452,0.9997901916503906,0.6209080219268799,,0.4005625247955322,0.0003606262325774878,9.316070645581931e-05,7.583841943414882e-05,17.90367889404297,1089.04052734375,108.32271575927734,0.000227929835091345,3.097938860990188e-06,1.548961102660711e-05,14030,0.001555725233629346
0.0009729778976179659,0.9990270137786865,0.6393634080886841,0.18192489445209503,0.7986494302749634,0.0003782407147809863,9.993340790970251e-05,8.115363016258925e-05,17.907428741455078,1334.9073486328125,115.57804107666016,0.0009918899741023779,4.095372242359478e-06,2.0476674231690703e-05,14040,0.008897342719137669
0.0050269062630832195,0.9949731230735779,0.635547399520874,0.18275034427642822,0.793736457824707,0.00038341584149748087,0.00010175350325880572,8.081120904535055e-05,17.910205841064453,1335.3203125,116.0126953125,0.005046077072620392,5.091256485805364e-06,2.5455929155726025e-05,14050,0.03426975756883621
0.06449203193187714,0.9355079531669617,0.5911242961883545,0.5910214185714722,0.6409764885902405,0.0004508498532231897,0.00012037529813824221,6.636940088355914e-05,17.898204803466797,1089.93212890625,112.69575500488281,0.06451457738876343,6.085226906800968e-06,3.0425537641350332e-05,14060,0.13104534149169922
0.0025830308441072702,0.9974169731140137,0.44915449619293213,0.9997007846832275,0.9905350208282471,0.00039545109029859304,0.00010358916188124567,8.001211244845763e-05,17.857200622558594,1581.683837890625,120.36419677734375,0.002602803288027644,7.076919612078846e-06,3.5383665519468124e-05,14070,0.0211479552090168
0.0014124197186902165,0.9985875487327576,0.4096825420856476,0.5916378498077393,0.9973860383033752,0.00036243689828552306,8.989954221760854e-05,6.975953874643892e-05,17.85910415649414,1092.8388671875,117.8053970336914,0.0014305415097624063,8.065971649433797e-06,4.032848336431783e-05,14080,0.02806084044277668
0.06867422163486481,0.9313257932662964,0.5595124363899231,0.9996895790100098,0.7931303977966309,0.00044836700544692576,0.00011604790051933378,6.295309867709875e-05,17.88372039794922,1318.757080078125,115.71703338623047,0.06869664043188095,9.052021157199947e-06,4.52581672468967e-05,14090,0.06971348077058792
0.0008746061939746141,0.9991253614425659,0.46027132868766785,0.9997217059135437,0.5991718769073486,0.0003722465771716088,9.733402112033218e-05,7.986983109731227e-05,17.895153045654297,1341.2239990234375,118.64981842041016,0.0008932185010053217,1.003470751335044e-05,5.017089948648353e-05,14100,0.01717391610145569
0.00022141881345305592,0.9997785687446594,0.5362998247146606,0.5886493921279907,0.5994792580604553,0.00037723322748206556,9.769052849151194e-05,7.792085671098903e-05,17.88402557373047,1341.1871337890625,118.1451187133789,0.00024028046755120158,1.1013671484168219e-05,5.50648693999994e-05,14110,0.002515129977837205
0.0004745922051370144,0.9995253682136536,0.6250317096710205,0.17449407279491425,0.6006558537483215,0.0003337200323585421,8.811747829895467e-05,7.116417691577226e-05,17.894367218017578,855.1199951171875,114.3363037109375,0.0004912781878374517,1.198855537243641e-05,5.993827404894715e-05,14120,0.03613340109586716
0.006245843134820461,0.9937541484832764,0.5222837924957275,0.5856744050979614,0.9816099405288696,0.00038489463622681797,9.958283044397831e-05,7.643637945875525e-05,17.86573600769043,1342.537109375,120.8593978881836,0.0062650879845023155,1.2959003165097158e-05,6.478931898367153e-05,14130,0.030579321086406708
0.0009785568108782172,0.9990214705467224,0.49102783203125,0.7245624661445618,0.9976077079772949,0.0003781250270549208,9.684496035333723e-05,7.583099068142474e-05,17.878768920898438,1337.1842041015625,118.4339370727539,0.000997463008388877,1.392466068032772e-05,6.961621898468213e-05,14140,0.021881859749555588
0.00034185664844699204,0.9996581673622131,0.39724254608154297,0.999679446220398,0.9995979070663452,0.0003762644773814827,9.736305219121277e-05,7.826488581486046e-05,17.842571258544922,1342.676025390625,120.2768783569336,0.00036066985921934247,1.4885175713983e-05,7.4417198800783e-05,14150,0.006268553901463747
0.0002792066952679306,0.9997207522392273,0.40042418241500854,0.7956483364105225,0.9997018575668335,0.00037319707917049527,9.780636173672974e-05,7.937307236716151e-05,17.862241744995117,1216.461669921875,113.69554901123047,0.00029786655795760453,1.584019818535375e-05,7.919049388375273e-05,14160,0.004700569435954094
0.000340108759701252,0.9996598958969116,0.6848918795585632,,0.598080575466156,0.00037183513632044196,9.825103916227818e-05,8.063654968282208e-05,17.934860229492188,1242.66357421875,117.0560531616211,0.00035870051942765713,1.678938028219e-05,8.393435111932131e-05,14170,0.005452254321426153
0.00028670395840890706,0.9997132420539856,0.4769047498703003,0.9997309446334839,0.9996894598007202,0.0003819850389845669,9.963641787180677e-05,7.867582462495193e-05,17.853965759277344,1343.624267578125,118.17945861816406,0.00030580320162698627,1.7732376604939456e-05,8.864702955418978e-05,14180,0.0052383956499397755
0.06676972657442093,0.9332302808761597,0.5584354400634766,0.1772226095199585,0.8993093967437744,0.00045704172225669026,0.00012087601498933509,6.532963743666187e-05,17.894519805908203,1325.30224609375,118.95210266113281,0.0667925775051117,1.8668844310150828e-05,9.332680111884105e-05,14190,0.06229753792285919
0.06300249695777893,0.9369975328445435,0.5911257863044739,0.9997240900993347,0.8742786049842834,0.00047461953363381326,0.00012609035184141248,6.662889791186899e-05,17.88675308227539,1572.32275390625,119.61775207519531,0.06302622705698013,1.950093856019147e-05,9.748452870237923e-05,14200,0.1080566793680191
0.0013413847191259265,0.9986585974693298,0.4732058346271515,0.4566315710544586,0.6072884798049927,0.00036215255386196077,9.287105058319867e-05,7.596926297992468e-05,17.870216369628906,1215.239501953125,114.47100830078125,0.0013594923075288534,1.9451029506006105e-05,9.723296690401057e-05,14210,0.02961541712284088
0.0003001958248205483,0.9996998310089111,0.43852007389068604,0.19110392034053802,,0.00036195371649228036,9.340055839857087e-05,7.744171307422221e-05,17.848995208740234,1222.2734375,116.59651947021484,0.00031829351792111993,1.9398813225212593e-05,9.696977575132409e-05,14220,0.005824690219014883
0.0006333590135909617,0.9993666410446167,0.4064355790615082,0.9993754029273987,0.21426284313201904,0.0003485445922706276,9.065540507435799e-05,8.008491568034515e-05,17.84988021850586,1215.4288330078125,109.59362030029297,0.000650786270853132,1.934430260139689e-05,9.669502018279846e-05,14230,0.013492494821548462
0.06022772192955017,0.9397723078727722,0.6475005149841309,,0.696108877658844,0.00044381851330399513,0.00011440660455264151,6.539573951158673e-05,17.905054092407227,1460.4188232421875,116.66949462890625,0.06024991348385811,1.928751108423976e-05,9.6408767990259e-05,14240,0.054994627833366394
0.00032063780236057937,0.9996793866157532,0.3971847891807556,0.4710634648799896,0.9996201992034912,0.0003459375584498048,8.932624768931419e-05,7.253212243085727e-05,17.84401512145996,966.908203125,101.4617919921875,0.0003379346744623035,1.9228452686198273e-05,9.611108980215089e-05,14250,0.006058456841856241
0.03157085180282593,0.9684291481971741,0.4867854118347168,0.9995808601379395,0.41184449195861816,0.0004092297167517245,0.00010871147969737649,7.801663741702214e-05,17.891637802124023,1346.384765625,110.73072814941406,0.03159131482243538,1.9167141979048436e-05,9.580205906611282e-05,14260,0.06373060494661331
0.003845945466309786,0.9961540699005127,0.5433446764945984,0.6015433073043823,0.9942172169685364,0.00035538972588256,9.093248809222132e-05,6.936039426364005e-05,17.862333297729492,968.6303100585938,101.67967987060547,0.0038637148682028055,1.9103594090289827e-05,9.548175203085477e-05,14270,0.04664851725101471
0.009950968436896801,0.9900490641593933,0.5242016315460205,0.2083185315132141,0.9800369739532471,0.0003712238394655287,9.784815483726561e-05,7.747615745756775e-05,17.86272621154785,1101.18408203125,110.41996002197266,0.009969529695808887,1.9037824699413107e-05,9.515024772734486e-05,14280,0.0556802935898304
0.00027083963504992425,0.9997292160987854,0.4642740786075592,0.7362473011016846,0.6055498123168945,0.0003714443009812385,9.668411803431809e-05,7.721718429820612e-05,17.859516143798828,1225.276611328125,108.40522766113281,0.0002894118370022625,1.8969850034031354e-05,9.480762794930955e-05,14290,0.003436450148001313
0.004990934394299984,0.9950090646743774,0.4029635190963745,0.7985055446624756,0.9723886847496033,0.00038732585380785167,0.00010177584044868127,7.994305633474141e-05,17.87405014038086,1354.437255859375,115.6582260131836,0.0050103007815778255,1.8899686865876113e-05,9.445397723305233e-05,14300,0.03773751109838486
0.0005024616257287562,0.9994975924491882,0.5464579463005066,0.7286369204521179,0.1989961862564087,0.00033530505606904626,8.698462625034153e-05,6.766173464711756e-05,17.869937896728516,869.3377685546875,106.26934814453125,0.0005192268872633576,1.8827352506659263e-05,9.408938283659566e-05,14310,0.010060491040349007
0.025077002122998238,0.9749230146408081,0.6615641117095947,,0.5124894380569458,0.00041245718603022397,0.00010828731319634244,7.720218854956329e-05,17.893207550048828,1483.30126953125,116.61616516113281,0.025097625330090523,1.875286480380157e-05,9.371393471815135e-05,14320,0.06922437995672226
0.016739454120397568,0.9832605719566345,0.6179386973381042,0.9996566772460938,0.96666020154953,0.00039307359838858247,0.00010130443843081594,7.591230678372085e-05,17.89647674560547,1371.1514892578125,122.3101577758789,0.016759106889367104,1.867624213602914e-05,9.332772551392465e-05,14330,0.07730909436941147
0.0003661935916170478,0.9996337294578552,0.5215481519699097,0.9996426105499268,0.604137122631073,0.00037254716153256595,9.660370415076613e-05,7.699333218624815e-05,17.895061492919922,1236.102294921875,113.01384735107422,0.0003848209453281015,1.85975034088387e-05,9.29308505152577e-05,14340,0.005497850943356752
0.00031260313699021935,0.9996873736381531,0.4530928134918213,0.9996824264526367,0.2101924866437912,0.0003729637828655541,9.377009700983763e-05,7.43541750125587e-05,17.851741790771484,1363.18603515625,113.95941162109375,0.0003312513290438801,1.8516668049833013e-05,9.25234076451179e-05,14350,0.005321428179740906
0.017214685678482056,0.9827853441238403,0.3307443857192993,0.7958357930183411,0.8993070721626282,0.0004254589439369738,0.0001143220579251647,7.802329491823912e-05,17.868003845214844,1359.021728515625,117.64253234863281,0.017235958948731422,1.8433756003927332e-05,9.210549743393675e-05,14360,0.05199817940592766
0.0006948101217858493,0.9993051886558533,0.5300688743591309,0.18263289332389832,0.4686070382595062,0.0003486446803435683,9.149634570349008e-05,6.855934771010652e-05,17.878232955932617,862.1613159179688,104.36016082763672,0.0007122423266991973,1.834878772842835e-05,9.167722299480552e-05,14370,0.014507739804685116
0.00043668216676451266,0.9995633363723755,0.59052973985672,0.999580442905426,0.4717614948749542,0.0003883322642650455,0.00010120948718395084,7.68069876357913e-05,17.906661987304688,1247.3228759765625,110.6898422241211,0.00045609878725372255,1.8261784187986638e-05,9.123868999803365e-05,14380,0.01046025287359953
0.00033155546407215297,0.9996684789657593,0.3481188416481018,0.798566997051239,0.21687161922454834,0.00037299998803064227,9.47447624639608e-05,7.374347478616983e-05,17.829696655273438,1251.628173828125,117.14393615722656,0.00035020546056330204,1.817276684942394e-05,9.079000664507622e-05,14390,0.006112972740083933
0.00037132130819372833,0.9996286630630493,0.5033265352249146,0.19259776175022125,0.6000761985778809,0.0003472501994110644,9.060697630047798e-05,7.419117901008576e-05,17.884763717651367,994.7888793945312,109.39974212646484,0.0003886838094331324,1.808175767643655e-05,9.033128364183674e-05,14400,0.004899953491985798
0.0002235957799712196,0.9997763633728027,0.4839438199996948,0.7296672463417053,0.6022977828979492,0.0003722229157574475,9.534334094496444e-05,7.630561594851315e-05,17.874141693115234,1367.777099609375,115.20482635498047,0.00024220692284870893,1.7988779124176103e-05,8.986263417135226e-05,14410,0.002347709611058235
0.0007773168617859483,0.9992226958274841,0.511553943157196,0.9995801448822021,0.7366943359375,0.0003774355282075703,9.736867650644854e-05,7.919612107798457e-05,17.9110107421875,1499.4969482421875,115.9400405883789,0.0007961886585690081,1.78938541337091e-05,8.938417386586707e-05,14420,0.044974036514759064
0.0003846630279440433,0.9996153116226196,0.473993718624115,0.4652470052242279,0.466590017080307,0.000353793177055195,9.186254465021193e-05,7.296552212210372e-05,17.875743865966797,997.1361083984375,109.45336151123047,0.0004023526853416115,1.7797006126356545e-05,8.889602077830219e-05,14430,0.005715114995837212
0.0010257529793307185,0.9989742636680603,0.5305080413818359,0.7314737439155579,0.6001420021057129,0.00036840414395555854,9.519452578388155e-05,7.715795072726905e-05,17.903331756591797,1250.071044921875,112.0615005493164,0.0010441731428727508,1.769825899791509e-05,8.839829535312758e-05,14440,0.025583988055586815
0.0002597341372165829,0.9997402429580688,0.2799370288848877,0.8387462496757507,,0.00037754373624920845,9.608094114810228e-05,7.678593829041347e-05,17.847183227539062,1502.91650390625,119.14179992675781,0.0002786113182082772,1.759763711276109e-05,8.789112039664428e-05,14450,0.004120196215808392
0.0028724719304591417,0.9971275329589844,0.45692557096481323,0.8000505566596985,0.6004360318183899,0.00036839142558164895,9.56914373091422e-05,7.808687223587185e-05,17.883798599243164,1248.477294921875,111.48839569091797,0.002890891395509243,1.7495165297839067e-05,8.737462104668377e-05,14460,0.030327914282679558
0.010822940617799759,0.9891771078109741,0.6030723452568054,0.9997323155403137,0.4504182040691376,0.0003876206756103784,0.00010211179323960096,7.896134775364771e-05,17.884265899658203,1381.754638671875,113.20003509521484,0.010842321440577507,1.7390868836536036e-05,8.684892474173214e-05,14470,0.038131579756736755
0.0003266391286160797,0.9996733665466309,0.5638913512229919,0.9996438026428223,0.21512305736541748,0.00037961549242027104,9.834519732976332e-05,7.534287578891963e-05,17.891490936279297,1253.108154296875,110.50135803222656,0.00034561989014036953,1.72847734624432e-05,8.631416118948644e-05,14480,0.006393092218786478
0.0025720233097672462,0.9974279403686523,0.5097215175628662,0.7304326891899109,0.7319011092185974,0.00037720840191468596,9.78785683400929e-05,7.849764369893819e-05,17.880800247192383,1382.1824951171875,114.89308166503906,0.002590883756056428,1.7176905353006587e-05,8.577046233485137e-05,14490,0.02366054803133011
0.00030249214614741504,0.9996974468231201,0.48622003197669983,0.7324194312095642,0.9996752142906189,0.00037536228774115443,9.682337986305356e-05,7.771515083732083e-05,17.8702392578125,1385.5977783203125,119.63455963134766,0.00032126024598255754,1.7067291123068118e-05,8.521796232738375e-05,14500,0.005025570746511221
0.000803361355792731,0.9991967082023621,0.40721192955970764,0.5990830063819885,,0.00035466294502839446,9.335325012216344e-05,8.142416481859982e-05,17.861312866210938,1253.385009765625,115.18013763427734,0.0008210944943130016,1.695595781829885e-05,8.46567974881932e-05,14510,0.013876006938517094
0.0005131606594659388,0.9994867444038391,0.5366670489311218,0.9995331764221191,0.3980337977409363,0.0003575778682716191,9.037758718477562e-05,7.210313196992502e-05,17.87516212463379,1140.756103515625,113.51307678222656,0.0005310395499691367,1.6842932908525817e-05,8.40871062763069e-05,14520,0.009335930459201336
0.0003976420557592064,0.9996023774147034,0.20407190918922424,0.5915393233299255,,0.00036345719126984477,9.090947423828766e-05,7.033193833194673e-05,17.8167724609375,1132.99365234375,117.66519927978516,0.0004158149240538478,1.6728244280954277e-05,8.35090292545069e-05,14530,0.006530593149363995
0.0015942939789965749,0.9984056949615479,0.7295936346054077,0.19943705201148987,0.5140031576156616,0.0003503697516862303,9.345388389192522e-05,7.706629548920318e-05,17.925077438354492,1043.292236328125,112.6063461303711,0.0016118125058710575,1.661192023328696e-05,8.29227090546484e-05,14540,0.022669358178973198
0.00034687569132074714,0.9996531009674072,0.44575875997543335,0.7935963869094849,0.9996111392974854,0.0003704617847688496,9.57598676905036e-05,7.877995085436851e-05,17.855976104736328,1395.4598388671875,120.89556121826172,0.0003653987660072744,1.649398946674203e-05,8.23282903424674e-05,14550,0.00560129014775157
0.00038370853872038424,0.999616265296936,0.2450157254934311,0.4474075734615326,,0.00037053527194075286,9.889693319564685e-05,7.887872925493866e-05,17.835838317871094,1147.712158203125,126.04888153076172,0.0004022353095933795,1.6374481078971503e-05,8.172591978188665e-05,14560,0.007396027445793152
0.000338905694661662,0.9996610283851624,0.5731096863746643,0.9996933937072754,0.7362914681434631,0.0003664869291242212,9.249687718693167e-05,7.409867248497903e-05,17.910953521728516,1273.03955078125,117.28154754638672,0.00035723004839383066,1.6253424556881813e-05,8.111574599882852e-05,14570,0.00473769148811698
0.03437182679772377,0.9656281471252441,0.7068856358528137,0.9996367692947388,0.9542919993400574,0.00042207547812722623,0.00011095555237261578,7.718436245340854e-05,17.935302734375,1646.740478515625,119.9750747680664,0.03439293056726456,1.6130849769358378e-05,8.049791954454375e-05,14580,0.07596266269683838
0.0014263702323660254,0.9985736012458801,0.5700889825820923,0.9997169971466064,0.9970355033874512,0.0003757138620130718,9.652503649704158e-05,7.854218711145222e-05,17.889976501464844,1520.4599609375,119.58879852294922,0.0014451559400185943,1.6006786959895902e-05,7.98725928584652e-05,14590,0.01889108680188656
0.013894020579755306,0.9861059784889221,0.5767288208007812,0.9997415542602539,0.7056280970573425,0.00039485577144660056,0.00010482297511771321,8.128733315970749e-05,17.901992797851562,1520.5966796875,116.1824722290039,0.01391376368701458,1.5881266739136217e-05,7.923992023059568e-05,14600,0.04475641995668411
0.002868092618882656,0.9971319437026978,0.4144037961959839,0.7994695901870728,0.9919551610946655,0.0003732067416422069,9.465496987104416e-05,7.518794882344082e-05,17.862808227539062,1394.056396484375,116.28816223144531,0.002886753063648939,1.5754320077315606e-05,7.860005776343925e-05,14610,0.028680261224508286
0.00030623949714936316,0.999693751335144,0.4741389751434326,0.9996997714042664,0.20936620235443115,0.0003622493240982294,9.176997991744429e-05,7.259422272909433e-05,17.87673568725586,1139.53857421875,108.31719207763672,0.0003243519749958068,1.562597829662332e-05,7.795316333348522e-05,14620,0.005196089390665293
0.035403721034526825,0.9645962715148926,0.5962450504302979,,0.8766273260116577,0.0004235371889080852,0.00011252814147155732,7.603112317156047e-05,17.885391235351562,1520.4144287109375,118.12396240234375,0.03542489930987358,1.5496273063473334e-05,7.729939655225449e-05,14630,0.05729930102825165
0.001209235517308116,0.9987907409667969,0.6138219237327576,,0.4766804277896881,0.00032920512603595853,8.173156675184146e-05,6.324690184555948e-05,17.874191284179688,875.9912109375,102.25801849365234,0.0012256958289071918,1.53652363806911e-05,7.663891872691778e-05,14640,0.050675615668296814
0.06016983464360237,0.9398301243782043,0.5989603996276855,0.9997779130935669,0.37499502301216125,0.0004545593692455441,0.00012033366510877386,6.495064735645428e-05,17.885156631469727,1255.78173828125,110.11351776123047,0.06019256263971329,1.5232900579617357e-05,7.597189282049558e-05,14650,0.08554966747760773
0.0005003648111596704,0.9994995594024658,0.2891867160797119,0.7276999950408936,,0.0003715544880833477,9.48817323660478e-05,7.244668086059391e-05,17.8294620513916,1142.0577392578125,113.3376235961914,0.0005189425428397954,1.5099298312130834e-05,7.529848341164936e-05,14660,0.009876552037894726
0.0013107333797961473,0.9986891746520996,0.5126328468322754,0.4704735577106476,0.9962562322616577,0.00036623969208449125,9.325038263341412e-05,7.251893839566037e-05,17.87093162536621,1136.4417724609375,111.05633544921875,0.0013290453935042024,1.4964462542591896e-05,7.46188566540743e-05,14670,0.02225906401872635
0.00033877373789437115,0.9996611475944519,0.5027521252632141,0.9996668100357056,0.6076241135597229,0.00037190259899944067,9.544625936541706e-05,7.734345126664266e-05,17.871929168701172,1401.001220703125,113.04586029052734,0.0003573688736651093,1.4828426539709089e-05,7.39331802355034e-05,14680,0.006102356594055891
0.04167863354086876,0.9583212733268738,0.614766001701355,0.601038932800293,0.9270773530006409,0.0004249014600645751,0.0001133663608925417,7.787878712406382e-05,17.92270278930664,1528.77880859375,117.63506317138672,0.04169987887144089,1.4691223868330578e-05,7.324162333633292e-05,14690,0.0821981430053711
0.0003351529303472489,0.999664843082428,0.3859519362449646,0.8006211519241333,0.9995993375778198,0.0003724854323081672,9.527814108878374e-05,7.761808228679001e-05,17.86451530456543,1528.237060546875,117.70397186279297,0.00035377719905227423,1.455288838116251e-05,7.254435658787972e-05,14700,0.006076590158045292
0.00022813680698163807,0.9997718334197998,0.3245648145675659,0.9997764825820923,0.9997475743293762,0.00037621232331730425,9.495941048953682e-05,7.559634104836732e-05,17.839269638061523,1533.4114990234375,119.07903289794922,0.00024694742751307786,1.4413454210416389e-05,7.18415520302806e-05,14710,0.0032294883858412504
0.00023109212634153664,0.9997689127922058,0.5236435532569885,0.9997707009315491,0.9997642636299133,0.00038136623334139585,0.00010103112435899675,8.230615640059114e-05,17.88348960876465,1534.0931396484375,119.35749816894531,0.00025016043218784034,1.4272955759387452e-05,7.113338307004382e-05,14720,0.0027389535680413246
0.0002741787175182253,0.999725878238678,0.539232611656189,0.5969860553741455,0.6008780002593994,0.0003704340779222548,9.34503332246095e-05,7.49223618186079e-05,17.88426971435547,1407.253173828125,116.46856689453125,0.0002927004243247211,1.413142769396616e-05,7.042002443726378e-05,14730,0.004463837947696447
0.00033134306431747973,0.9996685981750488,0.4511316120624542,0.5971441268920898,,0.0003693297039717436,9.257663623429835e-05,7.293245289474726e-05,17.849044799804688,1276.17724609375,116.63240051269531,0.0003498095611575991,1.398890493408493e-05,6.97016521425089e-05,14740,0.005867199040949345
0.000928114983253181,0.9990719556808472,0.4989292025566101,0.5958564281463623,0.9974555969238281,0.00037981709465384483,9.874168608803302e-05,7.958513015182689e-05,17.880529403686523,1532.330322265625,118.48699188232422,0.0009471058147028089,1.384542264510215e-05,6.897844343339367e-05,14750,0.014461232349276543
0.000240415392909199,0.9997595548629761,0.40562334656715393,0.99976646900177,0.20415160059928894,0.00037688150769099593,9.932240936905146e-05,8.155172690749168e-05,17.893587112426758,1407.7130126953125,113.90398406982422,0.000259259482845664,1.370101622912565e-05,6.825057675084545e-05,14760,0.004043621942400932
0.0030663323123008013,0.99693363904953,0.593244731426239,0.9997657537460327,0.6005630493164062,0.0003687701828312129,9.972238331101835e-05,8.139530109474435e-05,17.923812866210938,1147.95263671875,109.96549224853516,0.003084770869463682,1.3555721316277778e-05,6.751823168507688e-05,14770,0.03221597522497177
0.0003199686179868877,0.9996800422668457,0.5913869738578796,0.9996950030326843,0.4694799482822418,0.0003658370114862919,9.51820402406156e-05,7.864568760851398e-05,17.902790069580078,1284.03271484375,116.0140609741211,0.0003382604627404362,1.3409573755904183e-05,6.678158893127462e-05,14780,0.005932721309363842
0.000363712984835729,0.9996362328529358,0.32253092527389526,0.5994945168495178,0.19601957499980927,0.00035481617669574916,8.960117702372372e-05,6.948508962523192e-05,17.833070755004883,1019.7413940429688,112.52153778076172,0.00038145380676724017,1.3262609607728532e-05,6.604083024501554e-05,14790,0.007208505179733038
0.00027957590646110475,0.9997203350067139,0.5192499160766602,0.601124107837677,0.5990701913833618,0.0003706983698066324,9.726428834255785e-05,7.854110299376771e-05,17.888383865356445,1281.639404296875,113.1014404296875,0.0002981108264066279,1.3114865132955319e-05,6.529613839742126e-05,14800,0.0039043929427862167
0.00029845390236005187,0.9997015595436096,0.3250057101249695,0.6807541847229004,0.1972796618938446,0.00036483805160969496,9.573630813974887e-05,7.948851271066815e-05,17.863842010498047,1278.1336669921875,113.70783996582031,0.0003166958049405366,1.2966376785322946e-05,6.454769713006212e-05,14810,0.0055463919416069984
0.01220028754323721,0.9877997040748596,0.5715844631195068,0.9997497200965881,0.5633887052536011,0.00038643612060695887,0.0001027335092658177,8.151333895511925e-05,17.907875061035156,1409.37646484375,112.70211029052734,0.012219609692692757,1.2817181202109306e-05,6.379569110962166e-05,14820,0.04661863297224045
0.0002882996923290193,0.9997116923332214,0.4586314857006073,0.7341421246528625,0.9996945858001709,0.00037571159191429615,9.680664516054094e-05,7.659282709937543e-05,17.87470245361328,1277.16357421875,110.58708953857422,0.0003070852835662663,1.2667315195092102e-05,6.304030588233292e-05,14830,0.005870230495929718
0.11539897322654724,0.8846009969711304,0.5509946346282959,0.6038497686386108,0.6519416570663452,0.0005454921629279852,0.0001467253314331174,5.3678864787798375e-05,17.890111923217773,1387.87109375,114.38207244873047,0.11542624980211258,1.2516815741466075e-05,6.228172782819769e-05,14840,0.08839837461709976
0.0008402459206990898,0.9991597533226013,0.6178245544433594,,0.7358999252319336,0.00037056655855849385,9.477401908952743e-05,7.569776062155142e-05,17.904483795166016,1278.858642578125,111.47418212890625,0.0008587742340750992,1.236571997471943e-05,6.152014411499996e-05,14850,0.013826855458319187
0.010224352590739727,0.9897755980491638,0.6183032393455505,0.733881950378418,0.5191420316696167,0.0003711144090630114,9.536360448691994e-05,7.323161844396964e-05,17.898319244384766,1146.2913818359375,104.57759094238281,0.010242908261716366,1.2214065175471716e-05,6.075574265212511e-05,14860,0.06793202459812164
0.0006839290144853294,0.9993160963058472,0.5681845545768738,0.9995334148406982,0.9990102648735046,0.00036503601586446166,9.69040411291644e-05,8.093126234598458e-05,17.893413543701172,1281.5533447265625,113.88818359375,0.0007021808414719999,1.2061888762275393e-05,5.998871204419617e-05,14870,0.015321790240705013
0.0003281687677372247,0.9996718764305115,0.5260845422744751,0.9997084140777588,0.6041738390922546,0.0003734466154128313,9.674063767306507e-05,7.873112190281972e-05,17.894556045532227,1426.515380859375,116.91271209716797,0.0003468410868663341,1.1909228282383349e-05,5.9219241544538294e-05,14880,0.005551660433411598
0.007780346553772688,0.9922196865081787,0.4589785039424896,0.6005765199661255,0.9870808124542236,0.00039509855560027063,0.0001028590340865776,7.466452370863408e-05,17.873823165893555,1282.916748046875,113.88823699951172,0.007800101302564144,1.175612140248469e-05,5.844752100848344e-05,14890,0.03636136278510094
0.00038287718780338764,0.9996171593666077,0.4875185787677765,0.6015783548355103,0.19954967498779297,0.0003382448630873114,9.213532030116767e-05,8.17767868284136e-05,17.881572723388672,1034.05078125,108.20306396484375,0.0003997894236817956,1.1602605899411047e-05,5.767374084652639e-05,14900,0.007760201580822468
0.00031395434052683413,0.9996861219406128,0.47070634365081787,0.9996998906135559,0.21069684624671936,0.000383204547688365,0.00010027617827290669,7.880587509134784e-05,17.88700294494629,1420.853515625,113.7889404296875,0.0003331145562697202,1.1448719650815696e-05,5.689809197734376e-05,14910,0.006074781529605389
0.00027632436831481755,0.9997236728668213,0.5331825017929077,0.999742329120636,,0.00037749760667793453,9.707700519356877e-05,7.730587822152302e-05,17.88408660888672,1424.8804931640625,117.14418029785156,0.0002951992501039058,1.1294500625827835e-05,5.6120765780687774e-05,14920,0.005168809089809656
0.0003070998063776642,0.9996929168701172,0.557967483997345,0.2038499116897583,0.4755833148956299,0.00032611595815978944,8.644885383546352e-05,7.153861952247098e-05,17.879512786865234,886.020263671875,102.9837646484375,0.0003234056057408452,1.1139986875684247e-05,5.534195405016605e-05,14930,0.00481313606724143
0.00020384883100632578,0.9997960925102234,0.4347887635231018,0.7336821556091309,0.6045507192611694,0.00035850139101967216,9.343652345705777e-05,7.646812446182594e-05,17.873111724853516,1155.509765625,112.5543441772461,0.0002217738947365433,1.0985216524340738e-05,5.456184894591947e-05,14940,0.0022207514848560095
0.005257895216345787,0.9947421550750732,0.6025265455245972,0.9997817873954773,0.5943076014518738,0.0003829769848380238,9.956520807463676e-05,7.79608017182909e-05,17.90128517150879,1425.1337890625,114.2643814086914,0.005277044139802456,1.0830227759065629e-05,5.378064294720958e-05,14950,0.037772536277770996
0.0002464457938913256,0.999753475189209,0.5433669090270996,0.7359833717346191,0.7374078631401062,0.00037335578235797584,9.52945847529918e-05,7.655120134586468e-05,17.902156829833984,1421.7362060546875,113.3041000366211,0.0002651135728228837,1.0675058821017607e-05,5.299852880492712e-05,14960,0.004602521192282438
0.00025276787346228957,0.9997471570968628,0.41065993905067444,0.7360596060752869,0.9996844530105591,0.0003782829735428095,0.00010052614379674196,8.141525177052245e-05,17.867835998535156,1425.06787109375,118.48809051513672,0.00027168201631866395,1.0519747995810284e-05,5.221569949403365e-05,14970,0.003729658666998148
0.05255288630723953,0.9474470615386963,0.6201800107955933,0.21114452183246613,0.8774159550666809,0.00044507236452773213,0.00011976359382970259,7.579903467558324e-05,17.9193115234375,1548.228759765625,118.3796615600586,0.052575141191482544,1.0364333604065819e-05,5.1432348165947914e-05,14980,0.07829532772302628
0.00025616693892516196,0.9997438788414001,0.49073347449302673,0.9997143745422363,,0.00037475384306162596,9.712080645840615e-05,7.830282265786082e-05,17.86667823791504,1422.75634765625,116.0006103515625,0.00027490462525747716,1.020885399195986e-05,5.064866810088859e-05,14990,0.004557381849735975
0.00021372726769186556,0.9997861981391907,0.4426770508289337,0.9997967481613159,0.2143300473690033,0.0003626453399192542,9.129683166975155e-05,7.052566797938198e-05,17.858871459960938,1155.8154296875,107.0016860961914,0.0002318595361430198,1.0053347521760204e-05,4.986485266018527e-05,15000,0.003138486761599779
0.0012865917524322867,0.9987133145332336,0.5440760254859924,0.9998034238815308,0.7344593405723572,0.0003786774177569896,9.758314263308421e-05,7.744132017251104e-05,17.89031982421875,1427.9615478515625,114.60533905029297,0.0013055256567895412,9.897852562361475e-06,4.908109523856945e-05,15010,0.01394905336201191
0.03328792378306389,0.9667121171951294,0.5672587156295776,0.6015853881835938,0.9497987031936646,0.00041189155308529735,0.00011123737931484357,8.045186405070126e-05,17.892004013061523,1422.83740234375,115.7397232055664,0.033308517187833786,9.742407479818189e-06,4.829758921645734e-05,15020,0.06941456347703934
0.00018402027490083128,0.9998160600662231,0.48621276021003723,0.7329936623573303,0.4728159010410309,0.00036096276016905904,9.427529585082084e-05,7.640696276212111e-05,17.876909255981445,1158.81396484375,109.04146575927734,0.00020206841873005033,9.587050627878485e-06,4.7514527912236e-05,15030,0.002142402110621333
0.00019137038907501847,0.9998086094856262,0.41596317291259766,0.9998217225074768,0.9997910857200623,0.00037903658812865615,9.658401540946215e-05,7.70367041695863e-05,17.861021041870117,1559.516357421875,119.61943817138672,0.00021032222139183432,9.431820338520925e-06,4.6732104534565065e-05,15040,0.0022413923870772123
0.00023315357975661755,0.9997668862342834,0.24838246405124664,0.8407958745956421,0.999732494354248,0.0003716655191965401,9.723252151161432e-05,8.072721539065242e-05,17.850845336914062,1556.370361328125,119.01783752441406,0.0002517368411645293,9.276754912496649e-06,4.595051213470533e-05,15050,0.005183972883969545
0.00021494776592589915,0.9997850060462952,0.3257431089878082,0.733372688293457,,0.0003681175294332206,9.425787720829248e-05,7.320161239476874e-05,17.839000701904297,1159.108642578125,108.8214111328125,0.00023335363948717713,9.121892609879233e-06,4.516994355888623e-05,15060,0.004384294152259827
0.012194817885756493,0.987805187702179,0.50005704164505,0.9997524619102478,0.9717922210693359,0.00040270338649861515,0.00010526688129175454,7.742864545434713e-05,17.873416900634766,1560.385986328125,118.05619049072266,0.01221495307981968,8.967271640624595e-06,4.4390591400723966e-05,15070,0.027773993089795113
0.00029507579165510833,0.999704897403717,0.6577295064926147,,0.45932164788246155,0.00036561215529218316,9.595153824193403e-05,8.155617979355156e-05,17.9118595123291,1456.87646484375,120.8848648071289,0.00031335640233010054,8.812930155143255e-06,4.361264795370186e-05,15080,0.005738565698266029
0.00024485119502060115,0.9997551441192627,0.3827667534351349,0.4696514904499054,,0.00036692115827463567,9.50403991737403e-05,7.492250006180257e-05,17.84374237060547,1159.255615234375,110.58843994140625,0.00026319726021029055,8.658906234887292e-06,4.283630516372484e-05,15090,0.003395820502191782
0.00022337624977808446,0.9997766613960266,0.38129615783691406,0.733128011226654,0.9997599720954895,0.0003715829225257039,9.714690531836823e-05,7.829981041140854e-05,17.860401153564453,1300.44677734375,117.7066879272461,0.0002419553929939866,8.505237882954321e-06,4.206175458175966e-05,15100,0.003940484020859003
0.00024285056861117482,0.9997571110725403,0.5169613361358643,0.9997533559799194,0.205412358045578,0.00036572033422999084,9.349943138659e-05,7.541937520727515e-05,17.853675842285156,1298.34326171875,113.52657318115234,0.000261136592598632,8.351963014710798e-06,4.128918731657261e-05,15110,0.004790651146322489
0.001904144650325179,0.9980959296226501,0.5660321712493896,0.9997034668922424,0.9968795776367188,0.00037814845563843846,9.675369074102491e-05,7.730376091785729e-05,17.8997802734375,1563.2098388671875,119.9943618774414,0.0019230521284043789,8.199119448436953e-06,4.0518793987576154e-05,15120,0.021072709932923317
0.00021499607828445733,0.9997850060462952,0.54656982421875,,0.9997832179069519,0.00038030280848033726,9.650961146689951e-05,7.599044329253957e-05,17.880014419555664,1564.23046875,119.10689544677734,0.00023401121143251657,8.046744895995718e-06,3.97507646777966e-05,15130,0.0030484271701425314
0.039471257477998734,0.9605287313461304,0.622025728225708,0.9998328685760498,0.6590381264686584,0.000427070539444685,0.000116354989586398,8.0075093137566e-05,17.891090393066406,1430.920166015625,116.69420623779297,0.03949261084198952,7.894876953527885e-06,3.898528888697388e-05,15140,0.06656551361083984
0.00020774517906829715,0.9997922778129578,0.649040162563324,,0.2051684409379959,0.00036710602580569685,9.76328446995467e-05,7.846739754313603e-05,17.910789489746094,1170.224365234375,109.2851333618164,0.00022610048472415656,7.743553092175802e-06,3.8222555484805304e-05,15150,0.0022448196541517973
0.0009773116325959563,0.9990227222442627,0.49125587940216064,0.9998118281364441,0.7359388470649719,0.0003703063994180411,9.519777086097747e-05,7.738747081020847e-05,17.877370834350586,1432.041015625,116.5188980102539,0.0009958269074559212,7.592810648837951e-06,3.7462752664344826e-05,15160,0.01132168248295784
0.0625256896018982,0.9374743103981018,0.7535324096679688,0.9997992515563965,0.7960572838783264,0.0004644535365514457,0.00011641143646556884,5.677219451172277e-05,17.938249588012695,1546.9111328125,117.36925506591797,0.0625489130616188,7.442686816956623e-06,3.6706067895569243e-05,15170,0.033578984439373016
0.00023720019089523703,0.999762773513794,0.6120290160179138,0.2027795910835266,0.6033120155334473,0.00035068494617007673,8.77040292834863e-05,6.781525735277683e-05,17.88825225830078,1031.204833984375,104.07158660888672,0.0002547344483900815,7.2932186373409795e-06,3.595268787912271e-05,15180,0.0034369139466434717
0.0007215486257337034,0.9992783069610596,0.4935879111289978,0.4634515047073364,0.8041609525680542,0.00036840615211986005,9.539833263261244e-05,7.462135545210913e-05,17.88007354736328,1164.208251953125,110.24433898925781,0.0007399689056910574,7.144442989027799e-06,3.520279850025123e-05,15190,0.014446066692471504
0.0005805393448099494,0.9994195103645325,0.5296691656112671,0.9997706413269043,0.7362508773803711,0.00037279468961060047,9.674800094217062e-05,8.006807183846831e-05,17.90083885192871,1562.07177734375,118.29670715332031,0.0005991790676489472,6.996396580182129e-06,3.44565847829382e-05,15200,0.012141005136072636
0.00020254521223250777,0.999797523021698,0.44653385877609253,0.19001638889312744,0.9997905492782593,0.0003762011765502393,9.638271876610816e-05,7.644577272003517e-05,17.876874923706055,1433.413818359375,119.1100082397461,0.00022135526523925364,6.849115939040083e-06,3.3714230844252536e-05,15210,0.0029726598877459764
0.03956422209739685,0.9604358077049255,0.6394509673118591,0.7307729125022888,0.7920422554016113,0.0004129929293412715,0.00011044963321182877,7.929486309876665e-05,17.927705764770508,1434.4498291015625,116.83802795410156,0.039584871381521225,6.702637404896058e-06,3.297591984892054e-05,15220,0.06409627944231033
0.00024113457766361535,0.9997588992118835,0.5344195365905762,0.1978125274181366,0.6044172048568726,0.00033352975151501596,9.159861656371504e-05,7.649281178601086e-05,17.87848663330078,896.0771484375,105.71675872802734,0.00025781107251532376,6.556997119136546e-06,3.2241833964132695e-05,15230,0.0029466368723660707
0.0004291773948352784,0.9995707869529724,0.5495471954345703,0.9998075366020203,0.7995232343673706,0.0003749056486412883,9.620374476071447e-05,7.791566895321012e-05,17.910497665405273,1568.193359375,118.03035736083984,0.0004479226772673428,6.4122310163227975e-06,3.1512154314596724e-05,15240,0.007771109230816364
0.013221755623817444,0.9867783188819885,0.4736407995223999,0.7315552234649658,0.9603962898254395,0.00038899548235349357,0.00010354298865422606,8.120533311739564e-05,17.87769889831543,1432.869140625,118.79536437988281,0.013241205364465714,6.268374815324497e-06,3.078706093784772e-05,15250,0.035380471497774124
0.00030872444040142,0.9996912479400635,0.5432202816009521,0.19319114089012146,0.9996654391288757,0.0003671078884508461,9.390900959260762e-05,7.56239824113436e-05,17.87913703918457,1303.18994140625,118.8038101196289,0.000327079847920686,6.125464010506683e-06,3.006673273982662e-05,15260,0.009612047113478184
0.003742168191820383,0.9962577819824219,0.5748229622840881,0.9998085498809814,0.5974013805389404,0.0003816318931058049,9.831329225562513e-05,7.704172458034009e-05,17.921733856201172,1440.0675048828125,116.0157470703125,0.003761249827221036,5.983533862972012e-06,2.9351347450737717e-05,15270,0.03442717343568802
0.07941275835037231,0.9205872416496277,0.711209774017334,0.999773383140564,0.4448276162147522,0.000479124573757872,0.00012388441246002913,5.6212575145764276e-05,17.936176300048828,1288.26806640625,110.26604461669922,0.07943671196699142,5.842619391860652e-06,2.864108158119662e-05,15280,0.07672534883022308
0.0034210204612463713,0.9965790510177612,0.5597885251045227,0.19488540291786194,0.9900565147399902,0.0003800349368248135,9.887196210911497e-05,7.826409273548052e-05,17.89224624633789,1435.583984375,118.21111297607422,0.003440022235736251,5.70275536570979e-06,2.793611037867864e-05,15290,0.030549265444278717
0.05221901461482048,0.9477809071540833,0.4532344341278076,0.7319801449775696,0.8170997500419617,0.00043947354424744844,0.00011632149835349992,7.248781912494451e-05,17.882890701293945,1559.222412109375,120.43151092529297,0.05224099010229111,5.56397629387506e-06,2.7236607784279348e-05,15300,0.06893397122621536
0.0001707281480776146,0.9998292326927185,0.4887426495552063,0.9998569488525391,0.5923066735267639,0.00037424603942781687,9.755160135682672e-05,7.941045623738319e-05,17.88848304748535,1443.84716796875,119.4811782836914,0.00018944045586977154,5.426316418015839e-06,2.654274638979701e-05,15310,0.0013306370237842202
0.0005121319554746151,0.9994878768920898,0.4869720935821533,0.19596220552921295,0.9978135824203491,0.00037772656651213765,9.594322182238102e-05,7.520298822782934e-05,17.862823486328125,1436.173583984375,118.3948745727539,0.0005310183041729033,5.289809703646641e-06,2.5854697395148222e-05,15320,0.005314460024237633
0.06258923560380936,0.9374107718467712,0.5965699553489685,0.5981838703155518,0.5277146697044373,0.00044363789493218064,0.00011812563752755523,6.924204353708774e-05,17.911331176757812,1291.62109375,110.1241455078125,0.0626114159822464,5.154489831756643e-06,2.517263056612692e-05,15330,0.12375621497631073
0.0001815107389120385,0.9998185634613037,0.48443418741226196,0.7322103977203369,0.9997832179069519,0.0003792578063439578,9.706100536277518e-05,7.741151057416573e-05,17.885400772094727,1569.497314453125,120.3150405883789,0.00020047363068442792,5.02039019049941e-06,2.449671419251723e-05,15340,0.002028506714850664
0.02013213187456131,0.9798678159713745,0.6859708428382874,,0.8163931965827942,0.00039796571945771575,0.00010648688476067036,8.039420208660886e-05,17.923809051513672,1438.9010009765625,117.85955810546875,0.020152030512690544,4.887543866954835e-06,2.3827115046570327e-05,15350,0.034562066197395325
0.10875188559293747,0.8912481069564819,0.4949871897697449,0.5978538393974304,0.5562743544578552,0.0005072959465906024,0.0001313110551564023,4.746787453768775e-05,17.87765884399414,1153.699951171875,114.65044403076172,0.1087772473692894,4.755983638965428e-06,2.3163998341856048e-05,15360,0.07394961267709732
0.0002025094290729612,0.9997974634170532,0.6020416021347046,,0.40503430366516113,0.0003668302670121193,9.333356865681708e-05,7.481881766580045e-05,17.903514862060547,1306.173095703125,112.0042724609375,0.00022085093951318413,4.625741967048877e-06,2.250752769249889e-05,15370,0.0029800254851579666
0.10331699997186661,0.8966830372810364,0.4690755605697632,0.7311003804206848,0.6378044486045837,0.000509971403516829,0.00013563824177253991,6.05888562859036e-05,17.904726028442383,1548.41748046875,120.63726806640625,0.10334249585866928,4.496850986388873e-06,2.1857865072808564e-05,15380,0.07427393645048141
0.03343765437602997,0.9665623307228088,0.4475921392440796,0.7973729968070984,0.5216288566589355,0.00041270177462138236,0.00011141960567329079,7.843874482205138e-05,17.881336212158203,1302.184814453125,113.27484130859375,0.03345828875899315,4.369342498906261e-06,2.12151707773154e-05,15390,0.0981503501534462
0.09217280149459839,0.9078271985054016,0.4046410620212555,0.5956853032112122,0.40411025285720825,0.0004578869848046452,0.0001239750999957323,6.695073534501716e-05,17.86286163330078,1178.23486328125,117.66173553466797,0.09219569712877274,4.24324796541238e-06,2.057960338121998e-05,15400,0.1356838494539261
0.00017520452092867345,0.9998248219490051,0.43685516715049744,0.7305922508239746,0.6064974069595337,0.0003740539832506329,9.415827662451193e-05,7.416609150823206e-05,17.85283851623535,1435.5089111328125,115.8201904296875,0.00019390722445677966,4.118598497846564e-06,1.9951319701267026e-05,15410,0.001821148325689137
0.08576501905918121,0.91423499584198,0.6141882538795471,0.9998198747634888,0.6946954727172852,0.0004886648966930807,0.00012838831753470004,5.520439299289137e-05,17.902183532714844,1292.780517578125,117.7742691040039,0.08578944951295853,3.995424851599776e-06,1.933047475705342e-05,15420,0.030948428437113762
0.00813414715230465,0.991865873336792,0.4045613706111908,0.5939514636993408,0.9596201181411743,0.0003850501962006092,0.00010131558519788086,7.718135020695627e-05,17.842525482177734,1304.227783203125,117.36759185791016,0.0081533994525671,3.873757417926138e-06,1.8717221732779223e-05,15430,0.03604649379849434
0.0022454443387687206,0.9977545738220215,0.5727903842926025,0.5950475335121155,0.9949806332588196,0.0003774079668801278,9.792836499400437e-05,7.987033313838765e-05,17.917436599731445,1570.8856201171875,120.60713958740234,0.0022643147967755795,3.7536262164443545e-06,1.8111711939451846e-05,15440,0.03164176270365715
0.00016796260024420917,0.9998320937156677,0.3789726793766022,0.9998396635055542,0.20827335119247437,0.0003763129934668541,9.834412776399404e-05,7.924728561192751e-05,17.873201370239258,1439.342041015625,114.37224578857422,0.00018677825573831797,3.6350608877308385e-06,1.751409477755241e-05,15450,0.0015603952342644334
0.008056466467678547,0.9919435381889343,0.4958454668521881,0.45975497364997864,0.4599641263484955,0.000357746408553794,9.415049134986475e-05,7.476629252778366e-05,17.89598846435547,1044.716064453125,111.44689178466797,0.008074353449046612,3.5180906860063135e-06,1.6924517700173237e-05,15460,0.04778188839554787
0.0001983360998565331,0.999801754951477,0.6025537252426147,0.1899351179599762,0.6019408106803894,0.00034144113305956125,9.660156501922756e-05,7.939888746477664e-05,17.881378173828125,907.3250732421875,109.19066619873047,0.00021540815941989422,3.4027444719177938e-06,1.6343126176636152e-05,15470,0.002181271556764841
0.0017908874433487654,0.9982091784477234,0.34984880685806274,0.5932067632675171,0.9916580319404602,0.00037103198701515794,9.930462692864239e-05,8.1890873843804e-05,17.849224090576172,1306.505126953125,118.3701400756836,0.0018094390397891402,3.2890507054176425e-06,1.5770063656600038e-05,15480,0.0258475374430418
0.0001909903803607449,0.9998089671134949,0.5034477710723877,0.18218380212783813,0.9997954368591309,0.00036353160976432264,9.274221520172432e-05,7.298906712094322e-05,17.85757064819336,1176.186767578125,116.28617095947266,0.0002091669593937695,3.1770374387415035e-06,1.520547153466677e-05,15490,0.0021518461871892214
0.00018922079470939934,0.9998107552528381,0.4788368046283722,0.9998168349266052,0.7350666522979736,0.0003690263838507235,9.277377102989703e-05,7.34760396881029e-05,17.888652801513672,1308.0093994140625,116.4107666015625,0.00020767211390193552,3.066732309486847e-06,1.4649489115494309e-05,15500,0.0018164770444855094
0.0001888039114419371,0.9998111128807068,0.39290565252304077,0.8390510678291321,0.2006988376379013,0.0003675827174447477,9.679373761173338e-05,8.031846664380282e-05,17.891939163208008,1306.132568359375,114.76216125488281,0.00020718305313494056,2.958162533793783e-06,1.4102253579425229e-05,15510,0.0025475407019257545
0.00016175268683582544,0.9998382329940796,0.3449707329273224,0.7949155569076538,,0.00037664055707864463,9.526193025521934e-05,7.413649291265756e-05,17.83219337463379,1442.748779296875,120.52497863769531,0.00018058471323456615,2.8513548996298926e-06,1.3563899948639557e-05,15520,0.001521353144198656
0.00019629477174021304,0.9998037219047546,0.6414313912391663,0.9998323917388916,0.6048216819763184,0.0003478572762105614,9.023562597576529e-05,7.364693010458723e-05,17.906639099121094,1045.84814453125,110.89814758300781,0.0002136876282747835,2.7463357601807157e-06,1.3034561053840173e-05,15530,0.0012677849736064672
0.007243226282298565,0.992756724357605,0.4879000782966614,0.189530611038208,0.9571360945701599,0.00037966889794915915,9.820800187299028e-05,7.809729140717536e-05,17.86931610107422,1438.037841796875,117.0261459350586,0.0072622098959982395,2.6431310273474742e-06,1.2514367501478682e-05,15540,0.028261439874768257
0.00017844299145508558,0.9998216032981873,0.6104549169540405,0.9998254776000977,0.6068172454833984,0.00037664719275198877,9.861253784038126e-05,7.994673069333658e-05,17.921035766601562,1437.29833984375,115.5676498413086,0.00019727535254787654,2.5417661653537065e-06,1.2003447641530297e-05,15550,0.0015320624224841595
0.0003614308952819556,0.999638557434082,0.4673389196395874,0.5961464047431946,0.9994325041770935,0.00035936952917836607,9.254087490262464e-05,7.428880780935287e-05,17.86739730834961,1178.32373046875,119.24996185302734,0.00037939936737529933,2.4422661844623606e-06,1.1501927535825434e-05,15560,0.014749730937182903
0.017658932134509087,0.9823410511016846,0.6117278337478638,0.9998263120651245,0.9691288471221924,0.0003980312030762434,0.00010504121019039303,8.025200077099726e-05,17.903942108154297,1579.4246826171875,122.5636978149414,0.01767883449792862,2.344655634804865e-06,1.1009930926945733e-05,15570,0.04256854206323624
0.0018500469159334898,0.9981499910354614,0.5648444890975952,0.9998459815979004,0.72987300157547,0.0003798771358560771,9.685222175903618e-05,7.697327964706346e-05,17.900188446044922,1574.2044677734375,120.27127838134766,0.0018690407741814852,2.2489586003237772e-06,1.0527579207692573e-05,15580,0.025580957531929016
0.00017542352725286037,0.9998245239257812,0.4090426564216614,0.7970600128173828,0.20875397324562073,0.0003698918444570154,9.473008685745299e-05,7.471772551070899e-05,17.867576599121094,1312.8746337890625,117.81917572021484,0.0001939181238412857,2.1551986928304028e-06,1.005499139113506e-05,15590,0.0017601781291887164
0.0021204128861427307,0.9978795647621155,0.5882042646408081,,0.9880459904670715,0.00037557174800895154,9.690216393209994e-05,7.757157436572015e-05,17.88723373413086,1444.4454345703125,120.7078628540039,0.0021391913760453463,2.063399046178957e-06,9.59228408124545e-06,15600,0.03055361844599247
0.0002615659323055297,0.9997384548187256,0.498540461063385,0.18764373660087585,0.46712175011634827,0.00028426057542674243,8.100661216303706e-05,7.089093560352921e-05,17.869022369384766,782.344970703125,112.27266693115234,0.00027577896253205836,1.973582310558627e-06,9.139571444128836e-06,15610,0.0022771568037569523
0.14344127476215363,0.8565587401390076,0.4776633381843567,0.4582948684692383,0.3794889450073242,0.0005476492806337774,0.00014823667879682034,4.352976247901097e-05,17.874576568603516,1023.8592529296875,112.56855773925781,0.14346866309642792,1.885770646904969e-06,8.696965179854339e-06,15620,0.09538324177265167
0.00017646574997343123,0.9998235106468201,0.4784776568412781,0.190974622964859,0.20451216399669647,0.00035418025800026953,9.579020115779713e-05,7.82329952926375e-05,17.860441207885742,1043.2724609375,111.4026870727539,0.00019417476141825318,1.7999857214320322e-06,8.264574494894787e-06,15630,0.0015370126347988844
0.0003194677992723882,0.9996804594993591,0.6398576498031616,0.595302939414978,0.6814146041870117,0.0003581196069717407,9.210469579556957e-05,7.488357368856668e-05,17.91797637939453,1179.8466796875,113.33052825927734,0.00033737378544174135,1.7162487002865568e-06,7.842506075181736e-06,15640,0.00778804300352931
0.00016184586274903268,0.9998381733894348,0.2646573483943939,0.9998384118080139,,0.0003803657309617847,9.817189129535109e-05,7.812592230038717e-05,17.826391220092773,1572.7127685546875,121.4102783203125,0.00018086415366269648,1.6345802443255206e-06,7.430864059782169e-06,15650,0.0015811225166544318
0.00015592698764521629,0.9998440742492676,0.45694613456726074,0.5973129868507385,0.6067715287208557,0.0003775760706048459,9.912038512993604e-05,7.955044566188008e-05,17.878963470458984,1436.908447265625,115.98229217529297,0.00017480578389950097,1.555000504018399e-06,7.029750015203849e-06,15660,0.0007801804458722472
0.06064421311020851,0.9393557906150818,0.48314157128334045,0.7973230481147766,0.7875499725341797,0.00045855744974687696,0.00011676739086396992,6.0107533499831334e-05,17.89858627319336,1551.464599609375,121.0410385131836,0.060667142271995544,1.4775291144753417e-06,6.639262910335308e-06,15670,0.042561836540699005
0.0001863198122009635,0.9998137354850769,0.5602084398269653,0.1884976476430893,0.20204555988311768,0.0003512964176479727,9.056593989953399e-05,7.172889309003949e-05,17.877376556396484,1042.6361083984375,109.38044738769531,0.00020388462871778756,1.4021851906024841e-06,6.2594990920266625e-06,15680,0.0013207700103521347
0.00015787426673341542,0.9998422265052795,0.5704349279403687,0.9998515844345093,0.4021739363670349,0.0003725383139681071,9.860741556622088e-05,7.983717659953982e-05,17.91132164001465,1310.249267578125,112.4627914428711,0.0001765011838870123,1.3289873223856527e-06,5.890552261317583e-06,15690,0.0013407025253400207
0.0034952331334352493,0.9965046644210815,0.5437552332878113,0.4591151773929596,0.5990402698516846,0.0003515499993227422,9.152591519523412e-05,7.226999150589108e-05,17.879131317138672,1042.447509765625,111.41942596435547,0.003512810682877898,1.2579535703035406e-06,5.532513450317846e-06,15700,0.03481665998697281
0.02765626460313797,0.9723437428474426,0.6395988464355469,0.18874073028564453,0.961225688457489,0.0004103788232896477,0.00010787599603645504,7.750882650725543e-05,17.924762725830078,1570.866455078125,120.8625259399414,0.027676783502101898,1.189101460871574e-06,5.18547099974662e-06,15710,0.053759489208459854
0.030581990256905556,0.9694180488586426,0.5860030651092529,0.7293092608451843,0.7602466344833374,0.00040137048927135766,0.00010823269985849038,8.007822907529771e-05,17.90534782409668,1319.6357421875,120.84574127197266,0.03060205839574337,1.1224479823175017e-06,4.849510537135689e-06,15720,0.0594586543738842
0.00019360947771929204,0.9998064041137695,0.532145619392395,,0.6022603511810303,0.0003663578536361456,9.481133747613057e-05,7.793115946697071e-05,17.874902725219727,1312.8553466796875,119.76335906982422,0.00021192737040109932,1.058009580389798e-06,4.5247149557021134e-06,15730,0.0013263380387797952
0.0001525444386061281,0.9998474717140198,0.38929492235183716,0.5919559001922607,0.19886468350887299,0.00036501645809039474,9.761650289874524e-05,7.97356478869915e-05,17.84623908996582,1175.745849609375,116.36441802978516,0.00017079526151064783,9.958021542999238e-07,4.211164393895575e-06,15740,0.0008598590502515435
0.020667586475610733,0.979332447052002,0.5397926568984985,0.7292356491088867,0.9278309941291809,0.00040393907693214715,0.0001064324242179282,7.946901314426214e-05,17.877531051635742,1574.5482177734375,121.3930892944336,0.020687783136963844,9.358410527994439e-07,3.90893621562548e-06,15750,0.053725715726614
0.00019921986677218229,0.9998008608818054,0.5031813979148865,0.19196216762065887,0.20880116522312164,0.0002814053150359541,7.935964094940573e-05,7.068591366987675e-05,17.874116897583008,775.5662841796875,107.04915618896484,0.00021329012815840542,8.781410703929284e-07,3.618104991172438e-06,15760,0.0015837264945730567
0.00017030793242156506,0.9998297095298767,0.45273494720458984,0.7292625308036804,0.20278407633304596,0.0003615569439716637,9.126846271101385e-05,7.196314982138574e-05,17.85260009765625,1177.199951171875,113.5046615600586,0.0001883857767097652,8.227164436876585e-07,3.3387424787893094e-06,15770,0.0007442235946655273
0.00015778701344970614,0.9998421669006348,0.44465428590774536,0.999854326248169,0.9998235702514648,0.0003785254084505141,9.960722672985867e-05,8.052091288845986e-05,17.8670654296875,1445.7476806640625,121.15162658691406,0.00017671327805146575,7.69580847880934e-07,3.0709176069958188e-06,15780,0.0005965103046037257
0.06954635679721832,0.9304537177085876,0.40319520235061646,0.7967517375946045,0.8241322040557861,0.00046635032049380243,0.00012122611951781437,6.006106923450716e-05,17.860990524291992,1297.5003662109375,120.10051727294922,0.0695696771144867,7.187473933859344e-07,2.8146964575715284e-06,15790,0.10495643317699432
0.00016514110029675066,0.9998348355293274,0.5881490707397461,0.9998486042022705,0.9998290538787842,0.00037832633825019,9.827881876844913e-05,8.005243580555543e-05,17.910337448120117,1573.872314453125,119.4921875,0.00018405741138849407,6.702286225969232e-07,2.5701422492511584e-06,15800,0.0013696638634428382
0.0007854883442632854,0.9992145299911499,0.42439764738082886,0.7298505902290344,0.9976360201835632,0.00037788358167745173,9.648469858802855e-05,7.701627328060567e-05,17.859817504882812,1573.522216796875,121.19176483154297,0.0008043825509957969,6.240365067945898e-07,2.337315322126266e-06,15810,0.009532011114060879
0.0007840917096473277,0.9992159008979797,0.6007075309753418,0.19032257795333862,0.9983808398246765,0.00037974707083776593,9.684826363809407e-05,7.681666465941817e-05,17.896297454833984,1575.4107666015625,120.879150390625,0.0008030790486373007,5.801824431923163e-07,2.1162731227572306e-06,15820,0.019884318113327026
0.0013033043360337615,0.9986966848373413,0.5198643207550049,0.5963273644447327,0.7316394448280334,0.0003756452933885157,9.653875895310193e-05,7.690174243180081e-05,17.88833236694336,1441.6175537109375,118.1632080078125,0.0013220865512266755,5.386772521240984e-07,1.907070189999243e-06,15830,0.011052176356315613
0.0001590175525052473,0.999841034412384,0.41200244426727295,0.392894983291626,0.6012156009674072,0.0003652611922007054,9.590470290277153e-05,7.707253098487854e-05,17.850568771362305,1174.3472900390625,114.41304016113281,0.0001772806135704741,4.995311743747752e-07,1.7097581415455839e-06,15840,0.0006790318293496966
0.00017685849161352962,0.9998230934143066,0.5780494809150696,0.5952035188674927,0.7365309596061707,0.00037324076402001083,0.00010013027349486947,8.229148807004094e-05,17.898632049560547,1316.004150390625,117.29277801513672,0.00019552052253857255,4.627538686532766e-07,1.5243856611917676e-06,15850,0.0009040128206834197
0.005458656698465347,0.994541347026825,0.46498602628707886,0.5947195291519165,0.7286052703857422,0.0003733707417268306,9.404408046975732e-05,7.302391895791516e-05,17.867721557617188,1307.9927978515625,115.44062805175781,0.0054773250594735146,4.283544092094779e-07,1.35099848682353e-06,15860,0.0363459438085556
0.042419787496328354,0.9575802087783813,0.7612601518630981,,0.641503095626831,0.00041660916758701205,0.0001142730689025484,7.875591836636886e-05,17.91943359375,1209.5028076171875,120.95417785644531,0.04244061931967735,3.9634128359526845e-07,1.1896393991317067e-06,15870,0.06983479112386703
0.05905064940452576,0.9409494400024414,0.46809718012809753,0.7311181426048279,0.4602159857749939,0.000452530977781862,0.00012152103590779006,6.887494237162173e-05,17.871177673339844,1299.6212158203125,113.72419738769531,0.059073276817798615,3.6672239057036883e-07,1.0403482110567077e-06,15880,0.1016986295580864
0.004930236842483282,0.9950698018074036,0.5910744667053223,0.5944567918777466,0.9886663556098938,0.00038206353201530874,9.780513937585056e-05,7.665834709769115e-05,17.900943756103516,1575.101806640625,121.14363098144531,0.004949340131133795,3.395050381534371e-07,9.03161757965304e-07,15890,0.02857314981520176
0.012729240581393242,0.9872707724571228,0.539147138595581,0.1888744831085205,0.9618943929672241,0.0003874619142152369,9.847743785940111e-05,7.45603465475142e-05,17.862525939941406,1441.736083984375,118.32814025878906,0.012748613953590393,3.1469594181891915e-07,7.781138885620268e-07,15900,0.04131055250763893
0.0062326062470674515,0.9937673807144165,0.5283985137939453,0.5944908857345581,0.7277029156684875,0.0003748940653167665,9.423238225281239e-05,7.282359001692384e-05,17.886363983154297,1307.855224609375,114.00813293457031,0.006251350976526737,2.9230122284011134e-07,6.652354565375309e-07,15910,0.03402639552950859
0.00016514638264197856,0.9998348951339722,0.403980553150177,0.4595324695110321,0.19440633058547974,0.00035032385494560003,9.163661889033392e-05,7.367016951320693e-05,17.86470603942871,1046.094482421875,113.2546615600586,0.00018266258121002465,2.7232640677881973e-07,5.645543129558692e-07,15920,0.0006830720813013613
0.0001553535257698968,0.9998445510864258,0.43460533022880554,0.5933510065078735,0.1988852173089981,0.00034848853829316795,8.95451448741369e-05,7.240833656396717e-05,17.860322952270508,1044.77099609375,112.25530242919922,0.0001727779454085976,2.547764221220186e-07,4.7609529938269973e-07,15930,0.0006438455893658102
0.00016356560809072107,0.9998363852500916,0.3446461856365204,0.798957109451294,0.20211681723594666,0.00036250692210160196,9.184345981338993e-05,7.268010813277215e-05,17.839078903198242,1180.2724609375,117.6201400756836,0.0001816909498302266,2.396555990658171e-07,3.9988024175598694e-07,15940,0.0006458320422098041
0.00018048685160465539,0.9998195767402649,0.7420169711112976,,0.3612118065357208,0.0003636072506196797,9.614103328203782e-05,7.836491568014026e-05,17.934974670410156,1224.236328125,112.79469299316406,0.00019866721413563937,2.2696766844704465e-07,3.359279450007603e-07,15950,0.0009171834099106491
0.0017701536417007446,0.9982298612594604,0.6292704939842224,0.9998300075531006,0.7311795353889465,0.0003764070861507207,9.48697779676877e-05,7.396356522804126e-05,17.912769317626953,1448.572265625,119.433837890625,0.0017889740411192179,2.1671576082272972e-07,2.842541883893144e-07,15960,0.02000625617802143
0.11615641415119171,0.8838435411453247,0.6514960527420044,0.5956498384475708,0.31283867359161377,0.000492237857542932,0.00013833522098138928,6.305619172053412e-05,17.922574996948242,1036.1348876953125,109.6776123046875,0.11618102341890335,2.0890240569767493e-07,2.4487172164787665e-07,15970,0.1295369267463684
0.00015281476953532547,0.9998471736907959,0.45987942814826965,0.9998483657836914,0.9998525977134705,0.00037467520451173186,9.526884241495281e-05,7.549893780378625e-05,17.855968475341797,1442.2841796875,119.56197357177734,0.00017154852685052902,2.0352953090034333e-07,2.1779026181082143e-07,15980,0.0005538369296118617
0.00018413408542983234,0.9998158812522888,0.5831546783447266,0.18999266624450684,0.999795138835907,0.0003737497318070382,9.42750702961348e-05,7.465769158443436e-05,17.901634216308594,1440.9197998046875,117.95111083984375,0.00020282156765460968,2.0059846210719635e-07,2.030164908231411e-07,15990,0.0007862907950766385
0.00017677381401881576,0.9998231530189514,0.4165817201137543,0.5964120626449585,0.9998064041137695,0.00037079438334330916,9.798078826861456e-05,8.061341941356659e-05,17.87160873413086,1305.36376953125,115.05449676513672,0.00019531353609636426,1.9999890077484403e-07,9.999944594610825e-07,16000,0.0014192248927429318
0.00017238316650036722,0.9998276233673096,0.5765876770019531,,0.9998193979263306,0.000379564386093989,9.765455615706742e-05,7.815201388439164e-05,17.883506774902344,1575.567138671875,120.9735107421875,0.0001913613814394921,1.0998864782034039e-06,5.499427804277762e-06,16010,0.0009471855591982603
0.00024077425769064575,0.9997591972351074,0.48152661323547363,0.9998399019241333,0.9992099404335022,0.00037927573430351913,9.784778376342729e-05,7.961771916598082e-05,17.890220642089844,1707.5699462890625,122.75146484375,0.0002597380371298641,2.0993216674070424e-06,1.0496580929657719e-05,16020,0.006681299768388271
0.00017026076966430992,0.9998296499252319,0.4954065978527069,0.1905597746372223,0.999823808670044,0.00037114633596502244,9.576563024893403e-05,7.654956425540149e-05,17.873014450073242,1307.8916015625,117.30217742919922,0.00018881808500736952,3.097938860990188e-06,1.548961102660711e-05,16030,0.0010089632123708725
0.00017250272503588349,0.99982750415802,0.3949507176876068,0.9998257756233215,0.21218480169773102,0.00037670391611754894,9.549691458232701e-05,7.43087221053429e-05,17.851436614990234,1441.53125,117.5234375,0.00019133792375214398,4.095372242359478e-06,2.0476674231690703e-05,16040,0.0014546368038281798
0.013088897801935673,0.9869111776351929,0.5395154356956482,0.7298405766487122,0.39405739307403564,0.00037160248029977083,9.487023635301739e-05,7.256697426782921e-05,17.89654541015625,1174.246337890625,109.53881072998047,0.013107477687299252,5.091256485805364e-06,2.5455929155726025e-05,16050,0.05081295594573021
0.00015493576938752085,0.999845027923584,0.4880477786064148,0.19489574432373047,0.2094959020614624,0.0003525863867253065,9.36620999709703e-05,7.60312395868823e-05,17.86865234375,1038.84326171875,107.5241928100586,0.00017256509454455227,6.085226906800968e-06,3.0425537641350332e-05,16060,0.0017279592575505376
0.006399399600923061,0.9936005473136902,0.31766191124916077,0.5203045606613159,0.9682427048683167,0.00037798474659211934,9.995386062655598e-05,7.965399709064513e-05,17.864166259765625,1303.732177734375,114.78529357910156,0.006418298929929733,7.076919612078846e-06,3.5383665519468124e-05,16070,0.032207198441028595
0.00024211188429035246,0.9997579455375671,0.5143207311630249,0.18597383797168732,0.5961107015609741,0.000370203226339072,9.571926784701645e-05,7.805757923051715e-05,17.880327224731445,1309.082763671875,116.11376953125,0.0002606220368761569,8.065971649433797e-06,4.032848336431783e-05,16080,0.0032654174137860537
0.00019045275985263288,0.9998095035552979,0.368449330329895,0.7991425395011902,0.9998219013214111,0.00037274623173289,9.618218609830365e-05,7.81723647378385e-05,17.862472534179688,1450.375244140625,122.9300308227539,0.0002090900670737028,9.052021157199947e-06,4.52581672468967e-05,16090,0.002380789490416646
0.0005713991704396904,0.9994286298751831,0.43532854318618774,0.18909253180027008,0.9983648061752319,0.00036218928289599717,9.361200500279665e-05,7.537972123827785e-05,17.859447479248047,1176.96728515625,114.00634765625,0.0005895086214877665,1.003470751335044e-05,5.017089948648353e-05,16100,0.015965532511472702
0.00023626245092600584,0.9997637271881104,0.41656047105789185,0.9997724890708923,0.9997506737709045,0.00038118509110063314,9.706041601020843e-05,7.646452286280692e-05,17.882850646972656,1574.5308837890625,120.3472900390625,0.0002553217054810375,1.1013671484168219e-05,5.50648693999994e-05,16110,0.0036533712409436703
0.0002092253853334114,0.9997907876968384,0.5388631820678711,0.9997972249984741,0.7379259467124939,0.00036836793879047036,9.420589049113914e-05,7.519155769841745e-05,17.873655319213867,1305.635986328125,110.55328369140625,0.000227643788093701,1.198855537243641e-05,5.993827404894715e-05,16120,0.0029762049671262503
0.00020183814922347665,0.9997981190681458,0.6136038303375244,,0.4756104052066803,0.0003647600533440709,9.486266935709864e-05,7.769616058794782e-05,17.892410278320312,1301.515625,109.07527923583984,0.0002200761518906802,1.2959003165097158e-05,6.478931898367153e-05,16130,0.003463459201157093
0.0032899316865950823,0.9967100024223328,0.5244036316871643,0.9997177720069885,0.728230893611908,0.00036960624856874347,9.380718984175473e-05,7.531428127549589e-05,17.87716293334961,1441.2020263671875,114.58314514160156,0.0033084119204431772,1.392466068032772e-05,6.961621898468213e-05,16140,0.03185455501079559
0.0002460500691086054,0.9997539520263672,0.35210907459259033,0.5915660858154297,,0.0003672179882414639,9.51048859860748e-05,7.765914779156446e-05,17.849821090698242,1318.210205078125,119.14348602294922,0.0002644109772518277,1.4885175713983e-05,7.4417198800783e-05,16150,0.0044023096561431885
0.00033058846020139754,0.9996694326400757,0.33656954765319824,0.5942786335945129,0.9996368885040283,0.00038292029057629406,9.845652675721794e-05,7.626174920005724e-05,17.846027374267578,1450.2760009765625,120.54769134521484,0.0003497344732750207,1.584019818535375e-05,7.919049388375273e-05,16160,0.006535304244607687
0.00034269504249095917,0.9996573328971863,0.4589656889438629,0.9996765851974487,0.9996335506439209,0.0003877457929775119,0.00010300972644472495,8.04839437478222e-05,17.869104385375977,1460.543212890625,124.5325698852539,0.00036208232631906867,1.678938028219e-05,8.393435111932131e-05,16170,0.006584790535271168
0.01393876876682043,0.9860612154006958,0.7329069375991821,0.19403621554374695,0.9837360978126526,0.0003963263297919184,0.00010354979895055294,7.831357652321458e-05,17.940093994140625,1585.0216064453125,121.2888412475586,0.013958585448563099,1.7732376604939456e-05,8.864702955418978e-05,16180,0.03361799940466881
0.000374639785150066,0.9996254444122314,0.5394307374954224,0.9996681213378906,0.7323851585388184,0.0003859447024296969,9.755232895258814e-05,7.289362110896036e-05,17.891544342041016,1458.940673828125,116.85552215576172,0.0003939370217267424,1.8668844310150828e-05,9.332680111884105e-05,16190,0.008276872336864471
0.07723411917686462,0.9227659106254578,0.6119711399078369,0.9997669458389282,0.7057770490646362,0.0004927296540699899,0.00012942326429765671,5.623681136057712e-05,17.90394401550293,1304.19921875,110.90724182128906,0.07725875824689865,1.950093856019147e-05,9.748452870237923e-05,16200,0.08329285681247711
0.001007486367598176,0.9989924430847168,0.4761119484901428,0.9996878504753113,0.9972339868545532,0.0003907636273652315,0.00010281228605890647,8.036766666918993e-05,17.88973617553711,1591.06884765625,120.6849365234375,0.0010270245838910341,1.9451029506006105e-05,9.723296690401057e-05,16210,0.021047363057732582
0.0003382038848940283,0.9996618032455444,0.4014012813568115,0.9996902346611023,0.9996280670166016,0.0003825024177785963,9.954473352991045e-05,7.750956137897447e-05,17.846668243408203,1465.53125,122.30494689941406,0.00035732900141738355,1.9398813225212593e-05,9.696977575132409e-05,16220,0.006449234671890736
0.0009719297522678971,0.9990280270576477,0.4494660496711731,0.9990389943122864,0.9990307092666626,0.00039720884524285793,9.70764085650444e-05,6.896843842696398e-05,17.88348388671875,1596.6005859375,121.68184661865234,0.0009917902061715722,1.934430260139689e-05,9.669502018279846e-05,16230,0.01567239500582218
0.019663020968437195,0.9803369045257568,0.6580753922462463,0.999467134475708,0.37887299060821533,0.0003900391166098416,0.00010397934966022149,7.737463602097705e-05,17.920530319213867,1211.293701171875,114.78704833984375,0.019682522863149643,1.928751108423976e-05,9.6408767990259e-05,16240,0.04408564046025276
0.036153268069028854,0.9638466835021973,0.5519288778305054,0.9996830224990845,0.49009406566619873,0.00042163889156654477,0.0001103130416595377,7.472143624909222e-05,17.906858444213867,1471.989013671875,119.4883804321289,0.03617434948682785,1.9228452686198273e-05,9.611108980215089e-05,16250,0.05353375896811485
0.00038666778709739447,0.999613344669342,0.5907138586044312,0.9995850324630737,0.7336334586143494,0.00037445538328029215,9.926371421897784e-05,8.125810563797131e-05,17.90995216369629,1462.2437744140625,116.02967834472656,0.00040539054316468537,1.9167141979048436e-05,9.580205906611282e-05,16260,0.006287798285484314
0.03431855887174606,0.9656814336776733,0.4723373353481293,0.7977029085159302,0.4110372066497803,0.0004067767004016787,0.00010988993744831532,7.859103789087385e-05,17.895503997802734,1331.18115234375,115.4286880493164,0.034338898956775665,1.9103594090289827e-05,9.548175203085477e-05,16270,0.0963425561785698
0.0003689541481435299,0.9996309876441956,0.5590962171554565,0.9996328353881836,0.6082422137260437,0.0003680944791994989,9.331440378446132e-05,7.404993812087923e-05,17.87251853942871,1326.4976806640625,113.64198303222656,0.00038735888665542006,1.9037824699413107e-05,9.515024772734486e-05,16280,0.006241979543119669
0.03642726689577103,0.9635727405548096,0.49446773529052734,0.72799152135849,0.8727511167526245,0.0004256948013789952,0.00011322806676616892,7.663245196454227e-05,17.897533416748047,1598.1357421875,121.73685455322266,0.03644855320453644,1.8969850034031354e-05,9.480762794930955e-05,16290,0.07562939822673798
0.00025372058735229075,0.9997462630271912,0.6130743026733398,0.9997768998146057,0.8409174084663391,0.00038204301381483674,9.873288217931986e-05,7.822235056664795e-05,17.92517852783203,1603.44482421875,118.8363265991211,0.00027282274095341563,1.8899686865876113e-05,9.445397723305233e-05,16300,0.004068184178322554
0.0008771017310209572,0.9991228580474854,0.4092627763748169,0.7945094108581543,0.9957359433174133,0.00037171944859437644,9.621724166208878e-05,7.91338097769767e-05,17.884292602539062,1473.531494140625,121.53108215332031,0.0008956877281889319,1.8827352506659263e-05,9.408938283659566e-05,16310,0.009457516483962536
0.0006181671051308513,0.9993818402290344,0.2749713659286499,0.6712912917137146,,0.00039351845043711364,0.00010044548253063112,7.3917159170378e-05,17.853818893432617,1475.960205078125,123.4939193725586,0.0006378430407494307,1.875286480380157e-05,9.371393471815135e-05,16320,0.013654994778335094
0.018571726977825165,0.9814282655715942,0.5767294764518738,0.17445892095565796,0.9453542232513428,0.00036857122904621065,9.813756332732737e-05,8.346400136360899e-05,17.87770652770996,1471.74267578125,123.5545654296875,0.018590155988931656,1.867624213602914e-05,9.332772551392465e-05,16330,0.04821918159723282
0.0778261348605156,0.9221738576889038,0.5944336652755737,,0.34972870349884033,0.0004819730238523334,0.00012387806782498956,5.547144974116236e-05,17.877338409423828,1332.9462890625,115.55583953857422,0.07785023003816605,1.85975034088387e-05,9.29308505152577e-05,16340,0.05937114357948303
0.018747981637716293,0.9812520146369934,0.3750340938568115,0.6659016609191895,0.8886498212814331,0.0003912538813892752,0.0001025647361529991,7.90636331657879e-05,17.863576889038086,1491.630126953125,127.16948699951172,0.018767544999718666,1.8516668049833013e-05,9.25234076451179e-05,16350,0.048207975924015045
0.04920453578233719,0.9507954716682434,0.6142457723617554,0.9995802640914917,0.6390722990036011,0.000437598122516647,0.0001192838535644114,7.825229840818793e-05,17.913307189941406,1483.0592041015625,120.3824234008789,0.049226414412260056,1.8433756003927332e-05,9.210549743393675e-05,16360,0.08977586776018143
0.02382580004632473,0.9761742949485779,0.46650129556655884,0.7376616597175598,0.5337193012237549,0.0004168220912106335,0.0001118360087275505,7.814190757926553e-05,17.881275177001953,1482.703125,115.9377670288086,0.023846641182899475,1.834878772842835e-05,9.167722299480552e-05,16370,0.05961887538433075
0.0006046955822966993,0.9993952512741089,0.5464860200881958,0.9994761943817139,0.40572652220726013,0.0003825602470897138,9.946632781066e-05,7.416345761157572e-05,17.88532257080078,1225.24267578125,108.153564453125,0.0006238236092031002,1.8261784187986638e-05,9.123868999803365e-05,16380,0.011958935298025608
0.0003694042097777128,0.9996305704116821,0.4332641661167145,0.9996377825737,0.609595537185669,0.00038549170130863786,9.963058982975781e-05,7.867609383538365e-05,17.89402198791504,1621.59326171875,118.18122863769531,0.00038867880357429385,1.817276684942394e-05,9.079000664507622e-05,16390,0.005861097015440464
0.002955650445073843,0.9970443248748779,0.5504440665245056,0.2177123874425888,0.9953524470329285,0.000357375800376758,9.457727719563991e-05,8.118600817397237e-05,17.885948181152344,1353.3787841796875,109.265869140625,0.002973519265651703,1.808175767643655e-05,9.033128364183674e-05,16400,0.030276643112301826
0.00032460037618875504,0.9996753334999084,0.34226977825164795,0.9996839165687561,,0.0003602780634537339,9.233439777744934e-05,7.561963866464794e-05,17.82587432861328,1355.649658203125,109.52001190185547,0.00034261427936144173,1.7988779124176103e-05,8.986263417135226e-05,16410,0.006259795743972063
0.00025568908313289285,0.9997443556785583,0.5732319355010986,0.9997841715812683,0.40517497062683105,0.00034794097882695496,8.74019242473878e-05,6.835372187197208e-05,17.887683868408203,1101.4644775390625,102.3607406616211,0.00027308613061904907,1.78938541337091e-05,8.938417386586707e-05,16420,0.003764438210055232
0.01009965967386961,0.9899003505706787,0.42286208271980286,0.6092548370361328,0.9402714371681213,0.0003898625436704606,0.00010173326882068068,7.849501707823947e-05,17.868976593017578,1495.0394287109375,115.24665832519531,0.010119153186678886,1.7797006126356545e-05,8.889602077830219e-05,16430,0.0393621101975441
0.0005184569745324552,0.9994815587997437,0.7190040349960327,0.9995570778846741,0.8655866980552673,0.00037943641655147076,9.786041482584551e-05,7.819858728908002e-05,17.936391830444336,1629.3753662109375,119.392333984375,0.0005374287720769644,1.769825899791509e-05,8.839829535312758e-05,16440,0.008454843424260616
0.02243129536509514,0.9775687456130981,0.4812990725040436,0.6105640530586243,0.5626852512359619,0.0003926716453861445,0.00010063154331874102,7.078965427353978e-05,17.875167846679688,1217.377197265625,102.7619857788086,0.022450929507613182,1.759763711276109e-05,8.789112039664428e-05,16450,0.06821140646934509
0.00035941737587563694,0.9996406435966492,0.541357159614563,0.6092475056648254,0.7389071583747864,0.0003728444571606815,9.560067701386288e-05,7.473756704712287e-05,17.880367279052734,1358.68212890625,107.98790740966797,0.00037805960164405406,1.7495165297839067e-05,8.737462104668377e-05,16460,0.005975479260087013
0.0003653397143352777,0.9996346235275269,0.415100634098053,0.7404596209526062,0.22532692551612854,0.00035395706072449684,9.436038817511871e-05,8.015667845029384e-05,17.88052749633789,1217.55029296875,102.75304412841797,0.0003830375790130347,1.7390868836536036e-05,8.684892474173214e-05,16470,0.007698508445173502
0.00024190348631236702,0.9997581243515015,0.4171026349067688,0.7402860522270203,0.9997413158416748,0.00038220122223719954,9.959212911780924e-05,7.948026177473366e-05,17.878761291503906,1630.8409423828125,119.62654113769531,0.0002610135416034609,1.72847734624432e-05,8.631416118948644e-05,16480,0.0038783580530434847
0.0003264844708610326,0.9996734857559204,0.538705587387085,0.6093291640281677,0.4802088439464569,0.00037006998900324106,9.521591709926724e-05,7.662170537514612e-05,17.898616790771484,1361.488525390625,109.12255859375,0.0003449879586696625,1.7176905353006587e-05,8.577046233485137e-05,16490,0.005128518678247929
0.018483933061361313,0.9815160632133484,0.5967457294464111,0.9996684193611145,0.44613519310951233,0.00039127710624597967,0.00010344286420149729,7.500368519686162e-05,17.88583755493164,1241.929443359375,107.27672576904297,0.018503496423363686,1.7067291123068118e-05,8.521796232738375e-05,16500,0.05481079965829849
0.00040432720561511815,0.9995957016944885,0.48606613278388977,0.9996953010559082,0.6108281016349792,0.00036940755671821535,9.483865869697183e-05,7.478555926354602e-05,17.853687286376953,1363.1337890625,109.09222412109375,0.00042279757326468825,1.695595781829885e-05,8.46567974881932e-05,16510,0.006139318458735943
0.0004090694128535688,0.9995909333229065,0.4973450303077698,0.9996253252029419,0.9995107054710388,0.0003861792210955173,9.960361785488203e-05,7.78186004026793e-05,17.877275466918945,1501.228515625,114.7386474609375,0.0004283783782739192,1.6842932908525817e-05,8.40871062763069e-05,16520,0.0076242065988481045
0.0003018976130988449,0.9996980428695679,0.6726735234260559,0.9997439384460449,0.530930757522583,0.00036613366683013737,9.636276809033006e-05,7.916728645795956e-05,17.907676696777344,1374.462646484375,108.70609283447266,0.0003202043008059263,1.6728244280954277e-05,8.35090292545069e-05,16530,0.004868933465331793
0.03240169584751129,0.9675983786582947,0.5258195996284485,0.9997521042823792,0.8868931531906128,0.0004139367083553225,0.0001095215993700549,7.937807822600007e-05,17.900047302246094,1641.3603515625,118.6220474243164,0.032422393560409546,1.661192023328696e-05,8.29227090546484e-05,16540,0.051201194524765015
0.0002681394398678094,0.9997318387031555,0.38198915123939514,0.9997543692588806,0.9997018575668335,0.0003716867358889431,9.613957809051499e-05,7.627457671333104e-05,17.846004486083984,1363.704345703125,107.8551025390625,0.0002867237781174481,1.649398946674203e-05,8.23282903424674e-05,16550,0.00429152324795723
0.0003180914791300893,0.9996818900108337,0.31870150566101074,0.5342573523521423,0.22616256773471832,0.00035295222187414765,8.821148367132992e-05,6.685608241241425e-05,17.824125289916992,1094.890625,97.84223937988281,0.00033573908149264753,1.6374481078971503e-05,8.172591978188665e-05,16560,0.004765324294567108
0.00032909290166571736,0.9996709227561951,0.32036033272743225,0.9996949434280396,0.9995740652084351,0.0003783165302593261,9.59670142037794e-05,7.707826443947852e-05,17.866567611694336,1783.6181640625,125.64803314208984,0.00034800873254425824,1.6253424556881813e-05,8.111574599882852e-05,16570,0.0056524635292589664
0.0004069696879014373,0.9995930790901184,0.5252931118011475,0.9996224641799927,0.7399304509162903,0.00037288659950718284,9.743160626385361e-05,7.548298890469596e-05,17.880901336669922,1236.392822265625,103.37117767333984,0.0004256140091456473,1.6130849769358378e-05,8.049791954454375e-05,16580,0.007960337214171886
0.00390960369259119,0.9960904121398926,0.657231330871582,,0.7320429682731628,0.00036425390862859786,9.24920168472454e-05,7.667426689295098e-05,17.9080867767334,1506.344970703125,113.72466278076172,0.003927816171199083,1.6006786959895902e-05,7.98725928584652e-05,16590,0.02935919724404812
0.010752769187092781,0.98924720287323,0.5323256850242615,0.4815712869167328,0.6004908084869385,0.0003628104750532657,9.552711708238348e-05,7.396787987090647e-05,17.90833282470703,1108.3260498046875,100.70709228515625,0.010770909488201141,1.5881266739136217e-05,7.923992023059568e-05,16600,0.0541515126824379
0.00580283859744668,0.9941971302032471,0.6827844977378845,0.9997537732124329,0.8366590738296509,0.00038418275653384626,9.539735037833452e-05,7.158302469179034e-05,17.919584274291992,1516.090087890625,115.193603515625,0.005822047591209412,1.5754320077315606e-05,7.860005776343925e-05,16610,0.04029375687241554
0.0019107164116576314,0.9980893135070801,0.5320524573326111,0.6111904382705688,0.6077840328216553,0.00037199430516920984,9.288608271162957e-05,7.186169386841357e-05,17.884620666503906,1376.5592041015625,109.1092529296875,0.0019293160876259208,1.562597829662332e-05,7.795316333348522e-05,16620,0.024478567764163017
0.07864496111869812,0.9213550686836243,0.565298318862915,0.9997677803039551,0.8012131452560425,0.00047016507596708834,0.0001229809276992455,5.982725997455418e-05,17.882648468017578,1359.3660888671875,108.32994842529297,0.07866846770048141,1.5496273063473334e-05,7.729939655225449e-05,16630,0.05225982517004013
0.07398698478937149,0.9260129928588867,0.5799870491027832,0.9997641444206238,0.5898433327674866,0.0004676189855672419,0.00012132905976613984,5.941306517343037e-05,17.89421844482422,1491.5147705078125,113.1108169555664,0.07401036471128464,1.53652363806911e-05,7.663891872691778e-05,16640,0.04027014225721359
0.000261332985246554,0.9997386932373047,0.27167436480522156,0.550991415977478,,0.00035761165781877935,9.680826042313129e-05,7.768366776872426e-05,17.837289810180664,1104.8408203125,101.33116149902344,0.0002792135637719184,1.5232900579617357e-05,7.597189282049558e-05,16650,0.004522308707237244
0.004942473489791155,0.9950575232505798,0.5322393178939819,0.9996850490570068,0.9873444437980652,0.00038733831024728715,9.848034824244678e-05,7.672946958336979e-05,17.890209197998047,1794.389404296875,124.54986572265625,0.004961840342730284,1.5099298312130834e-05,7.529848341164936e-05,16660,0.028165999799966812
0.0003456640988588333,0.9996542930603027,0.35442739725112915,0.6043883562088013,,0.0003751503536477685,9.756998770171776e-05,7.888046093285084e-05,17.870834350585938,1518.87060546875,117.75575256347656,0.00036442160489968956,1.4964462542591896e-05,7.46188566540743e-05,16670,0.005276549141854048
0.0003822149592451751,0.9996177554130554,0.568816065788269,,0.7380462288856506,0.00036448941682465374,9.059541480382904e-05,7.395694410661235e-05,17.871360778808594,1522.1741943359375,116.11368560791016,0.0004004394286312163,1.4828426539709089e-05,7.39331802355034e-05,16680,0.006534532643854618
0.00022639210510533303,0.9997735619544983,0.544935941696167,0.999789297580719,0.9997441172599792,0.00037946944939903915,9.793636854737997e-05,7.905421807663515e-05,17.906705856323242,1659.298095703125,121.430908203125,0.00024536557612009346,1.4691223868330578e-05,7.324162333633292e-05,16690,0.002984496532008052
0.0002728772524278611,0.9997271299362183,0.5586103200912476,0.20924904942512512,0.22147250175476074,0.00035316922003403306,9.17828583624214e-05,7.71564882597886e-05,17.899303436279297,1246.12890625,107.19453430175781,0.0002905357105191797,1.455288838116251e-05,7.254435658787972e-05,16700,0.005207424517720938
0.0002970192872453481,0.9997029304504395,0.5189231634140015,0.599693238735199,0.9996775984764099,0.00038623737054876983,9.853137453319505e-05,7.586444553453475e-05,17.89674186706543,1667.8193359375,122.6502914428711,0.0003163311630487442,1.4413454210416389e-05,7.18415520302806e-05,16710,0.005513652227818966
0.00035326159559190273,0.9996467232704163,0.4621591866016388,0.9996644854545593,,0.0003805871238000691,9.679194045020267e-05,7.524491957155988e-05,17.863693237304688,1527.99072265625,117.84700012207031,0.0003722909605130553,1.4272955759387452e-05,7.113338307004382e-05,16720,0.0067511931993067265
0.0234688650816679,0.9765310883522034,0.5243402123451233,0.7336971759796143,0.6925409436225891,0.00039996570558287203,0.00010550468869041651,7.765914779156446e-05,17.878095626831055,1529.85400390625,117.86919403076172,0.023488862439990044,1.413142769396616e-05,7.042002443726378e-05,16730,0.05333343893289566
0.022670675069093704,0.9773293733596802,0.47574764490127563,0.999779462814331,0.9209761619567871,0.00040134103619493544,0.00010488381667528301,7.806085341144353e-05,17.901763916015625,1663.0145263671875,122.24199676513672,0.02269074134528637,1.398890493408493e-05,6.97016521425089e-05,16740,0.06522499769926071
0.0002179711445933208,0.999782145023346,0.6171603798866272,0.19705869257450104,0.47904905676841736,0.0003622678341343999,9.491696255281568e-05,7.762855966575444e-05,17.90625,1257.612060546875,109.7762680053711,0.00023608453921042383,1.384542264510215e-05,6.897844343339367e-05,16750,0.0027850852347910404
0.0001775136770447716,0.9998224973678589,0.35127049684524536,0.7334625720977783,0.9997603893280029,0.00037767505273222923,9.770011092768982e-05,7.916169124655426e-05,17.875259399414062,1665.168701171875,122.53057098388672,0.00019639743550214916,1.370101622912565e-05,6.825057675084545e-05,16760,0.0020477059297263622
0.0001774832489900291,0.9998224377632141,0.4451582729816437,0.733241081237793,0.22150954604148865,0.0003657126799225807,9.323266567662358e-05,7.514614844694734e-05,17.878398895263672,1392.5841064453125,112.53248596191406,0.0001957688800757751,1.3555721316277778e-05,6.751823168507688e-05,16770,0.0025900048203766346
0.05985398590564728,0.9401459693908691,0.3813741207122803,0.3683968186378479,0.5159905552864075,0.0004545587580651045,0.00012804097787011415,7.027642277535051e-05,17.859954833984375,1109.6256103515625,105.04212951660156,0.059876713901758194,1.3409573755904183e-05,6.678158893127462e-05,16780,0.1363564282655716
0.0002569904609117657,0.9997429847717285,0.4882386028766632,0.9997701644897461,0.6052610874176025,0.0003828362678177655,0.00010041569476015866,7.956437184475362e-05,17.896282196044922,1533.60791015625,117.41041564941406,0.0002761322830338031,1.3262609607728532e-05,6.604083024501554e-05,16790,0.005264665465801954
0.0002795190375763923,0.9997205138206482,0.5218279361724854,0.4744454324245453,0.7398762702941895,0.00036397104850038886,9.624827362131327e-05,7.78254761826247e-05,17.893909454345703,1255.27294921875,107.92671203613281,0.0002977175754494965,1.3114865132955319e-05,6.529613839742126e-05,16800,0.004003576934337616
0.0015545404748991132,0.998445451259613,0.4882519245147705,0.7362143993377686,0.6064894199371338,0.0003653355815913528,9.722528920974582e-05,8.160869765561074e-05,17.904006958007812,1388.025390625,111.44103240966797,0.0015728072030469775,1.2966376785322946e-05,6.454769713006212e-05,16810,0.01901489682495594
0.0002649644738994539,0.9997350573539734,0.3127715587615967,0.9997403621673584,,0.000382317608455196,9.590465924702585e-05,7.507495320169255e-05,17.859067916870117,1804.47802734375,124.4033432006836,0.00028408036450855434,1.2817181202109306e-05,6.379569110962166e-05,16820,0.004802693147212267
0.0005020549870096147,0.9994979500770569,0.5772870779037476,0.9998211860656738,0.6012966632843018,0.00036743853706866503,9.489318472333252e-05,7.7457916631829e-05,17.898609161376953,1401.8060302734375,117.24836730957031,0.0005204268964007497,1.2667315195092102e-05,6.304030588233292e-05,16830,0.013478470034897327
0.00023753759160172194,0.9997624754905701,0.43406257033348083,0.46719396114349365,0.9997442960739136,0.0003695815976243466,9.653141751186922e-05,7.74124200688675e-05,17.862810134887695,1393.928466796875,118.6397705078125,0.00025601667584851384,1.2516815741466075e-05,6.228172782819769e-05,16840,0.00362911238335073
0.00019056028395425528,0.9998094439506531,0.5504686832427979,0.9998464584350586,0.6073755025863647,0.0003757015510927886,9.70891778706573e-05,7.73182837292552e-05,17.913497924804688,1534.0859375,115.10192108154297,0.00020934536587446928,1.236571997471943e-05,6.152014411499996e-05,16850,0.0019438285380601883
0.026437293738126755,0.9735627174377441,0.5810239315032959,0.999830424785614,0.9205129146575928,0.00040733470814302564,0.00010714562085922807,7.708219345659018e-05,17.887338638305664,1531.59912109375,116.28533172607422,0.026457659900188446,1.2214065175471716e-05,6.075574265212511e-05,16860,0.044255875051021576
0.009642064571380615,0.9903579354286194,0.49646592140197754,0.6035627722740173,0.9713516235351562,0.0003861884179059416,0.00010029579425463453,7.70527112763375e-05,17.855783462524414,1534.378173828125,117.6806869506836,0.009661373682320118,1.2061888762275393e-05,5.998871204419617e-05,16870,0.027173226699233055
0.001182046253234148,0.9988179802894592,0.4432350695133209,0.4699748754501343,0.9973039627075195,0.0003702352405525744,9.463199967285618e-05,7.489883864764124e-05,17.873615264892578,1394.5103759765625,113.90190887451172,0.001200558035634458,1.1909228282383349e-05,5.9219241544538294e-05,16880,0.01688176952302456
0.0005092634819447994,0.9994907379150391,0.5189381837844849,0.9997982978820801,0.9986845254898071,0.0003798241959884763,9.688750287750736e-05,7.722269219812006e-05,17.885154724121094,1672.35302734375,120.46357727050781,0.0005282546626403928,1.175612140248469e-05,5.844752100848344e-05,16890,0.014314547181129456
0.00029499176889657974,0.9997050166130066,0.5552413463592529,0.9998051524162292,0.8409820795059204,0.00037853853427805007,9.44669300224632e-05,7.386841753032058e-05,17.894187927246094,1674.391845703125,120.07344055175781,0.00031391868833452463,1.1602605899411047e-05,5.767374084652639e-05,16900,0.007481536362320185
0.00017549263429827988,0.9998245239257812,0.4742777943611145,0.9998289346694946,0.9997219443321228,0.00038086751010268927,9.897167910821736e-05,8.111087663564831e-05,17.910362243652344,1812.9979248046875,123.8050308227539,0.0001945360127137974,1.1448719650815696e-05,5.689809197734376e-05,16910,0.0016144777182489634
0.08747009932994843,0.9125298857688904,0.5632066130638123,0.999834418296814,0.592401921749115,0.0004936328623443842,0.00012927128409501165,5.493800563272089e-05,17.923715591430664,1380.3905029296875,113.3810043334961,0.08749478310346603,1.1294500625827835e-05,5.6120765780687774e-05,16920,0.02658763714134693
0.041994571685791016,0.9580053687095642,0.6311579942703247,0.999822199344635,0.9264202117919922,0.00041921145748347044,0.0001107442076317966,7.744311005808413e-05,17.912734985351562,1676.51171875,122.85253143310547,0.04201553389430046,1.1139986875684247e-05,5.534195405016605e-05,16930,0.08396776765584946
0.0023393116425722837,0.997660756111145,0.43398866057395935,0.7332980632781982,0.9849116206169128,0.0003755431098397821,9.530381066724658e-05,7.606655708514154e-05,17.87810516357422,1673.5426025390625,121.61572265625,0.0023580887354910374,1.0985216524340738e-05,5.456184894591947e-05,16940,0.023036828264594078
0.00021699926583096385,0.9997830390930176,0.4363936483860016,0.4601100981235504,0.6079567670822144,0.00035369789111427963,9.191707067657262e-05,7.329719664994627e-05,17.864505767822266,1122.18115234375,110.42752838134766,0.0002346841647522524,1.0830227759065629e-05,5.378064294720958e-05,16950,0.004030798561871052
0.00020712811965495348,0.9997928738594055,0.33072543144226074,0.5971795320510864,,0.0003721076063811779,9.588357352185994e-05,7.787782669765875e-05,17.862510681152344,1538.168701171875,120.57606506347656,0.00022573349997401237,1.0675058821017607e-05,5.299852880492712e-05,16960,0.003757994854822755
0.0045646741054952145,0.995435357093811,0.6174461245536804,0.9998278617858887,0.7959105968475342,0.0003763434651773423,9.806946036405861e-05,7.740393630228937e-05,17.909446716308594,1404.3721923828125,116.11073303222656,0.00458349147811532,1.0519747995810284e-05,5.221569949403365e-05,16970,0.03376507759094238
0.01580161601305008,0.9841984510421753,0.6692067980766296,0.9998410940170288,0.773668646812439,0.0003975896106567234,0.00010546927660470828,8.072479977272451e-05,17.936349868774414,1683.7706298828125,121.4211654663086,0.01582149602472782,1.0364333604065819e-05,5.1432348165947914e-05,16980,0.04527222737669945
0.00016159782535396516,0.9998383522033691,0.4554457366466522,0.9998388290405273,0.9998137950897217,0.0003782360290642828,9.785432484932244e-05,7.90081758168526e-05,17.88427734375,1678.1942138671875,121.72651672363281,0.00018050962535198778,1.020885399195986e-05,5.064866810088859e-05,16990,0.0016523528611287475
0.031516414135694504,0.9684836268424988,0.5835845470428467,0.5997099280357361,0.7560302019119263,0.00041454637539573014,0.00010935486352536827,7.54542343202047e-05,17.893383026123047,1541.8642578125,117.63384246826172,0.031537141650915146,1.0053347521760204e-05,4.986485266018527e-05,17000,0.060270726680755615
0.00020026312267873436,0.9997997283935547,0.46364453434944153,0.9998031258583069,0.999774694442749,0.00037509153480641544,9.631487773731351e-05,7.980260124895722e-05,17.899791717529297,1816.13330078125,124.3988037109375,0.0002190177037846297,9.897852562361475e-06,4.908109523856945e-05,17010,0.0037357548717409372
0.0002008831361308694,0.9997991323471069,0.36083561182022095,0.999800443649292,0.9998002052307129,0.0003857966512441635,9.975400462280959e-05,8.005694689927623e-05,17.908443450927734,1821.759033203125,124.64339447021484,0.00022017296578269452,9.742407479818189e-06,4.829758921645734e-05,17020,0.004341536667197943
0.0001641442213440314,0.9998358488082886,0.45211082696914673,0.9998428821563721,0.9998207092285156,0.0003766482986975461,9.63811035035178e-05,7.802596519468352e-05,17.870018005371094,1815.3392333984375,124.2385482788086,0.00018297664064448327,9.587050627878485e-06,4.7514527912236e-05,17030,0.0023751105181872845
0.062095873057842255,0.9379041790962219,0.4935818910598755,0.9998316764831543,0.8430200815200806,0.00044349231757223606,0.00011958699906244874,7.315561379073188e-05,17.884849548339844,1395.1083984375,113.48607635498047,0.0621180459856987,9.431820338520925e-06,4.6732104534565065e-05,17040,0.08759603649377823
0.0001903427328215912,0.9998096823692322,0.6283422708511353,0.999826192855835,0.47666049003601074,0.00036268483381718397,9.123276686295867e-05,7.079003262333572e-05,17.895355224609375,1268.0830078125,110.4453125,0.0002084769803332165,9.276754912496649e-06,4.595051213470533e-05,17050,0.002450930653139949
0.008685472421348095,0.9913145303726196,0.47923195362091064,0.7341391444206238,0.7230857014656067,0.0003839577257167548,0.00010017075692303479,7.878462201915681e-05,17.88658905029297,1543.5048828125,116.45361328125,0.008704670704901218,9.121892609879233e-06,4.516994355888623e-05,17060,0.0293696578592062
0.0010060188360512257,0.998993992805481,0.41524386405944824,0.7349122166633606,0.6031886339187622,0.0003682270471472293,9.535749268252403e-05,7.782397005939856e-05,17.893394470214844,1401.9267578125,113.8988265991211,0.001024430152028799,8.967271640624595e-06,4.4390591400723966e-05,17070,0.02952559106051922
0.18167637288570404,0.8183237314224243,0.7230518460273743,0.9998661279678345,0.7804571390151978,0.0006527670193463564,0.00018272684246767312,4.3437052227091044e-05,17.905227661132812,1506.5020751953125,118.38972473144531,0.18170900642871857,8.812930155143255e-06,4.361264795370186e-05,17080,0.10220211744308472
0.00017080683028325438,0.9998292326927185,0.3924608826637268,0.47282806038856506,,0.00035042912350036204,8.985357999335974e-05,7.142858521547168e-05,17.844467163085938,1123.634765625,107.42931365966797,0.00018832828209269792,8.658906234887292e-06,4.283630516372484e-05,17090,0.0014098855899646878
0.0001755234261509031,0.9998245239257812,0.4806455373764038,0.9998160004615784,0.21592561900615692,0.0003667254641186446,9.416994726052508e-05,7.654307410120964e-05,17.873872756958008,1404.4283447265625,112.8978500366211,0.0001938596979016438,8.505237882954321e-06,4.206175458175966e-05,17100,0.002378131728619337
0.00018182466737926006,0.9998182058334351,0.33510708808898926,0.8416520357131958,0.9998018741607666,0.0003753200580831617,9.83312347671017e-05,8.014231570996344e-05,17.87334442138672,1541.8125,116.99739074707031,0.00020059067173860967,8.351963014710798e-06,4.128918731657261e-05,17110,0.0028652700129896402
0.00021811066835653037,0.9997818470001221,0.5703492164611816,0.21194663643836975,0.8054184913635254,0.00035246898187324405,9.419437265023589e-05,7.69136386225e-05,17.89499282836914,1123.548583984375,105.27684783935547,0.00023573411453980953,8.199119448436953e-06,4.0518793987576154e-05,17120,0.00306255416944623
0.04058501869440079,0.9594149589538574,0.6372579336166382,0.21046772599220276,0.7525226473808289,0.0004258642438799143,0.00011661755706882104,7.840915350243449e-05,17.90664291381836,1400.8973388671875,112.52098846435547,0.040606312453746796,8.046744895995718e-06,3.97507646777966e-05,17130,0.1093839779496193
0.05484987795352936,0.9451501369476318,0.5651045441627502,0.9997899532318115,0.4439474642276764,0.00044673983938992023,0.000115818707854487,6.518166628666222e-05,17.88525390625,1530.4161376953125,116.1362075805664,0.054872214794158936,7.894876953527885e-06,3.898528888697388e-05,17140,0.06463882327079773
0.00034136275644414127,0.9996585249900818,0.5714845657348633,0.21417157351970673,0.73543381690979,0.0003721120301634073,9.441346628591418e-05,7.02558463672176e-05,17.87745475769043,1264.976318359375,110.87779998779297,0.0003599683695938438,7.743553092175802e-06,3.8222555484805304e-05,17150,0.007802550680935383
0.019966263324022293,0.9800336360931396,0.5221154689788818,0.7381730675697327,0.5516351461410522,0.00039539652061648667,0.00010652911441866308,8.24521339382045e-05,17.894100189208984,1540.993896484375,114.81768035888672,0.01998603343963623,7.592810648837951e-06,3.7462752664344826e-05,17160,0.035028085112571716
0.00021034074597992003,0.9997896552085876,0.503779411315918,0.7368398308753967,0.9997624754905701,0.00037916991277597845,9.730510646477342e-05,7.641177217010409e-05,17.880924224853516,1546.5311279296875,116.2199478149414,0.00022929924307391047,7.442686816956623e-06,3.6706067895569243e-05,17170,0.0036257882602512836
0.00048213780974037945,0.9995178580284119,0.5014573335647583,0.999854326248169,0.7386515140533447,0.00038076855707913637,9.834765660343692e-05,7.847743108868599e-05,17.892850875854492,1686.461181640625,119.9115982055664,0.0005011762259528041,7.2932186373409795e-06,3.595268787912271e-05,17180,0.013218741863965988
0.00021656286844518036,0.999783456325531,0.5188953280448914,0.9997878074645996,0.6085151433944702,0.0003676703490782529,9.26440698094666e-05,7.523960084654391e-05,17.879451751708984,1544.0072021484375,115.22161102294922,0.00023494639026466757,7.144442989027799e-06,3.520279850025123e-05,17190,0.004468509461730719
0.002142622135579586,0.997857391834259,0.45276230573654175,0.9998328685760498,0.9938639998435974,0.00037876356509514153,9.701139060780406e-05,7.700077549088746e-05,17.882976531982422,1546.27587890625,116.73939514160156,0.002161560347303748,6.996396580182129e-06,3.44565847829382e-05,17200,0.0220563355833292
0.0001958282955456525,0.9998041391372681,0.38146767020225525,0.41034987568855286,,0.0003659258654806763,9.576210140949115e-05,7.950869621708989e-05,17.862201690673828,1405.2801513671875,112.8045654296875,0.0002141245931852609,6.849115939040083e-06,3.3714230844252536e-05,17210,0.0031581390649080276
0.08999130129814148,0.9100086092948914,0.6609787344932556,0.9997986555099487,0.4932936429977417,0.0004966924898326397,0.00013151300663594157,5.766018512076698e-05,17.921550750732422,1394.800048828125,111.25395965576172,0.09001613408327103,6.702637404896058e-06,3.297591984892054e-05,17220,0.06433795392513275
0.00018840769189409912,0.999811589717865,0.577709436416626,0.9998390674591064,0.7372345924377441,0.00037633575266227126,9.79242759058252e-05,8.007039286894724e-05,17.917387008666992,1691.3870849609375,121.3575668334961,0.00020722448243759573,6.556997119136546e-06,3.2241833964132695e-05,17230,0.00297569134272635
0.0001685546594671905,0.9998313784599304,0.28847548365592957,0.7353410720825195,,0.00037803759914822876,9.811660129344091e-05,7.877314055804163e-05,17.852760314941406,1547.703369140625,117.951416015625,0.00018745653505902737,6.4122310163227975e-06,3.1512154314596724e-05,17240,0.0026360624469816685
0.00022312965302262455,0.9997768402099609,0.49077457189559937,0.2059078812599182,0.9996694922447205,0.00036063636071048677,9.465916082262993e-05,7.734048995189369e-05,17.868850708007812,1264.27001953125,109.72586822509766,0.00024116146960295737,6.268374815324497e-06,3.078706093784772e-05,17250,0.00285439845174551
0.024139147251844406,0.9758608341217041,0.5064908266067505,0.801084041595459,0.6707968711853027,0.00040480814641341567,0.00010738796117948368,7.832518895156682e-05,17.88500213623047,1621.3629150390625,126.07457733154297,0.02415938675403595,6.125464010506683e-06,3.006673273982662e-05,17260,0.044929616153240204
0.00684167817234993,0.9931583404541016,0.6248476505279541,0.9998314380645752,0.833685576915741,0.0003876376722473651,0.00010151558672077954,8.02816721261479e-05,17.942123413085938,1691.31005859375,119.82746887207031,0.0068610599264502525,5.983533862972012e-06,2.9351347450737717e-05,17270,0.03451898694038391
0.06255673617124557,0.9374433159828186,0.592960000038147,0.20688875019550323,0.8944948315620422,0.00045174287515692413,0.00011992111103609204,6.70662266202271e-05,17.894121170043945,1397.812744140625,113.9604263305664,0.06257932633161545,5.842619391860652e-06,2.864108158119662e-05,17280,0.07403810322284698
0.0002464801073074341,0.9997535943984985,0.4863460659980774,0.9998562932014465,0.9995461702346802,0.0003752399643417448,9.799211693461984e-05,7.975105836521834e-05,17.89426040649414,1551.4273681640625,119.7579574584961,0.00026524209533818066,5.70275536570979e-06,2.793611037867864e-05,17290,0.010815843008458614
0.00014636671403422952,0.9998536109924316,0.469804584980011,0.9998604655265808,0.6027355790138245,0.00037529313703998923,9.636914182920009e-05,7.724047463852912e-05,17.898488998413086,1555.360107421875,116.72285461425781,0.0001651313650654629,5.56397629387506e-06,2.7236607784279348e-05,17300,0.00105382245965302
0.0020951847545802593,0.9979048371315002,0.6253432035446167,,0.6053860187530518,0.000375844887457788,9.852184302872047e-05,8.043819980230182e-05,17.914718627929688,1551.36767578125,115.38337707519531,0.0021139769814908504,5.426316418015839e-06,2.654274638979701e-05,17310,0.01944599859416485
0.00028050097171217203,0.999719500541687,0.5500088930130005,0.9998093843460083,0.7362458109855652,0.00037755159428343177,9.753136691870168e-05,7.759132859064266e-05,17.916728973388672,1550.6807861328125,117.0724868774414,0.00029937856015749276,5.289809703646641e-06,2.5854697395148222e-05,17320,0.009702044539153576
0.00016365321062039584,0.9998363852500916,0.41370895504951477,0.6002429723739624,0.9997942447662354,0.0003687271673697978,9.731254249345511e-05,7.970938895596191e-05,17.863489151000977,1407.87158203125,116.08934783935547,0.00018208957044407725,5.154489831756643e-06,2.517263056612692e-05,17330,0.0022734790109097958
0.007191100157797337,0.9928089380264282,0.5153506994247437,0.999855637550354,0.46299219131469727,0.00038200520793907344,0.00010062730871140957,7.822896441211924e-05,17.876667022705078,1412.2559814453125,113.77137756347656,0.007210200186818838,5.02039019049941e-06,2.449671419251723e-05,17340,0.03302963823080063
0.0001862428616732359,0.9998137950897217,0.7398720979690552,,0.43850818276405334,0.00034856784623116255,8.83219254319556e-05,6.999441393418238e-05,17.930545806884766,1132.056640625,102.26982879638672,0.00020367125398479402,4.887543866954835e-06,2.3827115046570327e-05,17350,0.0018713755998760462
0.00017979741096496582,0.9998202919960022,0.5392827987670898,0.20510739088058472,0.7336623668670654,0.00036507582990452647,9.609591506887227e-05,7.750058284727857e-05,17.887924194335938,1275.400146484375,111.72515106201172,0.00019805120246019214,4.755983638965428e-06,2.3163998341856048e-05,17360,0.002815460553392768
0.0001593611086718738,0.9998405575752258,0.3565754294395447,0.7356798648834229,0.21093536913394928,0.00036661315243691206,9.274435433326289e-05,7.177550287451595e-05,17.831546783447266,1270.326171875,110.0028076171875,0.00017769176338333637,4.625741967048877e-06,2.250752769249889e-05,17370,0.002547038020566106
0.00017652168753556907,0.9998235702514648,0.30079028010368347,0.8419545292854309,0.2071564942598343,0.00036189338425174356,9.445086470805109e-05,7.635938527528197e-05,17.84177017211914,1269.1126708984375,111.20323944091797,0.0001946163538377732,4.496850986388873e-06,2.1857865072808564e-05,17380,0.0029550017789006233
0.0017193453386425972,0.9982807636260986,0.4809502363204956,0.20938000082969666,0.6055469512939453,0.00036495199310593307,9.696579945739359e-05,7.876760355429724e-05,17.88207244873047,1268.6600341796875,108.6626205444336,0.001737592974677682,4.369342498906261e-06,2.12151707773154e-05,17390,0.022165779024362564
0.14189040660858154,0.8581095933914185,0.6189813613891602,0.6050071716308594,0.5453431010246277,0.0005843487451784313,0.00016371440142393112,4.8540503485128284e-05,17.90338134765625,1250.226806640625,107.18441009521484,0.14191962778568268,4.24324796541238e-06,2.057960338121998e-05,17400,0.09998242557048798
0.023777320981025696,0.9762226939201355,0.4937233030796051,0.99985271692276,0.928459882736206,0.00040165867540054023,0.00010519597708480433,7.731459481874481e-05,17.872657775878906,1550.9544677734375,116.3761978149414,0.023797404021024704,4.118598497846564e-06,1.9951319701267026e-05,17410,0.034556251019239426
0.06308814138174057,0.9369118213653564,0.5216660499572754,0.9998509883880615,0.6195045709609985,0.0004525137192104012,0.00011866638669744134,6.629957351833582e-05,17.90157699584961,1540.14453125,117.2170181274414,0.06311076879501343,3.995424851599776e-06,1.933047475705342e-05,17420,0.04890263453125954
0.08465375751256943,0.9153462052345276,0.5083985328674316,0.9998502731323242,0.5924489498138428,0.0004903259105049074,0.0001244649465661496,5.006190622225404e-05,17.85799789428711,1392.32763671875,113.08768463134766,0.0846782773733139,3.873757417926138e-06,1.8717221732779223e-05,17430,0.024835577234625816
0.022631768137216568,0.9773682951927185,0.44697272777557373,0.802534818649292,0.9472350478172302,0.0003973652492277324,0.00010466467938385904,8.050120959524065e-05,17.902828216552734,1692.3720703125,121.547119140625,0.022651636973023415,3.7536262164443545e-06,1.8111711939451846e-05,17440,0.05655016005039215
0.0713781863451004,0.928621768951416,0.7020466327667236,0.999850869178772,0.7546577453613281,0.00047454569721594453,0.00012081228487659246,5.6243676226586103e-05,17.916189193725586,1545.30517578125,119.1575698852539,0.0714019164443016,3.6350608877308385e-06,1.751409477755241e-05,17450,0.04200524464249611
0.027450304478406906,0.9725496768951416,0.7452989220619202,,0.5793180465698242,0.0003864190657623112,0.00010477306204847991,8.049268944887444e-05,17.9472599029541,1274.9403076171875,106.61922454833984,0.02746962569653988,3.5180906860063135e-06,1.6924517700173237e-05,17460,0.0751822367310524
0.010363265872001648,0.9896367788314819,0.5667104721069336,0.7364235520362854,0.9819154143333435,0.0003926641365978867,0.00010198053496424109,7.834949064999819e-05,17.906349182128906,1695.7255859375,121.71107482910156,0.010382899083197117,3.4027444719177938e-06,1.6343126176636152e-05,17470,0.049766987562179565
0.09788277745246887,0.9021171927452087,0.6623787879943848,0.9998437166213989,0.644270658493042,0.0005176807753741741,0.0001381190086249262,5.895483627682552e-05,17.90174102783203,1589.025634765625,123.6280746459961,0.09790866076946259,3.2890507054176425e-06,1.5770063656600038e-05,17480,0.0936952456831932
0.00630347291007638,0.9936965107917786,0.5712801218032837,0.6050083637237549,0.7264614105224609,0.00037952567799948156,0.00010060452768811956,8.150408393703401e-05,17.9161376953125,1554.0408935546875,116.4030990600586,0.0063224490731954575,3.1770374387415035e-06,1.520547153466677e-05,17490,0.03695325553417206
0.0001384821516694501,0.9998615384101868,0.37242618203163147,0.4733472168445587,0.9998449087142944,0.00037736233207397163,9.373076318297535e-05,7.132853352231905e-05,17.822540283203125,1553.671875,118.4651107788086,0.00015735026681795716,3.066732309486847e-06,1.4649489115494309e-05,17500,0.001622419455088675
0.00014650850789621472,0.9998534321784973,0.4875001609325409,0.4737195074558258,0.7388747334480286,0.0003654898318927735,9.650556603446603e-05,7.757003913866356e-05,17.876922607421875,1272.455322265625,108.8150405883789,0.000164783006766811,2.958162533793783e-06,1.4102253579425229e-05,17510,0.0014246900100260973
0.00014712569827679545,0.9998528957366943,0.5376530885696411,0.6051446795463562,0.6094213128089905,0.00037267839070409536,9.28230510908179e-05,7.275089592440054e-05,17.877351760864258,1552.6890869140625,117.2356948852539,0.00016575961490161717,2.8513548996298926e-06,1.3563899948639557e-05,17520,0.001409906311891973
0.00015195876767393202,0.9998480081558228,0.5455634593963623,0.21064883470535278,0.4769704341888428,0.00035360007314011455,9.527771908324212e-05,7.802919571986422e-05,17.88518714904785,1131.6583251953125,103.77040100097656,0.00016963877715170383,2.7463357601807157e-06,1.3034561053840173e-05,17530,0.0012243235250934958
0.009686828590929508,0.9903131723403931,0.6703424453735352,,0.9877792000770569,0.00038016733014956117,9.799124381970614e-05,7.504489622078836e-05,17.901641845703125,1415.612548828125,115.19390106201172,0.00970583688467741,2.6431310273474742e-06,1.2514367501478682e-05,17540,0.03315349668264389
0.017431726679205894,0.9825682640075684,0.4015222191810608,0.8021460771560669,0.9476050734519958,0.00039494296652264893,0.00010388239752501249,7.840724720153958e-05,17.868064880371094,1554.299560546875,118.73003387451172,0.01745147444307804,2.5417661653537065e-06,1.2003447641530297e-05,17550,0.03853415697813034
0.0001406272640451789,0.9998593926429749,0.49149855971336365,0.6035642623901367,0.738277018070221,0.00037403451278805733,9.474533726461232e-05,7.484781235689297e-05,17.885398864746094,1557.513671875,117.85433197021484,0.0001593289925949648,2.4422661844623606e-06,1.1501927535825434e-05,17560,0.0010192298796027899
0.0294398982077837,0.9705601334571838,0.5713411569595337,0.605758547782898,0.6982809901237488,0.0003995727456640452,0.00010694232332753018,7.620192627655342e-05,17.90286636352539,1279.821533203125,111.7490005493164,0.02945987693965435,2.344655634804865e-06,1.1009930926945733e-05,17570,0.057646140456199646
0.0001670180499786511,0.9998329877853394,0.5960463881492615,0.21192799508571625,0.9998285174369812,0.0003617077600210905,9.398147085448727e-05,7.621041731908917e-05,17.893016815185547,1272.59765625,108.76387786865234,0.00018510343215893954,2.2489586003237772e-06,1.0527579207692573e-05,17580,0.0012295421911403537
0.00013751517690252513,0.999862551689148,0.4608082175254822,0.9998681545257568,0.7358829975128174,0.0003690133453346789,9.200330532621592e-05,7.193076453404501e-05,17.87405014038086,1414.5435791015625,114.36219787597656,0.00015596584125887603,2.1551986928304028e-06,1.005499139113506e-05,17590,0.0007524940883740783
0.0001799541205400601,0.9998200535774231,0.4884597659111023,0.7366815209388733,0.9998124241828918,0.00037149805575609207,9.28678346099332e-05,7.201638072729111e-05,17.87753677368164,1413.5853271484375,114.396240234375,0.0001985290291486308,2.063399046178957e-06,9.59228408124545e-06,17600,0.002387732733041048
0.00017297855811193585,0.9998270273208618,0.5978267788887024,0.6049066781997681,0.6035770773887634,0.00036851008189842105,9.57533047767356e-05,7.829040987417102e-05,17.92182159423828,1423.1904296875,114.28460693359375,0.0001914040622068569,1.973582310558627e-06,9.139571444128836e-06,17610,0.001641534036025405
0.00014417261991184205,0.9998558163642883,0.386618435382843,0.9998538494110107,0.9998492002487183,0.000376848503947258,9.62245321716182e-05,7.827245281077921e-05,17.898338317871094,1696.625732421875,121.5631103515625,0.00016301505092997104,1.885770646904969e-06,8.696965179854339e-06,17620,0.001458908198401332
0.016349272802472115,0.9836506843566895,0.5331908464431763,0.21136756241321564,0.4611717760562897,0.0003759447135962546,0.00010575672058621421,8.23234295239672e-05,17.882972717285156,1131.0843505859375,103.90807342529297,0.016368070617318153,1.7999857214320322e-06,8.264574494894787e-06,17630,0.09154461324214935
0.062464162707328796,0.9375357627868652,0.5635741353034973,0.6032513380050659,0.6312887072563171,0.00045466457959264517,0.00011869502486661077,6.377002864610404e-05,17.887393951416016,1407.390625,114.86602783203125,0.06248689442873001,1.7162487002865568e-06,7.842506075181736e-06,17640,0.08977891504764557
0.00014008922153152525,0.9998598694801331,0.5061835050582886,0.9998766779899597,0.7391610145568848,0.0003791378694586456,9.841381688602269e-05,7.913778972579166e-05,17.887714385986328,1696.4012451171875,121.04265594482422,0.00015904611791484058,1.6345802443255206e-06,7.430864059782169e-06,17650,0.0013394628185778856
0.00013649204629473388,0.9998635053634644,0.43269288539886475,0.99986732006073,0.6070842742919922,0.00037793375668115914,9.589691762812436e-05,7.680556154809892e-05,17.893014907836914,1695.669921875,121.544189453125,0.00015538872685283422,1.555000504018399e-06,7.029750015203849e-06,17660,0.0009681472438387573
0.08304015547037125,0.916959822177887,0.5260626077651978,0.9998644590377808,0.5800269842147827,0.00048626927309669554,0.0001254259404959157,5.383365351008251e-05,17.87550926208496,1395.72216796875,113.71404266357422,0.08306446671485901,1.4775291144753417e-06,6.639262910335308e-06,17670,0.0358671136200428
0.04505180940032005,0.9549481272697449,0.37272942066192627,0.7383298277854919,0.6844991445541382,0.0004326208436395973,0.00011060728138545528,6.81092933518812e-05,17.8648738861084,1687.92626953125,122.37566375732422,0.04507344216108322,1.4021851906024841e-06,6.2594990920266625e-06,17680,0.0652552992105484
0.0011418939102441072,0.9988580942153931,0.4235392212867737,0.9998734593391418,0.9958055019378662,0.0003844359307549894,9.882815356831998e-05,7.82911156420596e-05,17.877216339111328,1838.30517578125,126.4190444946289,0.0011611157096922398,1.3289873223856527e-06,5.890552261317583e-06,17690,0.012434951961040497
0.06581530719995499,0.9341846704483032,0.5722419023513794,0.9998489618301392,0.6073156595230103,0.0004597303632181138,0.0001186926310765557,6.205035606399179e-05,17.921039581298828,1539.1729736328125,116.78360748291016,0.0658382922410965,1.2579535703035406e-06,5.532513450317846e-06,17700,0.040413133800029755
0.00026720011373981833,0.9997327327728271,0.586057186126709,0.2155531346797943,0.8055303692817688,0.0003631721483543515,9.475811384618282e-05,7.610961620230228e-05,17.883216857910156,1274.390625,108.23162078857422,0.0002853587211575359,1.189101460871574e-06,5.18547099974662e-06,17710,0.009205698035657406
0.00012571514525916427,0.9998742938041687,0.4317471981048584,0.9998793005943298,0.21722906827926636,0.00037862651515752077,9.817921090871096e-05,7.920229836599901e-05,17.880287170410156,1696.0152587890625,121.78179168701172,0.00014464647392742336,1.1224479823175017e-06,4.849510537135689e-06,17720,0.0006201619398780167
0.00013508247502613813,0.9998649954795837,0.44552144408226013,0.607791543006897,,0.00036647109664045274,9.304877312388271e-05,7.472620200132951e-05,17.860279083251953,1412.464111328125,113.13005828857422,0.00015340602840296924,1.058009580389798e-06,4.5247149557021134e-06,17730,0.0009521653992123902
0.06138313189148903,0.9386168718338013,0.633855938911438,0.9998934268951416,0.3743428885936737,0.0004475292225833982,0.0001216952659888193,7.134611951187253e-05,17.919246673583984,1409.318115234375,111.5232162475586,0.06140550971031189,9.958021542999238e-07,4.211164393895575e-06,17740,0.08501088619232178
0.000853082281537354,0.9991469383239746,0.5341328978538513,0.21563205122947693,0.9980508685112,0.0003716051287483424,9.74295471678488e-05,7.947074482217431e-05,17.888858795166016,1413.9354248046875,112.45892333984375,0.0008716625161468983,9.358410527994439e-07,3.90893621562548e-06,17750,0.020461739972233772
0.0001636459637666121,0.9998363852500916,0.49512431025505066,0.7379031777381897,0.6088718175888062,0.0003742289263755083,9.882541780825704e-05,7.916057074908167e-05,17.89244842529297,1411.671142578125,112.00066375732422,0.00018235741299577057,8.781410703929284e-07,3.618104991172438e-06,17760,0.0038504593539983034
0.00013964682875666767,0.9998603463172913,0.4509948194026947,0.9998691082000732,0.6071031093597412,0.00037537692696787417,9.716906788526103e-05,7.815661956556141e-05,17.895265579223633,1557.2071533203125,117.7672119140625,0.0001584156707394868,8.227164436876585e-07,3.3387424787893094e-06,17770,0.000983744510449469
0.0042329817079007626,0.9957669973373413,0.5386551022529602,0.7384111285209656,0.9874882698059082,0.00038017280166968703,9.661851800046861e-05,7.490791904274374e-05,17.879196166992188,1556.5343017578125,117.59081268310547,0.004251990467309952,7.69580847880934e-07,3.0709176069958188e-06,17780,0.026339618489146233
0.0001304579636780545,0.9998694658279419,0.3364723324775696,0.8429273366928101,0.22185900807380676,0.0003738663799595088,9.614615555619821e-05,7.744675531284884e-05,17.873292922973633,1555.69482421875,116.87911224365234,0.00014915128122083843,7.187473933859344e-07,2.8146964575715284e-06,17790,0.0009058739524334669
0.0020265313796699047,0.9979733824729919,0.3079982101917267,0.6073107123374939,0.6068198680877686,0.00036457099486142397,9.234077151631936e-05,7.227826426969841e-05,17.859468460083008,1273.2672119140625,108.385009765625,0.00204475992359221,6.702286225969232e-07,2.5701422492511584e-06,17800,0.03804367408156395
0.0001450977724744007,0.9998549818992615,0.45335012674331665,0.7381511330604553,0.7386172413825989,0.00037562695797532797,9.777086233953014e-05,7.90236153989099e-05,17.883058547973633,1556.73974609375,117.54414367675781,0.000163879114552401,6.240365067945898e-07,2.337315322126266e-06,17810,0.0006205217796377838
0.00013552788004744798,0.9998644590377808,0.5722031593322754,0.9998828172683716,0.6081204414367676,0.0003757160739041865,9.902029705699533e-05,8.062880078796297e-05,17.915870666503906,1556.84912109375,115.9485855102539,0.0001543136895634234,5.801824431923163e-07,2.1162731227572306e-06,17820,0.0007685558521188796
0.0002104063896695152,0.9997895956039429,0.6877410411834717,,0.999772310256958,0.0003703152178786695,9.354981011711061e-05,7.371122774202377e-05,17.902324676513672,1415.384521484375,112.3473892211914,0.00022892214474268258,5.386772521240984e-07,1.907070189999243e-06,17830,0.005953846964985132
0.0025336218532174826,0.9974663853645325,0.39607784152030945,0.9998751282691956,0.9914312362670898,0.0003794997464865446,9.784403664525598e-05,7.840214675525203e-05,17.884836196899414,1697.50341796875,121.99785614013672,0.002552596852183342,4.995311743747752e-07,1.7097581415455839e-06,17840,0.017362739890813828
0.03160994127392769,0.9683900475502014,0.4703215956687927,0.7384130358695984,0.9047524929046631,0.0004166778235230595,0.00010961764201056212,7.482111686840653e-05,17.892410278320312,1554.4776611328125,117.31328582763672,0.031630776822566986,4.627538686532766e-07,1.5243856611917676e-06,17850,0.0653471127152443
0.00018575754074845463,0.9998142719268799,0.6827731728553772,,0.8049393892288208,0.0003717538493219763,9.486958151683211e-05,7.660468691028655e-05,17.92593002319336,1557.04248046875,115.94499969482422,0.00020434524049051106,4.283544092094779e-07,1.35099848682353e-06,17860,0.004223760217428207
0.0014248616062104702,0.9985751509666443,0.5243867635726929,0.9998840093612671,0.9968368411064148,0.000378371769329533,9.60341640166007e-05,7.731045479886234e-05,17.91179656982422,1697.18505859375,122.1266860961914,0.0014437801437452435,3.9634128359526845e-07,1.1896393991317067e-06,17870,0.01647237315773964
0.00013141034287400544,0.9998685717582703,0.3811383843421936,0.7383661270141602,,0.00035928425495512784,9.216453327098861e-05,7.43447890272364e-05,17.85717010498047,1272.11376953125,109.63313293457031,0.00014937455125618726,3.6672239057036883e-07,1.0403482110567077e-06,17880,0.000856134865898639
0.0016582140233367682,0.9983418583869934,0.573899507522583,0.99985671043396,0.8029136657714844,0.0003734870988409966,9.540584869682789e-05,7.7166230767034e-05,17.89903450012207,1556.7144775390625,116.6562728881836,0.0016768883215263486,3.395050381534371e-07,9.03161757965304e-07,17890,0.024038981646299362
0.00016030108963605016,0.999839723110199,0.37827470898628235,0.41123542189598083,0.21941331028938293,0.0003542655031196773,9.490669617662206e-05,7.733138045296073e-05,17.860963821411133,1129.8380126953125,104.7376708984375,0.00017801436479203403,3.1469594181891915e-07,7.781138885620268e-07,17900,0.0006476582493633032
0.00015000284474808723,0.9998500347137451,0.5062735080718994,0.999859094619751,0.21463389694690704,0.00036457509850151837,9.640728239901364e-05,7.909272972028702e-05,17.896453857421875,1276.076416015625,108.48271942138672,0.00016823160694912076,2.9230122284011134e-07,6.652354565375309e-07,17910,0.0006488451617769897
0.044296104460954666,0.9557039141654968,0.48098301887512207,0.7382053732872009,0.8448091149330139,0.0004308664065320045,0.00011394730972824618,7.375450513791293e-05,17.909238815307617,1688.07421875,121.8781967163086,0.04431764781475067,2.7232640677881973e-07,5.645543129558692e-07,17920,0.059159282594919205
0.012246696278452873,0.9877533316612244,0.5025874972343445,0.9998834133148193,0.9573113918304443,0.00038997718365862966,0.00010194919013883919,7.934925815789029e-05,17.89931869506836,1697.475341796875,121.8333511352539,0.012266195379197598,2.547764221220186e-07,4.7609529938269973e-07,17930,0.026805734261870384
0.0001285399339394644,0.9998714327812195,0.46678751707077026,0.999875545501709,0.9998577237129211,0.0003752319316845387,9.729962766868994e-05,7.828409434296191e-05,17.87049674987793,1555.370849609375,118.4681396484375,0.0001473015290684998,2.396555990658171e-07,3.9988024175598694e-07,17940,0.00047185050789266825
0.0001344923657597974,0.9998654723167419,0.46760714054107666,0.9998652935028076,0.22325795888900757,0.0003769422182813287,9.869662608252838e-05,8.016421634238213e-05,17.901769638061523,1557.061767578125,116.04654693603516,0.00015333948249462992,2.2696766844704465e-07,3.359279450007603e-07,17950,0.0004966937121935189
0.0026245461776852608,0.9973754286766052,0.5063632726669312,0.7381327152252197,0.9940342903137207,0.0003820335550699383,9.920433512888849e-05,7.927234400995076e-05,17.89959144592285,1697.045166015625,121.9324951171875,0.002643647836521268,2.1671576082272972e-07,2.842541883893144e-07,17960,0.024747803807258606
0.00013910082634538412,0.9998608231544495,0.5335522890090942,0.9998575448989868,0.6063807606697083,0.00036724586971104145,9.449136996408924e-05,7.649294275324792e-05,17.878890991210938,1415.629638671875,114.50505828857422,0.00015746311692055315,2.0890240569767493e-07,2.4487172164787665e-07,17970,0.00041919155046343803
0.06505780667066574,0.9349421858787537,0.4566230773925781,0.6066457629203796,0.803676962852478,0.0004580952227115631,0.00011862762039527297,6.249371654121205e-05,17.887100219726562,1539.7738037109375,118.0130844116211,0.06508070975542068,2.0352953090034333e-07,2.1779026181082143e-07,17980,0.04889557883143425
0.0011811350705102086,0.9988188147544861,0.5859276056289673,0.9998882412910461,0.47636768221855164,0.00036978477146476507,9.381708514411002e-05,7.410708349198103e-05,17.891326904296875,1417.820556640625,112.37831115722656,0.0011996242683380842,2.0059846210719635e-07,2.030164908231411e-07,17990,0.021475084125995636
