"Step","deep-planet-14 - contrastive_loss","deep-planet-14 - contrastive_loss__MIN","deep-planet-14 - contrastive_loss__MAX"
"0","4.53125","4.53125","4.53125"
"10","4.5625","4.5625","4.5625"
"20","4.53125","4.53125","4.53125"
"30","4.53125","4.53125","4.53125"
"40","4.625","4.625","4.625"
"50","4.53125","4.53125","4.53125"
"60","4.625","4.625","4.625"
"70","4.59375","4.59375","4.59375"
"80","4.59375","4.59375","4.59375"
"90","4.53125","4.53125","4.53125"
"100","4.65625","4.65625","4.65625"
"110","4.59375","4.59375","4.59375"
"120","4.65625","4.65625","4.65625"
"130","4.5625","4.5625","4.5625"
"140","4.59375","4.59375","4.59375"
"150","4.59375","4.59375","4.59375"
"160","4.53125","4.53125","4.53125"
"170","4.59375","4.59375","4.59375"
"180","4.53125","4.53125","4.53125"
"190","4.5625","4.5625","4.5625"
"200","4.5625","4.5625","4.5625"
"210","4.625","4.625","4.625"
"220","4.5625","4.5625","4.5625"
"230","4.5625","4.5625","4.5625"
"240","4.6875","4.6875","4.6875"
"250","4.59375","4.59375","4.59375"
"260","4.5625","4.5625","4.5625"
"270","4.625","4.625","4.625"
"280","4.5625","4.5625","4.5625"
"290","4.625","4.625","4.625"
"300","4.59375","4.59375","4.59375"
"310","4.6875","4.6875","4.6875"
"320","4.625","4.625","4.625"
"330","4.59375","4.59375","4.59375"
"340","4.59375","4.59375","4.59375"
"350","4.5625","4.5625","4.5625"
"360","4.71875","4.71875","4.71875"
"370","4.625","4.625","4.625"
"380","4.6875","4.6875","4.6875"
"390","4.625","4.625","4.625"
"400","4.6875","4.6875","4.6875"
"410","4.5625","4.5625","4.5625"
"420","4.625","4.625","4.625"
"430","4.59375","4.59375","4.59375"
"440","4.5625","4.5625","4.5625"
"450","4.5625","4.5625","4.5625"
"460","4.6875","4.6875","4.6875"
"470","4.625","4.625","4.625"
"480","4.5625","4.5625","4.5625"
"490","4.71875","4.71875","4.71875"
"500","4.6875","4.6875","4.6875"
"510","4.6875","4.6875","4.6875"
"520","4.5625","4.5625","4.5625"
"530","4.71875","4.71875","4.71875"
"540","4.65625","4.65625","4.65625"
"550","4.625","4.625","4.625"
"560","4.65625","4.65625","4.65625"
"570","4.65625","4.65625","4.65625"
"580","4.59375","4.59375","4.59375"
"590","4.625","4.625","4.625"
"600","4.71875","4.71875","4.71875"
"610","4.65625","4.65625","4.65625"
"620","4.71875","4.71875","4.71875"
"630","4.5625","4.5625","4.5625"
"640","4.625","4.625","4.625"
"650","4.625","4.625","4.625"
"660","4.65625","4.65625","4.65625"
"670","4.625","4.625","4.625"
"680","4.5625","4.5625","4.5625"
"690","4.59375","4.59375","4.59375"
"700","4.59375","4.59375","4.59375"
"710","4.65625","4.65625","4.65625"
"720","4.71875","4.71875","4.71875"
"730","4.59375","4.59375","4.59375"
"740","4.5625","4.5625","4.5625"
"750","4.75","4.75","4.75"
"760","4.65625","4.65625","4.65625"
"770","4.71875","4.71875","4.71875"
"780","4.65625","4.65625","4.65625"
"790","4.5625","4.5625","4.5625"
"800","4.625","4.625","4.625"
"810","4.59375","4.59375","4.59375"
"820","4.65625","4.65625","4.65625"
"830","4.625","4.625","4.625"
"840","4.625","4.625","4.625"
"850","4.59375","4.59375","4.59375"
"860","4.625","4.625","4.625"
"870","4.59375","4.59375","4.59375"
"880","4.6875","4.6875","4.6875"
"890","4.6875","4.6875","4.6875"
"900","4.59375","4.59375","4.59375"
"910","4.5625","4.5625","4.5625"
"920","4.625","4.625","4.625"
"930","4.625","4.625","4.625"
"940","4.625","4.625","4.625"
"950","4.71875","4.71875","4.71875"
"960","4.59375","4.59375","4.59375"
"970","4.625","4.625","4.625"
"980","4.59375","4.59375","4.59375"
"990","4.65625","4.65625","4.65625"
"1000","4.59375","4.59375","4.59375"
"1010","4.59375","4.59375","4.59375"
"1020","4.71875","4.71875","4.71875"
"1030","4.65625","4.65625","4.65625"
"1040","4.59375","4.59375","4.59375"
"1050","4.6875","4.6875","4.6875"
"1060","4.625","4.625","4.625"
"1070","4.65625","4.65625","4.65625"
"1080","4.625","4.625","4.625"
"1090","4.625","4.625","4.625"
"1100","4.625","4.625","4.625"
"1110","4.59375","4.59375","4.59375"
"1120","4.625","4.625","4.625"
"1130","4.6875","4.6875","4.6875"
"1140","4.59375","4.59375","4.59375"
"1150","4.65625","4.65625","4.65625"
"1160","4.6875","4.6875","4.6875"
"1170","4.59375","4.59375","4.59375"
"1180","4.65625","4.65625","4.65625"
"1190","4.625","4.625","4.625"
"1200","4.6875","4.6875","4.6875"
"1210","4.59375","4.59375","4.59375"
"1220","4.625","4.625","4.625"
"1230","4.59375","4.59375","4.59375"
"1240","4.625","4.625","4.625"
"1250","4.6875","4.6875","4.6875"
"1260","4.625","4.625","4.625"
"1270","4.625","4.625","4.625"
"1280","4.625","4.625","4.625"
"1290","4.65625","4.65625","4.65625"
"1300","4.625","4.625","4.625"
"1310","4.59375","4.59375","4.59375"
"1320","4.625","4.625","4.625"
"1330","4.59375","4.59375","4.59375"
"1340","4.625","4.625","4.625"
"1350","4.65625","4.65625","4.65625"
"1360","4.625","4.625","4.625"
"1370","4.59375","4.59375","4.59375"
"1380","4.65625","4.65625","4.65625"
"1390","4.59375","4.59375","4.59375"
"1400","4.65625","4.65625","4.65625"
"1410","4.59375","4.59375","4.59375"
"1420","4.625","4.625","4.625"
"1430","4.65625","4.65625","4.65625"
"1440","4.59375","4.59375","4.59375"
"1450","4.65625","4.65625","4.65625"
"1460","4.6875","4.6875","4.6875"
"1470","4.59375","4.59375","4.59375"
"1480","4.59375","4.59375","4.59375"
"1490","4.59375","4.59375","4.59375"
"1500","4.59375","4.59375","4.59375"
"1510","4.65625","4.65625","4.65625"
"1520","4.625","4.625","4.625"
"1530","4.59375","4.59375","4.59375"
"1540","4.625","4.625","4.625"
"1550","4.625","4.625","4.625"
"1560","4.59375","4.59375","4.59375"
"1570","4.59375","4.59375","4.59375"
"1580","4.59375","4.59375","4.59375"
"1590","4.625","4.625","4.625"
"1600","4.59375","4.59375","4.59375"
"1610","4.59375","4.59375","4.59375"
"1620","4.625","4.625","4.625"
"1630","4.625","4.625","4.625"
"1640","4.625","4.625","4.625"
"1650","4.59375","4.59375","4.59375"
"1660","4.59375","4.59375","4.59375"
"1670","4.59375","4.59375","4.59375"
"1680","4.625","4.625","4.625"
"1690","4.59375","4.59375","4.59375"
"1700","4.625","4.625","4.625"
"1710","4.59375","4.59375","4.59375"
"1720","4.625","4.625","4.625"
"1730","4.59375","4.59375","4.59375"
"1740","4.625","4.625","4.625"
"1750","4.59375","4.59375","4.59375"
"1760","4.65625","4.65625","4.65625"
"1770","4.59375","4.59375","4.59375"
"1780","4.59375","4.59375","4.59375"
"1790","4.59375","4.59375","4.59375"
"1800","4.625","4.625","4.625"
"1810","4.59375","4.59375","4.59375"
"1820","4.59375","4.59375","4.59375"
"1830","4.59375","4.59375","4.59375"
"1840","4.59375","4.59375","4.59375"
"1850","4.59375","4.59375","4.59375"
"1860","4.59375","4.59375","4.59375"
"1870","4.625","4.625","4.625"
"1880","4.625","4.625","4.625"
"1890","4.59375","4.59375","4.59375"
"1900","4.59375","4.59375","4.59375"
"1910","4.59375","4.59375","4.59375"
"1920","4.65625","4.65625","4.65625"
"1930","4.65625","4.65625","4.65625"
"1940","4.5625","4.5625","4.5625"
"1950","4.59375","4.59375","4.59375"
"1960","4.65625","4.65625","4.65625"
"1970","4.59375","4.59375","4.59375"
"1980","4.625","4.625","4.625"
"1990","4.59375","4.59375","4.59375"
"2000","4.5625","4.5625","4.5625"
"2010","4.65625","4.65625","4.65625"
"2020","4.5625","4.5625","4.5625"
"2030","4.59375","4.59375","4.59375"
"2040","4.625","4.625","4.625"
"2050","4.65625","4.65625","4.65625"
"2060","4.59375","4.59375","4.59375"
"2070","4.65625","4.65625","4.65625"
"2080","4.59375","4.59375","4.59375"
"2090","4.59375","4.59375","4.59375"
"2100","4.625","4.625","4.625"
"2110","4.625","4.625","4.625"
"2120","4.59375","4.59375","4.59375"
"2130","4.625","4.625","4.625"
"2140","4.625","4.625","4.625"
"2150","4.59375","4.59375","4.59375"
"2160","4.59375","4.59375","4.59375"
"2170","4.625","4.625","4.625"
"2180","4.625","4.625","4.625"
"2190","4.59375","4.59375","4.59375"
"2200","4.59375","4.59375","4.59375"
"2210","4.65625","4.65625","4.65625"
"2220","4.625","4.625","4.625"
"2230","4.625","4.625","4.625"
"2240","4.65625","4.65625","4.65625"
"2250","4.625","4.625","4.625"
"2260","4.59375","4.59375","4.59375"
"2270","4.59375","4.59375","4.59375"
"2280","4.59375","4.59375","4.59375"
"2290","4.625","4.625","4.625"
"2300","4.65625","4.65625","4.65625"
"2310","4.65625","4.65625","4.65625"
"2320","4.65625","4.65625","4.65625"
"2330","4.65625","4.65625","4.65625"
"2340","4.625","4.625","4.625"
"2350","4.65625","4.65625","4.65625"
"2360","4.65625","4.65625","4.65625"
"2370","4.625","4.625","4.625"
"2380","4.625","4.625","4.625"
"2390","4.65625","4.65625","4.65625"
"2400","4.59375","4.59375","4.59375"
"2410","4.625","4.625","4.625"
"2420","4.6875","4.6875","4.6875"
"2430","4.6875","4.6875","4.6875"
"2440","4.65625","4.65625","4.65625"
"2450","4.65625","4.65625","4.65625"
"2460","4.6875","4.6875","4.6875"
"2470","4.6875","4.6875","4.6875"
"2480","4.6875","4.6875","4.6875"
"2490","4.71875","4.71875","4.71875"
"2500","4.65625","4.65625","4.65625"
"2510","4.625","4.625","4.625"
"2520","4.625","4.625","4.625"
"2530","4.65625","4.65625","4.65625"
"2540","4.6875","4.6875","4.6875"
"2550","4.65625","4.65625","4.65625"
"2560","4.65625","4.65625","4.65625"
"2570","4.65625","4.65625","4.65625"
"2580","4.65625","4.65625","4.65625"
"2590","4.6875","4.6875","4.6875"
"2600","4.65625","4.65625","4.65625"
"2610","4.6875","4.6875","4.6875"
"2620","4.71875","4.71875","4.71875"
"2630","4.6875","4.6875","4.6875"
"2640","4.65625","4.65625","4.65625"
"2650","4.6875","4.6875","4.6875"
"2660","4.6875","4.6875","4.6875"
"2670","4.71875","4.71875","4.71875"
"2680","4.65625","4.65625","4.65625"
"2690","4.6875","4.6875","4.6875"
"2700","4.65625","4.65625","4.65625"
"2710","4.6875","4.6875","4.6875"
"2720","4.6875","4.6875","4.6875"
"2730","4.6875","4.6875","4.6875"
"2740","4.71875","4.71875","4.71875"
"2750","4.71875","4.71875","4.71875"
"2760","4.6875","4.6875","4.6875"
"2770","4.6875","4.6875","4.6875"
"2780","4.6875","4.6875","4.6875"
"2790","4.71875","4.71875","4.71875"
"2800","4.65625","4.65625","4.65625"
"2810","4.6875","4.6875","4.6875"
"2820","4.6875","4.6875","4.6875"
"2830","4.75","4.75","4.75"
"2840","4.6875","4.6875","4.6875"
"2850","4.71875","4.71875","4.71875"
"2860","4.71875","4.71875","4.71875"
"2870","4.71875","4.71875","4.71875"
"2880","4.6875","4.6875","4.6875"
"2890","4.71875","4.71875","4.71875"
"2900","4.65625","4.65625","4.65625"
"2910","4.75","4.75","4.75"
"2920","4.71875","4.71875","4.71875"
"2930","4.6875","4.6875","4.6875"
"2940","4.6875","4.6875","4.6875"
"2950","4.65625","4.65625","4.65625"
"2960","4.71875","4.71875","4.71875"
"2970","4.6875","4.6875","4.6875"
"2980","4.6875","4.6875","4.6875"
"2990","4.6875","4.6875","4.6875"
"3000","4.65625","4.65625","4.65625"
"3010","4.65625","4.65625","4.65625"
"3020","4.6875","4.6875","4.6875"
"3030","4.6875","4.6875","4.6875"
"3040","4.65625","4.65625","4.65625"
"3050","4.65625","4.65625","4.65625"
"3060","4.6875","4.6875","4.6875"
"3070","4.65625","4.65625","4.65625"
"3080","4.6875","4.6875","4.6875"
"3090","4.6875","4.6875","4.6875"
"3100","4.65625","4.65625","4.65625"
"3110","4.6875","4.6875","4.6875"
"3120","4.6875","4.6875","4.6875"
"3130","4.6875","4.6875","4.6875"
"3140","4.65625","4.65625","4.65625"
"3150","4.6875","4.6875","4.6875"
"3160","4.71875","4.71875","4.71875"
"3170","4.71875","4.71875","4.71875"
"3180","4.6875","4.6875","4.6875"
"3190","4.65625","4.65625","4.65625"
"3200","4.6875","4.6875","4.6875"
"3210","4.6875","4.6875","4.6875"
"3220","4.6875","4.6875","4.6875"
"3230","4.6875","4.6875","4.6875"
"3240","4.65625","4.65625","4.65625"
"3250","4.6875","4.6875","4.6875"
"3260","4.6875","4.6875","4.6875"
"3270","4.71875","4.71875","4.71875"
"3280","4.65625","4.65625","4.65625"
"3290","4.6875","4.6875","4.6875"
"3300","4.6875","4.6875","4.6875"
"3310","4.6875","4.6875","4.6875"
"3320","4.65625","4.65625","4.65625"
"3330","4.65625","4.65625","4.65625"
"3340","4.65625","4.65625","4.65625"
"3350","4.6875","4.6875","4.6875"
"3360","4.6875","4.6875","4.6875"
"3370","4.6875","4.6875","4.6875"
"3380","4.65625","4.65625","4.65625"
"3390","4.6875","4.6875","4.6875"
"3400","4.65625","4.65625","4.65625"
"3410","4.65625","4.65625","4.65625"
"3420","4.6875","4.6875","4.6875"
"3430","4.71875","4.71875","4.71875"
"3440","4.6875","4.6875","4.6875"
"3450","4.6875","4.6875","4.6875"
"3460","4.65625","4.65625","4.65625"
"3470","4.6875","4.6875","4.6875"
"3480","4.6875","4.6875","4.6875"
"3490","4.65625","4.65625","4.65625"
"3500","4.6875","4.6875","4.6875"
"3510","4.6875","4.6875","4.6875"
"3520","4.65625","4.65625","4.65625"
"3530","4.6875","4.6875","4.6875"
"3540","4.65625","4.65625","4.65625"
"3550","4.65625","4.65625","4.65625"
"3560","4.6875","4.6875","4.6875"
"3570","4.65625","4.65625","4.65625"
"3580","4.625","4.625","4.625"
"3590","4.6875","4.6875","4.6875"
"3600","4.6875","4.6875","4.6875"
"3610","4.6875","4.6875","4.6875"
"3620","4.65625","4.65625","4.65625"
"3630","4.65625","4.65625","4.65625"
"3640","4.65625","4.65625","4.65625"
"3650","4.65625","4.65625","4.65625"
"3660","4.65625","4.65625","4.65625"
"3670","4.65625","4.65625","4.65625"
"3680","4.65625","4.65625","4.65625"
"3690","4.625","4.625","4.625"
"3700","4.65625","4.65625","4.65625"
"3710","4.6875","4.6875","4.6875"
"3720","4.6875","4.6875","4.6875"
"3730","4.65625","4.65625","4.65625"
"3740","4.6875","4.6875","4.6875"
"3750","4.65625","4.65625","4.65625"
"3760","4.6875","4.6875","4.6875"
"3770","4.65625","4.65625","4.65625"
"3780","4.625","4.625","4.625"
"3790","4.65625","4.65625","4.65625"
"3800","4.65625","4.65625","4.65625"
"3810","4.6875","4.6875","4.6875"
"3820","4.6875","4.6875","4.6875"
"3830","4.65625","4.65625","4.65625"
"3840","4.6875","4.6875","4.6875"
"3850","4.65625","4.65625","4.65625"
"3860","4.625","4.625","4.625"
"3870","4.625","4.625","4.625"
"3880","4.625","4.625","4.625"
"3890","4.65625","4.65625","4.65625"
"3900","4.65625","4.65625","4.65625"
"3910","4.65625","4.65625","4.65625"
"3920","4.65625","4.65625","4.65625"
"3930","4.65625","4.65625","4.65625"
"3940","4.65625","4.65625","4.65625"
"3950","4.6875","4.6875","4.6875"
"3960","4.65625","4.65625","4.65625"
"3970","4.65625","4.65625","4.65625"
"3980","4.625","4.625","4.625"
"3990","4.65625","4.65625","4.65625"
"4000","4.65625","4.65625","4.65625"
"4010","4.6875","4.6875","4.6875"
"4020","4.65625","4.65625","4.65625"
"4030","4.65625","4.65625","4.65625"
"4040","4.65625","4.65625","4.65625"
"4050","4.6875","4.6875","4.6875"
"4060","4.65625","4.65625","4.65625"
"4070","4.6875","4.6875","4.6875"
"4080","4.65625","4.65625","4.65625"
"4090","4.6875","4.6875","4.6875"
"4100","4.65625","4.65625","4.65625"
"4110","4.625","4.625","4.625"
"4120","4.625","4.625","4.625"
"4130","4.65625","4.65625","4.65625"
"4140","4.65625","4.65625","4.65625"
"4150","4.625","4.625","4.625"
"4160","4.6875","4.6875","4.6875"
"4170","4.65625","4.65625","4.65625"
"4180","4.6875","4.6875","4.6875"
"4190","4.65625","4.65625","4.65625"
"4200","4.625","4.625","4.625"
"4210","4.65625","4.65625","4.65625"
"4220","4.65625","4.65625","4.65625"
"4230","4.65625","4.65625","4.65625"
"4240","4.65625","4.65625","4.65625"
"4250","4.65625","4.65625","4.65625"
"4260","4.6875","4.6875","4.6875"
"4270","4.6875","4.6875","4.6875"
"4280","4.6875","4.6875","4.6875"
"4290","4.65625","4.65625","4.65625"
"4300","4.65625","4.65625","4.65625"
"4310","4.6875","4.6875","4.6875"
"4320","4.65625","4.65625","4.65625"
"4330","4.65625","4.65625","4.65625"
"4340","4.625","4.625","4.625"
"4350","4.65625","4.65625","4.65625"
"4360","4.6875","4.6875","4.6875"
"4370","4.65625","4.65625","4.65625"
"4380","4.65625","4.65625","4.65625"
"4390","4.625","4.625","4.625"
"4400","4.65625","4.65625","4.65625"
"4410","4.625","4.625","4.625"
"4420","4.84375","4.84375","4.84375"
"4430","4.71875","4.71875","4.71875"
"4440","4.59375","4.59375","4.59375"
"4450","4.625","4.625","4.625"
"4460","4.59375","4.59375","4.59375"
"4470","4.59375","4.59375","4.59375"
"4480","4.59375","4.59375","4.59375"
"4490","4.59375","4.59375","4.59375"
"4500","4.59375","4.59375","4.59375"
"4510","4.59375","4.59375","4.59375"
"4520","4.59375","4.59375","4.59375"
"4530","4.625","4.625","4.625"
"4540","4.5625","4.5625","4.5625"
"4550","4.5625","4.5625","4.5625"
"4560","4.59375","4.59375","4.59375"
"4570","4.59375","4.59375","4.59375"
"4580","4.59375","4.59375","4.59375"
"4590","4.625","4.625","4.625"
"4600","4.625","4.625","4.625"
"4610","4.5625","4.5625","4.5625"
"4620","4.625","4.625","4.625"
"4630","4.59375","4.59375","4.59375"
"4640","4.59375","4.59375","4.59375"
"4650","4.59375","4.59375","4.59375"
"4660","4.5625","4.5625","4.5625"
"4670","4.5625","4.5625","4.5625"
"4680","4.625","4.625","4.625"
"4690","4.59375","4.59375","4.59375"
"4700","4.5625","4.5625","4.5625"
"4710","4.59375","4.59375","4.59375"
"4720","4.5625","4.5625","4.5625"
"4730","4.625","4.625","4.625"
"4740","4.625","4.625","4.625"
"4750","4.59375","4.59375","4.59375"
"4760","4.625","4.625","4.625"
"4770","4.5625","4.5625","4.5625"
"4780","4.59375","4.59375","4.59375"
"4790","4.5625","4.5625","4.5625"
"4800","4.59375","4.59375","4.59375"
"4810","4.59375","4.59375","4.59375"
"4820","4.5625","4.5625","4.5625"
"4830","4.625","4.625","4.625"
"4840","4.625","4.625","4.625"
"4850","4.65625","4.65625","4.65625"
"4860","4.625","4.625","4.625"
"4870","4.625","4.625","4.625"
"4880","4.59375","4.59375","4.59375"
"4890","4.59375","4.59375","4.59375"
"4900","4.59375","4.59375","4.59375"
"4910","4.59375","4.59375","4.59375"
"4920","4.625","4.625","4.625"
"4930","4.59375","4.59375","4.59375"
"4940","4.59375","4.59375","4.59375"
"4950","4.5625","4.5625","4.5625"
"4960","4.59375","4.59375","4.59375"
"4970","4.59375","4.59375","4.59375"
"4980","4.5625","4.5625","4.5625"
"4990","4.5625","4.5625","4.5625"
"5000","4.59375","4.59375","4.59375"
"5010","4.5625","4.5625","4.5625"
"5020","4.59375","4.59375","4.59375"
"5030","4.59375","4.59375","4.59375"
"5040","4.59375","4.59375","4.59375"
"5050","4.59375","4.59375","4.59375"
"5060","4.5625","4.5625","4.5625"
"5070","4.5625","4.5625","4.5625"
"5080","4.59375","4.59375","4.59375"
"5090","4.59375","4.59375","4.59375"
"5100","4.59375","4.59375","4.59375"
"5110","4.59375","4.59375","4.59375"
"5120","4.59375","4.59375","4.59375"
"5130","4.59375","4.59375","4.59375"
"5140","4.625","4.625","4.625"
"5150","4.59375","4.59375","4.59375"
"5160","4.59375","4.59375","4.59375"
"5170","4.59375","4.59375","4.59375"
"5180","4.59375","4.59375","4.59375"
"5190","4.59375","4.59375","4.59375"
"5200","4.625","4.625","4.625"
"5210","4.59375","4.59375","4.59375"
"5220","4.59375","4.59375","4.59375"
"5230","4.59375","4.59375","4.59375"
"5240","4.5625","4.5625","4.5625"
"5250","4.5625","4.5625","4.5625"
"5260","4.59375","4.59375","4.59375"
"5270","4.5625","4.5625","4.5625"
"5280","4.59375","4.59375","4.59375"
"5290","4.59375","4.59375","4.59375"
"5300","4.5625","4.5625","4.5625"
"5310","4.59375","4.59375","4.59375"
"5320","4.59375","4.59375","4.59375"
"5330","4.625","4.625","4.625"
"5340","4.5625","4.5625","4.5625"
"5350","4.59375","4.59375","4.59375"
"5360","4.59375","4.59375","4.59375"
"5370","4.59375","4.59375","4.59375"
"5380","4.625","4.625","4.625"
"5390","4.5625","4.5625","4.5625"
"5400","4.59375","4.59375","4.59375"
"5410","4.5625","4.5625","4.5625"
"5420","4.59375","4.59375","4.59375"
"5430","4.5625","4.5625","4.5625"
"5440","4.59375","4.59375","4.59375"
"5450","4.59375","4.59375","4.59375"
"5460","4.59375","4.59375","4.59375"
"5470","4.59375","4.59375","4.59375"
"5480","4.625","4.625","4.625"
"5490","4.59375","4.59375","4.59375"
"5500","4.59375","4.59375","4.59375"
"5510","4.625","4.625","4.625"
"5520","4.59375","4.59375","4.59375"
"5530","4.59375","4.59375","4.59375"
"5540","4.59375","4.59375","4.59375"
"5550","4.5625","4.5625","4.5625"
"5560","4.59375","4.59375","4.59375"
"5570","4.59375","4.59375","4.59375"
"5580","4.59375","4.59375","4.59375"
"5590","4.59375","4.59375","4.59375"
"5600","4.625","4.625","4.625"
"5610","4.5625","4.5625","4.5625"
"5620","4.5625","4.5625","4.5625"
"5630","4.59375","4.59375","4.59375"
"5640","4.59375","4.59375","4.59375"
"5650","4.625","4.625","4.625"
"5660","4.5625","4.5625","4.5625"
"5670","4.59375","4.59375","4.59375"
"5680","4.59375","4.59375","4.59375"
"5690","4.59375","4.59375","4.59375"
"5700","4.5625","4.5625","4.5625"
"5710","4.59375","4.59375","4.59375"
"5720","4.59375","4.59375","4.59375"
"5730","4.59375","4.59375","4.59375"
"5740","4.59375","4.59375","4.59375"
"5750","4.5625","4.5625","4.5625"
"5760","4.5625","4.5625","4.5625"
"5770","4.59375","4.59375","4.59375"
"5780","4.625","4.625","4.625"
"5790","4.59375","4.59375","4.59375"
"5800","4.59375","4.59375","4.59375"
"5810","4.59375","4.59375","4.59375"
"5820","4.625","4.625","4.625"
"5830","4.59375","4.59375","4.59375"
"5840","4.59375","4.59375","4.59375"
"5850","4.625","4.625","4.625"
"5860","4.59375","4.59375","4.59375"
"5870","4.5625","4.5625","4.5625"
"5880","4.59375","4.59375","4.59375"
"5890","4.5625","4.5625","4.5625"
"5900","4.59375","4.59375","4.59375"
"5910","4.59375","4.59375","4.59375"
"5920","4.59375","4.59375","4.59375"
"5930","4.59375","4.59375","4.59375"
"5940","4.59375","4.59375","4.59375"
"5950","4.59375","4.59375","4.59375"
"5960","4.65625","4.65625","4.65625"
"5970","4.59375","4.59375","4.59375"
"5980","4.59375","4.59375","4.59375"
"5990","4.59375","4.59375","4.59375"
"6000","4.625","4.625","4.625"
"6010","4.625","4.625","4.625"
"6020","4.59375","4.59375","4.59375"
"6030","4.59375","4.59375","4.59375"
"6040","4.59375","4.59375","4.59375"
"6050","4.59375","4.59375","4.59375"
"6060","4.65625","4.65625","4.65625"
"6070","4.59375","4.59375","4.59375"
"6080","4.59375","4.59375","4.59375"
"6090","4.5625","4.5625","4.5625"
"6100","4.59375","4.59375","4.59375"
"6110","4.59375","4.59375","4.59375"
"6120","4.59375","4.59375","4.59375"
"6130","4.59375","4.59375","4.59375"
"6140","4.59375","4.59375","4.59375"
"6150","4.59375","4.59375","4.59375"
"6160","4.5625","4.5625","4.5625"
"6170","4.5625","4.5625","4.5625"
"6180","4.59375","4.59375","4.59375"
"6190","4.59375","4.59375","4.59375"
"6200","4.59375","4.59375","4.59375"
"6210","4.59375","4.59375","4.59375"
"6220","4.625","4.625","4.625"
"6230","4.59375","4.59375","4.59375"
"6240","4.59375","4.59375","4.59375"
"6250","4.59375","4.59375","4.59375"
"6260","4.59375","4.59375","4.59375"
"6270","4.5625","4.5625","4.5625"
"6280","4.59375","4.59375","4.59375"
"6290","4.5625","4.5625","4.5625"
"6300","4.59375","4.59375","4.59375"
"6310","4.59375","4.59375","4.59375"
"6320","4.59375","4.59375","4.59375"
"6330","4.59375","4.59375","4.59375"
"6340","4.5625","4.5625","4.5625"
"6350","4.5625","4.5625","4.5625"
"6360","4.59375","4.59375","4.59375"
"6370","4.625","4.625","4.625"
"6380","4.59375","4.59375","4.59375"
"6390","4.59375","4.59375","4.59375"
"6400","4.5625","4.5625","4.5625"
"6410","4.5625","4.5625","4.5625"
"6420","4.5625","4.5625","4.5625"
"6430","4.625","4.625","4.625"
"6440","4.59375","4.59375","4.59375"
"6450","4.59375","4.59375","4.59375"
"6460","4.59375","4.59375","4.59375"
"6470","4.59375","4.59375","4.59375"
"6480","4.59375","4.59375","4.59375"
"6490","4.59375","4.59375","4.59375"
"6500","4.59375","4.59375","4.59375"
"6510","4.59375","4.59375","4.59375"
"6520","4.59375","4.59375","4.59375"
"6530","4.59375","4.59375","4.59375"
"6540","4.5625","4.5625","4.5625"
"6550","4.5625","4.5625","4.5625"
"6560","4.59375","4.59375","4.59375"
"6570","4.59375","4.59375","4.59375"
"6580","4.59375","4.59375","4.59375"
"6590","4.59375","4.59375","4.59375"
"6600","4.59375","4.59375","4.59375"
"6610","4.625","4.625","4.625"
"6620","4.59375","4.59375","4.59375"
"6630","4.625","4.625","4.625"
"6640","4.59375","4.59375","4.59375"
"6650","4.59375","4.59375","4.59375"
"6660","4.59375","4.59375","4.59375"
"6670","4.59375","4.59375","4.59375"
"6680","4.59375","4.59375","4.59375"
"6690","4.625","4.625","4.625"
"6700","4.59375","4.59375","4.59375"
"6710","4.59375","4.59375","4.59375"
"6720","4.59375","4.59375","4.59375"
"6730","4.5625","4.5625","4.5625"
"6740","4.59375","4.59375","4.59375"
"6750","4.59375","4.59375","4.59375"
"6760","4.5625","4.5625","4.5625"
"6770","4.59375","4.59375","4.59375"
"6780","4.59375","4.59375","4.59375"
"6790","4.59375","4.59375","4.59375"
"6800","4.59375","4.59375","4.59375"
"6810","4.59375","4.59375","4.59375"
"6820","4.59375","4.59375","4.59375"
"6830","4.59375","4.59375","4.59375"
"6840","4.59375","4.59375","4.59375"
"6850","4.59375","4.59375","4.59375"
"6860","4.59375","4.59375","4.59375"
"6870","4.59375","4.59375","4.59375"
"6880","4.59375","4.59375","4.59375"
"6890","4.59375","4.59375","4.59375"
"6900","4.59375","4.59375","4.59375"
"6910","4.59375","4.59375","4.59375"
"6920","4.59375","4.59375","4.59375"
"6930","4.59375","4.59375","4.59375"
"6940","4.5625","4.5625","4.5625"
"6950","4.59375","4.59375","4.59375"
"6960","4.59375","4.59375","4.59375"
"6970","4.5625","4.5625","4.5625"
"6980","4.59375","4.59375","4.59375"
"6990","4.59375","4.59375","4.59375"
"7000","4.5625","4.5625","4.5625"
"7010","4.59375","4.59375","4.59375"
"7020","4.59375","4.59375","4.59375"
"7030","4.59375","4.59375","4.59375"
"7040","4.59375","4.59375","4.59375"
"7050","4.625","4.625","4.625"
"7060","4.59375","4.59375","4.59375"
"7070","4.59375","4.59375","4.59375"
"7080","4.59375","4.59375","4.59375"
"7090","4.59375","4.59375","4.59375"
"7100","4.5625","4.5625","4.5625"
"7110","4.59375","4.59375","4.59375"
"7120","4.625","4.625","4.625"
"7130","4.625","4.625","4.625"
"7140","4.59375","4.59375","4.59375"
"7150","4.5625","4.5625","4.5625"
"7160","4.5625","4.5625","4.5625"
"7170","4.59375","4.59375","4.59375"
"7180","4.59375","4.59375","4.59375"
"7190","4.625","4.625","4.625"
"7200","4.625","4.625","4.625"
"7210","4.625","4.625","4.625"
"7220","4.59375","4.59375","4.59375"
"7230","4.59375","4.59375","4.59375"
"7240","4.59375","4.59375","4.59375"
"7250","4.5625","4.5625","4.5625"
"7260","4.5625","4.5625","4.5625"
"7270","4.59375","4.59375","4.59375"
"7280","4.59375","4.59375","4.59375"
"7290","4.59375","4.59375","4.59375"
"7300","4.5625","4.5625","4.5625"
"7310","4.59375","4.59375","4.59375"
"7320","4.5625","4.5625","4.5625"
"7330","4.59375","4.59375","4.59375"
"7340","4.59375","4.59375","4.59375"
"7350","4.59375","4.59375","4.59375"
"7360","4.59375","4.59375","4.59375"
"7370","4.59375","4.59375","4.59375"
"7380","4.59375","4.59375","4.59375"
"7390","4.5625","4.5625","4.5625"
"7400","4.5625","4.5625","4.5625"
"7410","4.59375","4.59375","4.59375"
"7420","4.59375","4.59375","4.59375"
"7430","4.59375","4.59375","4.59375"
"7440","4.59375","4.59375","4.59375"
"7450","4.5625","4.5625","4.5625"
"7460","4.59375","4.59375","4.59375"
"7470","4.59375","4.59375","4.59375"
"7480","4.5625","4.5625","4.5625"
"7490","4.5625","4.5625","4.5625"
"7500","4.5625","4.5625","4.5625"
"7510","4.65625","4.65625","4.65625"
"7520","4.59375","4.59375","4.59375"
"7530","4.59375","4.59375","4.59375"
"7540","4.5625","4.5625","4.5625"
"7550","4.5625","4.5625","4.5625"
"7560","4.5625","4.5625","4.5625"
"7570","4.5625","4.5625","4.5625"
"7580","4.5625","4.5625","4.5625"
"7590","4.5625","4.5625","4.5625"
"7600","4.59375","4.59375","4.59375"
"7610","4.59375","4.59375","4.59375"
"7620","4.59375","4.59375","4.59375"
"7630","4.5625","4.5625","4.5625"
"7640","4.59375","4.59375","4.59375"
"7650","4.59375","4.59375","4.59375"
"7660","4.5625","4.5625","4.5625"
"7670","4.59375","4.59375","4.59375"
"7680","4.625","4.625","4.625"
"7690","4.625","4.625","4.625"
"7700","4.59375","4.59375","4.59375"
"7710","4.625","4.625","4.625"
"7720","4.59375","4.59375","4.59375"
"7730","4.5625","4.5625","4.5625"
"7740","4.5625","4.5625","4.5625"
"7750","4.5625","4.5625","4.5625"
"7760","4.59375","4.59375","4.59375"
"7770","4.5625","4.5625","4.5625"
"7780","4.59375","4.59375","4.59375"
"7790","4.5625","4.5625","4.5625"
"7800","4.5625","4.5625","4.5625"
"7810","4.59375","4.59375","4.59375"
"7820","4.65625","4.65625","4.65625"
"7830","4.5625","4.5625","4.5625"
"7840","4.625","4.625","4.625"
"7850","4.59375","4.59375","4.59375"
"7860","4.59375","4.59375","4.59375"
"7870","4.59375","4.59375","4.59375"
"7880","4.5625","4.5625","4.5625"
"7890","4.59375","4.59375","4.59375"
"7900","4.5625","4.5625","4.5625"
"7910","4.5625","4.5625","4.5625"
"7920","4.59375","4.59375","4.59375"
"7930","4.59375","4.59375","4.59375"
"7940","4.5625","4.5625","4.5625"
"7950","4.5625","4.5625","4.5625"
"7960","4.5625","4.5625","4.5625"
"7970","4.59375","4.59375","4.59375"
"7980","4.59375","4.59375","4.59375"
"7990","4.59375","4.59375","4.59375"
"8000","4.5625","4.5625","4.5625"
"8010","4.5625","4.5625","4.5625"
"8020","4.59375","4.59375","4.59375"
"8030","4.5625","4.5625","4.5625"
"8040","4.5625","4.5625","4.5625"
"8050","4.5625","4.5625","4.5625"
"8060","4.625","4.625","4.625"
"8070","4.59375","4.59375","4.59375"
"8080","4.625","4.625","4.625"
"8090","4.5625","4.5625","4.5625"
"8100","4.5625","4.5625","4.5625"
"8110","4.5625","4.5625","4.5625"
"8120","4.59375","4.59375","4.59375"
"8130","4.5625","4.5625","4.5625"
"8140","4.59375","4.59375","4.59375"
"8150","4.59375","4.59375","4.59375"
"8160","4.5625","4.5625","4.5625"
"8170","4.59375","4.59375","4.59375"
"8180","4.59375","4.59375","4.59375"
"8190","4.5625","4.5625","4.5625"
"8200","4.59375","4.59375","4.59375"
"8210","4.5625","4.5625","4.5625"
"8220","4.5625","4.5625","4.5625"
"8230","4.53125","4.53125","4.53125"
"8240","4.59375","4.59375","4.59375"
"8250","4.5625","4.5625","4.5625"
"8260","4.59375","4.59375","4.59375"
"8270","4.59375","4.59375","4.59375"
"8280","4.59375","4.59375","4.59375"
"8290","4.5625","4.5625","4.5625"
"8300","4.59375","4.59375","4.59375"
"8310","4.59375","4.59375","4.59375"
"8320","4.5625","4.5625","4.5625"
"8330","4.59375","4.59375","4.59375"
"8340","4.59375","4.59375","4.59375"
"8350","4.59375","4.59375","4.59375"
"8360","4.5625","4.5625","4.5625"
"8370","4.59375","4.59375","4.59375"
"8380","4.59375","4.59375","4.59375"
"8390","4.5625","4.5625","4.5625"
"8400","4.5625","4.5625","4.5625"
"8410","4.59375","4.59375","4.59375"
"8420","4.5625","4.5625","4.5625"
"8430","4.5625","4.5625","4.5625"
"8440","4.59375","4.59375","4.59375"
"8450","4.59375","4.59375","4.59375"
"8460","4.59375","4.59375","4.59375"
"8470","4.5625","4.5625","4.5625"
"8480","4.59375","4.59375","4.59375"
"8490","4.625","4.625","4.625"
"8500","4.59375","4.59375","4.59375"
"8510","4.59375","4.59375","4.59375"
"8520","4.625","4.625","4.625"
"8530","4.5625","4.5625","4.5625"
"8540","4.59375","4.59375","4.59375"
"8550","4.59375","4.59375","4.59375"
"8560","4.59375","4.59375","4.59375"
"8570","4.59375","4.59375","4.59375"
"8580","4.59375","4.59375","4.59375"
"8590","4.59375","4.59375","4.59375"
"8600","4.5625","4.5625","4.5625"
"8610","4.59375","4.59375","4.59375"
"8620","4.59375","4.59375","4.59375"
"8630","4.59375","4.59375","4.59375"
"8640","4.5625","4.5625","4.5625"
"8650","4.59375","4.59375","4.59375"
"8660","4.59375","4.59375","4.59375"
"8670","4.5625","4.5625","4.5625"
"8680","4.59375","4.59375","4.59375"
"8690","4.5625","4.5625","4.5625"
"8700","4.5625","4.5625","4.5625"
"8710","4.5625","4.5625","4.5625"
"8720","4.625","4.625","4.625"
"8730","4.625","4.625","4.625"
"8740","4.59375","4.59375","4.59375"
"8750","4.5625","4.5625","4.5625"
"8760","4.5625","4.5625","4.5625"
"8770","4.59375","4.59375","4.59375"
"8780","4.5625","4.5625","4.5625"
"8790","4.59375","4.59375","4.59375"
"8800","4.625","4.625","4.625"
"8810","4.59375","4.59375","4.59375"
"8820","4.59375","4.59375","4.59375"
"8830","4.5625","4.5625","4.5625"
"8840","4.625","4.625","4.625"
"8850","4.59375","4.59375","4.59375"
"8860","4.5625","4.5625","4.5625"
"8870","4.5625","4.5625","4.5625"
"8880","4.5625","4.5625","4.5625"
"8890","4.59375","4.59375","4.59375"
"8900","4.59375","4.59375","4.59375"
"8910","4.5625","4.5625","4.5625"
"8920","4.5625","4.5625","4.5625"
"8930","4.5625","4.5625","4.5625"
"8940","4.59375","4.59375","4.59375"
"8950","4.59375","4.59375","4.59375"
"8960","4.625","4.625","4.625"
"8970","4.59375","4.59375","4.59375"
"8980","4.59375","4.59375","4.59375"
"8990","4.5625","4.5625","4.5625"
"9000","4.5625","4.5625","4.5625"
"9010","4.59375","4.59375","4.59375"
"9020","4.625","4.625","4.625"
"9030","4.59375","4.59375","4.59375"
"9040","4.59375","4.59375","4.59375"
"9050","4.59375","4.59375","4.59375"
"9060","4.59375","4.59375","4.59375"
"9070","4.5625","4.5625","4.5625"
"9080","4.59375","4.59375","4.59375"
"9090","4.59375","4.59375","4.59375"
"9100","4.5625","4.5625","4.5625"
"9110","4.625","4.625","4.625"
"9120","4.625","4.625","4.625"
"9130","4.59375","4.59375","4.59375"
"9140","4.59375","4.59375","4.59375"
"9150","4.625","4.625","4.625"
"9160","4.625","4.625","4.625"
"9170","4.5625","4.5625","4.5625"
"9180","4.5625","4.5625","4.5625"
"9190","4.59375","4.59375","4.59375"
"9200","4.59375","4.59375","4.59375"
"9210","4.59375","4.59375","4.59375"
"9220","4.59375","4.59375","4.59375"
"9230","4.59375","4.59375","4.59375"
"9240","4.5625","4.5625","4.5625"
"9250","4.59375","4.59375","4.59375"
"9260","4.59375","4.59375","4.59375"
"9270","4.59375","4.59375","4.59375"
"9280","4.59375","4.59375","4.59375"
"9290","4.59375","4.59375","4.59375"
"9300","4.59375","4.59375","4.59375"
"9310","4.59375","4.59375","4.59375"
"9320","4.5625","4.5625","4.5625"
"9330","4.59375","4.59375","4.59375"
"9340","4.59375","4.59375","4.59375"
"9350","4.65625","4.65625","4.65625"
"9360","4.59375","4.59375","4.59375"
"9370","4.5625","4.5625","4.5625"
"9380","4.59375","4.59375","4.59375"
"9390","4.59375","4.59375","4.59375"
"9400","4.5625","4.5625","4.5625"
"9410","4.59375","4.59375","4.59375"
"9420","4.5625","4.5625","4.5625"
"9430","4.59375","4.59375","4.59375"
"9440","4.5625","4.5625","4.5625"
"9450","4.5625","4.5625","4.5625"
"9460","4.59375","4.59375","4.59375"
"9470","4.5625","4.5625","4.5625"
"9480","4.625","4.625","4.625"
"9490","4.5625","4.5625","4.5625"
"9500","4.65625","4.65625","4.65625"
"9510","4.59375","4.59375","4.59375"
"9520","4.5625","4.5625","4.5625"
"9530","4.5625","4.5625","4.5625"
"9540","4.5625","4.5625","4.5625"
"9550","4.5625","4.5625","4.5625"
"9560","4.65625","4.65625","4.65625"
"9570","4.625","4.625","4.625"
"9580","4.5625","4.5625","4.5625"
"9590","4.625","4.625","4.625"
"9600","4.59375","4.59375","4.59375"
"9610","4.5625","4.5625","4.5625"
"9620","4.59375","4.59375","4.59375"
"9630","4.59375","4.59375","4.59375"
"9640","4.5625","4.5625","4.5625"
"9650","4.625","4.625","4.625"
"9660","4.59375","4.59375","4.59375"
"9670","4.59375","4.59375","4.59375"
"9680","4.59375","4.59375","4.59375"
"9690","4.59375","4.59375","4.59375"
"9700","4.625","4.625","4.625"
"9710","4.59375","4.59375","4.59375"
"9720","4.5625","4.5625","4.5625"
"9730","4.625","4.625","4.625"
"9740","4.625","4.625","4.625"
"9750","4.59375","4.59375","4.59375"
"9760","4.5625","4.5625","4.5625"
"9770","4.59375","4.59375","4.59375"
"9780","4.59375","4.59375","4.59375"
"9790","4.625","4.625","4.625"
"9800","4.59375","4.59375","4.59375"
"9810","4.59375","4.59375","4.59375"
"9820","4.59375","4.59375","4.59375"
"9830","4.59375","4.59375","4.59375"
"9840","4.625","4.625","4.625"
"9850","4.59375","4.59375","4.59375"
"9860","4.625","4.625","4.625"
"9870","4.53125","4.53125","4.53125"
"9880","4.59375","4.59375","4.59375"
"9890","4.625","4.625","4.625"
"9900","4.5625","4.5625","4.5625"
"9910","4.59375","4.59375","4.59375"
"9920","4.5625","4.5625","4.5625"
"9930","4.5625","4.5625","4.5625"
"9940","4.65625","4.65625","4.65625"
"9950","4.59375","4.59375","4.59375"
"9960","4.5625","4.5625","4.5625"
"9970","4.59375","4.59375","4.59375"
"9980","4.59375","4.59375","4.59375"
"9990","4.5625","4.5625","4.5625"
"10000","4.5625","4.5625","4.5625"
"10010","4.5625","4.5625","4.5625"
"10020","4.59375","4.59375","4.59375"
"10030","4.59375","4.59375","4.59375"
"10040","4.5625","4.5625","4.5625"
"10050","4.59375","4.59375","4.59375"
"10060","4.59375","4.59375","4.59375"
"10070","4.59375","4.59375","4.59375"
"10080","4.59375","4.59375","4.59375"
"10090","4.59375","4.59375","4.59375"
"10100","4.59375","4.59375","4.59375"
"10110","4.5625","4.5625","4.5625"
"10120","4.59375","4.59375","4.59375"
"10130","4.59375","4.59375","4.59375"
"10140","4.625","4.625","4.625"
"10150","4.59375","4.59375","4.59375"
"10160","4.5625","4.5625","4.5625"
"10170","4.59375","4.59375","4.59375"
"10180","4.59375","4.59375","4.59375"
"10190","4.5625","4.5625","4.5625"
"10200","4.59375","4.59375","4.59375"
"10210","4.5625","4.5625","4.5625"
"10220","4.59375","4.59375","4.59375"
"10230","4.59375","4.59375","4.59375"
"10240","4.59375","4.59375","4.59375"
"10250","4.5625","4.5625","4.5625"
"10260","4.59375","4.59375","4.59375"
"10270","4.5625","4.5625","4.5625"
"10280","4.59375","4.59375","4.59375"
"10290","4.59375","4.59375","4.59375"
"10300","4.59375","4.59375","4.59375"
"10310","4.59375","4.59375","4.59375"
"10320","4.65625","4.65625","4.65625"
"10330","4.625","4.625","4.625"
"10340","4.625","4.625","4.625"
"10350","4.65625","4.65625","4.65625"
"10360","4.59375","4.59375","4.59375"
"10370","4.625","4.625","4.625"
"10380","4.59375","4.59375","4.59375"
"10390","4.625","4.625","4.625"
"10400","4.5625","4.5625","4.5625"
"10410","4.59375","4.59375","4.59375"
"10420","4.59375","4.59375","4.59375"
"10430","4.59375","4.59375","4.59375"
"10440","4.59375","4.59375","4.59375"
"10450","4.59375","4.59375","4.59375"
"10460","4.625","4.625","4.625"
"10470","4.625","4.625","4.625"
"10480","4.59375","4.59375","4.59375"
"10490","4.625","4.625","4.625"
"10500","4.59375","4.59375","4.59375"
"10510","4.59375","4.59375","4.59375"
"10520","4.59375","4.59375","4.59375"
"10530","4.625","4.625","4.625"
"10540","4.59375","4.59375","4.59375"
"10550","4.59375","4.59375","4.59375"
"10560","4.5625","4.5625","4.5625"
"10570","4.5625","4.5625","4.5625"
"10580","4.625","4.625","4.625"
"10590","4.59375","4.59375","4.59375"
"10600","4.59375","4.59375","4.59375"
"10610","4.59375","4.59375","4.59375"
"10620","4.59375","4.59375","4.59375"
"10630","4.625","4.625","4.625"
"10640","4.59375","4.59375","4.59375"
"10650","4.59375","4.59375","4.59375"
"10660","4.5625","4.5625","4.5625"
"10670","4.625","4.625","4.625"
"10680","4.59375","4.59375","4.59375"
"10690","4.59375","4.59375","4.59375"
"10700","4.59375","4.59375","4.59375"
"10710","4.625","4.625","4.625"
"10720","4.59375","4.59375","4.59375"
"10730","4.625","4.625","4.625"
"10740","4.59375","4.59375","4.59375"
"10750","4.59375","4.59375","4.59375"
"10760","4.5625","4.5625","4.5625"
"10770","4.625","4.625","4.625"
"10780","4.65625","4.65625","4.65625"
"10790","4.59375","4.59375","4.59375"
"10800","4.625","4.625","4.625"
"10810","4.5625","4.5625","4.5625"
"10820","4.59375","4.59375","4.59375"
"10830","4.59375","4.59375","4.59375"
"10840","4.625","4.625","4.625"
"10850","4.59375","4.59375","4.59375"
"10860","4.625","4.625","4.625"
"10870","4.59375","4.59375","4.59375"
"10880","4.59375","4.59375","4.59375"
"10890","4.5625","4.5625","4.5625"
"10900","4.59375","4.59375","4.59375"
"10910","4.59375","4.59375","4.59375"
"10920","4.59375","4.59375","4.59375"
"10930","4.625","4.625","4.625"
"10940","4.625","4.625","4.625"
"10950","4.59375","4.59375","4.59375"
"10960","4.59375","4.59375","4.59375"
"10970","4.5625","4.5625","4.5625"
"10980","4.5625","4.5625","4.5625"
"10990","4.625","4.625","4.625"
"11000","4.625","4.625","4.625"
"11010","4.59375","4.59375","4.59375"
"11020","4.625","4.625","4.625"
"11030","4.59375","4.59375","4.59375"
"11040","4.59375","4.59375","4.59375"
"11050","4.625","4.625","4.625"
"11060","4.5625","4.5625","4.5625"
"11070","4.59375","4.59375","4.59375"
"11080","4.59375","4.59375","4.59375"
"11090","4.59375","4.59375","4.59375"
"11100","4.5625","4.5625","4.5625"
"11110","4.625","4.625","4.625"
"11120","4.5625","4.5625","4.5625"
"11130","4.59375","4.59375","4.59375"
"11140","4.59375","4.59375","4.59375"
"11150","4.59375","4.59375","4.59375"
"11160","4.59375","4.59375","4.59375"
"11170","4.71875","4.71875","4.71875"
"11180","4.625","4.625","4.625"
"11190","4.59375","4.59375","4.59375"
"11200","4.59375","4.59375","4.59375"
"11210","4.5625","4.5625","4.5625"
"11220","4.5625","4.5625","4.5625"
"11230","4.5625","4.5625","4.5625"
"11240","4.59375","4.59375","4.59375"
"11250","4.5625","4.5625","4.5625"
"11260","4.59375","4.59375","4.59375"
"11270","4.59375","4.59375","4.59375"
"11280","4.59375","4.59375","4.59375"
"11290","4.59375","4.59375","4.59375"
"11300","4.59375","4.59375","4.59375"
"11310","4.59375","4.59375","4.59375"
"11320","4.5625","4.5625","4.5625"
"11330","4.59375","4.59375","4.59375"
"11340","4.59375","4.59375","4.59375"
"11350","4.59375","4.59375","4.59375"
"11360","4.59375","4.59375","4.59375"
"11370","4.625","4.625","4.625"
"11380","4.625","4.625","4.625"
"11390","4.59375","4.59375","4.59375"
"11400","4.59375","4.59375","4.59375"
"11410","4.59375","4.59375","4.59375"
"11420","4.59375","4.59375","4.59375"
"11430","4.5625","4.5625","4.5625"
"11440","4.59375","4.59375","4.59375"
"11450","4.5625","4.5625","4.5625"
"11460","4.5625","4.5625","4.5625"
"11470","4.59375","4.59375","4.59375"
"11480","4.59375","4.59375","4.59375"
"11490","4.59375","4.59375","4.59375"
"11500","4.59375","4.59375","4.59375"
"11510","4.625","4.625","4.625"
"11520","4.59375","4.59375","4.59375"
"11530","4.59375","4.59375","4.59375"
"11540","4.59375","4.59375","4.59375"
"11550","4.625","4.625","4.625"
"11560","4.5625","4.5625","4.5625"
"11570","4.59375","4.59375","4.59375"
"11580","4.59375","4.59375","4.59375"
"11590","4.625","4.625","4.625"
"11600","4.5625","4.5625","4.5625"
"11610","4.59375","4.59375","4.59375"
"11620","4.5625","4.5625","4.5625"
"11630","4.59375","4.59375","4.59375"
"11640","4.59375","4.59375","4.59375"
"11650","4.59375","4.59375","4.59375"
"11660","4.5625","4.5625","4.5625"
"11670","4.59375","4.59375","4.59375"
"11680","4.59375","4.59375","4.59375"
"11690","4.625","4.625","4.625"
"11700","4.59375","4.59375","4.59375"
"11710","4.59375","4.59375","4.59375"
"11720","4.5625","4.5625","4.5625"
"11730","4.59375","4.59375","4.59375"
"11740","4.59375","4.59375","4.59375"
"11750","4.5625","4.5625","4.5625"
"11760","4.59375","4.59375","4.59375"
"11770","4.59375","4.59375","4.59375"
"11780","4.59375","4.59375","4.59375"
"11790","4.59375","4.59375","4.59375"
"11800","4.5625","4.5625","4.5625"
"11810","4.625","4.625","4.625"
"11820","4.59375","4.59375","4.59375"
"11830","4.5625","4.5625","4.5625"
"11840","4.5625","4.5625","4.5625"
"11850","4.59375","4.59375","4.59375"
"11860","4.59375","4.59375","4.59375"
"11870","4.5625","4.5625","4.5625"
"11880","4.5625","4.5625","4.5625"
"11890","4.59375","4.59375","4.59375"
"11900","4.59375","4.59375","4.59375"
"11910","4.59375","4.59375","4.59375"
"11920","4.625","4.625","4.625"
"11930","4.59375","4.59375","4.59375"
"11940","4.59375","4.59375","4.59375"
"11950","4.5625","4.5625","4.5625"
"11960","4.59375","4.59375","4.59375"
"11970","4.5625","4.5625","4.5625"
"11980","4.625","4.625","4.625"
"11990","4.59375","4.59375","4.59375"
"12000","4.59375","4.59375","4.59375"
"12010","4.59375","4.59375","4.59375"
"12020","4.59375","4.59375","4.59375"
"12030","4.59375","4.59375","4.59375"
"12040","4.6875","4.6875","4.6875"
"12050","4.59375","4.59375","4.59375"
"12060","4.59375","4.59375","4.59375"
"12070","4.59375","4.59375","4.59375"
"12080","4.59375","4.59375","4.59375"
"12090","4.59375","4.59375","4.59375"
"12100","4.5625","4.5625","4.5625"
"12110","4.59375","4.59375","4.59375"
"12120","4.59375","4.59375","4.59375"
"12130","4.59375","4.59375","4.59375"
"12140","4.59375","4.59375","4.59375"
"12150","4.59375","4.59375","4.59375"
"12160","4.59375","4.59375","4.59375"
"12170","4.59375","4.59375","4.59375"
"12180","4.59375","4.59375","4.59375"
"12190","4.59375","4.59375","4.59375"
"12200","4.5625","4.5625","4.5625"
"12210","4.5625","4.5625","4.5625"
"12220","4.59375","4.59375","4.59375"
"12230","4.5625","4.5625","4.5625"
"12240","4.59375","4.59375","4.59375"
"12250","4.625","4.625","4.625"
"12260","4.59375","4.59375","4.59375"
"12270","4.59375","4.59375","4.59375"
"12280","4.5625","4.5625","4.5625"
"12290","4.59375","4.59375","4.59375"
"12300","4.59375","4.59375","4.59375"
"12310","4.5625","4.5625","4.5625"
"12320","4.5625","4.5625","4.5625"
"12330","4.5625","4.5625","4.5625"
"12340","4.5625","4.5625","4.5625"
"12350","4.59375","4.59375","4.59375"
"12360","4.59375","4.59375","4.59375"
"12370","4.59375","4.59375","4.59375"
"12380","4.59375","4.59375","4.59375"
"12390","4.59375","4.59375","4.59375"
"12400","4.59375","4.59375","4.59375"
"12410","4.59375","4.59375","4.59375"
"12420","4.59375","4.59375","4.59375"
"12430","4.59375","4.59375","4.59375"
"12440","4.65625","4.65625","4.65625"
"12450","4.625","4.625","4.625"
"12460","4.59375","4.59375","4.59375"
"12470","4.59375","4.59375","4.59375"
"12480","4.59375","4.59375","4.59375"
"12490","4.5625","4.5625","4.5625"
"12500","4.5625","4.5625","4.5625"
"12510","4.625","4.625","4.625"
"12520","4.625","4.625","4.625"
"12530","4.625","4.625","4.625"
"12540","4.5625","4.5625","4.5625"
"12550","4.59375","4.59375","4.59375"
"12560","4.5625","4.5625","4.5625"
"12570","4.59375","4.59375","4.59375"
"12580","4.5625","4.5625","4.5625"
"12590","4.59375","4.59375","4.59375"
"12600","4.59375","4.59375","4.59375"
"12610","4.65625","4.65625","4.65625"
"12620","4.59375","4.59375","4.59375"
"12630","4.5625","4.5625","4.5625"
"12640","4.59375","4.59375","4.59375"
"12650","4.5625","4.5625","4.5625"
"12660","4.59375","4.59375","4.59375"
"12670","4.59375","4.59375","4.59375"
"12680","4.5625","4.5625","4.5625"
"12690","4.59375","4.59375","4.59375"
"12700","4.59375","4.59375","4.59375"
"12710","4.59375","4.59375","4.59375"
"12720","4.59375","4.59375","4.59375"
"12730","4.59375","4.59375","4.59375"
"12740","4.5625","4.5625","4.5625"
"12750","4.59375","4.59375","4.59375"
"12760","4.59375","4.59375","4.59375"
"12770","4.59375","4.59375","4.59375"
"12780","4.59375","4.59375","4.59375"
"12790","4.59375","4.59375","4.59375"
"12800","4.59375","4.59375","4.59375"
"12810","4.59375","4.59375","4.59375"
"12820","4.5625","4.5625","4.5625"
"12830","4.59375","4.59375","4.59375"
"12840","4.625","4.625","4.625"
"12850","4.59375","4.59375","4.59375"
"12860","4.625","4.625","4.625"
"12870","4.59375","4.59375","4.59375"
"12880","4.5625","4.5625","4.5625"
"12890","4.59375","4.59375","4.59375"
"12900","4.59375","4.59375","4.59375"
"12910","4.5625","4.5625","4.5625"
"12920","4.59375","4.59375","4.59375"
"12930","4.59375","4.59375","4.59375"
"12940","4.625","4.625","4.625"
"12950","4.625","4.625","4.625"
"12960","4.5625","4.5625","4.5625"
"12970","4.59375","4.59375","4.59375"
"12980","4.5625","4.5625","4.5625"
"12990","4.59375","4.59375","4.59375"
"13000","4.5625","4.5625","4.5625"
"13010","4.5625","4.5625","4.5625"
"13020","4.59375","4.59375","4.59375"
"13030","4.59375","4.59375","4.59375"
"13040","4.59375","4.59375","4.59375"
"13050","4.59375","4.59375","4.59375"
"13060","4.59375","4.59375","4.59375"
"13070","4.625","4.625","4.625"
"13080","4.59375","4.59375","4.59375"
"13090","4.5625","4.5625","4.5625"
"13100","4.59375","4.59375","4.59375"
"13110","4.59375","4.59375","4.59375"
"13120","4.59375","4.59375","4.59375"
"13130","4.59375","4.59375","4.59375"
"13140","4.59375","4.59375","4.59375"
"13150","4.59375","4.59375","4.59375"
"13160","4.59375","4.59375","4.59375"
"13170","4.5625","4.5625","4.5625"
"13180","4.59375","4.59375","4.59375"
"13190","4.5625","4.5625","4.5625"
"13200","4.5625","4.5625","4.5625"
"13210","4.5625","4.5625","4.5625"
"13220","4.59375","4.59375","4.59375"
"13230","4.59375","4.59375","4.59375"
"13240","4.625","4.625","4.625"
"13250","4.625","4.625","4.625"
"13260","4.59375","4.59375","4.59375"
"13270","4.5625","4.5625","4.5625"
"13280","4.625","4.625","4.625"
"13290","4.59375","4.59375","4.59375"
"13300","4.5625","4.5625","4.5625"
"13310","4.625","4.625","4.625"
"13320","4.59375","4.59375","4.59375"
"13330","4.5625","4.5625","4.5625"
"13340","4.59375","4.59375","4.59375"
"13350","4.59375","4.59375","4.59375"
"13360","4.59375","4.59375","4.59375"
"13370","4.625","4.625","4.625"
"13380","4.59375","4.59375","4.59375"
"13390","4.59375","4.59375","4.59375"
"13400","4.5625","4.5625","4.5625"
"13410","4.625","4.625","4.625"
"13420","4.5625","4.5625","4.5625"
"13430","4.59375","4.59375","4.59375"
"13440","4.65625","4.65625","4.65625"
"13450","4.5625","4.5625","4.5625"
"13460","4.59375","4.59375","4.59375"
"13470","4.59375","4.59375","4.59375"
"13480","4.625","4.625","4.625"
"13490","4.625","4.625","4.625"
"13500","4.59375","4.59375","4.59375"
"13510","4.59375","4.59375","4.59375"
"13520","4.5625","4.5625","4.5625"
"13530","4.5625","4.5625","4.5625"
"13540","4.59375","4.59375","4.59375"
"13550","4.625","4.625","4.625"
"13560","4.5625","4.5625","4.5625"
"13570","4.59375","4.59375","4.59375"
"13580","4.59375","4.59375","4.59375"
"13590","4.59375","4.59375","4.59375"
"13600","4.5625","4.5625","4.5625"
"13610","4.59375","4.59375","4.59375"
"13620","4.5625","4.5625","4.5625"
"13630","4.59375","4.59375","4.59375"
"13640","4.59375","4.59375","4.59375"
"13650","4.5625","4.5625","4.5625"
"13660","4.59375","4.59375","4.59375"
"13670","4.625","4.625","4.625"
"13680","4.59375","4.59375","4.59375"
"13690","4.59375","4.59375","4.59375"
"13700","4.59375","4.59375","4.59375"
"13710","4.59375","4.59375","4.59375"
"13720","4.625","4.625","4.625"
"13730","4.5625","4.5625","4.5625"
"13740","4.59375","4.59375","4.59375"
"13750","4.5625","4.5625","4.5625"
"13760","4.625","4.625","4.625"
"13770","4.5625","4.5625","4.5625"
"13780","4.59375","4.59375","4.59375"
"13790","4.5625","4.5625","4.5625"
"13800","4.59375","4.59375","4.59375"
"13810","4.625","4.625","4.625"
"13820","4.59375","4.59375","4.59375"
"13830","4.59375","4.59375","4.59375"
"13840","4.625","4.625","4.625"
"13850","4.65625","4.65625","4.65625"
"13860","4.625","4.625","4.625"
"13870","4.625","4.625","4.625"
"13880","4.59375","4.59375","4.59375"
"13890","4.625","4.625","4.625"
"13900","4.59375","4.59375","4.59375"
"13910","4.59375","4.59375","4.59375"
"13920","4.625","4.625","4.625"
"13930","4.59375","4.59375","4.59375"
"13940","4.65625","4.65625","4.65625"
"13950","4.59375","4.59375","4.59375"
"13960","4.59375","4.59375","4.59375"
"13970","4.59375","4.59375","4.59375"
"13980","4.5625","4.5625","4.5625"
"13990","4.5625","4.5625","4.5625"
"14000","4.59375","4.59375","4.59375"
"14010","4.625","4.625","4.625"
"14020","4.59375","4.59375","4.59375"
"14030","4.5625","4.5625","4.5625"
"14040","4.59375","4.59375","4.59375"
"14050","4.59375","4.59375","4.59375"
"14060","4.59375","4.59375","4.59375"
"14070","4.59375","4.59375","4.59375"
"14080","4.59375","4.59375","4.59375"
"14090","4.5625","4.5625","4.5625"
"14100","4.59375","4.59375","4.59375"
"14110","4.59375","4.59375","4.59375"
"14120","4.65625","4.65625","4.65625"
"14130","4.625","4.625","4.625"
"14140","4.59375","4.59375","4.59375"
"14150","4.59375","4.59375","4.59375"
"14160","4.5625","4.5625","4.5625"
"14170","4.625","4.625","4.625"
"14180","4.59375","4.59375","4.59375"
"14190","4.59375","4.59375","4.59375"
"14200","4.5625","4.5625","4.5625"
"14210","4.625","4.625","4.625"
"14220","4.59375","4.59375","4.59375"
"14230","4.59375","4.59375","4.59375"
"14240","4.59375","4.59375","4.59375"
"14250","4.59375","4.59375","4.59375"
"14260","4.5625","4.5625","4.5625"
"14270","4.5625","4.5625","4.5625"
"14280","4.59375","4.59375","4.59375"
"14290","4.5625","4.5625","4.5625"
"14300","4.59375","4.59375","4.59375"
"14310","4.625","4.625","4.625"
"14320","4.59375","4.59375","4.59375"
"14330","4.59375","4.59375","4.59375"
"14340","4.59375","4.59375","4.59375"
"14350","4.59375","4.59375","4.59375"
"14360","4.59375","4.59375","4.59375"
"14370","4.59375","4.59375","4.59375"
"14380","4.59375","4.59375","4.59375"
"14390","4.59375","4.59375","4.59375"
"14400","4.625","4.625","4.625"
"14410","4.59375","4.59375","4.59375"
"14420","4.5625","4.5625","4.5625"
"14430","4.59375","4.59375","4.59375"
"14440","4.59375","4.59375","4.59375"
"14450","4.59375","4.59375","4.59375"
"14460","4.59375","4.59375","4.59375"
"14470","4.59375","4.59375","4.59375"
"14480","4.59375","4.59375","4.59375"
"14490","4.625","4.625","4.625"
"14500","4.59375","4.59375","4.59375"
"14510","4.5625","4.5625","4.5625"
"14520","4.625","4.625","4.625"
"14530","4.5625","4.5625","4.5625"
"14540","4.625","4.625","4.625"
"14550","4.59375","4.59375","4.59375"
"14560","4.59375","4.59375","4.59375"
"14570","4.625","4.625","4.625"
"14580","4.59375","4.59375","4.59375"
"14590","4.59375","4.59375","4.59375"
"14600","4.59375","4.59375","4.59375"
"14610","4.5625","4.5625","4.5625"
"14620","4.59375","4.59375","4.59375"
"14630","4.625","4.625","4.625"
"14640","4.5625","4.5625","4.5625"
"14650","4.5625","4.5625","4.5625"
"14660","4.59375","4.59375","4.59375"
"14670","4.59375","4.59375","4.59375"
"14680","4.625","4.625","4.625"
"14690","4.59375","4.59375","4.59375"
"14700","4.59375","4.59375","4.59375"
"14710","4.59375","4.59375","4.59375"
"14720","4.5625","4.5625","4.5625"
"14730","4.59375","4.59375","4.59375"
"14740","4.5625","4.5625","4.5625"
"14750","4.59375","4.59375","4.59375"
"14760","4.59375","4.59375","4.59375"
"14770","4.59375","4.59375","4.59375"
"14780","4.59375","4.59375","4.59375"
"14790","4.59375","4.59375","4.59375"
"14800","4.5625","4.5625","4.5625"
"14810","4.59375","4.59375","4.59375"
"14820","4.59375","4.59375","4.59375"
"14830","4.59375","4.59375","4.59375"
"14840","4.59375","4.59375","4.59375"
"14850","4.59375","4.59375","4.59375"
"14860","4.59375","4.59375","4.59375"
"14870","4.625","4.625","4.625"
"14880","4.625","4.625","4.625"
"14890","4.625","4.625","4.625"
"14900","4.59375","4.59375","4.59375"
"14910","4.59375","4.59375","4.59375"
"14920","4.59375","4.59375","4.59375"
"14930","4.59375","4.59375","4.59375"
"14940","4.5625","4.5625","4.5625"
"14950","4.59375","4.59375","4.59375"
"14960","4.59375","4.59375","4.59375"
"14970","4.59375","4.59375","4.59375"
"14980","4.5625","4.5625","4.5625"
"14990","4.59375","4.59375","4.59375"
"15000","4.65625","4.65625","4.65625"
"15010","4.59375","4.59375","4.59375"
"15020","4.625","4.625","4.625"
"15030","4.59375","4.59375","4.59375"
"15040","4.5625","4.5625","4.5625"
"15050","4.59375","4.59375","4.59375"
"15060","4.59375","4.59375","4.59375"
"15070","4.59375","4.59375","4.59375"
"15080","4.625","4.625","4.625"
"15090","4.59375","4.59375","4.59375"
"15100","4.59375","4.59375","4.59375"
"15110","4.59375","4.59375","4.59375"
"15120","4.5625","4.5625","4.5625"
"15130","4.625","4.625","4.625"
"15140","4.59375","4.59375","4.59375"
"15150","4.59375","4.59375","4.59375"
"15160","4.625","4.625","4.625"
"15170","4.5625","4.5625","4.5625"
"15180","4.625","4.625","4.625"
"15190","4.5625","4.5625","4.5625"
"15200","4.59375","4.59375","4.59375"
"15210","4.59375","4.59375","4.59375"
"15220","4.65625","4.65625","4.65625"
"15230","4.625","4.625","4.625"
"15240","4.59375","4.59375","4.59375"
"15250","4.59375","4.59375","4.59375"
"15260","4.59375","4.59375","4.59375"
"15270","4.59375","4.59375","4.59375"
"15280","4.625","4.625","4.625"
"15290","4.625","4.625","4.625"
"15300","4.59375","4.59375","4.59375"
"15310","4.59375","4.59375","4.59375"
"15320","4.59375","4.59375","4.59375"
"15330","4.5625","4.5625","4.5625"
"15340","4.59375","4.59375","4.59375"
"15350","4.5625","4.5625","4.5625"
"15360","4.625","4.625","4.625"
"15370","4.59375","4.59375","4.59375"
"15380","4.59375","4.59375","4.59375"
"15390","4.59375","4.59375","4.59375"
"15400","4.59375","4.59375","4.59375"
"15410","4.5625","4.5625","4.5625"
"15420","4.59375","4.59375","4.59375"
"15430","4.59375","4.59375","4.59375"
"15440","4.59375","4.59375","4.59375"
"15450","4.59375","4.59375","4.59375"
"15460","4.59375","4.59375","4.59375"
"15470","4.59375","4.59375","4.59375"
"15480","4.59375","4.59375","4.59375"
"15490","4.59375","4.59375","4.59375"
"15500","4.625","4.625","4.625"
"15510","4.5625","4.5625","4.5625"
"15520","4.59375","4.59375","4.59375"
"15530","4.5625","4.5625","4.5625"
"15540","4.59375","4.59375","4.59375"
"15550","4.625","4.625","4.625"
"15560","4.5625","4.5625","4.5625"
"15570","4.59375","4.59375","4.59375"
"15580","4.625","4.625","4.625"
"15590","4.625","4.625","4.625"
"15600","4.59375","4.59375","4.59375"
"15610","4.59375","4.59375","4.59375"
"15620","4.59375","4.59375","4.59375"
"15630","4.59375","4.59375","4.59375"
"15640","4.5625","4.5625","4.5625"
"15650","4.59375","4.59375","4.59375"
"15660","4.59375","4.59375","4.59375"
"15670","4.625","4.625","4.625"
"15680","4.59375","4.59375","4.59375"
"15690","4.5625","4.5625","4.5625"
"15700","4.59375","4.59375","4.59375"
"15710","4.59375","4.59375","4.59375"
"15720","4.59375","4.59375","4.59375"
"15730","4.59375","4.59375","4.59375"
"15740","4.625","4.625","4.625"
"15750","4.5625","4.5625","4.5625"
"15760","4.625","4.625","4.625"
"15770","4.59375","4.59375","4.59375"
"15780","4.59375","4.59375","4.59375"
"15790","4.59375","4.59375","4.59375"
"15800","4.59375","4.59375","4.59375"
"15810","4.625","4.625","4.625"
"15820","4.5625","4.5625","4.5625"
"15830","4.59375","4.59375","4.59375"
"15840","4.5625","4.5625","4.5625"
"15850","4.59375","4.59375","4.59375"
"15860","4.59375","4.59375","4.59375"
"15870","4.5625","4.5625","4.5625"
"15880","4.59375","4.59375","4.59375"
"15890","4.59375","4.59375","4.59375"
"15900","4.5625","4.5625","4.5625"
"15910","4.59375","4.59375","4.59375"
"15920","4.59375","4.59375","4.59375"
"15930","4.59375","4.59375","4.59375"
"15940","4.5625","4.5625","4.5625"
"15950","4.59375","4.59375","4.59375"
"15960","4.5625","4.5625","4.5625"
"15970","4.5625","4.5625","4.5625"
"15980","4.625","4.625","4.625"
"15990","4.5625","4.5625","4.5625"
"16000","4.59375","4.59375","4.59375"
"16010","4.59375","4.59375","4.59375"
"16020","4.59375","4.59375","4.59375"
"16030","4.59375","4.59375","4.59375"
"16040","4.59375","4.59375","4.59375"
"16050","4.59375","4.59375","4.59375"
"16060","4.5625","4.5625","4.5625"
"16070","4.5625","4.5625","4.5625"
"16080","4.59375","4.59375","4.59375"
"16090","4.5625","4.5625","4.5625"
"16100","4.59375","4.59375","4.59375"
"16110","4.625","4.625","4.625"
"16120","4.59375","4.59375","4.59375"
"16130","4.625","4.625","4.625"
"16140","4.59375","4.59375","4.59375"
"16150","4.625","4.625","4.625"
"16160","4.5625","4.5625","4.5625"
"16170","4.59375","4.59375","4.59375"
"16180","4.59375","4.59375","4.59375"
"16190","4.5625","4.5625","4.5625"
"16200","4.625","4.625","4.625"
"16210","4.625","4.625","4.625"
"16220","4.59375","4.59375","4.59375"
"16230","4.59375","4.59375","4.59375"
"16240","4.59375","4.59375","4.59375"
"16250","4.625","4.625","4.625"
"16260","4.59375","4.59375","4.59375"
"16270","4.59375","4.59375","4.59375"
"16280","4.625","4.625","4.625"
"16290","4.625","4.625","4.625"
"16300","4.59375","4.59375","4.59375"
"16310","4.59375","4.59375","4.59375"
"16320","4.59375","4.59375","4.59375"
"16330","4.59375","4.59375","4.59375"
"16340","4.625","4.625","4.625"
"16350","4.625","4.625","4.625"
"16360","4.65625","4.65625","4.65625"
"16370","4.5625","4.5625","4.5625"
"16380","4.59375","4.59375","4.59375"
"16390","4.625","4.625","4.625"
"16400","4.59375","4.59375","4.59375"
"16410","4.59375","4.59375","4.59375"
"16420","4.5625","4.5625","4.5625"
"16430","4.5625","4.5625","4.5625"
"16440","4.59375","4.59375","4.59375"
"16450","4.5625","4.5625","4.5625"
"16460","4.65625","4.65625","4.65625"
"16470","4.59375","4.59375","4.59375"
"16480","4.59375","4.59375","4.59375"
"16490","4.625","4.625","4.625"
"16500","4.59375","4.59375","4.59375"
"16510","4.65625","4.65625","4.65625"
"16520","4.5625","4.5625","4.5625"
"16530","4.59375","4.59375","4.59375"
"16540","4.59375","4.59375","4.59375"
"16550","4.59375","4.59375","4.59375"
"16560","4.59375","4.59375","4.59375"
"16570","4.625","4.625","4.625"
"16580","4.625","4.625","4.625"
"16590","4.5625","4.5625","4.5625"
"16600","4.59375","4.59375","4.59375"
"16610","4.5625","4.5625","4.5625"
"16620","4.59375","4.59375","4.59375"
"16630","4.625","4.625","4.625"
"16640","4.59375","4.59375","4.59375"
"16650","4.59375","4.59375","4.59375"
"16660","4.625","4.625","4.625"
"16670","4.5625","4.5625","4.5625"
"16680","4.625","4.625","4.625"
"16690","4.59375","4.59375","4.59375"
"16700","4.59375","4.59375","4.59375"
"16710","4.59375","4.59375","4.59375"
"16720","4.59375","4.59375","4.59375"
"16730","4.65625","4.65625","4.65625"
"16740","4.59375","4.59375","4.59375"
"16750","4.5625","4.5625","4.5625"
"16760","4.59375","4.59375","4.59375"
"16770","4.5625","4.5625","4.5625"
"16780","4.59375","4.59375","4.59375"
"16790","4.5625","4.5625","4.5625"
"16800","4.59375","4.59375","4.59375"
"16810","4.59375","4.59375","4.59375"
"16820","4.59375","4.59375","4.59375"
"16830","4.5625","4.5625","4.5625"
"16840","4.59375","4.59375","4.59375"
"16850","4.5625","4.5625","4.5625"
"16860","4.59375","4.59375","4.59375"
"16870","4.5625","4.5625","4.5625"
"16880","4.59375","4.59375","4.59375"
"16890","4.59375","4.59375","4.59375"
"16900","4.59375","4.59375","4.59375"
"16910","4.5625","4.5625","4.5625"
"16920","4.59375","4.59375","4.59375"
"16930","4.59375","4.59375","4.59375"
"16940","4.59375","4.59375","4.59375"
"16950","4.59375","4.59375","4.59375"
"16960","4.59375","4.59375","4.59375"
"16970","4.59375","4.59375","4.59375"
"16980","4.59375","4.59375","4.59375"
"16990","4.625","4.625","4.625"
"17000","4.59375","4.59375","4.59375"
"17010","4.59375","4.59375","4.59375"
"17020","4.59375","4.59375","4.59375"
"17030","4.59375","4.59375","4.59375"
"17040","4.59375","4.59375","4.59375"
"17050","4.59375","4.59375","4.59375"
"17060","4.59375","4.59375","4.59375"
"17070","4.59375","4.59375","4.59375"
"17080","4.59375","4.59375","4.59375"
"17090","4.59375","4.59375","4.59375"
"17100","4.65625","4.65625","4.65625"
"17110","4.59375","4.59375","4.59375"
"17120","4.59375","4.59375","4.59375"
"17130","4.59375","4.59375","4.59375"
"17140","4.59375","4.59375","4.59375"
"17150","4.59375","4.59375","4.59375"
"17160","4.65625","4.65625","4.65625"
"17170","4.59375","4.59375","4.59375"
"17180","4.5625","4.5625","4.5625"
"17190","4.5625","4.5625","4.5625"
"17200","4.59375","4.59375","4.59375"
"17210","4.59375","4.59375","4.59375"
"17220","4.59375","4.59375","4.59375"
"17230","4.625","4.625","4.625"
"17240","4.59375","4.59375","4.59375"
"17250","4.5625","4.5625","4.5625"
"17260","4.59375","4.59375","4.59375"
"17270","4.59375","4.59375","4.59375"
"17280","4.6875","4.6875","4.6875"
"17290","4.5625","4.5625","4.5625"
"17300","4.59375","4.59375","4.59375"
"17310","4.59375","4.59375","4.59375"
"17320","4.59375","4.59375","4.59375"
"17330","4.59375","4.59375","4.59375"
"17340","4.59375","4.59375","4.59375"
"17350","4.5625","4.5625","4.5625"
"17360","4.59375","4.59375","4.59375"
"17370","4.625","4.625","4.625"
"17380","4.625","4.625","4.625"
"17390","4.5625","4.5625","4.5625"
"17400","4.5625","4.5625","4.5625"
"17410","4.59375","4.59375","4.59375"
"17420","4.59375","4.59375","4.59375"
"17430","4.5625","4.5625","4.5625"
"17440","4.5625","4.5625","4.5625"
"17450","4.59375","4.59375","4.59375"
"17460","4.625","4.625","4.625"
"17470","4.59375","4.59375","4.59375"
"17480","4.59375","4.59375","4.59375"
"17490","4.625","4.625","4.625"
"17500","4.59375","4.59375","4.59375"
"17510","4.65625","4.65625","4.65625"
"17520","4.5625","4.5625","4.5625"
"17530","4.59375","4.59375","4.59375"
"17540","4.59375","4.59375","4.59375"
"17550","4.59375","4.59375","4.59375"
"17560","4.59375","4.59375","4.59375"
"17570","4.59375","4.59375","4.59375"
"17580","4.59375","4.59375","4.59375"
"17590","4.59375","4.59375","4.59375"
"17600","4.59375","4.59375","4.59375"
"17610","4.59375","4.59375","4.59375"
"17620","4.59375","4.59375","4.59375"
"17630","4.59375","4.59375","4.59375"
"17640","4.59375","4.59375","4.59375"
"17650","4.59375","4.59375","4.59375"
"17660","4.625","4.625","4.625"
"17670","4.59375","4.59375","4.59375"
"17680","4.5625","4.5625","4.5625"
"17690","4.59375","4.59375","4.59375"
"17700","4.59375","4.59375","4.59375"
"17710","4.625","4.625","4.625"
"17720","4.59375","4.59375","4.59375"
"17730","4.59375","4.59375","4.59375"
"17740","4.59375","4.59375","4.59375"
"17750","4.59375","4.59375","4.59375"
"17760","4.59375","4.59375","4.59375"
"17770","4.5625","4.5625","4.5625"
"17780","4.5625","4.5625","4.5625"
"17790","4.5625","4.5625","4.5625"
"17800","4.625","4.625","4.625"
"17810","4.59375","4.59375","4.59375"
"17820","4.5625","4.5625","4.5625"
"17830","4.625","4.625","4.625"
"17840","4.65625","4.65625","4.65625"
"17850","4.625","4.625","4.625"
"17860","4.625","4.625","4.625"
"17870","4.625","4.625","4.625"
"17880","4.5625","4.5625","4.5625"
"17890","4.625","4.625","4.625"
"17900","4.59375","4.59375","4.59375"
"17910","4.625","4.625","4.625"
"17920","4.59375","4.59375","4.59375"
"17930","4.65625","4.65625","4.65625"
"17940","4.59375","4.59375","4.59375"
"17950","4.625","4.625","4.625"
"17960","4.625","4.625","4.625"
"17970","4.625","4.625","4.625"
"17980","4.625","4.625","4.625"
"17990","4.59375","4.59375","4.59375"
"18000","4.59375","4.59375","4.59375"
"18010","4.625","4.625","4.625"
"18020","4.5625","4.5625","4.5625"
"18030","4.59375","4.59375","4.59375"
"18040","4.59375","4.59375","4.59375"
"18050","4.625","4.625","4.625"
"18060","4.59375","4.59375","4.59375"
"18070","4.59375","4.59375","4.59375"
"18080","4.5625","4.5625","4.5625"
"18090","4.59375","4.59375","4.59375"
"18100","4.59375","4.59375","4.59375"
"18110","4.59375","4.59375","4.59375"
"18120","4.59375","4.59375","4.59375"
"18130","4.625","4.625","4.625"
"18140","4.625","4.625","4.625"
"18150","4.59375","4.59375","4.59375"
"18160","4.5625","4.5625","4.5625"
"18170","4.59375","4.59375","4.59375"
"18180","4.59375","4.59375","4.59375"
"18190","4.65625","4.65625","4.65625"
"18200","4.5625","4.5625","4.5625"
"18210","4.59375","4.59375","4.59375"
"18220","4.625","4.625","4.625"
"18230","4.5625","4.5625","4.5625"
"18240","4.5625","4.5625","4.5625"
"18250","4.59375","4.59375","4.59375"
"18260","4.5625","4.5625","4.5625"
"18270","4.5625","4.5625","4.5625"
"18280","4.59375","4.59375","4.59375"
"18290","4.59375","4.59375","4.59375"
"18300","4.59375","4.59375","4.59375"
"18310","4.625","4.625","4.625"
"18320","4.625","4.625","4.625"
"18330","4.59375","4.59375","4.59375"
"18340","4.59375","4.59375","4.59375"
"18350","4.625","4.625","4.625"
"18360","4.59375","4.59375","4.59375"
"18370","4.59375","4.59375","4.59375"
"18380","4.59375","4.59375","4.59375"
"18390","4.5625","4.5625","4.5625"
"18400","4.5625","4.5625","4.5625"
"18410","4.59375","4.59375","4.59375"
"18420","4.59375","4.59375","4.59375"
"18430","4.625","4.625","4.625"
"18440","4.625","4.625","4.625"
"18450","4.625","4.625","4.625"
"18460","4.59375","4.59375","4.59375"
"18470","4.5625","4.5625","4.5625"
"18480","4.5625","4.5625","4.5625"
"18490","4.59375","4.59375","4.59375"
"18500","4.5625","4.5625","4.5625"
"18510","4.59375","4.59375","4.59375"
"18520","4.5625","4.5625","4.5625"
"18530","4.59375","4.59375","4.59375"
"18540","4.59375","4.59375","4.59375"
"18550","4.59375","4.59375","4.59375"
"18560","4.5625","4.5625","4.5625"
"18570","4.59375","4.59375","4.59375"
"18580","4.59375","4.59375","4.59375"
"18590","4.625","4.625","4.625"
"18600","4.59375","4.59375","4.59375"
"18610","4.59375","4.59375","4.59375"
"18620","4.59375","4.59375","4.59375"
"18630","4.59375","4.59375","4.59375"
"18640","4.5625","4.5625","4.5625"
"18650","4.59375","4.59375","4.59375"
"18660","4.59375","4.59375","4.59375"
"18670","4.59375","4.59375","4.59375"
"18680","4.5625","4.5625","4.5625"
"18690","4.59375","4.59375","4.59375"
"18700","4.5625","4.5625","4.5625"
"18710","4.59375","4.59375","4.59375"
"18720","4.625","4.625","4.625"
"18730","4.5625","4.5625","4.5625"
"18740","4.59375","4.59375","4.59375"
"18750","4.59375","4.59375","4.59375"
"18760","4.5625","4.5625","4.5625"
"18770","4.5625","4.5625","4.5625"
"18780","4.5625","4.5625","4.5625"
"18790","4.59375","4.59375","4.59375"
"18800","4.5625","4.5625","4.5625"
"18810","4.59375","4.59375","4.59375"
"18820","4.59375","4.59375","4.59375"
"18830","4.625","4.625","4.625"
"18840","4.59375","4.59375","4.59375"
"18850","4.59375","4.59375","4.59375"
"18860","4.59375","4.59375","4.59375"
"18870","4.59375","4.59375","4.59375"
"18880","4.59375","4.59375","4.59375"
"18890","4.5625","4.5625","4.5625"
"18900","4.59375","4.59375","4.59375"
"18910","4.59375","4.59375","4.59375"
"18920","4.625","4.625","4.625"
"18930","4.59375","4.59375","4.59375"
"18940","4.5625","4.5625","4.5625"
"18950","4.625","4.625","4.625"
"18960","4.59375","4.59375","4.59375"
"18970","4.59375","4.59375","4.59375"
"18980","4.59375","4.59375","4.59375"
"18990","4.59375","4.59375","4.59375"
"19000","4.59375","4.59375","4.59375"
"19010","4.59375","4.59375","4.59375"
"19020","4.59375","4.59375","4.59375"
"19030","4.59375","4.59375","4.59375"
"19040","4.59375","4.59375","4.59375"
"19050","4.59375","4.59375","4.59375"
"19060","4.59375","4.59375","4.59375"
"19070","4.625","4.625","4.625"
"19080","4.59375","4.59375","4.59375"
"19090","4.59375","4.59375","4.59375"
"19100","4.59375","4.59375","4.59375"
"19110","4.59375","4.59375","4.59375"
"19120","4.59375","4.59375","4.59375"
"19130","4.59375","4.59375","4.59375"
"19140","4.625","4.625","4.625"
"19150","4.59375","4.59375","4.59375"
"19160","4.5625","4.5625","4.5625"
"19170","4.59375","4.59375","4.59375"
"19180","4.59375","4.59375","4.59375"
"19190","4.625","4.625","4.625"
"19200","4.625","4.625","4.625"
"19210","4.59375","4.59375","4.59375"
"19220","4.59375","4.59375","4.59375"
"19230","4.59375","4.59375","4.59375"
"19240","4.5625","4.5625","4.5625"
"19250","4.59375","4.59375","4.59375"
"19260","4.5625","4.5625","4.5625"
"19270","4.59375","4.59375","4.59375"
"19280","4.59375","4.59375","4.59375"
"19290","4.59375","4.59375","4.59375"
"19300","4.625","4.625","4.625"
"19310","4.59375","4.59375","4.59375"
"19320","4.59375","4.59375","4.59375"
"19330","4.5625","4.5625","4.5625"
"19340","4.5625","4.5625","4.5625"
"19350","4.625","4.625","4.625"
"19360","4.5625","4.5625","4.5625"
"19370","4.625","4.625","4.625"
"19380","4.5625","4.5625","4.5625"
"19390","4.5625","4.5625","4.5625"
"19400","4.5625","4.5625","4.5625"
"19410","4.59375","4.59375","4.59375"
"19420","4.59375","4.59375","4.59375"
"19430","4.5625","4.5625","4.5625"
"19440","4.5625","4.5625","4.5625"
"19450","4.5625","4.5625","4.5625"
"19460","4.59375","4.59375","4.59375"
"19470","4.59375","4.59375","4.59375"
"19480","4.59375","4.59375","4.59375"
"19490","4.59375","4.59375","4.59375"
"19500","4.5625","4.5625","4.5625"
"19510","4.59375","4.59375","4.59375"
"19520","4.59375","4.59375","4.59375"
"19530","4.59375","4.59375","4.59375"
"19540","4.59375","4.59375","4.59375"
"19550","4.59375","4.59375","4.59375"
"19560","4.5625","4.5625","4.5625"
"19570","4.59375","4.59375","4.59375"
"19580","4.625","4.625","4.625"
"19590","4.59375","4.59375","4.59375"
"19600","4.59375","4.59375","4.59375"
"19610","4.5625","4.5625","4.5625"
"19620","4.59375","4.59375","4.59375"
"19630","4.59375","4.59375","4.59375"
"19640","4.625","4.625","4.625"
"19650","4.625","4.625","4.625"
"19660","4.5625","4.5625","4.5625"
"19670","4.625","4.625","4.625"
"19680","4.59375","4.59375","4.59375"
"19690","4.59375","4.59375","4.59375"
"19700","4.625","4.625","4.625"
"19710","4.59375","4.59375","4.59375"
"19720","4.59375","4.59375","4.59375"
"19730","4.5625","4.5625","4.5625"
"19740","4.59375","4.59375","4.59375"
"19750","4.59375","4.59375","4.59375"
"19760","4.59375","4.59375","4.59375"
"19770","4.5625","4.5625","4.5625"
"19780","4.625","4.625","4.625"
"19790","4.59375","4.59375","4.59375"
"19800","4.59375","4.59375","4.59375"
"19810","4.59375","4.59375","4.59375"
"19820","4.5625","4.5625","4.5625"
"19830","4.5625","4.5625","4.5625"
"19840","4.5625","4.5625","4.5625"
"19850","4.59375","4.59375","4.59375"
"19860","4.5625","4.5625","4.5625"
"19870","4.59375","4.59375","4.59375"
"19880","4.5625","4.5625","4.5625"
"19890","4.59375","4.59375","4.59375"
"19900","4.5625","4.5625","4.5625"
"19910","4.59375","4.59375","4.59375"
"19920","4.59375","4.59375","4.59375"
"19930","4.59375","4.59375","4.59375"
"19940","4.625","4.625","4.625"
"19950","4.59375","4.59375","4.59375"
"19960","4.65625","4.65625","4.65625"
"19970","4.5625","4.5625","4.5625"
"19980","4.59375","4.59375","4.59375"
"19990","4.59375","4.59375","4.59375"
"20000","4.59375","4.59375","4.59375"
"20010","4.59375","4.59375","4.59375"
"20020","4.5625","4.5625","4.5625"
"20030","4.59375","4.59375","4.59375"
"20040","4.5625","4.5625","4.5625"
"20050","4.59375","4.59375","4.59375"
"20060","4.625","4.625","4.625"
"20070","4.625","4.625","4.625"
"20080","4.625","4.625","4.625"
"20090","4.59375","4.59375","4.59375"
"20100","4.59375","4.59375","4.59375"
"20110","4.59375","4.59375","4.59375"
"20120","4.65625","4.65625","4.65625"
"20130","4.625","4.625","4.625"
"20140","4.59375","4.59375","4.59375"
"20150","4.625","4.625","4.625"
"20160","4.59375","4.59375","4.59375"
"20170","4.5625","4.5625","4.5625"
"20180","4.59375","4.59375","4.59375"
"20190","4.625","4.625","4.625"
"20200","4.59375","4.59375","4.59375"
"20210","4.65625","4.65625","4.65625"
"20220","4.59375","4.59375","4.59375"
"20230","4.59375","4.59375","4.59375"
"20240","4.5625","4.5625","4.5625"
"20250","4.59375","4.59375","4.59375"
"20260","4.59375","4.59375","4.59375"
"20270","4.59375","4.59375","4.59375"
"20280","4.5625","4.5625","4.5625"
"20290","4.59375","4.59375","4.59375"
"20300","4.59375","4.59375","4.59375"
"20310","4.59375","4.59375","4.59375"
"20320","4.59375","4.59375","4.59375"
"20330","4.59375","4.59375","4.59375"
"20340","4.59375","4.59375","4.59375"
"20350","4.59375","4.59375","4.59375"
"20360","4.59375","4.59375","4.59375"
"20370","4.59375","4.59375","4.59375"
"20380","4.59375","4.59375","4.59375"
"20390","4.59375","4.59375","4.59375"
"20400","4.59375","4.59375","4.59375"
"20410","4.59375","4.59375","4.59375"
"20420","4.5625","4.5625","4.5625"
"20430","4.59375","4.59375","4.59375"
"20440","4.59375","4.59375","4.59375"
"20450","4.59375","4.59375","4.59375"
"20460","4.59375","4.59375","4.59375"
"20470","4.59375","4.59375","4.59375"
"20480","4.5625","4.5625","4.5625"
"20490","4.59375","4.59375","4.59375"
"20500","4.5625","4.5625","4.5625"
"20510","4.59375","4.59375","4.59375"
"20520","4.59375","4.59375","4.59375"
"20530","4.59375","4.59375","4.59375"
"20540","4.5625","4.5625","4.5625"
"20550","4.59375","4.59375","4.59375"
"20560","4.59375","4.59375","4.59375"
"20570","4.59375","4.59375","4.59375"
"20580","4.65625","4.65625","4.65625"
"20590","4.59375","4.59375","4.59375"
"20600","4.5625","4.5625","4.5625"
"20610","4.59375","4.59375","4.59375"
"20620","4.59375","4.59375","4.59375"
"20630","4.59375","4.59375","4.59375"
"20640","4.625","4.625","4.625"
"20650","4.5625","4.5625","4.5625"
"20660","4.59375","4.59375","4.59375"
"20670","4.59375","4.59375","4.59375"
"20680","4.59375","4.59375","4.59375"
"20690","4.625","4.625","4.625"
"20700","4.59375","4.59375","4.59375"
"20710","4.5625","4.5625","4.5625"
"20720","4.59375","4.59375","4.59375"
"20730","4.625","4.625","4.625"
"20740","4.65625","4.65625","4.65625"
"20750","4.5625","4.5625","4.5625"
"20760","4.59375","4.59375","4.59375"
"20770","4.59375","4.59375","4.59375"
"20780","4.59375","4.59375","4.59375"
"20790","4.625","4.625","4.625"
"20800","4.625","4.625","4.625"
"20810","4.59375","4.59375","4.59375"
"20820","4.65625","4.65625","4.65625"
"20830","4.625","4.625","4.625"
"20840","4.59375","4.59375","4.59375"
"20850","4.625","4.625","4.625"
"20860","4.59375","4.59375","4.59375"
"20870","4.625","4.625","4.625"
"20880","4.59375","4.59375","4.59375"
"20890","4.59375","4.59375","4.59375"
"20900","4.59375","4.59375","4.59375"
"20910","4.59375","4.59375","4.59375"
"20920","4.59375","4.59375","4.59375"
"20930","4.5625","4.5625","4.5625"
"20940","4.59375","4.59375","4.59375"
"20950","4.59375","4.59375","4.59375"
"20960","4.5625","4.5625","4.5625"
"20970","4.59375","4.59375","4.59375"
"20980","4.59375","4.59375","4.59375"
"20990","4.625","4.625","4.625"
"21000","4.625","4.625","4.625"
"21010","4.625","4.625","4.625"
"21020","4.59375","4.59375","4.59375"
"21030","4.59375","4.59375","4.59375"
"21040","4.65625","4.65625","4.65625"
"21050","4.59375","4.59375","4.59375"
"21060","4.59375","4.59375","4.59375"
"21070","4.59375","4.59375","4.59375"
"21080","4.65625","4.65625","4.65625"
"21090","4.59375","4.59375","4.59375"
"21100","4.625","4.625","4.625"
"21110","4.625","4.625","4.625"
"21120","4.59375","4.59375","4.59375"
"21130","4.59375","4.59375","4.59375"
"21140","4.59375","4.59375","4.59375"
"21150","4.59375","4.59375","4.59375"
"21160","4.59375","4.59375","4.59375"
"21170","4.59375","4.59375","4.59375"
"21180","4.59375","4.59375","4.59375"
"21190","4.59375","4.59375","4.59375"
"21200","4.59375","4.59375","4.59375"
"21210","4.59375","4.59375","4.59375"
"21220","4.59375","4.59375","4.59375"
"21230","4.59375","4.59375","4.59375"
"21240","4.59375","4.59375","4.59375"
"21250","4.625","4.625","4.625"
"21260","4.59375","4.59375","4.59375"
"21270","4.59375","4.59375","4.59375"
"21280","4.59375","4.59375","4.59375"
"21290","4.5625","4.5625","4.5625"
"21300","4.5625","4.5625","4.5625"
"21310","4.59375","4.59375","4.59375"
"21320","4.625","4.625","4.625"
"21330","4.59375","4.59375","4.59375"
"21340","4.5625","4.5625","4.5625"
"21350","4.59375","4.59375","4.59375"
"21360","4.59375","4.59375","4.59375"
"21370","4.625","4.625","4.625"
"21380","4.59375","4.59375","4.59375"
"21390","4.625","4.625","4.625"
"21400","4.5625","4.5625","4.5625"
"21410","4.6875","4.6875","4.6875"
"21420","4.59375","4.59375","4.59375"
"21430","4.625","4.625","4.625"
"21440","4.59375","4.59375","4.59375"
"21450","4.59375","4.59375","4.59375"
"21460","4.59375","4.59375","4.59375"
"21470","4.59375","4.59375","4.59375"
"21480","4.625","4.625","4.625"
"21490","4.65625","4.65625","4.65625"
"21500","4.59375","4.59375","4.59375"
"21510","4.59375","4.59375","4.59375"
"21520","4.5625","4.5625","4.5625"
"21530","4.59375","4.59375","4.59375"
"21540","4.59375","4.59375","4.59375"
"21550","4.59375","4.59375","4.59375"
"21560","4.59375","4.59375","4.59375"
"21570","4.625","4.625","4.625"
"21580","4.5625","4.5625","4.5625"
"21590","4.625","4.625","4.625"
"21600","4.5625","4.5625","4.5625"
"21610","4.59375","4.59375","4.59375"
"21620","4.59375","4.59375","4.59375"
"21630","4.625","4.625","4.625"
"21640","4.59375","4.59375","4.59375"
"21650","4.59375","4.59375","4.59375"
"21660","4.59375","4.59375","4.59375"
"21670","4.59375","4.59375","4.59375"
"21680","4.5625","4.5625","4.5625"
"21690","4.59375","4.59375","4.59375"
"21700","4.59375","4.59375","4.59375"
"21710","4.59375","4.59375","4.59375"
"21720","4.5625","4.5625","4.5625"
"21730","4.59375","4.59375","4.59375"
"21740","4.59375","4.59375","4.59375"
"21750","4.5625","4.5625","4.5625"
"21760","4.625","4.625","4.625"
"21770","4.5625","4.5625","4.5625"
"21780","4.65625","4.65625","4.65625"
"21790","4.5625","4.5625","4.5625"
"21800","4.625","4.625","4.625"
"21810","4.59375","4.59375","4.59375"
"21820","4.5625","4.5625","4.5625"
"21830","4.59375","4.59375","4.59375"
"21840","4.59375","4.59375","4.59375"
"21850","4.59375","4.59375","4.59375"
"21860","4.59375","4.59375","4.59375"
"21870","4.59375","4.59375","4.59375"
"21880","4.5625","4.5625","4.5625"
"21890","4.71875","4.71875","4.71875"
"21900","4.65625","4.65625","4.65625"
"21910","4.6875","4.6875","4.6875"
"21920","4.59375","4.59375","4.59375"
"21930","4.59375","4.59375","4.59375"
"21940","4.5625","4.5625","4.5625"
"21950","4.625","4.625","4.625"
"21960","4.59375","4.59375","4.59375"
"21970","4.59375","4.59375","4.59375"
"21980","4.5625","4.5625","4.5625"
"21990","4.59375","4.59375","4.59375"
"22000","4.59375","4.59375","4.59375"
"22010","4.59375","4.59375","4.59375"
"22020","4.59375","4.59375","4.59375"
"22030","4.59375","4.59375","4.59375"
"22040","4.65625","4.65625","4.65625"
"22050","4.5625","4.5625","4.5625"
"22060","4.59375","4.59375","4.59375"
"22070","4.5625","4.5625","4.5625"
"22080","4.59375","4.59375","4.59375"
"22090","4.59375","4.59375","4.59375"
"22100","4.59375","4.59375","4.59375"
"22110","4.625","4.625","4.625"
"22120","4.59375","4.59375","4.59375"
"22130","4.625","4.625","4.625"
"22140","4.65625","4.65625","4.65625"
"22150","4.59375","4.59375","4.59375"
"22160","4.59375","4.59375","4.59375"
"22170","4.625","4.625","4.625"
"22180","4.59375","4.59375","4.59375"
"22190","4.625","4.625","4.625"
"22200","4.59375","4.59375","4.59375"
"22210","4.59375","4.59375","4.59375"
"22220","4.59375","4.59375","4.59375"
"22230","4.625","4.625","4.625"
"22240","4.625","4.625","4.625"
"22250","4.59375","4.59375","4.59375"
"22260","4.59375","4.59375","4.59375"
"22270","4.6875","4.6875","4.6875"
"22280","4.59375","4.59375","4.59375"
"22290","4.625","4.625","4.625"
"22300","4.625","4.625","4.625"
"22310","4.59375","4.59375","4.59375"
"22320","4.5625","4.5625","4.5625"
"22330","4.5625","4.5625","4.5625"
"22340","4.625","4.625","4.625"
"22350","4.59375","4.59375","4.59375"
"22360","4.59375","4.59375","4.59375"
"22370","4.625","4.625","4.625"
"22380","4.65625","4.65625","4.65625"
"22390","4.59375","4.59375","4.59375"
"22400","4.625","4.625","4.625"
"22410","4.59375","4.59375","4.59375"
"22420","4.59375","4.59375","4.59375"
"22430","4.59375","4.59375","4.59375"
"22440","4.625","4.625","4.625"
"22450","4.71875","4.71875","4.71875"
"22460","4.59375","4.59375","4.59375"
"22470","4.625","4.625","4.625"
"22480","4.59375","4.59375","4.59375"
"22490","4.59375","4.59375","4.59375"
"22500","4.59375","4.59375","4.59375"
"22510","4.625","4.625","4.625"
"22520","4.59375","4.59375","4.59375"
"22530","4.59375","4.59375","4.59375"
"22540","4.59375","4.59375","4.59375"
"22550","4.625","4.625","4.625"
"22560","4.59375","4.59375","4.59375"
"22570","4.59375","4.59375","4.59375"
"22580","4.59375","4.59375","4.59375"
"22590","4.59375","4.59375","4.59375"
"22600","4.65625","4.65625","4.65625"
"22610","4.5625","4.5625","4.5625"
"22620","4.59375","4.59375","4.59375"
"22630","4.59375","4.59375","4.59375"
"22640","4.625","4.625","4.625"
"22650","4.5625","4.5625","4.5625"
"22660","4.625","4.625","4.625"
"22670","4.59375","4.59375","4.59375"
"22680","4.59375","4.59375","4.59375"
"22690","4.59375","4.59375","4.59375"
"22700","4.59375","4.59375","4.59375"
"22710","4.59375","4.59375","4.59375"
"22720","4.59375","4.59375","4.59375"
"22730","4.59375","4.59375","4.59375"
"22740","4.59375","4.59375","4.59375"
"22750","4.59375","4.59375","4.59375"
"22760","4.59375","4.59375","4.59375"
"22770","4.625","4.625","4.625"
"22780","4.875","4.875","4.875"
"22790","4.78125","4.78125","4.78125"
"22800","4.75","4.75","4.75"
"22810","4.71875","4.71875","4.71875"
"22820","4.71875","4.71875","4.71875"
"22830","4.6875","4.6875","4.6875"
"22840","4.71875","4.71875","4.71875"
"22850","4.65625","4.65625","4.65625"
"22860","4.65625","4.65625","4.65625"
"22870","4.6875","4.6875","4.6875"
"22880","4.625","4.625","4.625"
"22890","4.625","4.625","4.625"
"22900","4.6875","4.6875","4.6875"
"22910","4.65625","4.65625","4.65625"
"22920","4.65625","4.65625","4.65625"
"22930","4.65625","4.65625","4.65625"
"22940","4.65625","4.65625","4.65625"
"22950","4.6875","4.6875","4.6875"
"22960","4.625","4.625","4.625"
"22970","4.65625","4.65625","4.65625"
"22980","4.65625","4.65625","4.65625"
"22990","4.625","4.625","4.625"
"23000","4.65625","4.65625","4.65625"
"23010","4.6875","4.6875","4.6875"
"23020","4.65625","4.65625","4.65625"
"23030","4.65625","4.65625","4.65625"
"23040","4.625","4.625","4.625"
"23050","4.65625","4.65625","4.65625"
"23060","4.625","4.625","4.625"
"23070","4.625","4.625","4.625"
"23080","4.625","4.625","4.625"
"23090","4.65625","4.65625","4.65625"
"23100","4.65625","4.65625","4.65625"
"23110","4.625","4.625","4.625"
"23120","4.71875","4.71875","4.71875"
"23130","4.625","4.625","4.625"
"23140","4.65625","4.65625","4.65625"
"23150","4.625","4.625","4.625"
"23160","4.6875","4.6875","4.6875"
"23170","4.625","4.625","4.625"
"23180","4.65625","4.65625","4.65625"
"23190","4.65625","4.65625","4.65625"
"23200","4.625","4.625","4.625"
"23210","4.625","4.625","4.625"
"23220","4.65625","4.65625","4.65625"
"23230","4.6875","4.6875","4.6875"
"23240","4.65625","4.65625","4.65625"
"23250","4.6875","4.6875","4.6875"
"23260","4.625","4.625","4.625"
"23270","4.65625","4.65625","4.65625"
"23280","4.625","4.625","4.625"
"23290","4.625","4.625","4.625"
"23300","4.65625","4.65625","4.65625"
"23310","4.59375","4.59375","4.59375"
"23320","4.65625","4.65625","4.65625"
"23330","4.65625","4.65625","4.65625"
"23340","4.625","4.625","4.625"
"23350","4.65625","4.65625","4.65625"
"23360","4.6875","4.6875","4.6875"
"23370","4.625","4.625","4.625"
"23380","4.625","4.625","4.625"
"23390","4.65625","4.65625","4.65625"
"23400","4.625","4.625","4.625"
"23410","4.625","4.625","4.625"
"23420","4.625","4.625","4.625"
"23430","4.625","4.625","4.625"
"23440","4.65625","4.65625","4.65625"
"23450","4.625","4.625","4.625"
"23460","4.625","4.625","4.625"
"23470","4.65625","4.65625","4.65625"
"23480","4.625","4.625","4.625"
"23490","4.65625","4.65625","4.65625"
"23500","4.65625","4.65625","4.65625"
"23510","4.625","4.625","4.625"
"23520","4.625","4.625","4.625"
"23530","4.59375","4.59375","4.59375"
"23540","4.625","4.625","4.625"
"23550","4.625","4.625","4.625"
"23560","4.65625","4.65625","4.65625"
"23570","4.625","4.625","4.625"
"23580","4.65625","4.65625","4.65625"
"23590","4.625","4.625","4.625"
"23600","4.59375","4.59375","4.59375"
"23610","4.65625","4.65625","4.65625"
"23620","4.65625","4.65625","4.65625"
"23630","4.625","4.625","4.625"
"23640","4.65625","4.65625","4.65625"
"23650","4.65625","4.65625","4.65625"
"23660","4.65625","4.65625","4.65625"
"23670","4.625","4.625","4.625"
"23680","4.65625","4.65625","4.65625"
"23690","4.65625","4.65625","4.65625"
"23700","4.625","4.625","4.625"
"23710","4.625","4.625","4.625"
"23720","4.625","4.625","4.625"
"23730","4.625","4.625","4.625"
"23740","4.6875","4.6875","4.6875"
"23750","4.625","4.625","4.625"
"23760","4.59375","4.59375","4.59375"
"23770","4.59375","4.59375","4.59375"
"23780","4.625","4.625","4.625"
"23790","4.65625","4.65625","4.65625"
"23800","4.625","4.625","4.625"
"23810","4.65625","4.65625","4.65625"
"23820","4.59375","4.59375","4.59375"
"23830","4.65625","4.65625","4.65625"
"23840","4.625","4.625","4.625"
"23850","4.625","4.625","4.625"
"23860","4.6875","4.6875","4.6875"
"23870","4.625","4.625","4.625"
"23880","4.65625","4.65625","4.65625"
"23890","4.625","4.625","4.625"
"23900","4.65625","4.65625","4.65625"
"23910","4.625","4.625","4.625"
"23920","4.625","4.625","4.625"
"23930","4.625","4.625","4.625"
"23940","4.625","4.625","4.625"
"23950","4.625","4.625","4.625"
"23960","4.625","4.625","4.625"
"23970","4.59375","4.59375","4.59375"
"23980","4.59375","4.59375","4.59375"
"23990","4.625","4.625","4.625"
"24000","4.625","4.625","4.625"
"24010","4.65625","4.65625","4.65625"
"24020","4.625","4.625","4.625"
"24030","4.59375","4.59375","4.59375"
"24040","4.59375","4.59375","4.59375"
"24050","4.625","4.625","4.625"
"24060","4.625","4.625","4.625"
"24070","4.625","4.625","4.625"
"24080","4.65625","4.65625","4.65625"
"24090","4.59375","4.59375","4.59375"
"24100","4.59375","4.59375","4.59375"
"24110","4.625","4.625","4.625"
"24120","4.625","4.625","4.625"
"24130","4.625","4.625","4.625"
"24140","4.65625","4.65625","4.65625"
"24150","4.625","4.625","4.625"
"24160","4.625","4.625","4.625"
"24170","4.625","4.625","4.625"
"24180","4.625","4.625","4.625"
"24190","4.65625","4.65625","4.65625"
"24200","4.625","4.625","4.625"
"24210","4.65625","4.65625","4.65625"
"24220","4.625","4.625","4.625"
"24230","4.625","4.625","4.625"
"24240","4.65625","4.65625","4.65625"
"24250","4.625","4.625","4.625"
"24260","4.625","4.625","4.625"
"24270","4.625","4.625","4.625"
"24280","4.625","4.625","4.625"
"24290","4.625","4.625","4.625"
"24300","4.625","4.625","4.625"
"24310","4.59375","4.59375","4.59375"
"24320","4.625","4.625","4.625"
"24330","4.625","4.625","4.625"
"24340","4.625","4.625","4.625"
"24350","4.625","4.625","4.625"
"24360","4.59375","4.59375","4.59375"
"24370","4.65625","4.65625","4.65625"
"24380","4.625","4.625","4.625"
"24390","4.625","4.625","4.625"
"24400","4.625","4.625","4.625"
"24410","4.625","4.625","4.625"
"24420","4.59375","4.59375","4.59375"
"24430","4.65625","4.65625","4.65625"
"24440","4.59375","4.59375","4.59375"
"24450","4.625","4.625","4.625"
"24460","4.59375","4.59375","4.59375"
"24470","4.59375","4.59375","4.59375"
"24480","4.625","4.625","4.625"
"24490","4.625","4.625","4.625"
"24500","4.625","4.625","4.625"
"24510","4.625","4.625","4.625"
"24520","4.625","4.625","4.625"
"24530","4.625","4.625","4.625"
"24540","4.625","4.625","4.625"
"24550","4.625","4.625","4.625"
"24560","4.59375","4.59375","4.59375"
"24570","4.59375","4.59375","4.59375"
"24580","4.625","4.625","4.625"
"24590","4.625","4.625","4.625"
"24600","4.625","4.625","4.625"
"24610","4.625","4.625","4.625"
"24620","4.625","4.625","4.625"
"24630","4.625","4.625","4.625"
"24640","4.625","4.625","4.625"
"24650","4.625","4.625","4.625"
"24660","4.59375","4.59375","4.59375"
"24670","4.625","4.625","4.625"
"24680","4.625","4.625","4.625"
"24690","4.625","4.625","4.625"
"24700","4.625","4.625","4.625"
"24710","4.625","4.625","4.625"
"24720","4.6875","4.6875","4.6875"
"24730","4.625","4.625","4.625"
"24740","4.625","4.625","4.625"
"24750","4.625","4.625","4.625"
"24760","4.59375","4.59375","4.59375"
"24770","4.625","4.625","4.625"
"24780","4.59375","4.59375","4.59375"
"24790","4.625","4.625","4.625"
"24800","4.65625","4.65625","4.65625"
"24810","4.625","4.625","4.625"
"24820","4.625","4.625","4.625"
"24830","4.59375","4.59375","4.59375"
"24840","4.625","4.625","4.625"
"24850","4.65625","4.65625","4.65625"
"24860","4.625","4.625","4.625"
"24870","4.625","4.625","4.625"
"24880","4.65625","4.65625","4.65625"
"24890","4.625","4.625","4.625"
"24900","4.59375","4.59375","4.59375"
"24910","4.59375","4.59375","4.59375"
"24920","4.65625","4.65625","4.65625"
"24930","4.625","4.625","4.625"
"24940","4.625","4.625","4.625"
"24950","4.65625","4.65625","4.65625"
"24960","4.65625","4.65625","4.65625"
"24970","4.625","4.625","4.625"
"24980","4.625","4.625","4.625"
"24990","4.625","4.625","4.625"
"25000","4.65625","4.65625","4.65625"
"25010","4.625","4.625","4.625"
"25020","4.625","4.625","4.625"
"25030","4.625","4.625","4.625"
"25040","4.59375","4.59375","4.59375"
"25050","4.625","4.625","4.625"
"25060","4.59375","4.59375","4.59375"
"25070","4.625","4.625","4.625"
"25080","4.625","4.625","4.625"
"25090","4.6875","4.6875","4.6875"
"25100","4.625","4.625","4.625"
"25110","4.625","4.625","4.625"
"25120","4.59375","4.59375","4.59375"
"25130","4.625","4.625","4.625"
"25140","4.65625","4.65625","4.65625"
"25150","4.625","4.625","4.625"
"25160","4.625","4.625","4.625"
"25170","4.625","4.625","4.625"
"25180","4.625","4.625","4.625"
"25190","4.59375","4.59375","4.59375"
"25200","4.625","4.625","4.625"
"25210","4.625","4.625","4.625"
"25220","4.625","4.625","4.625"
"25230","4.625","4.625","4.625"
"25240","4.625","4.625","4.625"
"25250","4.625","4.625","4.625"
"25260","4.65625","4.65625","4.65625"
"25270","4.59375","4.59375","4.59375"
"25280","4.59375","4.59375","4.59375"
"25290","4.625","4.625","4.625"
"25300","4.625","4.625","4.625"
"25310","4.59375","4.59375","4.59375"
"25320","4.625","4.625","4.625"
"25330","4.625","4.625","4.625"
"25340","4.65625","4.65625","4.65625"
"25350","4.625","4.625","4.625"
"25360","4.625","4.625","4.625"
"25370","4.65625","4.65625","4.65625"
"25380","4.59375","4.59375","4.59375"
"25390","4.65625","4.65625","4.65625"
"25400","4.625","4.625","4.625"
"25410","4.59375","4.59375","4.59375"
"25420","4.625","4.625","4.625"
"25430","4.625","4.625","4.625"
"25440","4.625","4.625","4.625"
"25450","4.625","4.625","4.625"
"25460","4.625","4.625","4.625"
"25470","4.59375","4.59375","4.59375"
"25480","4.59375","4.59375","4.59375"
"25490","4.59375","4.59375","4.59375"
"25500","4.625","4.625","4.625"
"25510","4.65625","4.65625","4.65625"
"25520","4.625","4.625","4.625"
"25530","4.625","4.625","4.625"
"25540","4.625","4.625","4.625"
"25550","4.59375","4.59375","4.59375"
"25560","4.625","4.625","4.625"
"25570","4.625","4.625","4.625"
"25580","4.625","4.625","4.625"
"25590","4.625","4.625","4.625"
"25600","4.65625","4.65625","4.65625"
"25610","4.625","4.625","4.625"
"25620","4.625","4.625","4.625"
"25630","4.65625","4.65625","4.65625"
"25640","4.625","4.625","4.625"
"25650","4.625","4.625","4.625"
"25660","4.625","4.625","4.625"
"25670","4.65625","4.65625","4.65625"
"25680","4.65625","4.65625","4.65625"
"25690","4.59375","4.59375","4.59375"
"25700","4.65625","4.65625","4.65625"
"25710","4.625","4.625","4.625"
"25720","4.625","4.625","4.625"
"25730","4.625","4.625","4.625"
"25740","4.625","4.625","4.625"
"25750","4.625","4.625","4.625"
"25760","4.625","4.625","4.625"
"25770","4.625","4.625","4.625"
"25780","4.65625","4.65625","4.65625"
"25790","4.65625","4.65625","4.65625"
"25800","4.625","4.625","4.625"
"25810","4.625","4.625","4.625"
"25820","4.625","4.625","4.625"
"25830","4.59375","4.59375","4.59375"
"25840","4.65625","4.65625","4.65625"
"25850","4.625","4.625","4.625"
"25860","4.625","4.625","4.625"
"25870","4.625","4.625","4.625"
"25880","4.625","4.625","4.625"
"25890","4.625","4.625","4.625"
"25900","4.625","4.625","4.625"
"25910","4.625","4.625","4.625"
"25920","4.625","4.625","4.625"
"25930","4.625","4.625","4.625"
"25940","4.625","4.625","4.625"
"25950","4.625","4.625","4.625"
"25960","4.625","4.625","4.625"
"25970","4.65625","4.65625","4.65625"
"25980","4.625","4.625","4.625"
"25990","4.59375","4.59375","4.59375"
"26000","4.59375","4.59375","4.59375"
"26010","4.625","4.625","4.625"
"26020","4.625","4.625","4.625"
"26030","4.625","4.625","4.625"
"26040","4.59375","4.59375","4.59375"
"26050","4.59375","4.59375","4.59375"
"26060","4.59375","4.59375","4.59375"
"26070","4.59375","4.59375","4.59375"
"26080","4.625","4.625","4.625"
"26090","4.625","4.625","4.625"
"26100","4.625","4.625","4.625"
"26110","4.625","4.625","4.625"
"26120","4.625","4.625","4.625"
"26130","4.625","4.625","4.625"
"26140","4.65625","4.65625","4.65625"
"26150","4.59375","4.59375","4.59375"
"26160","4.625","4.625","4.625"
"26170","4.625","4.625","4.625"
"26180","4.59375","4.59375","4.59375"
"26190","4.625","4.625","4.625"
"26200","4.59375","4.59375","4.59375"
"26210","4.625","4.625","4.625"
"26220","4.59375","4.59375","4.59375"
"26230","4.59375","4.59375","4.59375"
"26240","4.625","4.625","4.625"
"26250","4.625","4.625","4.625"
"26260","4.625","4.625","4.625"
"26270","4.59375","4.59375","4.59375"
"26280","4.65625","4.65625","4.65625"
"26290","4.59375","4.59375","4.59375"
"26300","4.625","4.625","4.625"
"26310","4.59375","4.59375","4.59375"
"26320","4.6875","4.6875","4.6875"
"26330","4.625","4.625","4.625"
"26340","4.65625","4.65625","4.65625"
"26350","4.59375","4.59375","4.59375"
"26360","4.625","4.625","4.625"
"26370","4.625","4.625","4.625"
"26380","4.6875","4.6875","4.6875"
"26390","4.59375","4.59375","4.59375"
"26400","4.625","4.625","4.625"
"26410","4.625","4.625","4.625"
"26420","4.59375","4.59375","4.59375"
"26430","4.625","4.625","4.625"
"26440","4.625","4.625","4.625"
"26450","4.59375","4.59375","4.59375"
"26460","4.625","4.625","4.625"
"26470","4.625","4.625","4.625"
"26480","4.625","4.625","4.625"
"26490","4.625","4.625","4.625"
"26500","4.59375","4.59375","4.59375"
"26510","4.59375","4.59375","4.59375"
"26520","4.59375","4.59375","4.59375"
"26530","4.625","4.625","4.625"
"26540","4.59375","4.59375","4.59375"
"26550","4.65625","4.65625","4.65625"
"26560","4.59375","4.59375","4.59375"
"26570","4.625","4.625","4.625"
"26580","4.59375","4.59375","4.59375"
"26590","4.625","4.625","4.625"
"26600","4.65625","4.65625","4.65625"
"26610","4.59375","4.59375","4.59375"
"26620","4.625","4.625","4.625"
"26630","4.59375","4.59375","4.59375"
"26640","4.625","4.625","4.625"
"26650","4.6875","4.6875","4.6875"
"26660","4.59375","4.59375","4.59375"
"26670","4.59375","4.59375","4.59375"
"26680","4.625","4.625","4.625"
"26690","4.59375","4.59375","4.59375"
"26700","4.625","4.625","4.625"
"26710","4.625","4.625","4.625"
"26720","4.59375","4.59375","4.59375"
"26730","4.625","4.625","4.625"
"26740","4.625","4.625","4.625"
"26750","4.59375","4.59375","4.59375"
"26760","4.59375","4.59375","4.59375"
"26770","4.625","4.625","4.625"
"26780","4.59375","4.59375","4.59375"
"26790","4.625","4.625","4.625"
"26800","4.625","4.625","4.625"
"26810","4.625","4.625","4.625"
"26820","4.65625","4.65625","4.65625"
"26830","4.625","4.625","4.625"
"26840","4.625","4.625","4.625"
"26850","4.59375","4.59375","4.59375"
"26860","4.625","4.625","4.625"
"26870","4.625","4.625","4.625"
"26880","4.625","4.625","4.625"
"26890","4.59375","4.59375","4.59375"
"26900","4.625","4.625","4.625"
"26910","4.625","4.625","4.625"
"26920","4.59375","4.59375","4.59375"
"26930","4.59375","4.59375","4.59375"
"26940","4.65625","4.65625","4.65625"
"26950","4.59375","4.59375","4.59375"
"26960","4.625","4.625","4.625"
"26970","4.6875","4.6875","4.6875"
"26980","4.65625","4.65625","4.65625"
"26990","4.65625","4.65625","4.65625"
"27000","4.625","4.625","4.625"
"27010","4.65625","4.65625","4.65625"
"27020","4.625","4.625","4.625"
"27030","4.59375","4.59375","4.59375"
"27040","4.625","4.625","4.625"
"27050","4.59375","4.59375","4.59375"
"27060","4.65625","4.65625","4.65625"
"27070","4.625","4.625","4.625"
"27080","4.625","4.625","4.625"
"27090","4.59375","4.59375","4.59375"
"27100","4.625","4.625","4.625"
"27110","4.625","4.625","4.625"
"27120","4.625","4.625","4.625"
"27130","4.625","4.625","4.625"
"27140","4.625","4.625","4.625"
"27150","4.65625","4.65625","4.65625"
"27160","4.625","4.625","4.625"
"27170","4.59375","4.59375","4.59375"
"27180","4.625","4.625","4.625"
"27190","4.625","4.625","4.625"
"27200","4.625","4.625","4.625"
"27210","4.625","4.625","4.625"
"27220","4.65625","4.65625","4.65625"
"27230","4.59375","4.59375","4.59375"
"27240","4.625","4.625","4.625"
"27250","4.625","4.625","4.625"
"27260","4.625","4.625","4.625"
"27270","4.59375","4.59375","4.59375"
"27280","4.625","4.625","4.625"
"27290","4.65625","4.65625","4.65625"
"27300","4.625","4.625","4.625"
"27310","4.65625","4.65625","4.65625"
"27320","4.59375","4.59375","4.59375"
"27330","4.625","4.625","4.625"
"27340","4.625","4.625","4.625"
"27350","4.59375","4.59375","4.59375"
"27360","4.625","4.625","4.625"
"27370","4.59375","4.59375","4.59375"
"27380","4.625","4.625","4.625"
"27390","4.625","4.625","4.625"
"27400","4.59375","4.59375","4.59375"
"27410","4.6875","4.6875","4.6875"
"27420","4.625","4.625","4.625"
"27430","4.625","4.625","4.625"
"27440","4.625","4.625","4.625"
"27450","4.625","4.625","4.625"
"27460","4.59375","4.59375","4.59375"
"27470","4.625","4.625","4.625"
"27480","4.625","4.625","4.625"
"27490","4.625","4.625","4.625"
"27500","4.625","4.625","4.625"
"27510","4.65625","4.65625","4.65625"
"27520","4.625","4.625","4.625"
"27530","4.625","4.625","4.625"
"27540","4.625","4.625","4.625"
"27550","4.625","4.625","4.625"
"27560","4.59375","4.59375","4.59375"
"27570","4.625","4.625","4.625"
"27580","4.625","4.625","4.625"
"27590","4.625","4.625","4.625"
"27600","4.59375","4.59375","4.59375"
"27610","4.65625","4.65625","4.65625"
"27620","4.625","4.625","4.625"
"27630","4.625","4.625","4.625"
"27640","4.59375","4.59375","4.59375"
"27650","4.625","4.625","4.625"
"27660","4.59375","4.59375","4.59375"
"27670","4.625","4.625","4.625"
"27680","4.59375","4.59375","4.59375"
"27690","4.625","4.625","4.625"
"27700","4.65625","4.65625","4.65625"
"27710","4.625","4.625","4.625"
"27720","4.625","4.625","4.625"
"27730","4.59375","4.59375","4.59375"
"27740","4.59375","4.59375","4.59375"
"27750","4.625","4.625","4.625"
"27760","4.625","4.625","4.625"
"27770","4.59375","4.59375","4.59375"
"27780","4.625","4.625","4.625"
"27790","4.6875","4.6875","4.6875"
"27800","4.65625","4.65625","4.65625"
"27810","4.625","4.625","4.625"
"27820","4.625","4.625","4.625"
"27830","4.65625","4.65625","4.65625"
"27840","4.65625","4.65625","4.65625"
"27850","4.625","4.625","4.625"
"27860","4.65625","4.65625","4.65625"
"27870","4.59375","4.59375","4.59375"
"27880","4.625","4.625","4.625"
"27890","4.59375","4.59375","4.59375"
"27900","4.59375","4.59375","4.59375"
"27910","4.625","4.625","4.625"
"27920","4.625","4.625","4.625"
"27930","4.625","4.625","4.625"
"27940","4.625","4.625","4.625"
"27950","4.625","4.625","4.625"
"27960","4.625","4.625","4.625"
"27970","4.625","4.625","4.625"
"27980","4.59375","4.59375","4.59375"
"27990","4.625","4.625","4.625"
"28000","4.59375","4.59375","4.59375"
"28010","4.625","4.625","4.625"
"28020","4.625","4.625","4.625"
"28030","4.625","4.625","4.625"
"28040","4.625","4.625","4.625"
"28050","4.59375","4.59375","4.59375"
"28060","4.65625","4.65625","4.65625"
"28070","4.625","4.625","4.625"
"28080","4.625","4.625","4.625"
"28090","4.65625","4.65625","4.65625"
"28100","4.625","4.625","4.625"
"28110","4.59375","4.59375","4.59375"
"28120","4.59375","4.59375","4.59375"
"28130","4.625","4.625","4.625"
"28140","4.625","4.625","4.625"
"28150","4.59375","4.59375","4.59375"
"28160","4.625","4.625","4.625"
"28170","4.6875","4.6875","4.6875"
"28180","4.625","4.625","4.625"
"28190","4.625","4.625","4.625"
"28200","4.59375","4.59375","4.59375"
"28210","4.59375","4.59375","4.59375"
"28220","4.625","4.625","4.625"
"28230","4.625","4.625","4.625"
"28240","4.65625","4.65625","4.65625"
"28250","4.59375","4.59375","4.59375"
"28260","4.59375","4.59375","4.59375"
"28270","4.59375","4.59375","4.59375"
"28280","4.59375","4.59375","4.59375"
"28290","4.625","4.625","4.625"
"28300","4.625","4.625","4.625"
"28310","4.59375","4.59375","4.59375"
"28320","4.625","4.625","4.625"
"28330","4.59375","4.59375","4.59375"
"28340","4.625","4.625","4.625"
"28350","4.625","4.625","4.625"
"28360","4.625","4.625","4.625"
"28370","4.625","4.625","4.625"
"28380","4.59375","4.59375","4.59375"
"28390","4.625","4.625","4.625"
"28400","4.6875","4.6875","4.6875"
"28410","4.625","4.625","4.625"
"28420","4.625","4.625","4.625"
"28430","4.59375","4.59375","4.59375"
"28440","4.625","4.625","4.625"
"28450","4.625","4.625","4.625"
"28460","4.625","4.625","4.625"
"28470","4.625","4.625","4.625"
"28480","4.59375","4.59375","4.59375"
"28490","4.625","4.625","4.625"
"28500","4.59375","4.59375","4.59375"
"28510","4.65625","4.65625","4.65625"
"28520","4.59375","4.59375","4.59375"
"28530","4.625","4.625","4.625"
"28540","4.625","4.625","4.625"
"28550","4.625","4.625","4.625"
"28560","4.625","4.625","4.625"
"28570","4.625","4.625","4.625"
"28580","4.59375","4.59375","4.59375"
"28590","4.59375","4.59375","4.59375"
"28600","4.59375","4.59375","4.59375"
"28610","4.59375","4.59375","4.59375"
"28620","4.625","4.625","4.625"
"28630","4.59375","4.59375","4.59375"
"28640","4.59375","4.59375","4.59375"
"28650","4.625","4.625","4.625"
"28660","4.625","4.625","4.625"
"28670","4.625","4.625","4.625"
"28680","4.625","4.625","4.625"
"28690","4.625","4.625","4.625"
"28700","4.625","4.625","4.625"
"28710","4.625","4.625","4.625"
"28720","4.625","4.625","4.625"
"28730","4.625","4.625","4.625"
"28740","4.65625","4.65625","4.65625"
"28750","4.625","4.625","4.625"
"28760","4.59375","4.59375","4.59375"
"28770","4.59375","4.59375","4.59375"
"28780","4.625","4.625","4.625"
"28790","4.625","4.625","4.625"
"28800","4.625","4.625","4.625"
"28810","4.625","4.625","4.625"
"28820","4.65625","4.65625","4.65625"
"28830","4.59375","4.59375","4.59375"
"28840","4.625","4.625","4.625"
"28850","4.59375","4.59375","4.59375"
"28860","4.625","4.625","4.625"
"28870","4.625","4.625","4.625"
"28880","4.625","4.625","4.625"
"28890","4.625","4.625","4.625"
"28900","4.65625","4.65625","4.65625"
"28910","4.59375","4.59375","4.59375"
"28920","4.625","4.625","4.625"
"28930","4.625","4.625","4.625"
"28940","4.625","4.625","4.625"
"28950","4.625","4.625","4.625"
"28960","4.59375","4.59375","4.59375"
"28970","4.65625","4.65625","4.65625"
"28980","4.625","4.625","4.625"
"28990","4.625","4.625","4.625"
"29000","4.625","4.625","4.625"
"29010","4.625","4.625","4.625"
"29020","4.625","4.625","4.625"
"29030","4.625","4.625","4.625"
"29040","4.625","4.625","4.625"
"29050","4.625","4.625","4.625"
"29060","4.625","4.625","4.625"
"29070","4.625","4.625","4.625"
"29080","4.625","4.625","4.625"
"29090","4.625","4.625","4.625"
"29100","4.59375","4.59375","4.59375"
"29110","4.65625","4.65625","4.65625"
"29120","4.59375","4.59375","4.59375"
"29130","4.625","4.625","4.625"
"29140","4.625","4.625","4.625"
"29150","4.625","4.625","4.625"
"29160","4.625","4.625","4.625"
"29170","4.625","4.625","4.625"
"29180","4.59375","4.59375","4.59375"
"29190","4.625","4.625","4.625"
"29200","4.625","4.625","4.625"
"29210","4.625","4.625","4.625"
"29220","4.625","4.625","4.625"
"29230","4.625","4.625","4.625"
"29240","4.59375","4.59375","4.59375"
"29250","4.59375","4.59375","4.59375"
"29260","4.59375","4.59375","4.59375"
"29270","4.625","4.625","4.625"
"29280","4.625","4.625","4.625"
"29290","4.59375","4.59375","4.59375"
"29300","4.65625","4.65625","4.65625"
"29310","4.625","4.625","4.625"
"29320","4.625","4.625","4.625"
"29330","4.625","4.625","4.625"
"29340","4.625","4.625","4.625"
"29350","4.65625","4.65625","4.65625"
"29360","4.59375","4.59375","4.59375"
"29370","4.625","4.625","4.625"
"29380","4.59375","4.59375","4.59375"
"29390","4.625","4.625","4.625"
"29400","4.59375","4.59375","4.59375"
"29410","4.625","4.625","4.625"
"29420","4.625","4.625","4.625"
"29430","4.625","4.625","4.625"
"29440","4.625","4.625","4.625"
"29450","4.625","4.625","4.625"
"29460","4.625","4.625","4.625"
"29470","4.625","4.625","4.625"
"29480","4.625","4.625","4.625"
"29490","4.625","4.625","4.625"
"29500","4.65625","4.65625","4.65625"
"29510","4.59375","4.59375","4.59375"
"29520","4.59375","4.59375","4.59375"
"29530","4.625","4.625","4.625"
"29540","4.625","4.625","4.625"
"29550","4.625","4.625","4.625"
"29560","4.625","4.625","4.625"
"29570","4.59375","4.59375","4.59375"
"29580","4.625","4.625","4.625"
"29590","4.625","4.625","4.625"
"29600","4.625","4.625","4.625"
"29610","4.59375","4.59375","4.59375"
"29620","4.59375","4.59375","4.59375"
"29630","4.59375","4.59375","4.59375"
"29640","4.625","4.625","4.625"
"29650","4.625","4.625","4.625"
"29660","4.625","4.625","4.625"
"29670","4.59375","4.59375","4.59375"
"29680","4.59375","4.59375","4.59375"
"29690","4.625","4.625","4.625"
"29700","4.625","4.625","4.625"
"29710","4.59375","4.59375","4.59375"
"29720","4.625","4.625","4.625"
"29730","4.625","4.625","4.625"
"29740","4.59375","4.59375","4.59375"
"29750","4.59375","4.59375","4.59375"
"29760","4.65625","4.65625","4.65625"
"29770","4.625","4.625","4.625"
"29780","4.65625","4.65625","4.65625"
"29790","4.625","4.625","4.625"
"29800","4.625","4.625","4.625"
"29810","4.625","4.625","4.625"
"29820","4.625","4.625","4.625"
"29830","4.625","4.625","4.625"
"29840","4.625","4.625","4.625"
"29850","4.625","4.625","4.625"
"29860","4.59375","4.59375","4.59375"
"29870","4.625","4.625","4.625"
"29880","4.59375","4.59375","4.59375"
"29890","4.625","4.625","4.625"
"29900","4.625","4.625","4.625"
"29910","4.59375","4.59375","4.59375"
"29920","4.625","4.625","4.625"
"29930","4.59375","4.59375","4.59375"
"29940","4.625","4.625","4.625"
"29950","4.59375","4.59375","4.59375"
"29960","4.59375","4.59375","4.59375"
"29970","4.625","4.625","4.625"
"29980","4.59375","4.59375","4.59375"
"29990","4.625","4.625","4.625"
"30000","4.625","4.625","4.625"
"30010","4.625","4.625","4.625"
"30020","4.625","4.625","4.625"
"30030","4.625","4.625","4.625"
"30040","4.625","4.625","4.625"
"30050","4.625","4.625","4.625"
"30060","4.59375","4.59375","4.59375"
"30070","4.59375","4.59375","4.59375"
"30080","4.625","4.625","4.625"
"30090","4.625","4.625","4.625"
"30100","4.65625","4.65625","4.65625"
"30110","4.65625","4.65625","4.65625"
"30120","4.65625","4.65625","4.65625"
"30130","4.625","4.625","4.625"
"30140","4.625","4.625","4.625"
"30150","4.625","4.625","4.625"
"30160","4.625","4.625","4.625"
"30170","4.625","4.625","4.625"
"30180","4.59375","4.59375","4.59375"
"30190","4.65625","4.65625","4.65625"
"30200","4.625","4.625","4.625"
"30210","4.59375","4.59375","4.59375"
"30220","4.625","4.625","4.625"
"30230","4.625","4.625","4.625"
"30240","4.625","4.625","4.625"
"30250","4.625","4.625","4.625"
"30260","4.625","4.625","4.625"
"30270","4.625","4.625","4.625"
"30280","4.625","4.625","4.625"
"30290","4.59375","4.59375","4.59375"
"30300","4.625","4.625","4.625"
"30310","4.59375","4.59375","4.59375"
"30320","4.65625","4.65625","4.65625"
"30330","4.625","4.625","4.625"
"30340","4.625","4.625","4.625"
"30350","4.59375","4.59375","4.59375"
"30360","4.65625","4.65625","4.65625"
"30370","4.625","4.625","4.625"
"30380","4.625","4.625","4.625"
"30390","4.625","4.625","4.625"
"30400","4.625","4.625","4.625"
"30410","4.625","4.625","4.625"
"30420","4.625","4.625","4.625"
"30430","4.625","4.625","4.625"
"30440","4.625","4.625","4.625"
"30450","4.625","4.625","4.625"
"30460","4.65625","4.65625","4.65625"
"30470","4.625","4.625","4.625"
"30480","4.625","4.625","4.625"
"30490","4.625","4.625","4.625"
"30500","4.59375","4.59375","4.59375"
"30510","4.59375","4.59375","4.59375"
"30520","4.625","4.625","4.625"
"30530","4.625","4.625","4.625"
"30540","4.625","4.625","4.625"
"30550","4.625","4.625","4.625"
"30560","4.625","4.625","4.625"
"30570","4.625","4.625","4.625"
"30580","4.625","4.625","4.625"
"30590","4.625","4.625","4.625"
"30600","4.59375","4.59375","4.59375"
"30610","4.625","4.625","4.625"
"30620","4.65625","4.65625","4.65625"
"30630","4.65625","4.65625","4.65625"
"30640","4.625","4.625","4.625"
"30650","4.59375","4.59375","4.59375"
"30660","4.59375","4.59375","4.59375"
"30670","4.6875","4.6875","4.6875"
"30680","4.59375","4.59375","4.59375"
"30690","4.625","4.625","4.625"
"30700","4.59375","4.59375","4.59375"
"30710","4.625","4.625","4.625"
"30720","4.625","4.625","4.625"
"30730","4.625","4.625","4.625"
"30740","4.625","4.625","4.625"
"30750","4.625","4.625","4.625"
"30760","4.625","4.625","4.625"
"30770","4.625","4.625","4.625"
"30780","4.625","4.625","4.625"
"30790","4.625","4.625","4.625"
"30800","4.625","4.625","4.625"
"30810","4.59375","4.59375","4.59375"
"30820","4.59375","4.59375","4.59375"
"30830","4.625","4.625","4.625"
"30840","4.625","4.625","4.625"
"30850","4.625","4.625","4.625"
"30860","4.59375","4.59375","4.59375"
"30870","4.625","4.625","4.625"
"30880","4.625","4.625","4.625"
"30890","4.625","4.625","4.625"
"30900","4.625","4.625","4.625"
"30910","4.59375","4.59375","4.59375"
"30920","4.65625","4.65625","4.65625"
"30930","4.65625","4.65625","4.65625"
"30940","4.625","4.625","4.625"
"30950","4.65625","4.65625","4.65625"
"30960","4.625","4.625","4.625"
"30970","4.625","4.625","4.625"
"30980","4.625","4.625","4.625"
"30990","4.59375","4.59375","4.59375"
"31000","4.625","4.625","4.625"
"31010","4.625","4.625","4.625"
"31020","4.65625","4.65625","4.65625"
"31030","4.65625","4.65625","4.65625"
"31040","4.59375","4.59375","4.59375"
"31050","4.625","4.625","4.625"
"31060","4.625","4.625","4.625"
"31070","4.625","4.625","4.625"
"31080","4.625","4.625","4.625"
"31090","4.59375","4.59375","4.59375"
"31100","4.625","4.625","4.625"
"31110","4.625","4.625","4.625"
"31120","4.59375","4.59375","4.59375"
"31130","4.625","4.625","4.625"
"31140","4.59375","4.59375","4.59375"
"31150","4.59375","4.59375","4.59375"
"31160","4.625","4.625","4.625"
"31170","4.625","4.625","4.625"
"31180","4.625","4.625","4.625"
"31190","4.625","4.625","4.625"
"31200","4.59375","4.59375","4.59375"
"31210","4.625","4.625","4.625"
"31220","4.65625","4.65625","4.65625"
"31230","4.625","4.625","4.625"
"31240","4.59375","4.59375","4.59375"
"31250","4.625","4.625","4.625"
"31260","4.59375","4.59375","4.59375"
"31270","4.625","4.625","4.625"
"31280","4.625","4.625","4.625"
"31290","4.625","4.625","4.625"
"31300","4.625","4.625","4.625"
"31310","4.625","4.625","4.625"
"31320","4.625","4.625","4.625"
"31330","4.59375","4.59375","4.59375"
"31340","4.625","4.625","4.625"
"31350","4.625","4.625","4.625"
"31360","4.625","4.625","4.625"
"31370","4.59375","4.59375","4.59375"
"31380","4.625","4.625","4.625"
"31390","4.625","4.625","4.625"
"31400","4.625","4.625","4.625"
"31410","4.625","4.625","4.625"
"31420","4.625","4.625","4.625"
"31430","4.59375","4.59375","4.59375"
"31440","4.59375","4.59375","4.59375"
"31450","4.625","4.625","4.625"
"31460","4.625","4.625","4.625"
"31470","4.59375","4.59375","4.59375"
"31480","4.625","4.625","4.625"
"31490","4.625","4.625","4.625"
"31500","4.625","4.625","4.625"
"31510","4.59375","4.59375","4.59375"
"31520","4.625","4.625","4.625"
"31530","4.625","4.625","4.625"
"31540","4.65625","4.65625","4.65625"
"31550","4.625","4.625","4.625"
"31560","4.59375","4.59375","4.59375"
"31570","4.625","4.625","4.625"
"31580","4.625","4.625","4.625"
"31590","4.625","4.625","4.625"
"31600","4.625","4.625","4.625"
"31610","4.65625","4.65625","4.65625"
"31620","4.625","4.625","4.625"
"31630","4.625","4.625","4.625"
"31640","4.59375","4.59375","4.59375"
"31650","4.625","4.625","4.625"
"31660","4.59375","4.59375","4.59375"
"31670","4.625","4.625","4.625"
"31680","4.625","4.625","4.625"
"31690","4.625","4.625","4.625"
"31700","4.625","4.625","4.625"
"31710","4.625","4.625","4.625"
"31720","4.625","4.625","4.625"
"31730","4.625","4.625","4.625"
"31740","4.625","4.625","4.625"
"31750","4.625","4.625","4.625"
"31760","4.65625","4.65625","4.65625"
"31770","4.59375","4.59375","4.59375"
"31780","4.59375","4.59375","4.59375"
"31790","4.625","4.625","4.625"
"31800","4.625","4.625","4.625"
"31810","4.59375","4.59375","4.59375"
"31820","4.59375","4.59375","4.59375"
"31830","4.625","4.625","4.625"
"31840","4.625","4.625","4.625"
"31850","4.59375","4.59375","4.59375"
"31860","4.59375","4.59375","4.59375"
"31870","4.59375","4.59375","4.59375"
"31880","4.625","4.625","4.625"
"31890","4.625","4.625","4.625"
"31900","4.59375","4.59375","4.59375"
"31910","4.59375","4.59375","4.59375"
"31920","4.625","4.625","4.625"
"31930","4.59375","4.59375","4.59375"
"31940","4.625","4.625","4.625"
"31950","4.625","4.625","4.625"
"31960","4.625","4.625","4.625"
"31970","4.59375","4.59375","4.59375"
"31980","4.625","4.625","4.625"
"31990","4.625","4.625","4.625"
"32000","4.625","4.625","4.625"
"32010","4.59375","4.59375","4.59375"
"32020","4.59375","4.59375","4.59375"
"32030","4.625","4.625","4.625"
"32040","4.65625","4.65625","4.65625"
"32050","4.59375","4.59375","4.59375"
"32060","4.625","4.625","4.625"
"32070","4.625","4.625","4.625"
"32080","4.625","4.625","4.625"
"32090","4.625","4.625","4.625"
"32100","4.625","4.625","4.625"
"32110","4.625","4.625","4.625"
"32120","4.59375","4.59375","4.59375"
"32130","4.59375","4.59375","4.59375"
"32140","4.625","4.625","4.625"
"32150","4.59375","4.59375","4.59375"
"32160","4.59375","4.59375","4.59375"
"32170","4.625","4.625","4.625"
"32180","4.625","4.625","4.625"
"32190","4.59375","4.59375","4.59375"
"32200","4.625","4.625","4.625"
"32210","4.625","4.625","4.625"
"32220","4.625","4.625","4.625"
"32230","4.625","4.625","4.625"
"32240","4.59375","4.59375","4.59375"
"32250","4.625","4.625","4.625"
"32260","4.625","4.625","4.625"
"32270","4.625","4.625","4.625"
"32280","4.65625","4.65625","4.65625"
"32290","4.59375","4.59375","4.59375"
"32300","4.625","4.625","4.625"
"32310","4.59375","4.59375","4.59375"
"32320","4.625","4.625","4.625"
"32330","4.59375","4.59375","4.59375"
"32340","4.59375","4.59375","4.59375"
"32350","4.625","4.625","4.625"
"32360","4.65625","4.65625","4.65625"
"32370","4.59375","4.59375","4.59375"
"32380","4.59375","4.59375","4.59375"
"32390","4.625","4.625","4.625"
"32400","4.65625","4.65625","4.65625"
"32410","4.59375","4.59375","4.59375"
"32420","4.625","4.625","4.625"
"32430","4.625","4.625","4.625"
"32440","4.625","4.625","4.625"
"32450","4.59375","4.59375","4.59375"
"32460","4.625","4.625","4.625"
"32470","4.59375","4.59375","4.59375"
"32480","4.59375","4.59375","4.59375"
"32490","4.625","4.625","4.625"
"32500","4.59375","4.59375","4.59375"
"32510","4.625","4.625","4.625"
"32520","4.59375","4.59375","4.59375"
"32530","4.625","4.625","4.625"
"32540","4.625","4.625","4.625"
"32550","4.59375","4.59375","4.59375"
"32560","4.65625","4.65625","4.65625"
"32570","4.65625","4.65625","4.65625"
"32580","4.625","4.625","4.625"
"32590","4.625","4.625","4.625"
"32600","4.625","4.625","4.625"
"32610","4.625","4.625","4.625"
"32620","4.59375","4.59375","4.59375"
"32630","4.625","4.625","4.625"
"32640","4.625","4.625","4.625"
"32650","4.625","4.625","4.625"
"32660","4.625","4.625","4.625"
"32670","4.625","4.625","4.625"
"32680","4.59375","4.59375","4.59375"
"32690","4.625","4.625","4.625"
"32700","4.6875","4.6875","4.6875"
"32710","4.59375","4.59375","4.59375"
"32720","4.625","4.625","4.625"
"32730","4.625","4.625","4.625"
"32740","4.625","4.625","4.625"
"32750","4.625","4.625","4.625"
"32760","4.59375","4.59375","4.59375"
"32770","4.625","4.625","4.625"
"32780","4.65625","4.65625","4.65625"
"32790","4.625","4.625","4.625"
"32800","4.59375","4.59375","4.59375"
"32810","4.59375","4.59375","4.59375"
"32820","4.625","4.625","4.625"
"32830","4.59375","4.59375","4.59375"
"32840","4.625","4.625","4.625"
"32850","4.625","4.625","4.625"
"32860","4.625","4.625","4.625"
"32870","4.625","4.625","4.625"
"32880","4.59375","4.59375","4.59375"
"32890","4.625","4.625","4.625"
"32900","4.65625","4.65625","4.65625"
"32910","4.625","4.625","4.625"
"32920","4.59375","4.59375","4.59375"
"32930","4.59375","4.59375","4.59375"
"32940","4.59375","4.59375","4.59375"
"32950","4.625","4.625","4.625"
"32960","4.625","4.625","4.625"
"32970","4.5625","4.5625","4.5625"
"32980","4.625","4.625","4.625"
"32990","4.59375","4.59375","4.59375"
"33000","4.625","4.625","4.625"
"33010","4.625","4.625","4.625"
"33020","4.65625","4.65625","4.65625"
"33030","4.625","4.625","4.625"
"33040","4.625","4.625","4.625"
"33050","4.59375","4.59375","4.59375"
"33060","4.625","4.625","4.625"
"33070","4.59375","4.59375","4.59375"
"33080","4.625","4.625","4.625"
"33090","4.625","4.625","4.625"
"33100","4.625","4.625","4.625"
"33110","4.625","4.625","4.625"
"33120","4.625","4.625","4.625"
"33130","4.625","4.625","4.625"
"33140","4.65625","4.65625","4.65625"
"33150","4.625","4.625","4.625"
"33160","4.59375","4.59375","4.59375"
"33170","4.625","4.625","4.625"
"33180","4.625","4.625","4.625"
"33190","4.59375","4.59375","4.59375"
"33200","4.65625","4.65625","4.65625"
"33210","4.59375","4.59375","4.59375"
"33220","4.625","4.625","4.625"
"33230","4.625","4.625","4.625"
"33240","4.625","4.625","4.625"
"33250","4.625","4.625","4.625"
"33260","4.59375","4.59375","4.59375"
"33270","4.65625","4.65625","4.65625"
"33280","4.65625","4.65625","4.65625"
"33290","4.625","4.625","4.625"
"33300","4.65625","4.65625","4.65625"
"33310","4.625","4.625","4.625"
"33320","4.625","4.625","4.625"
"33330","4.65625","4.65625","4.65625"
"33340","4.625","4.625","4.625"
"33350","4.625","4.625","4.625"
"33360","4.625","4.625","4.625"
"33370","4.65625","4.65625","4.65625"
"33380","4.625","4.625","4.625"
"33390","4.59375","4.59375","4.59375"
"33400","4.65625","4.65625","4.65625"
"33410","4.625","4.625","4.625"
"33420","4.625","4.625","4.625"
"33430","4.625","4.625","4.625"
"33440","4.65625","4.65625","4.65625"
"33450","4.625","4.625","4.625"
"33460","4.625","4.625","4.625"
"33470","4.625","4.625","4.625"
"33480","4.59375","4.59375","4.59375"
"33490","4.625","4.625","4.625"
"33500","4.625","4.625","4.625"
"33510","4.625","4.625","4.625"
"33520","4.625","4.625","4.625"
"33530","4.59375","4.59375","4.59375"
"33540","4.59375","4.59375","4.59375"
"33550","4.625","4.625","4.625"
"33560","4.625","4.625","4.625"
"33570","4.59375","4.59375","4.59375"
"33580","4.65625","4.65625","4.65625"
"33590","4.59375","4.59375","4.59375"
"33600","4.625","4.625","4.625"
"33610","4.65625","4.65625","4.65625"
"33620","4.625","4.625","4.625"
"33630","4.625","4.625","4.625"
"33640","4.625","4.625","4.625"
"33650","4.59375","4.59375","4.59375"
"33660","4.59375","4.59375","4.59375"
"33670","4.65625","4.65625","4.65625"
"33680","4.59375","4.59375","4.59375"
"33690","4.625","4.625","4.625"
"33700","4.65625","4.65625","4.65625"