"Step","deep-planet-14 - cov_loss","deep-planet-14 - cov_loss__MIN","deep-planet-14 - cov_loss__MAX"
"0","2.46875","2.46875","2.46875"
"10","1.84375","1.84375","1.84375"
"20","1.609375","1.609375","1.609375"
"30","1.8046875","1.8046875","1.8046875"
"40","2.203125","2.203125","2.203125"
"50","1.609375","1.609375","1.609375"
"60","1.7578125","1.7578125","1.7578125"
"70","1.4375","1.4375","1.4375"
"80","1.5234375","1.5234375","1.5234375"
"90","1.8671875","1.8671875","1.8671875"
"100","2.734375","2.734375","2.734375"
"110","1.6328125","1.6328125","1.6328125"
"120","1.96875","1.96875","1.96875"
"130","1.71875","1.71875","1.71875"
"140","1.4453125","1.4453125","1.4453125"
"150","2.21875","2.21875","2.21875"
"160","1.7578125","1.7578125","1.7578125"
"170","1.828125","1.828125","1.828125"
"180","2.140625","2.140625","2.140625"
"190","1.484375","1.484375","1.484375"
"200","2.171875","2.171875","2.171875"
"210","1.53125","1.53125","1.53125"
"220","1.6484375","1.6484375","1.6484375"
"230","2.171875","2.171875","2.171875"
"240","1.671875","1.671875","1.671875"
"250","1.8046875","1.8046875","1.8046875"
"260","1.9140625","1.9140625","1.9140625"
"270","1.65625","1.65625","1.65625"
"280","2.046875","2.046875","2.046875"
"290","1.4453125","1.4453125","1.4453125"
"300","1.6640625","1.6640625","1.6640625"
"310","1.9296875","1.9296875","1.9296875"
"320","1.390625","1.390625","1.390625"
"330","1.640625","1.640625","1.640625"
"340","1.59375","1.59375","1.59375"
"350","1.65625","1.65625","1.65625"
"360","1.5546875","1.5546875","1.5546875"
"370","2.09375","2.09375","2.09375"
"380","1.71875","1.71875","1.71875"
"390","2.046875","2.046875","2.046875"
"400","1.5859375","1.5859375","1.5859375"
"410","1.859375","1.859375","1.859375"
"420","1.6484375","1.6484375","1.6484375"
"430","1.921875","1.921875","1.921875"
"440","1.2734375","1.2734375","1.2734375"
"450","1.671875","1.671875","1.671875"
"460","1.453125","1.453125","1.453125"
"470","1.640625","1.640625","1.640625"
"480","1.4609375","1.4609375","1.4609375"
"490","1.6953125","1.6953125","1.6953125"
"500","1.3984375","1.3984375","1.3984375"
"510","1.7421875","1.7421875","1.7421875"
"520","1.4453125","1.4453125","1.4453125"
"530","1.4609375","1.4609375","1.4609375"
"540","1.3125","1.3125","1.3125"
"550","1.2734375","1.2734375","1.2734375"
"560","1.2890625","1.2890625","1.2890625"
"570","1.5","1.5","1.5"
"580","1.6328125","1.6328125","1.6328125"
"590","1.8125","1.8125","1.8125"
"600","1.46875","1.46875","1.46875"
"610","1.2578125","1.2578125","1.2578125"
"620","1.515625","1.515625","1.515625"
"630","1.234375","1.234375","1.234375"
"640","1.3359375","1.3359375","1.3359375"
"650","1.7265625","1.7265625","1.7265625"
"660","1.2890625","1.2890625","1.2890625"
"670","1.40625","1.40625","1.40625"
"680","1.3046875","1.3046875","1.3046875"
"690","1.1328125","1.1328125","1.1328125"
"700","1.1875","1.1875","1.1875"
"710","1.328125","1.328125","1.328125"
"720","1.4140625","1.4140625","1.4140625"
"730","1.1953125","1.1953125","1.1953125"
"740","1.1328125","1.1328125","1.1328125"
"750","1.5234375","1.5234375","1.5234375"
"760","1.53125","1.53125","1.53125"
"770","1.3984375","1.3984375","1.3984375"
"780","1.640625","1.640625","1.640625"
"790","1.0703125","1.0703125","1.0703125"
"800","1.15625","1.15625","1.15625"
"810","1.15625","1.15625","1.15625"
"820","1.6484375","1.6484375","1.6484375"
"830","1.390625","1.390625","1.390625"
"840","1.4609375","1.4609375","1.4609375"
"850","1.3671875","1.3671875","1.3671875"
"860","1.0390625","1.0390625","1.0390625"
"870","1.078125","1.078125","1.078125"
"880","1.109375","1.109375","1.109375"
"890","1.2734375","1.2734375","1.2734375"
"900","1.28125","1.28125","1.28125"
"910","1.0859375","1.0859375","1.0859375"
"920","1.34375","1.34375","1.34375"
"930","1.4765625","1.4765625","1.4765625"
"940","1.1796875","1.1796875","1.1796875"
"950","1.4140625","1.4140625","1.4140625"
"960","1.25","1.25","1.25"
"970","1.2734375","1.2734375","1.2734375"
"980","1.0546875","1.0546875","1.0546875"
"990","1.3359375","1.3359375","1.3359375"
"1000","0.953125","0.953125","0.953125"
"1010","1.2265625","1.2265625","1.2265625"
"1020","1.34375","1.34375","1.34375"
"1030","1.0859375","1.0859375","1.0859375"
"1040","1.0390625","1.0390625","1.0390625"
"1050","1.28125","1.28125","1.28125"
"1060","1.0546875","1.0546875","1.0546875"
"1070","1.390625","1.390625","1.390625"
"1080","1.1484375","1.1484375","1.1484375"
"1090","0.98046875","0.98046875","0.98046875"
"1100","1.328125","1.328125","1.328125"
"1110","1.1484375","1.1484375","1.1484375"
"1120","1.21875","1.21875","1.21875"
"1130","1.6640625","1.6640625","1.6640625"
"1140","1.1015625","1.1015625","1.1015625"
"1150","1.859375","1.859375","1.859375"
"1160","1.9453125","1.9453125","1.9453125"
"1170","1.0625","1.0625","1.0625"
"1180","1.75","1.75","1.75"
"1190","1.1875","1.1875","1.1875"
"1200","2","2","2"
"1210","1.4765625","1.4765625","1.4765625"
"1220","1.828125","1.828125","1.828125"
"1230","0.94921875","0.94921875","0.94921875"
"1240","1.5625","1.5625","1.5625"
"1250","2.234375","2.234375","2.234375"
"1260","1.59375","1.59375","1.59375"
"1270","1.1953125","1.1953125","1.1953125"
"1280","1.578125","1.578125","1.578125"
"1290","1.84375","1.84375","1.84375"
"1300","1.2890625","1.2890625","1.2890625"
"1310","1.1484375","1.1484375","1.1484375"
"1320","1.40625","1.40625","1.40625"
"1330","1.0234375","1.0234375","1.0234375"
"1340","1.8125","1.8125","1.8125"
"1350","1.84375","1.84375","1.84375"
"1360","1.625","1.625","1.625"
"1370","1.0703125","1.0703125","1.0703125"
"1380","2.109375","2.109375","2.109375"
"1390","1.4765625","1.4765625","1.4765625"
"1400","2.34375","2.34375","2.34375"
"1410","1.265625","1.265625","1.265625"
"1420","2.0625","2.0625","2.0625"
"1430","2.359375","2.359375","2.359375"
"1440","1.90625","1.90625","1.90625"
"1450","2.140625","2.140625","2.140625"
"1460","2.625","2.625","2.625"
"1470","1.3359375","1.3359375","1.3359375"
"1480","1.0234375","1.0234375","1.0234375"
"1490","1.5703125","1.5703125","1.5703125"
"1500","1.265625","1.265625","1.265625"
"1510","2.46875","2.46875","2.46875"
"1520","1.5390625","1.5390625","1.5390625"
"1530","1.453125","1.453125","1.453125"
"1540","1.5859375","1.5859375","1.5859375"
"1550","2.34375","2.34375","2.34375"
"1560","1.40625","1.40625","1.40625"
"1570","1.1015625","1.1015625","1.1015625"
"1580","1.671875","1.671875","1.671875"
"1590","2.6875","2.6875","2.6875"
"1600","1.53125","1.53125","1.53125"
"1610","2.15625","2.15625","2.15625"
"1620","1.9921875","1.9921875","1.9921875"
"1630","2.34375","2.34375","2.34375"
"1640","2.046875","2.046875","2.046875"
"1650","1.9453125","1.9453125","1.9453125"
"1660","1.1953125","1.1953125","1.1953125"
"1670","1.65625","1.65625","1.65625"
"1680","2.921875","2.921875","2.921875"
"1690","1.71875","1.71875","1.71875"
"1700","2.4375","2.4375","2.4375"
"1710","1.75","1.75","1.75"
"1720","2.375","2.375","2.375"
"1730","1.8046875","1.8046875","1.8046875"
"1740","2.46875","2.46875","2.46875"
"1750","2.25","2.25","2.25"
"1760","2.59375","2.59375","2.59375"
"1770","1.4375","1.4375","1.4375"
"1780","1.90625","1.90625","1.90625"
"1790","1.296875","1.296875","1.296875"
"1800","2.484375","2.484375","2.484375"
"1810","1.65625","1.65625","1.65625"
"1820","1.765625","1.765625","1.765625"
"1830","1.5390625","1.5390625","1.5390625"
"1840","1.703125","1.703125","1.703125"
"1850","1.375","1.375","1.375"
"1860","1.296875","1.296875","1.296875"
"1870","2.453125","2.453125","2.453125"
"1880","2.296875","2.296875","2.296875"
"1890","1.828125","1.828125","1.828125"
"1900","1.1953125","1.1953125","1.1953125"
"1910","2.125","2.125","2.125"
"1920","2.734375","2.734375","2.734375"
"1930","2.953125","2.953125","2.953125"
"1940","1.75","1.75","1.75"
"1950","2","2","2"
"1960","2.609375","2.609375","2.609375"
"1970","1.84375","1.84375","1.84375"
"1980","2.421875","2.421875","2.421875"
"1990","1.5078125","1.5078125","1.5078125"
"2000","1.203125","1.203125","1.203125"
"2010","2.75","2.75","2.75"
"2020","1.1796875","1.1796875","1.1796875"
"2030","1.0703125","1.0703125","1.0703125"
"2040","1.296875","1.296875","1.296875"
"2050","2.390625","2.390625","2.390625"
"2060","1.8828125","1.8828125","1.8828125"
"2070","3.203125","3.203125","3.203125"
"2080","2.171875","2.171875","2.171875"
"2090","1.5078125","1.5078125","1.5078125"
"2100","1.9609375","1.9609375","1.9609375"
"2110","2.640625","2.640625","2.640625"
"2120","1.3515625","1.3515625","1.3515625"
"2130","2.859375","2.859375","2.859375"
"2140","2.953125","2.953125","2.953125"
"2150","1.8984375","1.8984375","1.8984375"
"2160","2.15625","2.15625","2.15625"
"2170","2.859375","2.859375","2.859375"
"2180","2.34375","2.34375","2.34375"
"2190","1.8984375","1.8984375","1.8984375"
"2200","2.28125","2.28125","2.28125"
"2210","3.203125","3.203125","3.203125"
"2220","2.546875","2.546875","2.546875"
"2230","1.21875","1.21875","1.21875"
"2240","2.984375","2.984375","2.984375"
"2250","1.71875","1.71875","1.71875"
"2260","1.8984375","1.8984375","1.8984375"
"2270","2.046875","2.046875","2.046875"
"2280","2.140625","2.140625","2.140625"
"2290","2.125","2.125","2.125"
"2300","2.78125","2.78125","2.78125"
"2310","3.140625","3.140625","3.140625"
"2320","2.234375","2.234375","2.234375"
"2330","2.71875","2.71875","2.71875"
"2340","2.109375","2.109375","2.109375"
"2350","2.84375","2.84375","2.84375"
"2360","1.953125","1.953125","1.953125"
"2370","1.96875","1.96875","1.96875"
"2380","1.7890625","1.7890625","1.7890625"
"2390","2.0625","2.0625","2.0625"
"2400","1.78125","1.78125","1.78125"
"2410","2.1875","2.1875","2.1875"
"2420","2.453125","2.453125","2.453125"
"2430","3.28125","3.28125","3.28125"
"2440","1.5234375","1.5234375","1.5234375"
"2450","2.34375","2.34375","2.34375"
"2460","2.984375","2.984375","2.984375"
"2470","2.921875","2.921875","2.921875"
"2480","2.890625","2.890625","2.890625"
"2490","3.421875","3.421875","3.421875"
"2500","3.40625","3.40625","3.40625"
"2510","1.6328125","1.6328125","1.6328125"
"2520","1.65625","1.65625","1.65625"
"2530","2.390625","2.390625","2.390625"
"2540","2.875","2.875","2.875"
"2550","2.21875","2.21875","2.21875"
"2560","1.9921875","1.9921875","1.9921875"
"2570","1.875","1.875","1.875"
"2580","2.53125","2.53125","2.53125"
"2590","3.21875","3.21875","3.21875"
"2600","2.3125","2.3125","2.3125"
"2610","2.71875","2.71875","2.71875"
"2620","3.234375","3.234375","3.234375"
"2630","2.5","2.5","2.5"
"2640","2.28125","2.28125","2.28125"
"2650","2.203125","2.203125","2.203125"
"2660","3.09375","3.09375","3.09375"
"2670","3.46875","3.46875","3.46875"
"2680","2.015625","2.015625","2.015625"
"2690","2.296875","2.296875","2.296875"
"2700","2.296875","2.296875","2.296875"
"2710","2.1875","2.1875","2.1875"
"2720","2.890625","2.890625","2.890625"
"2730","2.171875","2.171875","2.171875"
"2740","3.375","3.375","3.375"
"2750","2.9375","2.9375","2.9375"
"2760","2.5625","2.5625","2.5625"
"2770","1.921875","1.921875","1.921875"
"2780","2.40625","2.40625","2.40625"
"2790","3.0625","3.0625","3.0625"
"2800","2.09375","2.09375","2.09375"
"2810","2.234375","2.234375","2.234375"
"2820","2.984375","2.984375","2.984375"
"2830","3.265625","3.265625","3.265625"
"2840","2.03125","2.03125","2.03125"
"2850","3.375","3.375","3.375"
"2860","2.109375","2.109375","2.109375"
"2870","3.0625","3.0625","3.0625"
"2880","2.796875","2.796875","2.796875"
"2890","3.078125","3.078125","3.078125"
"2900","2.40625","2.40625","2.40625"
"2910","3.40625","3.40625","3.40625"
"2920","3.09375","3.09375","3.09375"
"2930","3.578125","3.578125","3.578125"
"2940","2.5","2.5","2.5"
"2950","2.28125","2.28125","2.28125"
"2960","3.578125","3.578125","3.578125"
"2970","3.21875","3.21875","3.21875"
"2980","2.40625","2.40625","2.40625"
"2990","3.3125","3.3125","3.3125"
"3000","2.234375","2.234375","2.234375"
"3010","1.9609375","1.9609375","1.9609375"
"3020","2.234375","2.234375","2.234375"
"3030","2.0625","2.0625","2.0625"
"3040","2.421875","2.421875","2.421875"
"3050","2","2","2"
"3060","2.359375","2.359375","2.359375"
"3070","2.296875","2.296875","2.296875"
"3080","3.109375","3.109375","3.109375"
"3090","2.921875","2.921875","2.921875"
"3100","2.265625","2.265625","2.265625"
"3110","2.3125","2.3125","2.3125"
"3120","2.328125","2.328125","2.328125"
"3130","2.890625","2.890625","2.890625"
"3140","2.359375","2.359375","2.359375"
"3150","2.25","2.25","2.25"
"3160","2.875","2.875","2.875"
"3170","3.015625","3.015625","3.015625"
"3180","2.375","2.375","2.375"
"3190","2.25","2.25","2.25"
"3200","2.515625","2.515625","2.515625"
"3210","2.375","2.375","2.375"
"3220","2.359375","2.359375","2.359375"
"3230","2.234375","2.234375","2.234375"
"3240","3.03125","3.03125","3.03125"
"3250","3.171875","3.171875","3.171875"
"3260","3.25","3.25","3.25"
"3270","3.015625","3.015625","3.015625"
"3280","2.359375","2.359375","2.359375"
"3290","3.296875","3.296875","3.296875"
"3300","2.953125","2.953125","2.953125"
"3310","2.953125","2.953125","2.953125"
"3320","2.84375","2.84375","2.84375"
"3330","2.015625","2.015625","2.015625"
"3340","2.28125","2.28125","2.28125"
"3350","2.96875","2.96875","2.96875"
"3360","2.953125","2.953125","2.953125"
"3370","2.25","2.25","2.25"
"3380","2.546875","2.546875","2.546875"
"3390","2.296875","2.296875","2.296875"
"3400","2.796875","2.796875","2.796875"
"3410","2.25","2.25","2.25"
"3420","2.921875","2.921875","2.921875"
"3430","3.5","3.5","3.5"
"3440","3.046875","3.046875","3.046875"
"3450","3.109375","3.109375","3.109375"
"3460","2.25","2.25","2.25"
"3470","3.046875","3.046875","3.046875"
"3480","3.015625","3.015625","3.015625"
"3490","2.78125","2.78125","2.78125"
"3500","2.921875","2.921875","2.921875"
"3510","2.453125","2.453125","2.453125"
"3520","2.34375","2.34375","2.34375"
"3530","2.75","2.75","2.75"
"3540","2.140625","2.140625","2.140625"
"3550","2.171875","2.171875","2.171875"
"3560","2.140625","2.140625","2.140625"
"3570","2.359375","2.359375","2.359375"
"3580","2.25","2.25","2.25"
"3590","2.953125","2.953125","2.953125"
"3600","2.234375","2.234375","2.234375"
"3610","2.921875","2.921875","2.921875"
"3620","2.3125","2.3125","2.3125"
"3630","2.34375","2.34375","2.34375"
"3640","2.171875","2.171875","2.171875"
"3650","2.109375","2.109375","2.109375"
"3660","2.296875","2.296875","2.296875"
"3670","2.171875","2.171875","2.171875"
"3680","2.125","2.125","2.125"
"3690","2.453125","2.453125","2.453125"
"3700","2.78125","2.78125","2.78125"
"3710","3.140625","3.140625","3.140625"
"3720","2.671875","2.671875","2.671875"
"3730","2.109375","2.109375","2.109375"
"3740","3.1875","3.1875","3.1875"
"3750","2.5625","2.5625","2.5625"
"3760","2.953125","2.953125","2.953125"
"3770","2.515625","2.515625","2.515625"
"3780","2.25","2.25","2.25"
"3790","2.21875","2.21875","2.21875"
"3800","2.203125","2.203125","2.203125"
"3810","2.359375","2.359375","2.359375"
"3820","2.859375","2.859375","2.859375"
"3830","2.359375","2.359375","2.359375"
"3840","2.9375","2.9375","2.9375"
"3850","2.375","2.375","2.375"
"3860","2.328125","2.328125","2.328125"
"3870","2.140625","2.140625","2.140625"
"3880","2.34375","2.34375","2.34375"
"3890","2.734375","2.734375","2.734375"
"3900","2.796875","2.796875","2.796875"
"3910","2.234375","2.234375","2.234375"
"3920","2.515625","2.515625","2.515625"
"3930","2.34375","2.34375","2.34375"
"3940","2.296875","2.296875","2.296875"
"3950","2.828125","2.828125","2.828125"
"3960","2.1875","2.1875","2.1875"
"3970","2.859375","2.859375","2.859375"
"3980","2.203125","2.203125","2.203125"
"3990","2.515625","2.515625","2.515625"
"4000","2.546875","2.546875","2.546875"
"4010","2.796875","2.796875","2.796875"
"4020","2.296875","2.296875","2.296875"
"4030","2.359375","2.359375","2.359375"
"4040","2.296875","2.296875","2.296875"
"4050","2.734375","2.734375","2.734375"
"4060","2.125","2.125","2.125"
"4070","2.96875","2.96875","2.96875"
"4080","2.15625","2.15625","2.15625"
"4090","2.71875","2.71875","2.71875"
"4100","2.25","2.25","2.25"
"4110","2.375","2.375","2.375"
"4120","2.140625","2.140625","2.140625"
"4130","2.203125","2.203125","2.203125"
"4140","2.1875","2.1875","2.1875"
"4150","2.4375","2.4375","2.4375"
"4160","2.34375","2.34375","2.34375"
"4170","2.671875","2.671875","2.671875"
"4180","2.84375","2.84375","2.84375"
"4190","2.1875","2.1875","2.1875"
"4200","2.21875","2.21875","2.21875"
"4210","2.359375","2.359375","2.359375"
"4220","2.3125","2.3125","2.3125"
"4230","2.171875","2.171875","2.171875"
"4240","2.203125","2.203125","2.203125"
"4250","2.71875","2.71875","2.71875"
"4260","2.640625","2.640625","2.640625"
"4270","2.515625","2.515625","2.515625"
"4280","2.71875","2.71875","2.71875"
"4290","2.328125","2.328125","2.328125"
"4300","2.328125","2.328125","2.328125"
"4310","2.453125","2.453125","2.453125"
"4320","2.15625","2.15625","2.15625"
"4330","2.25","2.25","2.25"
"4340","2.046875","2.046875","2.046875"
"4350","2.609375","2.609375","2.609375"
"4360","2.625","2.625","2.625"
"4370","2.59375","2.59375","2.59375"
"4380","2.453125","2.453125","2.453125"
"4390","2.234375","2.234375","2.234375"
"4400","2.328125","2.328125","2.328125"
"4410","2.609375","2.609375","2.609375"
"4420","10.1875","10.1875","10.1875"
"4430","6.03125","6.03125","6.03125"
"4440","3.53125","3.53125","3.53125"
"4450","3.203125","3.203125","3.203125"
"4460","2.953125","2.953125","2.953125"
"4470","2.453125","2.453125","2.453125"
"4480","3","3","3"
"4490","2.578125","2.578125","2.578125"
"4500","2.53125","2.53125","2.53125"
"4510","2.375","2.375","2.375"
"4520","2.5","2.5","2.5"
"4530","2.75","2.75","2.75"
"4540","2.53125","2.53125","2.53125"
"4550","2.28125","2.28125","2.28125"
"4560","2.234375","2.234375","2.234375"
"4570","2.46875","2.46875","2.46875"
"4580","2.625","2.625","2.625"
"4590","3.1875","3.1875","3.1875"
"4600","3.046875","3.046875","3.046875"
"4610","2.09375","2.09375","2.09375"
"4620","2.59375","2.59375","2.59375"
"4630","2.28125","2.28125","2.28125"
"4640","2.90625","2.90625","2.90625"
"4650","2.328125","2.328125","2.328125"
"4660","2.09375","2.09375","2.09375"
"4670","2.65625","2.65625","2.65625"
"4680","2.609375","2.609375","2.609375"
"4690","2.359375","2.359375","2.359375"
"4700","2.34375","2.34375","2.34375"
"4710","3.09375","3.09375","3.09375"
"4720","2.359375","2.359375","2.359375"
"4730","2.65625","2.65625","2.65625"
"4740","2.375","2.375","2.375"
"4750","2.140625","2.140625","2.140625"
"4760","2.46875","2.46875","2.46875"
"4770","2.359375","2.359375","2.359375"
"4780","2.71875","2.71875","2.71875"
"4790","2.109375","2.109375","2.109375"
"4800","2.375","2.375","2.375"
"4810","2.625","2.625","2.625"
"4820","2.390625","2.390625","2.390625"
"4830","2.546875","2.546875","2.546875"
"4840","2.4375","2.4375","2.4375"
"4850","3.578125","3.578125","3.578125"
"4860","2.96875","2.96875","2.96875"
"4870","3.15625","3.15625","3.15625"
"4880","2.421875","2.421875","2.421875"
"4890","2.671875","2.671875","2.671875"
"4900","2.71875","2.71875","2.71875"
"4910","2.71875","2.71875","2.71875"
"4920","3.109375","3.109375","3.109375"
"4930","2.65625","2.65625","2.65625"
"4940","2.3125","2.3125","2.3125"
"4950","2.6875","2.6875","2.6875"
"4960","2.9375","2.9375","2.9375"
"4970","2.375","2.375","2.375"
"4980","2.5625","2.5625","2.5625"
"4990","2.4375","2.4375","2.4375"
"5000","2.6875","2.6875","2.6875"
"5010","2.421875","2.421875","2.421875"
"5020","2.609375","2.609375","2.609375"
"5030","2.5","2.5","2.5"
"5040","2.328125","2.328125","2.328125"
"5050","2.390625","2.390625","2.390625"
"5060","2.296875","2.296875","2.296875"
"5070","2.28125","2.28125","2.28125"
"5080","2.515625","2.515625","2.515625"
"5090","2.796875","2.796875","2.796875"
"5100","3","3","3"
"5110","2.46875","2.46875","2.46875"
"5120","2.4375","2.4375","2.4375"
"5130","2.453125","2.453125","2.453125"
"5140","3.015625","3.015625","3.015625"
"5150","2.578125","2.578125","2.578125"
"5160","2.5625","2.5625","2.5625"
"5170","2.78125","2.78125","2.78125"
"5180","2.625","2.625","2.625"
"5190","2.046875","2.046875","2.046875"
"5200","2.53125","2.53125","2.53125"
"5210","3.09375","3.09375","3.09375"
"5220","2.71875","2.71875","2.71875"
"5230","2.265625","2.265625","2.265625"
"5240","2.234375","2.234375","2.234375"
"5250","2.34375","2.34375","2.34375"
"5260","2.609375","2.609375","2.609375"
"5270","2.359375","2.359375","2.359375"
"5280","2.5625","2.5625","2.5625"
"5290","2.40625","2.40625","2.40625"
"5300","2.265625","2.265625","2.265625"
"5310","2.578125","2.578125","2.578125"
"5320","2.421875","2.421875","2.421875"
"5330","2.71875","2.71875","2.71875"
"5340","2.25","2.25","2.25"
"5350","2.421875","2.421875","2.421875"
"5360","2.671875","2.671875","2.671875"
"5370","2.65625","2.65625","2.65625"
"5380","2.34375","2.34375","2.34375"
"5390","2.21875","2.21875","2.21875"
"5400","2.40625","2.40625","2.40625"
"5410","2.390625","2.390625","2.390625"
"5420","2.5","2.5","2.5"
"5430","3.03125","3.03125","3.03125"
"5440","2.5625","2.5625","2.5625"
"5450","2.46875","2.46875","2.46875"
"5460","2.8125","2.8125","2.8125"
"5470","2.375","2.375","2.375"
"5480","3.171875","3.171875","3.171875"
"5490","2.328125","2.328125","2.328125"
"5500","2.28125","2.28125","2.28125"
"5510","2.75","2.75","2.75"
"5520","2.125","2.125","2.125"
"5530","2.15625","2.15625","2.15625"
"5540","2.15625","2.15625","2.15625"
"5550","2.171875","2.171875","2.171875"
"5560","2.25","2.25","2.25"
"5570","2.453125","2.453125","2.453125"
"5580","2.046875","2.046875","2.046875"
"5590","2.53125","2.53125","2.53125"
"5600","2.53125","2.53125","2.53125"
"5610","2.015625","2.015625","2.015625"
"5620","2.53125","2.53125","2.53125"
"5630","2.15625","2.15625","2.15625"
"5640","2.640625","2.640625","2.640625"
"5650","2.40625","2.40625","2.40625"
"5660","2.46875","2.46875","2.46875"
"5670","2.390625","2.390625","2.390625"
"5680","2.3125","2.3125","2.3125"
"5690","2.46875","2.46875","2.46875"
"5700","2.3125","2.3125","2.3125"
"5710","2.59375","2.59375","2.59375"
"5720","2.328125","2.328125","2.328125"
"5730","2.171875","2.171875","2.171875"
"5740","2.4375","2.4375","2.4375"
"5750","2.046875","2.046875","2.046875"
"5760","2.203125","2.203125","2.203125"
"5770","2.15625","2.15625","2.15625"
"5780","2.53125","2.53125","2.53125"
"5790","1.9765625","1.9765625","1.9765625"
"5800","2.40625","2.40625","2.40625"
"5810","2.328125","2.328125","2.328125"
"5820","2.84375","2.84375","2.84375"
"5830","2.25","2.25","2.25"
"5840","2.71875","2.71875","2.71875"
"5850","2.875","2.875","2.875"
"5860","2.546875","2.546875","2.546875"
"5870","2.296875","2.296875","2.296875"
"5880","2.09375","2.09375","2.09375"
"5890","2.203125","2.203125","2.203125"
"5900","2.5625","2.5625","2.5625"
"5910","2.359375","2.359375","2.359375"
"5920","2.890625","2.890625","2.890625"
"5930","2.453125","2.453125","2.453125"
"5940","2.4375","2.4375","2.4375"
"5950","2.0625","2.0625","2.0625"
"5960","3.0625","3.0625","3.0625"
"5970","2.234375","2.234375","2.234375"
"5980","1.9765625","1.9765625","1.9765625"
"5990","2.28125","2.28125","2.28125"
"6000","2.75","2.75","2.75"
"6010","2.640625","2.640625","2.640625"
"6020","2.125","2.125","2.125"
"6030","2.296875","2.296875","2.296875"
"6040","2.640625","2.640625","2.640625"
"6050","2.578125","2.578125","2.578125"
"6060","3.015625","3.015625","3.015625"
"6070","2.484375","2.484375","2.484375"
"6080","2.53125","2.53125","2.53125"
"6090","2.0625","2.0625","2.0625"
"6100","2.375","2.375","2.375"
"6110","2.203125","2.203125","2.203125"
"6120","2.515625","2.515625","2.515625"
"6130","2.484375","2.484375","2.484375"
"6140","2.234375","2.234375","2.234375"
"6150","1.984375","1.984375","1.984375"
"6160","1.953125","1.953125","1.953125"
"6170","2.296875","2.296875","2.296875"
"6180","2.21875","2.21875","2.21875"
"6190","2.1875","2.1875","2.1875"
"6200","2.375","2.375","2.375"
"6210","2.4375","2.4375","2.4375"
"6220","2.5625","2.5625","2.5625"
"6230","2.203125","2.203125","2.203125"
"6240","2.390625","2.390625","2.390625"
"6250","2.1875","2.1875","2.1875"
"6260","2.140625","2.140625","2.140625"
"6270","2.203125","2.203125","2.203125"
"6280","2.140625","2.140625","2.140625"
"6290","2","2","2"
"6300","2.03125","2.03125","2.03125"
"6310","2.375","2.375","2.375"
"6320","2.421875","2.421875","2.421875"
"6330","2.28125","2.28125","2.28125"
"6340","2.328125","2.328125","2.328125"
"6350","2.21875","2.21875","2.21875"
"6360","1.8828125","1.8828125","1.8828125"
"6370","2.921875","2.921875","2.921875"
"6380","2.203125","2.203125","2.203125"
"6390","2.3125","2.3125","2.3125"
"6400","2.109375","2.109375","2.109375"
"6410","2.109375","2.109375","2.109375"
"6420","2.46875","2.46875","2.46875"
"6430","2.78125","2.78125","2.78125"
"6440","2.265625","2.265625","2.265625"
"6450","2.25","2.25","2.25"
"6460","2.375","2.375","2.375"
"6470","2.265625","2.265625","2.265625"
"6480","2.359375","2.359375","2.359375"
"6490","2.4375","2.4375","2.4375"
"6500","2.484375","2.484375","2.484375"
"6510","2.1875","2.1875","2.1875"
"6520","2.390625","2.390625","2.390625"
"6530","2.078125","2.078125","2.078125"
"6540","2.109375","2.109375","2.109375"
"6550","1.8828125","1.8828125","1.8828125"
"6560","2.03125","2.03125","2.03125"
"6570","2.53125","2.53125","2.53125"
"6580","2.25","2.25","2.25"
"6590","2.234375","2.234375","2.234375"
"6600","2.65625","2.65625","2.65625"
"6610","2.59375","2.59375","2.59375"
"6620","2.25","2.25","2.25"
"6630","2.765625","2.765625","2.765625"
"6640","2.359375","2.359375","2.359375"
"6650","2.21875","2.21875","2.21875"
"6660","2.34375","2.34375","2.34375"
"6670","1.984375","1.984375","1.984375"
"6680","2.203125","2.203125","2.203125"
"6690","2.171875","2.171875","2.171875"
"6700","2.171875","2.171875","2.171875"
"6710","2.328125","2.328125","2.328125"
"6720","2.28125","2.28125","2.28125"
"6730","2.078125","2.078125","2.078125"
"6740","2.203125","2.203125","2.203125"
"6750","2.375","2.375","2.375"
"6760","2.3125","2.3125","2.3125"
"6770","2.125","2.125","2.125"
"6780","2.78125","2.78125","2.78125"
"6790","2.109375","2.109375","2.109375"
"6800","2.125","2.125","2.125"
"6810","2.828125","2.828125","2.828125"
"6820","2.765625","2.765625","2.765625"
"6830","2.390625","2.390625","2.390625"
"6840","2.296875","2.296875","2.296875"
"6850","2.21875","2.21875","2.21875"
"6860","2.34375","2.34375","2.34375"
"6870","2.46875","2.46875","2.46875"
"6880","2.265625","2.265625","2.265625"
"6890","2.3125","2.3125","2.3125"
"6900","2.1875","2.1875","2.1875"
"6910","2.078125","2.078125","2.078125"
"6920","2.078125","2.078125","2.078125"
"6930","1.9375","1.9375","1.9375"
"6940","2.171875","2.171875","2.171875"
"6950","2.109375","2.109375","2.109375"
"6960","2.140625","2.140625","2.140625"
"6970","1.8984375","1.8984375","1.8984375"
"6980","2.28125","2.28125","2.28125"
"6990","2.359375","2.359375","2.359375"
"7000","2.078125","2.078125","2.078125"
"7010","2.078125","2.078125","2.078125"
"7020","2.25","2.25","2.25"
"7030","1.96875","1.96875","1.96875"
"7040","2.421875","2.421875","2.421875"
"7050","2.453125","2.453125","2.453125"
"7060","2.28125","2.28125","2.28125"
"7070","2.375","2.375","2.375"
"7080","2.1875","2.1875","2.1875"
"7090","2.125","2.125","2.125"
"7100","2.0625","2.0625","2.0625"
"7110","1.921875","1.921875","1.921875"
"7120","2.484375","2.484375","2.484375"
"7130","2.4375","2.4375","2.4375"
"7140","2.0625","2.0625","2.0625"
"7150","1.890625","1.890625","1.890625"
"7160","2.046875","2.046875","2.046875"
"7170","2.625","2.625","2.625"
"7180","2.328125","2.328125","2.328125"
"7190","2.9375","2.9375","2.9375"
"7200","2.890625","2.890625","2.890625"
"7210","2.8125","2.8125","2.8125"
"7220","3.125","3.125","3.125"
"7230","2.53125","2.53125","2.53125"
"7240","2.90625","2.90625","2.90625"
"7250","2.375","2.375","2.375"
"7260","2.46875","2.46875","2.46875"
"7270","2.015625","2.015625","2.015625"
"7280","2.1875","2.1875","2.1875"
"7290","2.671875","2.671875","2.671875"
"7300","2.421875","2.421875","2.421875"
"7310","2.359375","2.359375","2.359375"
"7320","1.9609375","1.9609375","1.9609375"
"7330","1.9609375","1.9609375","1.9609375"
"7340","2.375","2.375","2.375"
"7350","2.40625","2.40625","2.40625"
"7360","2.390625","2.390625","2.390625"
"7370","2.640625","2.640625","2.640625"
"7380","1.90625","1.90625","1.90625"
"7390","2.296875","2.296875","2.296875"
"7400","2.21875","2.21875","2.21875"
"7410","3.15625","3.15625","3.15625"
"7420","2.6875","2.6875","2.6875"
"7430","2.234375","2.234375","2.234375"
"7440","2.15625","2.15625","2.15625"
"7450","1.9375","1.9375","1.9375"
"7460","2.5625","2.5625","2.5625"
"7470","2.703125","2.703125","2.703125"
"7480","2.125","2.125","2.125"
"7490","1.9921875","1.9921875","1.9921875"
"7500","1.921875","1.921875","1.921875"
"7510","3.4375","3.4375","3.4375"
"7520","2.03125","2.03125","2.03125"
"7530","2.3125","2.3125","2.3125"
"7540","2.15625","2.15625","2.15625"
"7550","2.015625","2.015625","2.015625"
"7560","2.28125","2.28125","2.28125"
"7570","2.3125","2.3125","2.3125"
"7580","2.21875","2.21875","2.21875"
"7590","2.25","2.25","2.25"
"7600","2.34375","2.34375","2.34375"
"7610","2.265625","2.265625","2.265625"
"7620","2.453125","2.453125","2.453125"
"7630","2.265625","2.265625","2.265625"
"7640","1.9921875","1.9921875","1.9921875"
"7650","2.296875","2.296875","2.296875"
"7660","2.171875","2.171875","2.171875"
"7670","2.53125","2.53125","2.53125"
"7680","2.40625","2.40625","2.40625"
"7690","2.46875","2.46875","2.46875"
"7700","2.34375","2.34375","2.34375"
"7710","2.78125","2.78125","2.78125"
"7720","2.203125","2.203125","2.203125"
"7730","2.203125","2.203125","2.203125"
"7740","2.484375","2.484375","2.484375"
"7750","2.359375","2.359375","2.359375"
"7760","2.328125","2.328125","2.328125"
"7770","2.078125","2.078125","2.078125"
"7780","2.09375","2.09375","2.09375"
"7790","2.140625","2.140625","2.140625"
"7800","2.359375","2.359375","2.359375"
"7810","2.203125","2.203125","2.203125"
"7820","2.984375","2.984375","2.984375"
"7830","2.328125","2.328125","2.328125"
"7840","2.296875","2.296875","2.296875"
"7850","2.296875","2.296875","2.296875"
"7860","2.390625","2.390625","2.390625"
"7870","2.21875","2.21875","2.21875"
"7880","2.359375","2.359375","2.359375"
"7890","2.171875","2.171875","2.171875"
"7900","2.109375","2.109375","2.109375"
"7910","1.8984375","1.8984375","1.8984375"
"7920","2.015625","2.015625","2.015625"
"7930","2.359375","2.359375","2.359375"
"7940","2.078125","2.078125","2.078125"
"7950","2.203125","2.203125","2.203125"
"7960","2.265625","2.265625","2.265625"
"7970","2","2","2"
"7980","1.984375","1.984375","1.984375"
"7990","2.015625","2.015625","2.015625"
"8000","1.9765625","1.9765625","1.9765625"
"8010","2.296875","2.296875","2.296875"
"8020","2.140625","2.140625","2.140625"
"8030","2","2","2"
"8040","2.1875","2.1875","2.1875"
"8050","2.015625","2.015625","2.015625"
"8060","2.40625","2.40625","2.40625"
"8070","2.28125","2.28125","2.28125"
"8080","2.4375","2.4375","2.4375"
"8090","2.15625","2.15625","2.15625"
"8100","2.078125","2.078125","2.078125"
"8110","1.8203125","1.8203125","1.8203125"
"8120","1.890625","1.890625","1.890625"
"8130","2.09375","2.09375","2.09375"
"8140","2.03125","2.03125","2.03125"
"8150","2.25","2.25","2.25"
"8160","2.125","2.125","2.125"
"8170","2.578125","2.578125","2.578125"
"8180","2.328125","2.328125","2.328125"
"8190","2.21875","2.21875","2.21875"
"8200","2.34375","2.34375","2.34375"
"8210","2.125","2.125","2.125"
"8220","1.890625","1.890625","1.890625"
"8230","2.140625","2.140625","2.140625"
"8240","2.21875","2.21875","2.21875"
"8250","2.0625","2.0625","2.0625"
"8260","2.21875","2.21875","2.21875"
"8270","2.28125","2.28125","2.28125"
"8280","2","2","2"
"8290","2.1875","2.1875","2.1875"
"8300","2.078125","2.078125","2.078125"
"8310","2.21875","2.21875","2.21875"
"8320","2.15625","2.15625","2.15625"
"8330","2.46875","2.46875","2.46875"
"8340","2.40625","2.40625","2.40625"
"8350","1.9140625","1.9140625","1.9140625"
"8360","2.046875","2.046875","2.046875"
"8370","2.890625","2.890625","2.890625"
"8380","2.234375","2.234375","2.234375"
"8390","2.171875","2.171875","2.171875"
"8400","2","2","2"
"8410","2.171875","2.171875","2.171875"
"8420","2.34375","2.34375","2.34375"
"8430","1.875","1.875","1.875"
"8440","2.109375","2.109375","2.109375"
"8450","2.15625","2.15625","2.15625"
"8460","2.015625","2.015625","2.015625"
"8470","1.7734375","1.7734375","1.7734375"
"8480","1.9609375","1.9609375","1.9609375"
"8490","2.109375","2.109375","2.109375"
"8500","2.109375","2.109375","2.109375"
"8510","2.1875","2.1875","2.1875"
"8520","2.296875","2.296875","2.296875"
"8530","2.109375","2.109375","2.109375"
"8540","1.9765625","1.9765625","1.9765625"
"8550","2.28125","2.28125","2.28125"
"8560","2.375","2.375","2.375"
"8570","2.375","2.375","2.375"
"8580","2.21875","2.21875","2.21875"
"8590","2.1875","2.1875","2.1875"
"8600","2.015625","2.015625","2.015625"
"8610","2.25","2.25","2.25"
"8620","2.5625","2.5625","2.5625"
"8630","2.09375","2.09375","2.09375"
"8640","1.890625","1.890625","1.890625"
"8650","2.46875","2.46875","2.46875"
"8660","2.203125","2.203125","2.203125"
"8670","1.828125","1.828125","1.828125"
"8680","2.28125","2.28125","2.28125"
"8690","1.921875","1.921875","1.921875"
"8700","1.8828125","1.8828125","1.8828125"
"8710","2.125","2.125","2.125"
"8720","2.5","2.5","2.5"
"8730","2.78125","2.78125","2.78125"
"8740","1.9765625","1.9765625","1.9765625"
"8750","2.015625","2.015625","2.015625"
"8760","2.21875","2.21875","2.21875"
"8770","1.9921875","1.9921875","1.9921875"
"8780","1.8984375","1.8984375","1.8984375"
"8790","2","2","2"
"8800","2.71875","2.71875","2.71875"
"8810","2.71875","2.71875","2.71875"
"8820","2.21875","2.21875","2.21875"
"8830","2.09375","2.09375","2.09375"
"8840","2.28125","2.28125","2.28125"
"8850","2.203125","2.203125","2.203125"
"8860","1.953125","1.953125","1.953125"
"8870","2.078125","2.078125","2.078125"
"8880","2.078125","2.078125","2.078125"
"8890","2.171875","2.171875","2.171875"
"8900","1.9296875","1.9296875","1.9296875"
"8910","1.8671875","1.8671875","1.8671875"
"8920","1.9609375","1.9609375","1.9609375"
"8930","2","2","2"
"8940","1.9453125","1.9453125","1.9453125"
"8950","1.8828125","1.8828125","1.8828125"
"8960","2.4375","2.4375","2.4375"
"8970","2.0625","2.0625","2.0625"
"8980","2.5625","2.5625","2.5625"
"8990","1.96875","1.96875","1.96875"
"9000","2.1875","2.1875","2.1875"
"9010","2.90625","2.90625","2.90625"
"9020","2.765625","2.765625","2.765625"
"9030","2.453125","2.453125","2.453125"
"9040","2.171875","2.171875","2.171875"
"9050","2.046875","2.046875","2.046875"
"9060","2","2","2"
"9070","2.09375","2.09375","2.09375"
"9080","2.03125","2.03125","2.03125"
"9090","1.8515625","1.8515625","1.8515625"
"9100","2.15625","2.15625","2.15625"
"9110","2.5625","2.5625","2.5625"
"9120","2.3125","2.3125","2.3125"
"9130","2.25","2.25","2.25"
"9140","2.265625","2.265625","2.265625"
"9150","2.515625","2.515625","2.515625"
"9160","2.1875","2.1875","2.1875"
"9170","1.9296875","1.9296875","1.9296875"
"9180","2.171875","2.171875","2.171875"
"9190","2.015625","2.015625","2.015625"
"9200","2.0625","2.0625","2.0625"
"9210","2.203125","2.203125","2.203125"
"9220","1.9453125","1.9453125","1.9453125"
"9230","1.8984375","1.8984375","1.8984375"
"9240","2.140625","2.140625","2.140625"
"9250","2.375","2.375","2.375"
"9260","2.25","2.25","2.25"
"9270","2","2","2"
"9280","2.125","2.125","2.125"
"9290","2.21875","2.21875","2.21875"
"9300","2.265625","2.265625","2.265625"
"9310","2.15625","2.15625","2.15625"
"9320","1.859375","1.859375","1.859375"
"9330","2.0625","2.0625","2.0625"
"9340","2.21875","2.21875","2.21875"
"9350","2.625","2.625","2.625"
"9360","2.203125","2.203125","2.203125"
"9370","1.9921875","1.9921875","1.9921875"
"9380","1.9296875","1.9296875","1.9296875"
"9390","2.1875","2.1875","2.1875"
"9400","1.8984375","1.8984375","1.8984375"
"9410","2.34375","2.34375","2.34375"
"9420","1.8828125","1.8828125","1.8828125"
"9430","2.171875","2.171875","2.171875"
"9440","2.203125","2.203125","2.203125"
"9450","2.453125","2.453125","2.453125"
"9460","2.171875","2.171875","2.171875"
"9470","2.125","2.125","2.125"
"9480","2.390625","2.390625","2.390625"
"9490","2.109375","2.109375","2.109375"
"9500","3.046875","3.046875","3.046875"
"9510","1.953125","1.953125","1.953125"
"9520","1.984375","1.984375","1.984375"
"9530","1.9296875","1.9296875","1.9296875"
"9540","1.9609375","1.9609375","1.9609375"
"9550","2.015625","2.015625","2.015625"
"9560","2.3125","2.3125","2.3125"
"9570","2.53125","2.53125","2.53125"
"9580","2","2","2"
"9590","2.328125","2.328125","2.328125"
"9600","1.9296875","1.9296875","1.9296875"
"9610","1.984375","1.984375","1.984375"
"9620","1.8203125","1.8203125","1.8203125"
"9630","2.0625","2.0625","2.0625"
"9640","1.84375","1.84375","1.84375"
"9650","2.375","2.375","2.375"
"9660","2.109375","2.109375","2.109375"
"9670","2.34375","2.34375","2.34375"
"9680","2.203125","2.203125","2.203125"
"9690","2.3125","2.3125","2.3125"
"9700","2.9375","2.9375","2.9375"
"9710","2.203125","2.203125","2.203125"
"9720","2.203125","2.203125","2.203125"
"9730","2.28125","2.28125","2.28125"
"9740","2.09375","2.09375","2.09375"
"9750","2.21875","2.21875","2.21875"
"9760","1.8671875","1.8671875","1.8671875"
"9770","1.875","1.875","1.875"
"9780","2.15625","2.15625","2.15625"
"9790","2.78125","2.78125","2.78125"
"9800","2.390625","2.390625","2.390625"
"9810","1.8828125","1.8828125","1.8828125"
"9820","2.140625","2.140625","2.140625"
"9830","2.078125","2.078125","2.078125"
"9840","2.703125","2.703125","2.703125"
"9850","2.171875","2.171875","2.171875"
"9860","2.3125","2.3125","2.3125"
"9870","1.8046875","1.8046875","1.8046875"
"9880","2.21875","2.21875","2.21875"
"9890","2.515625","2.515625","2.515625"
"9900","2","2","2"
"9910","1.9609375","1.9609375","1.9609375"
"9920","2.203125","2.203125","2.203125"
"9930","2.125","2.125","2.125"
"9940","3","3","3"
"9950","1.8515625","1.8515625","1.8515625"
"9960","2.28125","2.28125","2.28125"
"9970","1.8359375","1.8359375","1.8359375"
"9980","2.328125","2.328125","2.328125"
"9990","2.03125","2.03125","2.03125"
"10000","1.9375","1.9375","1.9375"
"10010","1.9296875","1.9296875","1.9296875"
"10020","2.046875","2.046875","2.046875"
"10030","2.21875","2.21875","2.21875"
"10040","2.046875","2.046875","2.046875"
"10050","2.34375","2.34375","2.34375"
"10060","1.8046875","1.8046875","1.8046875"
"10070","1.8203125","1.8203125","1.8203125"
"10080","2.359375","2.359375","2.359375"
"10090","2.0625","2.0625","2.0625"
"10100","1.7890625","1.7890625","1.7890625"
"10110","1.9765625","1.9765625","1.9765625"
"10120","2.1875","2.1875","2.1875"
"10130","2.015625","2.015625","2.015625"
"10140","2.28125","2.28125","2.28125"
"10150","2.203125","2.203125","2.203125"
"10160","2.046875","2.046875","2.046875"
"10170","1.875","1.875","1.875"
"10180","1.828125","1.828125","1.828125"
"10190","2","2","2"
"10200","2.078125","2.078125","2.078125"
"10210","1.96875","1.96875","1.96875"
"10220","2.078125","2.078125","2.078125"
"10230","1.6796875","1.6796875","1.6796875"
"10240","2.0625","2.0625","2.0625"
"10250","2","2","2"
"10260","1.890625","1.890625","1.890625"
"10270","1.9453125","1.9453125","1.9453125"
"10280","2.4375","2.4375","2.4375"
"10290","2.09375","2.09375","2.09375"
"10300","2.171875","2.171875","2.171875"
"10310","2.140625","2.140625","2.140625"
"10320","2.5","2.5","2.5"
"10330","2.9375","2.9375","2.9375"
"10340","2.65625","2.65625","2.65625"
"10350","2.65625","2.65625","2.65625"
"10360","2.25","2.25","2.25"
"10370","2.0625","2.0625","2.0625"
"10380","2.0625","2.0625","2.0625"
"10390","2.171875","2.171875","2.171875"
"10400","2.109375","2.109375","2.109375"
"10410","2.21875","2.21875","2.21875"
"10420","2.265625","2.265625","2.265625"
"10430","2.046875","2.046875","2.046875"
"10440","2.265625","2.265625","2.265625"
"10450","2.34375","2.34375","2.34375"
"10460","2.4375","2.4375","2.4375"
"10470","2.703125","2.703125","2.703125"
"10480","2.03125","2.03125","2.03125"
"10490","2.3125","2.3125","2.3125"
"10500","2.21875","2.21875","2.21875"
"10510","2.171875","2.171875","2.171875"
"10520","2.15625","2.15625","2.15625"
"10530","2.28125","2.28125","2.28125"
"10540","2.15625","2.15625","2.15625"
"10550","1.875","1.875","1.875"
"10560","1.9609375","1.9609375","1.9609375"
"10570","2.15625","2.15625","2.15625"
"10580","2.328125","2.328125","2.328125"
"10590","2.296875","2.296875","2.296875"
"10600","2.5625","2.5625","2.5625"
"10610","2.125","2.125","2.125"
"10620","2.09375","2.09375","2.09375"
"10630","2.953125","2.953125","2.953125"
"10640","2.265625","2.265625","2.265625"
"10650","1.921875","1.921875","1.921875"
"10660","1.9921875","1.9921875","1.9921875"
"10670","2.046875","2.046875","2.046875"
"10680","1.9765625","1.9765625","1.9765625"
"10690","2.203125","2.203125","2.203125"
"10700","2.21875","2.21875","2.21875"
"10710","2.703125","2.703125","2.703125"
"10720","1.8203125","1.8203125","1.8203125"
"10730","2.578125","2.578125","2.578125"
"10740","2.234375","2.234375","2.234375"
"10750","2.34375","2.34375","2.34375"
"10760","1.96875","1.96875","1.96875"
"10770","2.375","2.375","2.375"
"10780","2.421875","2.421875","2.421875"
"10790","1.96875","1.96875","1.96875"
"10800","2.65625","2.65625","2.65625"
"10810","2.078125","2.078125","2.078125"
"10820","1.984375","1.984375","1.984375"
"10830","1.953125","1.953125","1.953125"
"10840","2.078125","2.078125","2.078125"
"10850","2.453125","2.453125","2.453125"
"10860","2.578125","2.578125","2.578125"
"10870","2.15625","2.15625","2.15625"
"10880","1.7265625","1.7265625","1.7265625"
"10890","1.765625","1.765625","1.765625"
"10900","2.21875","2.21875","2.21875"
"10910","2.15625","2.15625","2.15625"
"10920","2.125","2.125","2.125"
"10930","2.1875","2.1875","2.1875"
"10940","2.53125","2.53125","2.53125"
"10950","2.203125","2.203125","2.203125"
"10960","1.8984375","1.8984375","1.8984375"
"10970","2.171875","2.171875","2.171875"
"10980","2.046875","2.046875","2.046875"
"10990","2.765625","2.765625","2.765625"
"11000","2.4375","2.4375","2.4375"
"11010","2.265625","2.265625","2.265625"
"11020","2.328125","2.328125","2.328125"
"11030","2.125","2.125","2.125"
"11040","2.109375","2.109375","2.109375"
"11050","2.4375","2.4375","2.4375"
"11060","1.984375","1.984375","1.984375"
"11070","2.40625","2.40625","2.40625"
"11080","2.421875","2.421875","2.421875"
"11090","2.421875","2.421875","2.421875"
"11100","2.09375","2.09375","2.09375"
"11110","2.71875","2.71875","2.71875"
"11120","1.890625","1.890625","1.890625"
"11130","1.9453125","1.9453125","1.9453125"
"11140","2.109375","2.109375","2.109375"
"11150","2.3125","2.3125","2.3125"
"11160","2.28125","2.28125","2.28125"
"11170","3.609375","3.609375","3.609375"
"11180","2.25","2.25","2.25"
"11190","2.140625","2.140625","2.140625"
"11200","1.9921875","1.9921875","1.9921875"
"11210","1.9921875","1.9921875","1.9921875"
"11220","1.9921875","1.9921875","1.9921875"
"11230","2.09375","2.09375","2.09375"
"11240","1.984375","1.984375","1.984375"
"11250","2","2","2"
"11260","2.859375","2.859375","2.859375"
"11270","2.1875","2.1875","2.1875"
"11280","1.890625","1.890625","1.890625"
"11290","1.8828125","1.8828125","1.8828125"
"11300","1.8359375","1.8359375","1.8359375"
"11310","2.109375","2.109375","2.109375"
"11320","1.875","1.875","1.875"
"11330","1.9921875","1.9921875","1.9921875"
"11340","2.0625","2.0625","2.0625"
"11350","2.359375","2.359375","2.359375"
"11360","1.9453125","1.9453125","1.9453125"
"11370","2.4375","2.4375","2.4375"
"11380","2.484375","2.484375","2.484375"
"11390","2.203125","2.203125","2.203125"
"11400","2.203125","2.203125","2.203125"
"11410","2.453125","2.453125","2.453125"
"11420","1.8828125","1.8828125","1.8828125"
"11430","2.125","2.125","2.125"
"11440","2.265625","2.265625","2.265625"
"11450","1.9453125","1.9453125","1.9453125"
"11460","2","2","2"
"11470","2.015625","2.015625","2.015625"
"11480","2.03125","2.03125","2.03125"
"11490","2.171875","2.171875","2.171875"
"11500","2.890625","2.890625","2.890625"
"11510","2.65625","2.65625","2.65625"
"11520","2.328125","2.328125","2.328125"
"11530","2.390625","2.390625","2.390625"
"11540","1.9765625","1.9765625","1.9765625"
"11550","2.234375","2.234375","2.234375"
"11560","1.8359375","1.8359375","1.8359375"
"11570","2.28125","2.28125","2.28125"
"11580","1.9140625","1.9140625","1.9140625"
"11590","2.4375","2.4375","2.4375"
"11600","1.953125","1.953125","1.953125"
"11610","2.25","2.25","2.25"
"11620","1.9375","1.9375","1.9375"
"11630","2.15625","2.15625","2.15625"
"11640","2.1875","2.1875","2.1875"
"11650","2.390625","2.390625","2.390625"
"11660","2.09375","2.09375","2.09375"
"11670","2.03125","2.03125","2.03125"
"11680","2.171875","2.171875","2.171875"
"11690","2.375","2.375","2.375"
"11700","1.9140625","1.9140625","1.9140625"
"11710","2.109375","2.109375","2.109375"
"11720","1.65625","1.65625","1.65625"
"11730","2.453125","2.453125","2.453125"
"11740","1.78125","1.78125","1.78125"
"11750","2.03125","2.03125","2.03125"
"11760","2.140625","2.140625","2.140625"
"11770","2.40625","2.40625","2.40625"
"11780","1.8984375","1.8984375","1.8984375"
"11790","2.078125","2.078125","2.078125"
"11800","1.953125","1.953125","1.953125"
"11810","2.40625","2.40625","2.40625"
"11820","2.140625","2.140625","2.140625"
"11830","1.9765625","1.9765625","1.9765625"
"11840","1.9296875","1.9296875","1.9296875"
"11850","2.21875","2.21875","2.21875"
"11860","1.9921875","1.9921875","1.9921875"
"11870","1.890625","1.890625","1.890625"
"11880","2.046875","2.046875","2.046875"
"11890","1.875","1.875","1.875"
"11900","2","2","2"
"11910","2.046875","2.046875","2.046875"
"11920","2.75","2.75","2.75"
"11930","2.09375","2.09375","2.09375"
"11940","2.234375","2.234375","2.234375"
"11950","1.9140625","1.9140625","1.9140625"
"11960","2.453125","2.453125","2.453125"
"11970","1.796875","1.796875","1.796875"
"11980","2.6875","2.6875","2.6875"
"11990","1.796875","1.796875","1.796875"
"12000","2.234375","2.234375","2.234375"
"12010","2.15625","2.15625","2.15625"
"12020","2.296875","2.296875","2.296875"
"12030","1.8359375","1.8359375","1.8359375"
"12040","3.6875","3.6875","3.6875"
"12050","2.484375","2.484375","2.484375"
"12060","2.03125","2.03125","2.03125"
"12070","2.0625","2.0625","2.0625"
"12080","2.28125","2.28125","2.28125"
"12090","2.34375","2.34375","2.34375"
"12100","1.9609375","1.9609375","1.9609375"
"12110","2.0625","2.0625","2.0625"
"12120","2.140625","2.140625","2.140625"
"12130","1.90625","1.90625","1.90625"
"12140","1.9609375","1.9609375","1.9609375"
"12150","2","2","2"
"12160","2.28125","2.28125","2.28125"
"12170","2.359375","2.359375","2.359375"
"12180","2.234375","2.234375","2.234375"
"12190","2.015625","2.015625","2.015625"
"12200","2.0625","2.0625","2.0625"
"12210","2.171875","2.171875","2.171875"
"12220","1.921875","1.921875","1.921875"
"12230","2.0625","2.0625","2.0625"
"12240","1.8671875","1.8671875","1.8671875"
"12250","2.40625","2.40625","2.40625"
"12260","2.359375","2.359375","2.359375"
"12270","2","2","2"
"12280","2.15625","2.15625","2.15625"
"12290","2.359375","2.359375","2.359375"
"12300","2.359375","2.359375","2.359375"
"12310","1.7578125","1.7578125","1.7578125"
"12320","1.828125","1.828125","1.828125"
"12330","1.7890625","1.7890625","1.7890625"
"12340","2.203125","2.203125","2.203125"
"12350","1.859375","1.859375","1.859375"
"12360","2.03125","2.03125","2.03125"
"12370","1.921875","1.921875","1.921875"
"12380","2.265625","2.265625","2.265625"
"12390","1.953125","1.953125","1.953125"
"12400","2.125","2.125","2.125"
"12410","2.0625","2.0625","2.0625"
"12420","1.8359375","1.8359375","1.8359375"
"12430","1.9296875","1.9296875","1.9296875"
"12440","2.859375","2.859375","2.859375"
"12450","2.234375","2.234375","2.234375"
"12460","2.453125","2.453125","2.453125"
"12470","2.0625","2.0625","2.0625"
"12480","1.765625","1.765625","1.765625"
"12490","2.515625","2.515625","2.515625"
"12500","1.84375","1.84375","1.84375"
"12510","2.4375","2.4375","2.4375"
"12520","2.078125","2.078125","2.078125"
"12530","2.234375","2.234375","2.234375"
"12540","2.109375","2.109375","2.109375"
"12550","1.8359375","1.8359375","1.8359375"
"12560","1.9375","1.9375","1.9375"
"12570","2.015625","2.015625","2.015625"
"12580","1.90625","1.90625","1.90625"
"12590","1.984375","1.984375","1.984375"
"12600","2.046875","2.046875","2.046875"
"12610","3.171875","3.171875","3.171875"
"12620","1.9140625","1.9140625","1.9140625"
"12630","2.140625","2.140625","2.140625"
"12640","2.203125","2.203125","2.203125"
"12650","2.125","2.125","2.125"
"12660","2.140625","2.140625","2.140625"
"12670","1.8984375","1.8984375","1.8984375"
"12680","1.75","1.75","1.75"
"12690","2.03125","2.03125","2.03125"
"12700","2.203125","2.203125","2.203125"
"12710","1.8828125","1.8828125","1.8828125"
"12720","2","2","2"
"12730","1.84375","1.84375","1.84375"
"12740","2.015625","2.015625","2.015625"
"12750","2.125","2.125","2.125"
"12760","2.015625","2.015625","2.015625"
"12770","2.078125","2.078125","2.078125"
"12780","2.21875","2.21875","2.21875"
"12790","2.140625","2.140625","2.140625"
"12800","2.140625","2.140625","2.140625"
"12810","2.34375","2.34375","2.34375"
"12820","1.890625","1.890625","1.890625"
"12830","2.15625","2.15625","2.15625"
"12840","2.078125","2.078125","2.078125"
"12850","2.15625","2.15625","2.15625"
"12860","2.84375","2.84375","2.84375"
"12870","2.046875","2.046875","2.046875"
"12880","1.890625","1.890625","1.890625"
"12890","2.046875","2.046875","2.046875"
"12900","2.140625","2.140625","2.140625"
"12910","1.7265625","1.7265625","1.7265625"
"12920","2.015625","2.015625","2.015625"
"12930","1.9140625","1.9140625","1.9140625"
"12940","2.203125","2.203125","2.203125"
"12950","2.140625","2.140625","2.140625"
"12960","2.09375","2.09375","2.09375"
"12970","1.8671875","1.8671875","1.8671875"
"12980","2.140625","2.140625","2.140625"
"12990","2.171875","2.171875","2.171875"
"13000","2.109375","2.109375","2.109375"
"13010","1.8984375","1.8984375","1.8984375"
"13020","1.8828125","1.8828125","1.8828125"
"13030","2.046875","2.046875","2.046875"
"13040","2.421875","2.421875","2.421875"
"13050","2.28125","2.28125","2.28125"
"13060","1.8671875","1.8671875","1.8671875"
"13070","2.453125","2.453125","2.453125"
"13080","2.109375","2.109375","2.109375"
"13090","2","2","2"
"13100","1.8125","1.8125","1.8125"
"13110","2.015625","2.015625","2.015625"
"13120","2.65625","2.65625","2.65625"
"13130","1.90625","1.90625","1.90625"
"13140","1.71875","1.71875","1.71875"
"13150","2.40625","2.40625","2.40625"
"13160","2.34375","2.34375","2.34375"
"13170","1.75","1.75","1.75"
"13180","1.8203125","1.8203125","1.8203125"
"13190","2.078125","2.078125","2.078125"
"13200","1.8359375","1.8359375","1.8359375"
"13210","1.6015625","1.6015625","1.6015625"
"13220","1.796875","1.796875","1.796875"
"13230","2.5","2.5","2.5"
"13240","2.609375","2.609375","2.609375"
"13250","2.0625","2.0625","2.0625"
"13260","2.546875","2.546875","2.546875"
"13270","1.9140625","1.9140625","1.9140625"
"13280","2.09375","2.09375","2.09375"
"13290","2.03125","2.03125","2.03125"
"13300","2","2","2"
"13310","2.578125","2.578125","2.578125"
"13320","2.015625","2.015625","2.015625"
"13330","1.9375","1.9375","1.9375"
"13340","2.1875","2.1875","2.1875"
"13350","1.9140625","1.9140625","1.9140625"
"13360","1.8671875","1.8671875","1.8671875"
"13370","1.8828125","1.8828125","1.8828125"
"13380","1.8125","1.8125","1.8125"
"13390","2.40625","2.40625","2.40625"
"13400","2.078125","2.078125","2.078125"
"13410","2.25","2.25","2.25"
"13420","2.078125","2.078125","2.078125"
"13430","2","2","2"
"13440","2.546875","2.546875","2.546875"
"13450","1.7734375","1.7734375","1.7734375"
"13460","1.9453125","1.9453125","1.9453125"
"13470","2.03125","2.03125","2.03125"
"13480","1.9375","1.9375","1.9375"
"13490","2.234375","2.234375","2.234375"
"13500","2.03125","2.03125","2.03125"
"13510","2","2","2"
"13520","1.84375","1.84375","1.84375"
"13530","1.6796875","1.6796875","1.6796875"
"13540","2.171875","2.171875","2.171875"
"13550","2.578125","2.578125","2.578125"
"13560","1.7578125","1.7578125","1.7578125"
"13570","2.125","2.125","2.125"
"13580","2.0625","2.0625","2.0625"
"13590","1.9140625","1.9140625","1.9140625"
"13600","1.8203125","1.8203125","1.8203125"
"13610","1.9609375","1.9609375","1.9609375"
"13620","2.375","2.375","2.375"
"13630","1.796875","1.796875","1.796875"
"13640","2.078125","2.078125","2.078125"
"13650","1.9375","1.9375","1.9375"
"13660","2.234375","2.234375","2.234375"
"13670","2.59375","2.59375","2.59375"
"13680","2.09375","2.09375","2.09375"
"13690","2.046875","2.046875","2.046875"
"13700","1.984375","1.984375","1.984375"
"13710","2","2","2"
"13720","2.3125","2.3125","2.3125"
"13730","1.90625","1.90625","1.90625"
"13740","2.03125","2.03125","2.03125"
"13750","1.8671875","1.8671875","1.8671875"
"13760","1.984375","1.984375","1.984375"
"13770","2.296875","2.296875","2.296875"
"13780","1.9765625","1.9765625","1.9765625"
"13790","1.9453125","1.9453125","1.9453125"
"13800","2.21875","2.21875","2.21875"
"13810","2.53125","2.53125","2.53125"
"13820","1.921875","1.921875","1.921875"
"13830","2.15625","2.15625","2.15625"
"13840","2.390625","2.390625","2.390625"
"13850","2.890625","2.890625","2.890625"
"13860","2.8125","2.8125","2.8125"
"13870","2.453125","2.453125","2.453125"
"13880","2","2","2"
"13890","2.15625","2.15625","2.15625"
"13900","2.03125","2.03125","2.03125"
"13910","2.21875","2.21875","2.21875"
"13920","2.578125","2.578125","2.578125"
"13930","2.046875","2.046875","2.046875"
"13940","2.4375","2.4375","2.4375"
"13950","1.9453125","1.9453125","1.9453125"
"13960","1.9921875","1.9921875","1.9921875"
"13970","2.375","2.375","2.375"
"13980","2.03125","2.03125","2.03125"
"13990","2.1875","2.1875","2.1875"
"14000","2.15625","2.15625","2.15625"
"14010","3.015625","3.015625","3.015625"
"14020","1.9375","1.9375","1.9375"
"14030","2.15625","2.15625","2.15625"
"14040","2.75","2.75","2.75"
"14050","1.9921875","1.9921875","1.9921875"
"14060","1.9375","1.9375","1.9375"
"14070","2.265625","2.265625","2.265625"
"14080","2.328125","2.328125","2.328125"
"14090","2.328125","2.328125","2.328125"
"14100","1.875","1.875","1.875"
"14110","2.234375","2.234375","2.234375"
"14120","2.28125","2.28125","2.28125"
"14130","2.078125","2.078125","2.078125"
"14140","2.5625","2.5625","2.5625"
"14150","2.25","2.25","2.25"
"14160","2.125","2.125","2.125"
"14170","2.6875","2.6875","2.6875"
"14180","2.078125","2.078125","2.078125"
"14190","2.1875","2.1875","2.1875"
"14200","1.8671875","1.8671875","1.8671875"
"14210","2.578125","2.578125","2.578125"
"14220","2.078125","2.078125","2.078125"
"14230","2.15625","2.15625","2.15625"
"14240","2.15625","2.15625","2.15625"
"14250","2.109375","2.109375","2.109375"
"14260","2.0625","2.0625","2.0625"
"14270","1.859375","1.859375","1.859375"
"14280","2.21875","2.21875","2.21875"
"14290","2.015625","2.015625","2.015625"
"14300","2.078125","2.078125","2.078125"
"14310","2.15625","2.15625","2.15625"
"14320","2.15625","2.15625","2.15625"
"14330","1.96875","1.96875","1.96875"
"14340","1.9140625","1.9140625","1.9140625"
"14350","2.0625","2.0625","2.0625"
"14360","2.125","2.125","2.125"
"14370","2.078125","2.078125","2.078125"
"14380","1.9921875","1.9921875","1.9921875"
"14390","2.015625","2.015625","2.015625"
"14400","2.25","2.25","2.25"
"14410","2.1875","2.1875","2.1875"
"14420","1.984375","1.984375","1.984375"
"14430","1.90625","1.90625","1.90625"
"14440","2.109375","2.109375","2.109375"
"14450","2.125","2.125","2.125"
"14460","2.0625","2.0625","2.0625"
"14470","2.109375","2.109375","2.109375"
"14480","2.40625","2.40625","2.40625"
"14490","2.4375","2.4375","2.4375"
"14500","2","2","2"
"14510","1.96875","1.96875","1.96875"
"14520","2.5625","2.5625","2.5625"
"14530","1.9921875","1.9921875","1.9921875"
"14540","2.3125","2.3125","2.3125"
"14550","2.28125","2.28125","2.28125"
"14560","2.296875","2.296875","2.296875"
"14570","2.15625","2.15625","2.15625"
"14580","2.171875","2.171875","2.171875"
"14590","2.09375","2.09375","2.09375"
"14600","1.9609375","1.9609375","1.9609375"
"14610","1.78125","1.78125","1.78125"
"14620","1.984375","1.984375","1.984375"
"14630","2.34375","2.34375","2.34375"
"14640","1.8984375","1.8984375","1.8984375"
"14650","2.03125","2.03125","2.03125"
"14660","1.9296875","1.9296875","1.9296875"
"14670","1.9375","1.9375","1.9375"
"14680","2.203125","2.203125","2.203125"
"14690","2.390625","2.390625","2.390625"
"14700","2.578125","2.578125","2.578125"
"14710","1.984375","1.984375","1.984375"
"14720","2.046875","2.046875","2.046875"
"14730","2.046875","2.046875","2.046875"
"14740","1.7578125","1.7578125","1.7578125"
"14750","2.125","2.125","2.125"
"14760","2.265625","2.265625","2.265625"
"14770","1.890625","1.890625","1.890625"
"14780","2.21875","2.21875","2.21875"
"14790","1.9609375","1.9609375","1.9609375"
"14800","1.8671875","1.8671875","1.8671875"
"14810","1.96875","1.96875","1.96875"
"14820","2.109375","2.109375","2.109375"
"14830","2.09375","2.09375","2.09375"
"14840","1.78125","1.78125","1.78125"
"14850","2.125","2.125","2.125"
"14860","1.890625","1.890625","1.890625"
"14870","2.375","2.375","2.375"
"14880","2.3125","2.3125","2.3125"
"14890","2.515625","2.515625","2.515625"
"14900","2.34375","2.34375","2.34375"
"14910","1.9609375","1.9609375","1.9609375"
"14920","1.78125","1.78125","1.78125"
"14930","1.8984375","1.8984375","1.8984375"
"14940","1.9296875","1.9296875","1.9296875"
"14950","1.8671875","1.8671875","1.8671875"
"14960","2.125","2.125","2.125"
"14970","2.046875","2.046875","2.046875"
"14980","1.984375","1.984375","1.984375"
"14990","2.03125","2.03125","2.03125"
"15000","2.65625","2.65625","2.65625"
"15010","2.140625","2.140625","2.140625"
"15020","2.4375","2.4375","2.4375"
"15030","2.140625","2.140625","2.140625"
"15040","2.03125","2.03125","2.03125"
"15050","2.125","2.125","2.125"
"15060","2.1875","2.1875","2.1875"
"15070","2.3125","2.3125","2.3125"
"15080","2.34375","2.34375","2.34375"
"15090","2.15625","2.15625","2.15625"
"15100","2.03125","2.03125","2.03125"
"15110","2.21875","2.21875","2.21875"
"15120","1.9921875","1.9921875","1.9921875"
"15130","2.0625","2.0625","2.0625"
"15140","2.5","2.5","2.5"
"15150","1.8203125","1.8203125","1.8203125"
"15160","2.578125","2.578125","2.578125"
"15170","1.9609375","1.9609375","1.9609375"
"15180","2.3125","2.3125","2.3125"
"15190","1.7890625","1.7890625","1.7890625"
"15200","1.9453125","1.9453125","1.9453125"
"15210","2.265625","2.265625","2.265625"
"15220","3.1875","3.1875","3.1875"
"15230","2.171875","2.171875","2.171875"
"15240","2.03125","2.03125","2.03125"
"15250","2.25","2.25","2.25"
"15260","2.046875","2.046875","2.046875"
"15270","2.09375","2.09375","2.09375"
"15280","2.515625","2.515625","2.515625"
"15290","2.46875","2.46875","2.46875"
"15300","2.375","2.375","2.375"
"15310","2.140625","2.140625","2.140625"
"15320","2.078125","2.078125","2.078125"
"15330","1.7890625","1.7890625","1.7890625"
"15340","2.5","2.5","2.5"
"15350","1.765625","1.765625","1.765625"
"15360","1.9375","1.9375","1.9375"
"15370","1.90625","1.90625","1.90625"
"15380","2.03125","2.03125","2.03125"
"15390","2.0625","2.0625","2.0625"
"15400","2.09375","2.09375","2.09375"
"15410","1.9921875","1.9921875","1.9921875"
"15420","1.984375","1.984375","1.984375"
"15430","2.015625","2.015625","2.015625"
"15440","2.078125","2.078125","2.078125"
"15450","2.15625","2.15625","2.15625"
"15460","2.03125","2.03125","2.03125"
"15470","2.234375","2.234375","2.234375"
"15480","2.15625","2.15625","2.15625"
"15490","2.203125","2.203125","2.203125"
"15500","2.390625","2.390625","2.390625"
"15510","2.046875","2.046875","2.046875"
"15520","1.78125","1.78125","1.78125"
"15530","1.7890625","1.7890625","1.7890625"
"15540","2.046875","2.046875","2.046875"
"15550","2.875","2.875","2.875"
"15560","2.140625","2.140625","2.140625"
"15570","2.109375","2.109375","2.109375"
"15580","2.15625","2.15625","2.15625"
"15590","2.203125","2.203125","2.203125"
"15600","1.765625","1.765625","1.765625"
"15610","1.890625","1.890625","1.890625"
"15620","1.7265625","1.7265625","1.7265625"
"15630","1.9140625","1.9140625","1.9140625"
"15640","1.7265625","1.7265625","1.7265625"
"15650","2.390625","2.390625","2.390625"
"15660","1.7734375","1.7734375","1.7734375"
"15670","2.46875","2.46875","2.46875"
"15680","1.9453125","1.9453125","1.9453125"
"15690","1.8125","1.8125","1.8125"
"15700","1.7890625","1.7890625","1.7890625"
"15710","2.21875","2.21875","2.21875"
"15720","2.28125","2.28125","2.28125"
"15730","2.234375","2.234375","2.234375"
"15740","2.578125","2.578125","2.578125"
"15750","1.8203125","1.8203125","1.8203125"
"15760","2.28125","2.28125","2.28125"
"15770","2.140625","2.140625","2.140625"
"15780","2.046875","2.046875","2.046875"
"15790","1.890625","1.890625","1.890625"
"15800","2.359375","2.359375","2.359375"
"15810","1.9140625","1.9140625","1.9140625"
"15820","1.875","1.875","1.875"
"15830","2.125","2.125","2.125"
"15840","2","2","2"
"15850","1.765625","1.765625","1.765625"
"15860","2.09375","2.09375","2.09375"
"15870","1.84375","1.84375","1.84375"
"15880","1.9453125","1.9453125","1.9453125"
"15890","2.375","2.375","2.375"
"15900","1.7890625","1.7890625","1.7890625"
"15910","1.9140625","1.9140625","1.9140625"
"15920","2.234375","2.234375","2.234375"
"15930","1.8046875","1.8046875","1.8046875"
"15940","2.03125","2.03125","2.03125"
"15950","2.078125","2.078125","2.078125"
"15960","1.8984375","1.8984375","1.8984375"
"15970","1.8984375","1.8984375","1.8984375"
"15980","2.421875","2.421875","2.421875"
"15990","1.9375","1.9375","1.9375"
"16000","2.140625","2.140625","2.140625"
"16010","1.953125","1.953125","1.953125"
"16020","1.953125","1.953125","1.953125"
"16030","1.96875","1.96875","1.96875"
"16040","1.7734375","1.7734375","1.7734375"
"16050","2.40625","2.40625","2.40625"
"16060","1.953125","1.953125","1.953125"
"16070","1.90625","1.90625","1.90625"
"16080","2.1875","2.1875","2.1875"
"16090","2.203125","2.203125","2.203125"
"16100","2.1875","2.1875","2.1875"
"16110","2.328125","2.328125","2.328125"
"16120","1.890625","1.890625","1.890625"
"16130","2.8125","2.8125","2.8125"
"16140","1.96875","1.96875","1.96875"
"16150","2.21875","2.21875","2.21875"
"16160","2.09375","2.09375","2.09375"
"16170","1.859375","1.859375","1.859375"
"16180","2.3125","2.3125","2.3125"
"16190","2","2","2"
"16200","2.171875","2.171875","2.171875"
"16210","2.15625","2.15625","2.15625"
"16220","2.328125","2.328125","2.328125"
"16230","1.9140625","1.9140625","1.9140625"
"16240","2.09375","2.09375","2.09375"
"16250","2.125","2.125","2.125"
"16260","2.1875","2.1875","2.1875"
"16270","1.734375","1.734375","1.734375"
"16280","2.125","2.125","2.125"
"16290","2.46875","2.46875","2.46875"
"16300","2.59375","2.59375","2.59375"
"16310","2.046875","2.046875","2.046875"
"16320","2.125","2.125","2.125"
"16330","2.046875","2.046875","2.046875"
"16340","2.359375","2.359375","2.359375"
"16350","2.265625","2.265625","2.265625"
"16360","2.640625","2.640625","2.640625"
"16370","2.03125","2.03125","2.03125"
"16380","2.5","2.5","2.5"
"16390","2.234375","2.234375","2.234375"
"16400","2.25","2.25","2.25"
"16410","2.359375","2.359375","2.359375"
"16420","2.046875","2.046875","2.046875"
"16430","1.9375","1.9375","1.9375"
"16440","2.046875","2.046875","2.046875"
"16450","2.015625","2.015625","2.015625"
"16460","2.40625","2.40625","2.40625"
"16470","2.34375","2.34375","2.34375"
"16480","2.421875","2.421875","2.421875"
"16490","2.515625","2.515625","2.515625"
"16500","1.984375","1.984375","1.984375"
"16510","2.375","2.375","2.375"
"16520","2.0625","2.0625","2.0625"
"16530","2.15625","2.15625","2.15625"
"16540","1.984375","1.984375","1.984375"
"16550","1.7890625","1.7890625","1.7890625"
"16560","1.875","1.875","1.875"
"16570","2.671875","2.671875","2.671875"
"16580","2.296875","2.296875","2.296875"
"16590","2.03125","2.03125","2.03125"
"16600","1.78125","1.78125","1.78125"
"16610","2.34375","2.34375","2.34375"
"16620","2.0625","2.0625","2.0625"
"16630","2.046875","2.046875","2.046875"
"16640","2.015625","2.015625","2.015625"
"16650","1.953125","1.953125","1.953125"
"16660","2.375","2.375","2.375"
"16670","1.8203125","1.8203125","1.8203125"
"16680","2.515625","2.515625","2.515625"
"16690","2.1875","2.1875","2.1875"
"16700","1.859375","1.859375","1.859375"
"16710","1.9921875","1.9921875","1.9921875"
"16720","1.6875","1.6875","1.6875"
"16730","2.53125","2.53125","2.53125"
"16740","2.15625","2.15625","2.15625"
"16750","1.9921875","1.9921875","1.9921875"
"16760","2.21875","2.21875","2.21875"
"16770","1.75","1.75","1.75"
"16780","2.0625","2.0625","2.0625"
"16790","1.859375","1.859375","1.859375"
"16800","2.359375","2.359375","2.359375"
"16810","2.125","2.125","2.125"
"16820","1.921875","1.921875","1.921875"
"16830","2.1875","2.1875","2.1875"
"16840","1.9375","1.9375","1.9375"
"16850","2.09375","2.09375","2.09375"
"16860","1.828125","1.828125","1.828125"
"16870","1.8984375","1.8984375","1.8984375"
"16880","2.03125","2.03125","2.03125"
"16890","1.984375","1.984375","1.984375"
"16900","2.109375","2.109375","2.109375"
"16910","1.828125","1.828125","1.828125"
"16920","2.15625","2.15625","2.15625"
"16930","1.8203125","1.8203125","1.8203125"
"16940","2.046875","2.046875","2.046875"
"16950","1.9765625","1.9765625","1.9765625"
"16960","1.8984375","1.8984375","1.8984375"
"16970","2.21875","2.21875","2.21875"
"16980","2.34375","2.34375","2.34375"
"16990","2.59375","2.59375","2.59375"
"17000","1.890625","1.890625","1.890625"
"17010","2.359375","2.359375","2.359375"
"17020","2.171875","2.171875","2.171875"
"17030","1.9921875","1.9921875","1.9921875"
"17040","1.8125","1.8125","1.8125"
"17050","2.140625","2.140625","2.140625"
"17060","1.921875","1.921875","1.921875"
"17070","1.8046875","1.8046875","1.8046875"
"17080","2.09375","2.09375","2.09375"
"17090","2.078125","2.078125","2.078125"
"17100","2.328125","2.328125","2.328125"
"17110","1.9375","1.9375","1.9375"
"17120","1.84375","1.84375","1.84375"
"17130","2.359375","2.359375","2.359375"
"17140","2.546875","2.546875","2.546875"
"17150","1.765625","1.765625","1.765625"
"17160","2.484375","2.484375","2.484375"
"17170","2.03125","2.03125","2.03125"
"17180","2.125","2.125","2.125"
"17190","1.8828125","1.8828125","1.8828125"
"17200","1.8515625","1.8515625","1.8515625"
"17210","1.8984375","1.8984375","1.8984375"
"17220","1.8515625","1.8515625","1.8515625"
"17230","2.125","2.125","2.125"
"17240","2.0625","2.0625","2.0625"
"17250","1.7890625","1.7890625","1.7890625"
"17260","2.109375","2.109375","2.109375"
"17270","1.765625","1.765625","1.765625"
"17280","2.78125","2.78125","2.78125"
"17290","2.046875","2.046875","2.046875"
"17300","2.125","2.125","2.125"
"17310","2.15625","2.15625","2.15625"
"17320","1.6875","1.6875","1.6875"
"17330","2.171875","2.171875","2.171875"
"17340","1.8125","1.8125","1.8125"
"17350","2","2","2"
"17360","1.6796875","1.6796875","1.6796875"
"17370","2.578125","2.578125","2.578125"
"17380","2.625","2.625","2.625"
"17390","2.125","2.125","2.125"
"17400","2.03125","2.03125","2.03125"
"17410","2.078125","2.078125","2.078125"
"17420","1.8359375","1.8359375","1.8359375"
"17430","2","2","2"
"17440","1.7578125","1.7578125","1.7578125"
"17450","2.734375","2.734375","2.734375"
"17460","1.96875","1.96875","1.96875"
"17470","1.8828125","1.8828125","1.8828125"
"17480","1.84375","1.84375","1.84375"
"17490","2.09375","2.09375","2.09375"
"17500","1.71875","1.71875","1.71875"
"17510","2.546875","2.546875","2.546875"
"17520","2","2","2"
"17530","2.484375","2.484375","2.484375"
"17540","1.7890625","1.7890625","1.7890625"
"17550","2.046875","2.046875","2.046875"
"17560","2.390625","2.390625","2.390625"
"17570","1.859375","1.859375","1.859375"
"17580","1.765625","1.765625","1.765625"
"17590","2.1875","2.1875","2.1875"
"17600","1.8203125","1.8203125","1.8203125"
"17610","2.015625","2.015625","2.015625"
"17620","1.921875","1.921875","1.921875"
"17630","1.7890625","1.7890625","1.7890625"
"17640","2.640625","2.640625","2.640625"
"17650","1.84375","1.84375","1.84375"
"17660","2.90625","2.90625","2.90625"
"17670","1.9296875","1.9296875","1.9296875"
"17680","1.8984375","1.8984375","1.8984375"
"17690","2.125","2.125","2.125"
"17700","1.765625","1.765625","1.765625"
"17710","2.234375","2.234375","2.234375"
"17720","2.140625","2.140625","2.140625"
"17730","2.109375","2.109375","2.109375"
"17740","1.90625","1.90625","1.90625"
"17750","2.203125","2.203125","2.203125"
"17760","2.125","2.125","2.125"
"17770","1.859375","1.859375","1.859375"
"17780","1.734375","1.734375","1.734375"
"17790","2.15625","2.15625","2.15625"
"17800","2.078125","2.078125","2.078125"
"17810","2.109375","2.109375","2.109375"
"17820","1.9453125","1.9453125","1.9453125"
"17830","2.5","2.5","2.5"
"17840","2.375","2.375","2.375"
"17850","2.171875","2.171875","2.171875"
"17860","2.390625","2.390625","2.390625"
"17870","1.8671875","1.8671875","1.8671875"
"17880","2.15625","2.15625","2.15625"
"17890","1.9765625","1.9765625","1.9765625"
"17900","2","2","2"
"17910","2.328125","2.328125","2.328125"
"17920","2.3125","2.3125","2.3125"
"17930","2.46875","2.46875","2.46875"
"17940","1.8828125","1.8828125","1.8828125"
"17950","2.171875","2.171875","2.171875"
"17960","2.40625","2.40625","2.40625"
"17970","2.25","2.25","2.25"
"17980","2.09375","2.09375","2.09375"
"17990","2.28125","2.28125","2.28125"
"18000","2.265625","2.265625","2.265625"
"18010","2.09375","2.09375","2.09375"
"18020","1.890625","1.890625","1.890625"
"18030","1.875","1.875","1.875"
"18040","2.34375","2.34375","2.34375"
"18050","2.8125","2.8125","2.8125"
"18060","2.171875","2.171875","2.171875"
"18070","2.125","2.125","2.125"
"18080","2.140625","2.140625","2.140625"
"18090","2.15625","2.15625","2.15625"
"18100","1.8984375","1.8984375","1.8984375"
"18110","2","2","2"
"18120","1.9453125","1.9453125","1.9453125"
"18130","2.140625","2.140625","2.140625"
"18140","2.578125","2.578125","2.578125"
"18150","2.0625","2.0625","2.0625"
"18160","1.8828125","1.8828125","1.8828125"
"18170","2.390625","2.390625","2.390625"
"18180","2","2","2"
"18190","2.65625","2.65625","2.65625"
"18200","2.015625","2.015625","2.015625"
"18210","1.84375","1.84375","1.84375"
"18220","2.140625","2.140625","2.140625"
"18230","2.25","2.25","2.25"
"18240","1.8828125","1.8828125","1.8828125"
"18250","2.09375","2.09375","2.09375"
"18260","1.8671875","1.8671875","1.8671875"
"18270","1.9609375","1.9609375","1.9609375"
"18280","2.171875","2.171875","2.171875"
"18290","2.125","2.125","2.125"
"18300","1.8125","1.8125","1.8125"
"18310","2.15625","2.15625","2.15625"
"18320","2.421875","2.421875","2.421875"
"18330","1.8359375","1.8359375","1.8359375"
"18340","2.140625","2.140625","2.140625"
"18350","2.03125","2.03125","2.03125"
"18360","2.8125","2.8125","2.8125"
"18370","2","2","2"
"18380","1.8046875","1.8046875","1.8046875"
"18390","1.9375","1.9375","1.9375"
"18400","2","2","2"
"18410","1.8359375","1.8359375","1.8359375"
"18420","2.171875","2.171875","2.171875"
"18430","2.578125","2.578125","2.578125"
"18440","2.1875","2.1875","2.1875"
"18450","2.015625","2.015625","2.015625"
"18460","1.859375","1.859375","1.859375"
"18470","1.8515625","1.8515625","1.8515625"
"18480","1.7890625","1.7890625","1.7890625"
"18490","2.15625","2.15625","2.15625"
"18500","1.7734375","1.7734375","1.7734375"
"18510","2.15625","2.15625","2.15625"
"18520","2.03125","2.03125","2.03125"
"18530","1.890625","1.890625","1.890625"
"18540","1.8125","1.8125","1.8125"
"18550","2.171875","2.171875","2.171875"
"18560","1.953125","1.953125","1.953125"
"18570","1.828125","1.828125","1.828125"
"18580","1.8828125","1.8828125","1.8828125"
"18590","2.03125","2.03125","2.03125"
"18600","1.8984375","1.8984375","1.8984375"
"18610","2.265625","2.265625","2.265625"
"18620","2.15625","2.15625","2.15625"
"18630","2.046875","2.046875","2.046875"
"18640","1.7578125","1.7578125","1.7578125"
"18650","1.921875","1.921875","1.921875"
"18660","1.9375","1.9375","1.9375"
"18670","2.078125","2.078125","2.078125"
"18680","2.03125","2.03125","2.03125"
"18690","1.9453125","1.9453125","1.9453125"
"18700","1.96875","1.96875","1.96875"
"18710","1.8515625","1.8515625","1.8515625"
"18720","2.40625","2.40625","2.40625"
"18730","1.8671875","1.8671875","1.8671875"
"18740","1.75","1.75","1.75"
"18750","2.015625","2.015625","2.015625"
"18760","2.3125","2.3125","2.3125"
"18770","1.7109375","1.7109375","1.7109375"
"18780","1.828125","1.828125","1.828125"
"18790","1.71875","1.71875","1.71875"
"18800","2.03125","2.03125","2.03125"
"18810","2.0625","2.0625","2.0625"
"18820","1.7578125","1.7578125","1.7578125"
"18830","1.921875","1.921875","1.921875"
"18840","1.6875","1.6875","1.6875"
"18850","1.7421875","1.7421875","1.7421875"
"18860","1.7421875","1.7421875","1.7421875"
"18870","2.28125","2.28125","2.28125"
"18880","2.109375","2.109375","2.109375"
"18890","1.765625","1.765625","1.765625"
"18900","1.921875","1.921875","1.921875"
"18910","2.203125","2.203125","2.203125"
"18920","2.46875","2.46875","2.46875"
"18930","2.0625","2.0625","2.0625"
"18940","1.96875","1.96875","1.96875"
"18950","2.015625","2.015625","2.015625"
"18960","1.7578125","1.7578125","1.7578125"
"18970","2.0625","2.0625","2.0625"
"18980","2.296875","2.296875","2.296875"
"18990","1.8203125","1.8203125","1.8203125"
"19000","2.234375","2.234375","2.234375"
"19010","2.078125","2.078125","2.078125"
"19020","1.828125","1.828125","1.828125"
"19030","1.7890625","1.7890625","1.7890625"
"19040","1.7734375","1.7734375","1.7734375"
"19050","2.3125","2.3125","2.3125"
"19060","2.0625","2.0625","2.0625"
"19070","2.703125","2.703125","2.703125"
"19080","1.9375","1.9375","1.9375"
"19090","1.953125","1.953125","1.953125"
"19100","1.9921875","1.9921875","1.9921875"
"19110","1.9140625","1.9140625","1.9140625"
"19120","1.734375","1.734375","1.734375"
"19130","1.8359375","1.8359375","1.8359375"
"19140","2.046875","2.046875","2.046875"
"19150","2.015625","2.015625","2.015625"
"19160","1.6796875","1.6796875","1.6796875"
"19170","2","2","2"
"19180","2.109375","2.109375","2.109375"
"19190","2.390625","2.390625","2.390625"
"19200","2.828125","2.828125","2.828125"
"19210","1.90625","1.90625","1.90625"
"19220","1.9296875","1.9296875","1.9296875"
"19230","2.140625","2.140625","2.140625"
"19240","2.0625","2.0625","2.0625"
"19250","2.125","2.125","2.125"
"19260","2.03125","2.03125","2.03125"
"19270","2.171875","2.171875","2.171875"
"19280","1.9921875","1.9921875","1.9921875"
"19290","2.125","2.125","2.125"
"19300","2.5625","2.5625","2.5625"
"19310","2.796875","2.796875","2.796875"
"19320","1.984375","1.984375","1.984375"
"19330","2.140625","2.140625","2.140625"
"19340","2.046875","2.046875","2.046875"
"19350","2.5625","2.5625","2.5625"
"19360","2.015625","2.015625","2.015625"
"19370","1.9375","1.9375","1.9375"
"19380","1.8203125","1.8203125","1.8203125"
"19390","1.7734375","1.7734375","1.7734375"
"19400","1.9375","1.9375","1.9375"
"19410","1.9296875","1.9296875","1.9296875"
"19420","2.234375","2.234375","2.234375"
"19430","2.0625","2.0625","2.0625"
"19440","2.125","2.125","2.125"
"19450","1.90625","1.90625","1.90625"
"19460","1.640625","1.640625","1.640625"
"19470","1.796875","1.796875","1.796875"
"19480","2.03125","2.03125","2.03125"
"19490","2.03125","2.03125","2.03125"
"19500","1.828125","1.828125","1.828125"
"19510","1.921875","1.921875","1.921875"
"19520","1.8125","1.8125","1.8125"
"19530","2","2","2"
"19540","1.9375","1.9375","1.9375"
"19550","2","2","2"
"19560","1.8203125","1.8203125","1.8203125"
"19570","1.8125","1.8125","1.8125"
"19580","2.765625","2.765625","2.765625"
"19590","1.890625","1.890625","1.890625"
"19600","1.96875","1.96875","1.96875"
"19610","1.984375","1.984375","1.984375"
"19620","2.140625","2.140625","2.140625"
"19630","1.71875","1.71875","1.71875"
"19640","2.421875","2.421875","2.421875"
"19650","2.03125","2.03125","2.03125"
"19660","1.9140625","1.9140625","1.9140625"
"19670","1.9453125","1.9453125","1.9453125"
"19680","2.109375","2.109375","2.109375"
"19690","2","2","2"
"19700","2.0625","2.0625","2.0625"
"19710","2.109375","2.109375","2.109375"
"19720","2.0625","2.0625","2.0625"
"19730","1.9609375","1.9609375","1.9609375"
"19740","2.375","2.375","2.375"
"19750","1.7265625","1.7265625","1.7265625"
"19760","2.125","2.125","2.125"
"19770","1.7265625","1.7265625","1.7265625"
"19780","2.671875","2.671875","2.671875"
"19790","2.109375","2.109375","2.109375"
"19800","1.84375","1.84375","1.84375"
"19810","1.9140625","1.9140625","1.9140625"
"19820","1.9296875","1.9296875","1.9296875"
"19830","1.8125","1.8125","1.8125"
"19840","1.796875","1.796875","1.796875"
"19850","2","2","2"
"19860","1.90625","1.90625","1.90625"
"19870","2.046875","2.046875","2.046875"
"19880","1.9375","1.9375","1.9375"
"19890","1.828125","1.828125","1.828125"
"19900","2.015625","2.015625","2.015625"
"19910","1.7890625","1.7890625","1.7890625"
"19920","1.90625","1.90625","1.90625"
"19930","1.9765625","1.9765625","1.9765625"
"19940","2.359375","2.359375","2.359375"
"19950","2.140625","2.140625","2.140625"
"19960","2.671875","2.671875","2.671875"
"19970","1.90625","1.90625","1.90625"
"19980","1.859375","1.859375","1.859375"
"19990","1.875","1.875","1.875"
"20000","1.984375","1.984375","1.984375"
"20010","1.6640625","1.6640625","1.6640625"
"20020","1.734375","1.734375","1.734375"
"20030","1.96875","1.96875","1.96875"
"20040","1.8984375","1.8984375","1.8984375"
"20050","1.859375","1.859375","1.859375"
"20060","2.78125","2.78125","2.78125"
"20070","2.46875","2.46875","2.46875"
"20080","1.859375","1.859375","1.859375"
"20090","1.9375","1.9375","1.9375"
"20100","1.8515625","1.8515625","1.8515625"
"20110","2.078125","2.078125","2.078125"
"20120","2.59375","2.59375","2.59375"
"20130","1.8984375","1.8984375","1.8984375"
"20140","1.8984375","1.8984375","1.8984375"
"20150","1.828125","1.828125","1.828125"
"20160","1.59375","1.59375","1.59375"
"20170","2","2","2"
"20180","1.9609375","1.9609375","1.9609375"
"20190","4","4","4"
"20200","1.921875","1.921875","1.921875"
"20210","2.640625","2.640625","2.640625"
"20220","1.8046875","1.8046875","1.8046875"
"20230","1.921875","1.921875","1.921875"
"20240","1.96875","1.96875","1.96875"
"20250","2.03125","2.03125","2.03125"
"20260","2","2","2"
"20270","2.046875","2.046875","2.046875"
"20280","1.828125","1.828125","1.828125"
"20290","1.859375","1.859375","1.859375"
"20300","2.09375","2.09375","2.09375"
"20310","2.03125","2.03125","2.03125"
"20320","2.140625","2.140625","2.140625"
"20330","2.09375","2.09375","2.09375"
"20340","1.8828125","1.8828125","1.8828125"
"20350","1.9765625","1.9765625","1.9765625"
"20360","2.015625","2.015625","2.015625"
"20370","2.03125","2.03125","2.03125"
"20380","2.015625","2.015625","2.015625"
"20390","2.421875","2.421875","2.421875"
"20400","2.171875","2.171875","2.171875"
"20410","1.8359375","1.8359375","1.8359375"
"20420","1.90625","1.90625","1.90625"
"20430","1.9765625","1.9765625","1.9765625"
"20440","2.015625","2.015625","2.015625"
"20450","2.234375","2.234375","2.234375"
"20460","2.171875","2.171875","2.171875"
"20470","2.078125","2.078125","2.078125"
"20480","1.7890625","1.7890625","1.7890625"
"20490","2.390625","2.390625","2.390625"
"20500","1.9921875","1.9921875","1.9921875"
"20510","1.8203125","1.8203125","1.8203125"
"20520","2.171875","2.171875","2.171875"
"20530","2.015625","2.015625","2.015625"
"20540","1.8046875","1.8046875","1.8046875"
"20550","2.078125","2.078125","2.078125"
"20560","1.8984375","1.8984375","1.8984375"
"20570","1.953125","1.953125","1.953125"
"20580","2.625","2.625","2.625"
"20590","2.078125","2.078125","2.078125"
"20600","2.25","2.25","2.25"
"20610","1.953125","1.953125","1.953125"
"20620","2.28125","2.28125","2.28125"
"20630","2.03125","2.03125","2.03125"
"20640","2.34375","2.34375","2.34375"
"20650","1.9140625","1.9140625","1.9140625"
"20660","1.8359375","1.8359375","1.8359375"
"20670","1.84375","1.84375","1.84375"
"20680","2.203125","2.203125","2.203125"
"20690","2.171875","2.171875","2.171875"
"20700","2.21875","2.21875","2.21875"
"20710","2.03125","2.03125","2.03125"
"20720","2.046875","2.046875","2.046875"
"20730","2.078125","2.078125","2.078125"
"20740","2.421875","2.421875","2.421875"
"20750","1.9453125","1.9453125","1.9453125"
"20760","1.9375","1.9375","1.9375"
"20770","2.359375","2.359375","2.359375"
"20780","2.234375","2.234375","2.234375"
"20790","2.140625","2.140625","2.140625"
"20800","2.453125","2.453125","2.453125"
"20810","1.9375","1.9375","1.9375"
"20820","2.515625","2.515625","2.515625"
"20830","2.234375","2.234375","2.234375"
"20840","2.328125","2.328125","2.328125"
"20850","2.171875","2.171875","2.171875"
"20860","1.9296875","1.9296875","1.9296875"
"20870","2.1875","2.1875","2.1875"
"20880","1.9375","1.9375","1.9375"
"20890","1.875","1.875","1.875"
"20900","2.484375","2.484375","2.484375"
"20910","1.921875","1.921875","1.921875"
"20920","2.0625","2.0625","2.0625"
"20930","2.03125","2.03125","2.03125"
"20940","2.046875","2.046875","2.046875"
"20950","1.984375","1.984375","1.984375"
"20960","1.7578125","1.7578125","1.7578125"
"20970","2.09375","2.09375","2.09375"
"20980","2","2","2"
"20990","2.203125","2.203125","2.203125"
"21000","2.296875","2.296875","2.296875"
"21010","2.046875","2.046875","2.046875"
"21020","1.796875","1.796875","1.796875"
"21030","2.234375","2.234375","2.234375"
"21040","2.9375","2.9375","2.9375"
"21050","2.03125","2.03125","2.03125"
"21060","2.21875","2.21875","2.21875"
"21070","2.109375","2.109375","2.109375"
"21080","2.34375","2.34375","2.34375"
"21090","1.9296875","1.9296875","1.9296875"
"21100","2.140625","2.140625","2.140625"
"21110","1.96875","1.96875","1.96875"
"21120","1.8359375","1.8359375","1.8359375"
"21130","1.75","1.75","1.75"
"21140","1.9296875","1.9296875","1.9296875"
"21150","1.8984375","1.8984375","1.8984375"
"21160","1.8359375","1.8359375","1.8359375"
"21170","2","2","2"
"21180","1.7421875","1.7421875","1.7421875"
"21190","1.984375","1.984375","1.984375"
"21200","2.0625","2.0625","2.0625"
"21210","1.78125","1.78125","1.78125"
"21220","1.921875","1.921875","1.921875"
"21230","1.8515625","1.8515625","1.8515625"
"21240","2.0625","2.0625","2.0625"
"21250","2.625","2.625","2.625"
"21260","2.0625","2.0625","2.0625"
"21270","1.9140625","1.9140625","1.9140625"
"21280","1.828125","1.828125","1.828125"
"21290","1.921875","1.921875","1.921875"
"21300","2.296875","2.296875","2.296875"
"21310","2.015625","2.015625","2.015625"
"21320","2.078125","2.078125","2.078125"
"21330","2","2","2"
"21340","1.9609375","1.9609375","1.9609375"
"21350","1.765625","1.765625","1.765625"
"21360","2.1875","2.1875","2.1875"
"21370","2.171875","2.171875","2.171875"
"21380","2.0625","2.0625","2.0625"
"21390","2.328125","2.328125","2.328125"
"21400","2.21875","2.21875","2.21875"
"21410","2.890625","2.890625","2.890625"
"21420","2.015625","2.015625","2.015625"
"21430","2.28125","2.28125","2.28125"
"21440","2.375","2.375","2.375"
"21450","1.9296875","1.9296875","1.9296875"
"21460","1.9765625","1.9765625","1.9765625"
"21470","1.78125","1.78125","1.78125"
"21480","2.140625","2.140625","2.140625"
"21490","2.390625","2.390625","2.390625"
"21500","1.78125","1.78125","1.78125"
"21510","2.21875","2.21875","2.21875"
"21520","1.796875","1.796875","1.796875"
"21530","1.8671875","1.8671875","1.8671875"
"21540","1.890625","1.890625","1.890625"
"21550","1.8828125","1.8828125","1.8828125"
"21560","2.125","2.125","2.125"
"21570","2.4375","2.4375","2.4375"
"21580","2.03125","2.03125","2.03125"
"21590","2.03125","2.03125","2.03125"
"21600","2.09375","2.09375","2.09375"
"21610","2","2","2"
"21620","1.984375","1.984375","1.984375"
"21630","2.109375","2.109375","2.109375"
"21640","1.953125","1.953125","1.953125"
"21650","2.28125","2.28125","2.28125"
"21660","2.109375","2.109375","2.109375"
"21670","1.9765625","1.9765625","1.9765625"
"21680","1.9921875","1.9921875","1.9921875"
"21690","2.34375","2.34375","2.34375"
"21700","2.109375","2.109375","2.109375"
"21710","2.125","2.125","2.125"
"21720","2","2","2"
"21730","2.046875","2.046875","2.046875"
"21740","1.8671875","1.8671875","1.8671875"
"21750","1.953125","1.953125","1.953125"
"21760","2.25","2.25","2.25"
"21770","1.890625","1.890625","1.890625"
"21780","2.453125","2.453125","2.453125"
"21790","1.96875","1.96875","1.96875"
"21800","2.28125","2.28125","2.28125"
"21810","2.328125","2.328125","2.328125"
"21820","1.984375","1.984375","1.984375"
"21830","1.828125","1.828125","1.828125"
"21840","2.90625","2.90625","2.90625"
"21850","1.84375","1.84375","1.84375"
"21860","2.046875","2.046875","2.046875"
"21870","2.203125","2.203125","2.203125"
"21880","2.109375","2.109375","2.109375"
"21890","2.875","2.875","2.875"
"21900","2.796875","2.796875","2.796875"
"21910","2.3125","2.3125","2.3125"
"21920","2.0625","2.0625","2.0625"
"21930","2.046875","2.046875","2.046875"
"21940","1.796875","1.796875","1.796875"
"21950","2.078125","2.078125","2.078125"
"21960","1.75","1.75","1.75"
"21970","2.125","2.125","2.125"
"21980","1.78125","1.78125","1.78125"
"21990","2.40625","2.40625","2.40625"
"22000","2.125","2.125","2.125"
"22010","2.25","2.25","2.25"
"22020","1.9609375","1.9609375","1.9609375"
"22030","2.140625","2.140625","2.140625"
"22040","2.375","2.375","2.375"
"22050","1.6171875","1.6171875","1.6171875"
"22060","2.21875","2.21875","2.21875"
"22070","2.046875","2.046875","2.046875"
"22080","1.7734375","1.7734375","1.7734375"
"22090","1.859375","1.859375","1.859375"
"22100","1.96875","1.96875","1.96875"
"22110","2.328125","2.328125","2.328125"
"22120","2.0625","2.0625","2.0625"
"22130","1.8046875","1.8046875","1.8046875"
"22140","2.65625","2.65625","2.65625"
"22150","2.0625","2.0625","2.0625"
"22160","2.15625","2.15625","2.15625"
"22170","2.140625","2.140625","2.140625"
"22180","1.8828125","1.8828125","1.8828125"
"22190","1.96875","1.96875","1.96875"
"22200","2.046875","2.046875","2.046875"
"22210","2.140625","2.140625","2.140625"
"22220","1.9921875","1.9921875","1.9921875"
"22230","2.0625","2.0625","2.0625"
"22240","2.25","2.25","2.25"
"22250","2.046875","2.046875","2.046875"
"22260","1.90625","1.90625","1.90625"
"22270","2.765625","2.765625","2.765625"
"22280","1.8359375","1.8359375","1.8359375"
"22290","2.40625","2.40625","2.40625"
"22300","2.125","2.125","2.125"
"22310","2.21875","2.21875","2.21875"
"22320","1.8828125","1.8828125","1.8828125"
"22330","1.734375","1.734375","1.734375"
"22340","2.484375","2.484375","2.484375"
"22350","1.9296875","1.9296875","1.9296875"
"22360","2.109375","2.109375","2.109375"
"22370","2.640625","2.640625","2.640625"
"22380","2.34375","2.34375","2.34375"
"22390","1.7890625","1.7890625","1.7890625"
"22400","2.03125","2.03125","2.03125"
"22410","2.09375","2.09375","2.09375"
"22420","1.9765625","1.9765625","1.9765625"
"22430","1.984375","1.984375","1.984375"
"22440","2.078125","2.078125","2.078125"
"22450","2.875","2.875","2.875"
"22460","2.15625","2.15625","2.15625"
"22470","2.078125","2.078125","2.078125"
"22480","1.9765625","1.9765625","1.9765625"
"22490","2.109375","2.109375","2.109375"
"22500","1.8046875","1.8046875","1.8046875"
"22510","2.078125","2.078125","2.078125"
"22520","2.203125","2.203125","2.203125"
"22530","2.65625","2.65625","2.65625"
"22540","2.1875","2.1875","2.1875"
"22550","2.296875","2.296875","2.296875"
"22560","1.921875","1.921875","1.921875"
"22570","1.984375","1.984375","1.984375"
"22580","2.078125","2.078125","2.078125"
"22590","1.8125","1.8125","1.8125"
"22600","2.15625","2.15625","2.15625"
"22610","1.6484375","1.6484375","1.6484375"
"22620","2.109375","2.109375","2.109375"
"22630","2.03125","2.03125","2.03125"
"22640","2.359375","2.359375","2.359375"
"22650","1.8984375","1.8984375","1.8984375"
"22660","2.453125","2.453125","2.453125"
"22670","1.953125","1.953125","1.953125"
"22680","1.8984375","1.8984375","1.8984375"
"22690","1.8828125","1.8828125","1.8828125"
"22700","1.828125","1.828125","1.828125"
"22710","2.453125","2.453125","2.453125"
"22720","1.7734375","1.7734375","1.7734375"
"22730","2.078125","2.078125","2.078125"
"22740","1.828125","1.828125","1.828125"
"22750","1.921875","1.921875","1.921875"
"22760","1.984375","1.984375","1.984375"
"22770","2.90625","2.90625","2.90625"
"22780","4.9375","4.9375","4.9375"
"22790","5.09375","5.09375","5.09375"
"22800","3.5625","3.5625","3.5625"
"22810","3.015625","3.015625","3.015625"
"22820","3.390625","3.390625","3.390625"
"22830","2.796875","2.796875","2.796875"
"22840","2.890625","2.890625","2.890625"
"22850","2.90625","2.90625","2.90625"
"22860","3.375","3.375","3.375"
"22870","3.390625","3.390625","3.390625"
"22880","2.9375","2.9375","2.9375"
"22890","2.84375","2.84375","2.84375"
"22900","2.78125","2.78125","2.78125"
"22910","2.609375","2.609375","2.609375"
"22920","2.984375","2.984375","2.984375"
"22930","2.96875","2.96875","2.96875"
"22940","2.765625","2.765625","2.765625"
"22950","3.15625","3.15625","3.15625"
"22960","2.796875","2.796875","2.796875"
"22970","2.75","2.75","2.75"
"22980","2.6875","2.6875","2.6875"
"22990","2.234375","2.234375","2.234375"
"23000","2.6875","2.6875","2.6875"
"23010","2.71875","2.71875","2.71875"
"23020","2.34375","2.34375","2.34375"
"23030","2.96875","2.96875","2.96875"
"23040","2.59375","2.59375","2.59375"
"23050","2.765625","2.765625","2.765625"
"23060","2.5","2.5","2.5"
"23070","2.578125","2.578125","2.578125"
"23080","2.5625","2.5625","2.5625"
"23090","3.015625","3.015625","3.015625"
"23100","2.765625","2.765625","2.765625"
"23110","2.890625","2.890625","2.890625"
"23120","3.546875","3.546875","3.546875"
"23130","2.28125","2.28125","2.28125"
"23140","2.6875","2.6875","2.6875"
"23150","2.453125","2.453125","2.453125"
"23160","3.09375","3.09375","3.09375"
"23170","2.578125","2.578125","2.578125"
"23180","3.09375","3.09375","3.09375"
"23190","2.578125","2.578125","2.578125"
"23200","2.546875","2.546875","2.546875"
"23210","2.53125","2.53125","2.53125"
"23220","2.578125","2.578125","2.578125"
"23230","3.25","3.25","3.25"
"23240","2.609375","2.609375","2.609375"
"23250","3.3125","3.3125","3.3125"
"23260","2.46875","2.46875","2.46875"
"23270","2.421875","2.421875","2.421875"
"23280","2.390625","2.390625","2.390625"
"23290","2.65625","2.65625","2.65625"
"23300","2.484375","2.484375","2.484375"
"23310","2.40625","2.40625","2.40625"
"23320","2.703125","2.703125","2.703125"
"23330","2.65625","2.65625","2.65625"
"23340","2.3125","2.3125","2.3125"
"23350","2.96875","2.96875","2.96875"
"23360","3.21875","3.21875","3.21875"
"23370","2.34375","2.34375","2.34375"
"23380","2.328125","2.328125","2.328125"
"23390","2.796875","2.796875","2.796875"
"23400","2.46875","2.46875","2.46875"
"23410","2.59375","2.59375","2.59375"
"23420","2.234375","2.234375","2.234375"
"23430","2.59375","2.59375","2.59375"
"23440","2.640625","2.640625","2.640625"
"23450","2.5","2.5","2.5"
"23460","2.34375","2.34375","2.34375"
"23470","2.46875","2.46875","2.46875"
"23480","2.515625","2.515625","2.515625"
"23490","2.6875","2.6875","2.6875"
"23500","2.34375","2.34375","2.34375"
"23510","2.28125","2.28125","2.28125"
"23520","2.34375","2.34375","2.34375"
"23530","2.265625","2.265625","2.265625"
"23540","2.625","2.625","2.625"
"23550","2.015625","2.015625","2.015625"
"23560","2.625","2.625","2.625"
"23570","2.546875","2.546875","2.546875"
"23580","2.5","2.5","2.5"
"23590","2.328125","2.328125","2.328125"
"23600","2.40625","2.40625","2.40625"
"23610","3.09375","3.09375","3.09375"
"23620","2.625","2.625","2.625"
"23630","2.8125","2.8125","2.8125"
"23640","2.828125","2.828125","2.828125"
"23650","2.84375","2.84375","2.84375"
"23660","2.609375","2.609375","2.609375"
"23670","2.5","2.5","2.5"
"23680","2.625","2.625","2.625"
"23690","2.5625","2.5625","2.5625"
"23700","2.046875","2.046875","2.046875"
"23710","2.390625","2.390625","2.390625"
"23720","2.203125","2.203125","2.203125"
"23730","2.484375","2.484375","2.484375"
"23740","2.96875","2.96875","2.96875"
"23750","2.390625","2.390625","2.390625"
"23760","2.296875","2.296875","2.296875"
"23770","2.046875","2.046875","2.046875"
"23780","2.4375","2.4375","2.4375"
"23790","2.5","2.5","2.5"
"23800","2.4375","2.4375","2.4375"
"23810","2.796875","2.796875","2.796875"
"23820","2.546875","2.546875","2.546875"
"23830","2.328125","2.328125","2.328125"
"23840","2.15625","2.15625","2.15625"
"23850","2.65625","2.65625","2.65625"
"23860","3.203125","3.203125","3.203125"
"23870","2.453125","2.453125","2.453125"
"23880","2.859375","2.859375","2.859375"
"23890","2.609375","2.609375","2.609375"
"23900","2.734375","2.734375","2.734375"
"23910","2.609375","2.609375","2.609375"
"23920","2.640625","2.640625","2.640625"
"23930","2.515625","2.515625","2.515625"
"23940","2.46875","2.46875","2.46875"
"23950","2.484375","2.484375","2.484375"
"23960","2.515625","2.515625","2.515625"
"23970","2.125","2.125","2.125"
"23980","2.3125","2.3125","2.3125"
"23990","2.328125","2.328125","2.328125"
"24000","2.59375","2.59375","2.59375"
"24010","2.8125","2.8125","2.8125"
"24020","2.375","2.375","2.375"
"24030","2.359375","2.359375","2.359375"
"24040","2.140625","2.140625","2.140625"
"24050","2.703125","2.703125","2.703125"
"24060","2.328125","2.328125","2.328125"
"24070","2.515625","2.515625","2.515625"
"24080","2.65625","2.65625","2.65625"
"24090","2.34375","2.34375","2.34375"
"24100","2.1875","2.1875","2.1875"
"24110","2.515625","2.515625","2.515625"
"24120","2.25","2.25","2.25"
"24130","2.125","2.125","2.125"
"24140","2.515625","2.515625","2.515625"
"24150","2.4375","2.4375","2.4375"
"24160","2.359375","2.359375","2.359375"
"24170","3.078125","3.078125","3.078125"
"24180","2.171875","2.171875","2.171875"
"24190","2.46875","2.46875","2.46875"
"24200","2.140625","2.140625","2.140625"
"24210","2.53125","2.53125","2.53125"
"24220","2.171875","2.171875","2.171875"
"24230","2.15625","2.15625","2.15625"
"24240","2.828125","2.828125","2.828125"
"24250","2.625","2.625","2.625"
"24260","2.359375","2.359375","2.359375"
"24270","2.578125","2.578125","2.578125"
"24280","2.40625","2.40625","2.40625"
"24290","2.546875","2.546875","2.546875"
"24300","2.1875","2.1875","2.1875"
"24310","2.390625","2.390625","2.390625"
"24320","2.25","2.25","2.25"
"24330","2.359375","2.359375","2.359375"
"24340","2.28125","2.28125","2.28125"
"24350","2.421875","2.421875","2.421875"
"24360","2.3125","2.3125","2.3125"
"24370","2.34375","2.34375","2.34375"
"24380","2.65625","2.65625","2.65625"
"24390","2.5625","2.5625","2.5625"
"24400","2.421875","2.421875","2.421875"
"24410","2.171875","2.171875","2.171875"
"24420","2.171875","2.171875","2.171875"
"24430","2.875","2.875","2.875"
"24440","2.265625","2.265625","2.265625"
"24450","2.15625","2.15625","2.15625"
"24460","2.390625","2.390625","2.390625"
"24470","2.46875","2.46875","2.46875"
"24480","2.515625","2.515625","2.515625"
"24490","2.359375","2.359375","2.359375"
"24500","2.40625","2.40625","2.40625"
"24510","2.421875","2.421875","2.421875"
"24520","2.5","2.5","2.5"
"24530","2.421875","2.421875","2.421875"
"24540","2.390625","2.390625","2.390625"
"24550","2.34375","2.34375","2.34375"
"24560","2.140625","2.140625","2.140625"
"24570","2.09375","2.09375","2.09375"
"24580","2.15625","2.15625","2.15625"
"24590","2.25","2.25","2.25"
"24600","2.9375","2.9375","2.9375"
"24610","2.390625","2.390625","2.390625"
"24620","2.546875","2.546875","2.546875"
"24630","2.421875","2.421875","2.421875"
"24640","2.21875","2.21875","2.21875"
"24650","2.5","2.5","2.5"
"24660","2.5","2.5","2.5"
"24670","2.421875","2.421875","2.421875"
"24680","2.265625","2.265625","2.265625"
"24690","2.484375","2.484375","2.484375"
"24700","2.546875","2.546875","2.546875"
"24710","2.359375","2.359375","2.359375"
"24720","3.0625","3.0625","3.0625"
"24730","1.9453125","1.9453125","1.9453125"
"24740","2.453125","2.453125","2.453125"
"24750","2.390625","2.390625","2.390625"
"24760","2.125","2.125","2.125"
"24770","2.34375","2.34375","2.34375"
"24780","2.015625","2.015625","2.015625"
"24790","2.15625","2.15625","2.15625"
"24800","2.765625","2.765625","2.765625"
"24810","2.484375","2.484375","2.484375"
"24820","2.53125","2.53125","2.53125"
"24830","2.21875","2.21875","2.21875"
"24840","2.328125","2.328125","2.328125"
"24850","3.296875","3.296875","3.296875"
"24860","2.421875","2.421875","2.421875"
"24870","2.25","2.25","2.25"
"24880","2.828125","2.828125","2.828125"
"24890","2.4375","2.4375","2.4375"
"24900","2.265625","2.265625","2.265625"
"24910","2.21875","2.21875","2.21875"
"24920","2.75","2.75","2.75"
"24930","2.671875","2.671875","2.671875"
"24940","3.109375","3.109375","3.109375"
"24950","2.9375","2.9375","2.9375"
"24960","2.53125","2.53125","2.53125"
"24970","2.25","2.25","2.25"
"24980","2.328125","2.328125","2.328125"
"24990","2.34375","2.34375","2.34375"
"25000","2.46875","2.46875","2.46875"
"25010","2.5625","2.5625","2.5625"
"25020","2.359375","2.359375","2.359375"
"25030","2.265625","2.265625","2.265625"
"25040","2.515625","2.515625","2.515625"
"25050","2.421875","2.421875","2.421875"
"25060","2.234375","2.234375","2.234375"
"25070","2.71875","2.71875","2.71875"
"25080","2.53125","2.53125","2.53125"
"25090","3.25","3.25","3.25"
"25100","2.28125","2.28125","2.28125"
"25110","2.421875","2.421875","2.421875"
"25120","2.15625","2.15625","2.15625"
"25130","2.1875","2.1875","2.1875"
"25140","2.75","2.75","2.75"
"25150","2.546875","2.546875","2.546875"
"25160","2.34375","2.34375","2.34375"
"25170","1.921875","1.921875","1.921875"
"25180","2.59375","2.59375","2.59375"
"25190","2.28125","2.28125","2.28125"
"25200","2.3125","2.3125","2.3125"
"25210","2.46875","2.46875","2.46875"
"25220","2.671875","2.671875","2.671875"
"25230","2.5","2.5","2.5"
"25240","2.515625","2.515625","2.515625"
"25250","2.953125","2.953125","2.953125"
"25260","2.671875","2.671875","2.671875"
"25270","2.1875","2.1875","2.1875"
"25280","1.9921875","1.9921875","1.9921875"
"25290","2.453125","2.453125","2.453125"
"25300","2.53125","2.53125","2.53125"
"25310","2.359375","2.359375","2.359375"
"25320","2.5625","2.5625","2.5625"
"25330","2.765625","2.765625","2.765625"
"25340","2.859375","2.859375","2.859375"
"25350","2.34375","2.34375","2.34375"
"25360","2.25","2.25","2.25"
"25370","2.828125","2.828125","2.828125"
"25380","2.3125","2.3125","2.3125"
"25390","2.734375","2.734375","2.734375"
"25400","2.28125","2.28125","2.28125"
"25410","1.984375","1.984375","1.984375"
"25420","2.40625","2.40625","2.40625"
"25430","2.4375","2.4375","2.4375"
"25440","2.359375","2.359375","2.359375"
"25450","2.484375","2.484375","2.484375"
"25460","2.578125","2.578125","2.578125"
"25470","2.25","2.25","2.25"
"25480","2.71875","2.71875","2.71875"
"25490","2.234375","2.234375","2.234375"
"25500","2.015625","2.015625","2.015625"
"25510","2.390625","2.390625","2.390625"
"25520","2.140625","2.140625","2.140625"
"25530","2.296875","2.296875","2.296875"
"25540","2.640625","2.640625","2.640625"
"25550","2.34375","2.34375","2.34375"
"25560","2.21875","2.21875","2.21875"
"25570","2.6875","2.6875","2.6875"
"25580","2.625","2.625","2.625"
"25590","2.390625","2.390625","2.390625"
"25600","2.703125","2.703125","2.703125"
"25610","2.15625","2.15625","2.15625"
"25620","2.265625","2.265625","2.265625"
"25630","3.4375","3.4375","3.4375"
"25640","2.515625","2.515625","2.515625"
"25650","2.46875","2.46875","2.46875"
"25660","2.234375","2.234375","2.234375"
"25670","2.5625","2.5625","2.5625"
"25680","2.8125","2.8125","2.8125"
"25690","2.25","2.25","2.25"
"25700","2.5625","2.5625","2.5625"
"25710","2.234375","2.234375","2.234375"
"25720","2.4375","2.4375","2.4375"
"25730","2.21875","2.21875","2.21875"
"25740","2.515625","2.515625","2.515625"
"25750","2.640625","2.640625","2.640625"
"25760","2.578125","2.578125","2.578125"
"25770","2.34375","2.34375","2.34375"
"25780","2.828125","2.828125","2.828125"
"25790","2.890625","2.890625","2.890625"
"25800","2.390625","2.390625","2.390625"
"25810","2.5625","2.5625","2.5625"
"25820","2.6875","2.6875","2.6875"
"25830","2.25","2.25","2.25"
"25840","2.625","2.625","2.625"
"25850","2.46875","2.46875","2.46875"
"25860","2.296875","2.296875","2.296875"
"25870","2.3125","2.3125","2.3125"
"25880","2.578125","2.578125","2.578125"
"25890","1.9609375","1.9609375","1.9609375"
"25900","2.125","2.125","2.125"
"25910","2.1875","2.1875","2.1875"
"25920","2.375","2.375","2.375"
"25930","2.3125","2.3125","2.3125"
"25940","2.28125","2.28125","2.28125"
"25950","2.28125","2.28125","2.28125"
"25960","2.265625","2.265625","2.265625"
"25970","2.40625","2.40625","2.40625"
"25980","2.453125","2.453125","2.453125"
"25990","2.234375","2.234375","2.234375"
"26000","2.515625","2.515625","2.515625"
"26010","2.5","2.5","2.5"
"26020","2.453125","2.453125","2.453125"
"26030","2.328125","2.328125","2.328125"
"26040","2.328125","2.328125","2.328125"
"26050","2.3125","2.3125","2.3125"
"26060","2.640625","2.640625","2.640625"
"26070","2.453125","2.453125","2.453125"
"26080","2.40625","2.40625","2.40625"
"26090","2.375","2.375","2.375"
"26100","2.578125","2.578125","2.578125"
"26110","2.28125","2.28125","2.28125"
"26120","2.21875","2.21875","2.21875"
"26130","2.390625","2.390625","2.390625"
"26140","2.71875","2.71875","2.71875"
"26150","1.9921875","1.9921875","1.9921875"
"26160","2.0625","2.0625","2.0625"
"26170","2.140625","2.140625","2.140625"
"26180","2.34375","2.34375","2.34375"
"26190","2.703125","2.703125","2.703125"
"26200","2.25","2.25","2.25"
"26210","2.390625","2.390625","2.390625"
"26220","2.3125","2.3125","2.3125"
"26230","2.40625","2.40625","2.40625"
"26240","2.59375","2.59375","2.59375"
"26250","2.265625","2.265625","2.265625"
"26260","2.703125","2.703125","2.703125"
"26270","2.46875","2.46875","2.46875"
"26280","2.9375","2.9375","2.9375"
"26290","2.4375","2.4375","2.4375"
"26300","2.1875","2.1875","2.1875"
"26310","2.8125","2.8125","2.8125"
"26320","5.3125","5.3125","5.3125"
"26330","2.75","2.75","2.75"
"26340","2.390625","2.390625","2.390625"
"26350","2.5625","2.5625","2.5625"
"26360","2.125","2.125","2.125"
"26370","2.40625","2.40625","2.40625"
"26380","3.875","3.875","3.875"
"26390","2.25","2.25","2.25"
"26400","2.296875","2.296875","2.296875"
"26410","2.421875","2.421875","2.421875"
"26420","2.09375","2.09375","2.09375"
"26430","2.375","2.375","2.375"
"26440","2","2","2"
"26450","2.28125","2.28125","2.28125"
"26460","2.40625","2.40625","2.40625"
"26470","2.28125","2.28125","2.28125"
"26480","2.71875","2.71875","2.71875"
"26490","2.5625","2.5625","2.5625"
"26500","2.125","2.125","2.125"
"26510","2.4375","2.4375","2.4375"
"26520","2.171875","2.171875","2.171875"
"26530","2.46875","2.46875","2.46875"
"26540","2.171875","2.171875","2.171875"
"26550","2.59375","2.59375","2.59375"
"26560","2.359375","2.359375","2.359375"
"26570","2.328125","2.328125","2.328125"
"26580","2.125","2.125","2.125"
"26590","2.5","2.5","2.5"
"26600","2.921875","2.921875","2.921875"
"26610","2.25","2.25","2.25"
"26620","2.6875","2.6875","2.6875"
"26630","2.15625","2.15625","2.15625"
"26640","2.3125","2.3125","2.3125"
"26650","2.96875","2.96875","2.96875"
"26660","2.328125","2.328125","2.328125"
"26670","2.15625","2.15625","2.15625"
"26680","2.3125","2.3125","2.3125"
"26690","2.171875","2.171875","2.171875"
"26700","2.359375","2.359375","2.359375"
"26710","2.390625","2.390625","2.390625"
"26720","1.8671875","1.8671875","1.8671875"
"26730","2.734375","2.734375","2.734375"
"26740","2.28125","2.28125","2.28125"
"26750","2.265625","2.265625","2.265625"
"26760","2.046875","2.046875","2.046875"
"26770","2.390625","2.390625","2.390625"
"26780","2.125","2.125","2.125"
"26790","2.296875","2.296875","2.296875"
"26800","2.28125","2.28125","2.28125"
"26810","2.484375","2.484375","2.484375"
"26820","2.640625","2.640625","2.640625"
"26830","2.328125","2.328125","2.328125"
"26840","2.46875","2.46875","2.46875"
"26850","2.375","2.375","2.375"
"26860","2.296875","2.296875","2.296875"
"26870","2.625","2.625","2.625"
"26880","2.28125","2.28125","2.28125"
"26890","2.1875","2.1875","2.1875"
"26900","2.1875","2.1875","2.1875"
"26910","2.3125","2.3125","2.3125"
"26920","2.375","2.375","2.375"
"26930","2.265625","2.265625","2.265625"
"26940","2.703125","2.703125","2.703125"
"26950","1.9609375","1.9609375","1.9609375"
"26960","2.296875","2.296875","2.296875"
"26970","2.859375","2.859375","2.859375"
"26980","2.75","2.75","2.75"
"26990","2.875","2.875","2.875"
"27000","2.359375","2.359375","2.359375"
"27010","3.0625","3.0625","3.0625"
"27020","2.4375","2.4375","2.4375"
"27030","2.265625","2.265625","2.265625"
"27040","2.125","2.125","2.125"
"27050","2.4375","2.4375","2.4375"
"27060","2.59375","2.59375","2.59375"
"27070","2.640625","2.640625","2.640625"
"27080","2.40625","2.40625","2.40625"
"27090","2.34375","2.34375","2.34375"
"27100","2.296875","2.296875","2.296875"
"27110","2.375","2.375","2.375"
"27120","2.671875","2.671875","2.671875"
"27130","2.234375","2.234375","2.234375"
"27140","2.5","2.5","2.5"
"27150","3.234375","3.234375","3.234375"
"27160","2.078125","2.078125","2.078125"
"27170","2.125","2.125","2.125"
"27180","2.46875","2.46875","2.46875"
"27190","2.390625","2.390625","2.390625"
"27200","2.34375","2.34375","2.34375"
"27210","3.203125","3.203125","3.203125"
"27220","2.59375","2.59375","2.59375"
"27230","2.1875","2.1875","2.1875"
"27240","2.125","2.125","2.125"
"27250","2.484375","2.484375","2.484375"
"27260","2.40625","2.40625","2.40625"
"27270","2.28125","2.28125","2.28125"
"27280","2.1875","2.1875","2.1875"
"27290","2.859375","2.859375","2.859375"
"27300","2.671875","2.671875","2.671875"
"27310","2.75","2.75","2.75"
"27320","2","2","2"
"27330","2.125","2.125","2.125"
"27340","2.6875","2.6875","2.6875"
"27350","2.359375","2.359375","2.359375"
"27360","2.21875","2.21875","2.21875"
"27370","2.390625","2.390625","2.390625"
"27380","2.359375","2.359375","2.359375"
"27390","2.0625","2.0625","2.0625"
"27400","1.9453125","1.9453125","1.9453125"
"27410","3.140625","3.140625","3.140625"
"27420","2.140625","2.140625","2.140625"
"27430","2.328125","2.328125","2.328125"
"27440","2.21875","2.21875","2.21875"
"27450","2.25","2.25","2.25"
"27460","2.40625","2.40625","2.40625"
"27470","2.265625","2.265625","2.265625"
"27480","2.625","2.625","2.625"
"27490","2.546875","2.546875","2.546875"
"27500","2.578125","2.578125","2.578125"
"27510","2.703125","2.703125","2.703125"
"27520","2.328125","2.328125","2.328125"
"27530","2.578125","2.578125","2.578125"
"27540","2.078125","2.078125","2.078125"
"27550","2.375","2.375","2.375"
"27560","1.859375","1.859375","1.859375"
"27570","2.390625","2.390625","2.390625"
"27580","2.84375","2.84375","2.84375"
"27590","2.796875","2.796875","2.796875"
"27600","2.28125","2.28125","2.28125"
"27610","3.328125","3.328125","3.328125"
"27620","2.375","2.375","2.375"
"27630","2.125","2.125","2.125"
"27640","2.28125","2.28125","2.28125"
"27650","2.578125","2.578125","2.578125"
"27660","2.40625","2.40625","2.40625"
"27670","2.21875","2.21875","2.21875"
"27680","1.9765625","1.9765625","1.9765625"
"27690","2.1875","2.1875","2.1875"
"27700","3.0625","3.0625","3.0625"
"27710","2.34375","2.34375","2.34375"
"27720","2.34375","2.34375","2.34375"
"27730","2.078125","2.078125","2.078125"
"27740","2.0625","2.0625","2.0625"
"27750","2.46875","2.46875","2.46875"
"27760","2.390625","2.390625","2.390625"
"27770","2.1875","2.1875","2.1875"
"27780","2.375","2.375","2.375"
"27790","3.375","3.375","3.375"
"27800","2.53125","2.53125","2.53125"
"27810","2.40625","2.40625","2.40625"
"27820","2.09375","2.09375","2.09375"
"27830","2.59375","2.59375","2.59375"
"27840","2.6875","2.6875","2.6875"
"27850","2.3125","2.3125","2.3125"
"27860","2.578125","2.578125","2.578125"
"27870","2.1875","2.1875","2.1875"
"27880","2.421875","2.421875","2.421875"
"27890","2.40625","2.40625","2.40625"
"27900","2.265625","2.265625","2.265625"
"27910","2.546875","2.546875","2.546875"
"27920","2.71875","2.71875","2.71875"
"27930","2.640625","2.640625","2.640625"
"27940","2.46875","2.46875","2.46875"
"27950","2.46875","2.46875","2.46875"
"27960","2.390625","2.390625","2.390625"
"27970","2.0625","2.0625","2.0625"
"27980","2.078125","2.078125","2.078125"
"27990","2.5625","2.5625","2.5625"
"28000","2.078125","2.078125","2.078125"
"28010","2.390625","2.390625","2.390625"
"28020","2.5625","2.5625","2.5625"
"28030","2.296875","2.296875","2.296875"
"28040","2.21875","2.21875","2.21875"
"28050","2.796875","2.796875","2.796875"
"28060","2.703125","2.703125","2.703125"
"28070","2.203125","2.203125","2.203125"
"28080","2.234375","2.234375","2.234375"
"28090","2.9375","2.9375","2.9375"
"28100","2.171875","2.171875","2.171875"
"28110","2.625","2.625","2.625"
"28120","2.25","2.25","2.25"
"28130","2.375","2.375","2.375"
"28140","2.46875","2.46875","2.46875"
"28150","2.09375","2.09375","2.09375"
"28160","2.109375","2.109375","2.109375"
"28170","2.796875","2.796875","2.796875"
"28180","2.828125","2.828125","2.828125"
"28190","2.875","2.875","2.875"
"28200","2.34375","2.34375","2.34375"
"28210","2.109375","2.109375","2.109375"
"28220","2.703125","2.703125","2.703125"
"28230","2.609375","2.609375","2.609375"
"28240","2.5625","2.5625","2.5625"
"28250","2.25","2.25","2.25"
"28260","2.4375","2.4375","2.4375"
"28270","1.984375","1.984375","1.984375"
"28280","2.125","2.125","2.125"
"28290","2.765625","2.765625","2.765625"
"28300","2.71875","2.71875","2.71875"
"28310","2.1875","2.1875","2.1875"
"28320","2.1875","2.1875","2.1875"
"28330","2.15625","2.15625","2.15625"
"28340","2.515625","2.515625","2.515625"
"28350","2.328125","2.328125","2.328125"
"28360","2.375","2.375","2.375"
"28370","2.453125","2.453125","2.453125"
"28380","2","2","2"
"28390","2.25","2.25","2.25"
"28400","2.734375","2.734375","2.734375"
"28410","2.71875","2.71875","2.71875"
"28420","2.53125","2.53125","2.53125"
"28430","2.5","2.5","2.5"
"28440","2.375","2.375","2.375"
"28450","2.265625","2.265625","2.265625"
"28460","2.359375","2.359375","2.359375"
"28470","2.203125","2.203125","2.203125"
"28480","1.96875","1.96875","1.96875"
"28490","2.28125","2.28125","2.28125"
"28500","2.09375","2.09375","2.09375"
"28510","2.5625","2.5625","2.5625"
"28520","1.984375","1.984375","1.984375"
"28530","2.390625","2.390625","2.390625"
"28540","2.21875","2.21875","2.21875"
"28550","2.34375","2.34375","2.34375"
"28560","2.59375","2.59375","2.59375"
"28570","2.46875","2.46875","2.46875"
"28580","2.328125","2.328125","2.328125"
"28590","2.171875","2.171875","2.171875"
"28600","2.0625","2.0625","2.0625"
"28610","2.125","2.125","2.125"
"28620","2.234375","2.234375","2.234375"
"28630","2.203125","2.203125","2.203125"
"28640","2.234375","2.234375","2.234375"
"28650","2.609375","2.609375","2.609375"
"28660","2.4375","2.4375","2.4375"
"28670","2.46875","2.46875","2.46875"
"28680","2.546875","2.546875","2.546875"
"28690","2.546875","2.546875","2.546875"
"28700","2.75","2.75","2.75"
"28710","2.46875","2.46875","2.46875"
"28720","2.5","2.5","2.5"
"28730","2.234375","2.234375","2.234375"
"28740","2.453125","2.453125","2.453125"
"28750","2.28125","2.28125","2.28125"
"28760","2.1875","2.1875","2.1875"
"28770","2.34375","2.34375","2.34375"
"28780","2.140625","2.140625","2.140625"
"28790","2.4375","2.4375","2.4375"
"28800","2.453125","2.453125","2.453125"
"28810","2.25","2.25","2.25"
"28820","2.828125","2.828125","2.828125"
"28830","2.53125","2.53125","2.53125"
"28840","2.25","2.25","2.25"
"28850","2.140625","2.140625","2.140625"
"28860","2.390625","2.390625","2.390625"
"28870","2.234375","2.234375","2.234375"
"28880","2.40625","2.40625","2.40625"
"28890","2.75","2.75","2.75"
"28900","2.375","2.375","2.375"
"28910","2.328125","2.328125","2.328125"
"28920","2.65625","2.65625","2.65625"
"28930","2.375","2.375","2.375"
"28940","2.421875","2.421875","2.421875"
"28950","2.046875","2.046875","2.046875"
"28960","2.09375","2.09375","2.09375"
"28970","2.6875","2.6875","2.6875"
"28980","2.234375","2.234375","2.234375"
"28990","2.265625","2.265625","2.265625"
"29000","2.03125","2.03125","2.03125"
"29010","2.484375","2.484375","2.484375"
"29020","2.125","2.125","2.125"
"29030","2.5","2.5","2.5"
"29040","2.140625","2.140625","2.140625"
"29050","2.375","2.375","2.375"
"29060","2.3125","2.3125","2.3125"
"29070","2.09375","2.09375","2.09375"
"29080","2.40625","2.40625","2.40625"
"29090","2.28125","2.28125","2.28125"
"29100","2.1875","2.1875","2.1875"
"29110","2.515625","2.515625","2.515625"
"29120","2.203125","2.203125","2.203125"
"29130","2.3125","2.3125","2.3125"
"29140","2.640625","2.640625","2.640625"
"29150","2.828125","2.828125","2.828125"
"29160","2.390625","2.390625","2.390625"
"29170","1.9765625","1.9765625","1.9765625"
"29180","2.4375","2.4375","2.4375"
"29190","2.421875","2.421875","2.421875"
"29200","2.328125","2.328125","2.328125"
"29210","2.5","2.5","2.5"
"29220","2.28125","2.28125","2.28125"
"29230","2.78125","2.78125","2.78125"
"29240","2.4375","2.4375","2.4375"
"29250","2.296875","2.296875","2.296875"
"29260","2.109375","2.109375","2.109375"
"29270","2.4375","2.4375","2.4375"
"29280","3.015625","3.015625","3.015625"
"29290","2.359375","2.359375","2.359375"
"29300","2.75","2.75","2.75"
"29310","2.546875","2.546875","2.546875"
"29320","2.390625","2.390625","2.390625"
"29330","2.4375","2.4375","2.4375"
"29340","2.203125","2.203125","2.203125"
"29350","2.484375","2.484375","2.484375"
"29360","2.109375","2.109375","2.109375"
"29370","2.3125","2.3125","2.3125"
"29380","2.203125","2.203125","2.203125"
"29390","2.390625","2.390625","2.390625"
"29400","2.65625","2.65625","2.65625"
"29410","2.234375","2.234375","2.234375"
"29420","2.3125","2.3125","2.3125"
"29430","2.328125","2.328125","2.328125"
"29440","2.484375","2.484375","2.484375"
"29450","2.453125","2.453125","2.453125"
"29460","2.859375","2.859375","2.859375"
"29470","2.390625","2.390625","2.390625"
"29480","2.546875","2.546875","2.546875"
"29490","2.1875","2.1875","2.1875"
"29500","2.5","2.5","2.5"
"29510","2.21875","2.21875","2.21875"
"29520","2.125","2.125","2.125"
"29530","2.765625","2.765625","2.765625"
"29540","2.40625","2.40625","2.40625"
"29550","2.375","2.375","2.375"
"29560","2.1875","2.1875","2.1875"
"29570","2.28125","2.28125","2.28125"
"29580","2","2","2"
"29590","2.171875","2.171875","2.171875"
"29600","2.921875","2.921875","2.921875"
"29610","2.234375","2.234375","2.234375"
"29620","2.265625","2.265625","2.265625"
"29630","2.421875","2.421875","2.421875"
"29640","2.109375","2.109375","2.109375"
"29650","2.609375","2.609375","2.609375"
"29660","2.078125","2.078125","2.078125"
"29670","2.296875","2.296875","2.296875"
"29680","2.375","2.375","2.375"
"29690","2.484375","2.484375","2.484375"
"29700","2.21875","2.21875","2.21875"
"29710","2.21875","2.21875","2.21875"
"29720","2.53125","2.53125","2.53125"
"29730","2.265625","2.265625","2.265625"
"29740","2.140625","2.140625","2.140625"
"29750","2.28125","2.28125","2.28125"
"29760","2.984375","2.984375","2.984375"
"29770","2.46875","2.46875","2.46875"
"29780","2.34375","2.34375","2.34375"
"29790","2.578125","2.578125","2.578125"
"29800","1.96875","1.96875","1.96875"
"29810","2.546875","2.546875","2.546875"
"29820","2.78125","2.78125","2.78125"
"29830","2.453125","2.453125","2.453125"
"29840","2.390625","2.390625","2.390625"
"29850","2.453125","2.453125","2.453125"
"29860","2.296875","2.296875","2.296875"
"29870","2.96875","2.96875","2.96875"
"29880","2.28125","2.28125","2.28125"
"29890","2.453125","2.453125","2.453125"
"29900","2.375","2.375","2.375"
"29910","2.203125","2.203125","2.203125"
"29920","2.53125","2.53125","2.53125"
"29930","2.109375","2.109375","2.109375"
"29940","2.0625","2.0625","2.0625"
"29950","2.234375","2.234375","2.234375"
"29960","2.25","2.25","2.25"
"29970","2.5625","2.5625","2.5625"
"29980","2.25","2.25","2.25"
"29990","2.34375","2.34375","2.34375"
"30000","2.359375","2.359375","2.359375"
"30010","2.09375","2.09375","2.09375"
"30020","2.125","2.125","2.125"
"30030","2.296875","2.296875","2.296875"
"30040","2.390625","2.390625","2.390625"
"30050","2.296875","2.296875","2.296875"
"30060","2.1875","2.1875","2.1875"
"30070","2.046875","2.046875","2.046875"
"30080","2.71875","2.71875","2.71875"
"30090","2.390625","2.390625","2.390625"
"30100","2.578125","2.578125","2.578125"
"30110","2.6875","2.6875","2.6875"
"30120","2.90625","2.90625","2.90625"
"30130","2.328125","2.328125","2.328125"
"30140","2.390625","2.390625","2.390625"
"30150","2","2","2"
"30160","2.21875","2.21875","2.21875"
"30170","2.390625","2.390625","2.390625"
"30180","2.15625","2.15625","2.15625"
"30190","2.671875","2.671875","2.671875"
"30200","2.578125","2.578125","2.578125"
"30210","2.390625","2.390625","2.390625"
"30220","2.125","2.125","2.125"
"30230","2.921875","2.921875","2.921875"
"30240","2.46875","2.46875","2.46875"
"30250","2.140625","2.140625","2.140625"
"30260","2.234375","2.234375","2.234375"
"30270","2.234375","2.234375","2.234375"
"30280","2.375","2.375","2.375"
"30290","2.328125","2.328125","2.328125"
"30300","2.375","2.375","2.375"
"30310","2.28125","2.28125","2.28125"
"30320","2.25","2.25","2.25"
"30330","2.25","2.25","2.25"
"30340","2.578125","2.578125","2.578125"
"30350","2.359375","2.359375","2.359375"
"30360","2.625","2.625","2.625"
"30370","2.359375","2.359375","2.359375"
"30380","2.671875","2.671875","2.671875"
"30390","2.53125","2.53125","2.53125"
"30400","2.3125","2.3125","2.3125"
"30410","2.140625","2.140625","2.140625"
"30420","2.390625","2.390625","2.390625"
"30430","2.203125","2.203125","2.203125"
"30440","2.625","2.625","2.625"
"30450","2.1875","2.1875","2.1875"
"30460","2.703125","2.703125","2.703125"
"30470","2.640625","2.640625","2.640625"
"30480","2.15625","2.15625","2.15625"
"30490","2.46875","2.46875","2.46875"
"30500","2.4375","2.4375","2.4375"
"30510","2.546875","2.546875","2.546875"
"30520","2.265625","2.265625","2.265625"
"30530","2.25","2.25","2.25"
"30540","1.9609375","1.9609375","1.9609375"
"30550","2.875","2.875","2.875"
"30560","2.375","2.375","2.375"
"30570","2.828125","2.828125","2.828125"
"30580","2.328125","2.328125","2.328125"
"30590","2.328125","2.328125","2.328125"
"30600","1.9921875","1.9921875","1.9921875"
"30610","2.40625","2.40625","2.40625"
"30620","2.578125","2.578125","2.578125"
"30630","2.8125","2.8125","2.8125"
"30640","2.40625","2.40625","2.40625"
"30650","2.53125","2.53125","2.53125"
"30660","2.5625","2.5625","2.5625"
"30670","2.828125","2.828125","2.828125"
"30680","2.421875","2.421875","2.421875"
"30690","2.234375","2.234375","2.234375"
"30700","2.3125","2.3125","2.3125"
"30710","2.359375","2.359375","2.359375"
"30720","2.15625","2.15625","2.15625"
"30730","2.21875","2.21875","2.21875"
"30740","2.453125","2.453125","2.453125"
"30750","2.5625","2.5625","2.5625"
"30760","2.734375","2.734375","2.734375"
"30770","2.328125","2.328125","2.328125"
"30780","2.46875","2.46875","2.46875"
"30790","2.203125","2.203125","2.203125"
"30800","2.125","2.125","2.125"
"30810","2.203125","2.203125","2.203125"
"30820","2.25","2.25","2.25"
"30830","1.984375","1.984375","1.984375"
"30840","2.515625","2.515625","2.515625"
"30850","2.3125","2.3125","2.3125"
"30860","2.40625","2.40625","2.40625"
"30870","2.25","2.25","2.25"
"30880","2.640625","2.640625","2.640625"
"30890","2.328125","2.328125","2.328125"
"30900","2.65625","2.65625","2.65625"
"30910","2.25","2.25","2.25"
"30920","2.609375","2.609375","2.609375"
"30930","2.75","2.75","2.75"
"30940","2.203125","2.203125","2.203125"
"30950","2.59375","2.59375","2.59375"
"30960","2.21875","2.21875","2.21875"
"30970","2.453125","2.453125","2.453125"
"30980","2.5","2.5","2.5"
"30990","2.1875","2.1875","2.1875"
"31000","2.484375","2.484375","2.484375"
"31010","2.125","2.125","2.125"
"31020","2.78125","2.78125","2.78125"
"31030","2.578125","2.578125","2.578125"
"31040","2.203125","2.203125","2.203125"
"31050","2.359375","2.359375","2.359375"
"31060","2.46875","2.46875","2.46875"
"31070","2.625","2.625","2.625"
"31080","2.625","2.625","2.625"
"31090","2.328125","2.328125","2.328125"
"31100","2.59375","2.59375","2.59375"
"31110","2.59375","2.59375","2.59375"
"31120","2.3125","2.3125","2.3125"
"31130","2.21875","2.21875","2.21875"
"31140","2.25","2.25","2.25"
"31150","2.25","2.25","2.25"
"31160","2.203125","2.203125","2.203125"
"31170","2.421875","2.421875","2.421875"
"31180","2.171875","2.171875","2.171875"
"31190","2.53125","2.53125","2.53125"
"31200","2.015625","2.015625","2.015625"
"31210","2.53125","2.53125","2.53125"
"31220","2.609375","2.609375","2.609375"
"31230","2.625","2.625","2.625"
"31240","2.234375","2.234375","2.234375"
"31250","2.25","2.25","2.25"
"31260","2.03125","2.03125","2.03125"
"31270","2.21875","2.21875","2.21875"
"31280","3.0625","3.0625","3.0625"
"31290","2.15625","2.15625","2.15625"
"31300","2.265625","2.265625","2.265625"
"31310","2.421875","2.421875","2.421875"
"31320","2.296875","2.296875","2.296875"
"31330","2.203125","2.203125","2.203125"
"31340","2.390625","2.390625","2.390625"
"31350","2.421875","2.421875","2.421875"
"31360","2.296875","2.296875","2.296875"
"31370","2.140625","2.140625","2.140625"
"31380","2.265625","2.265625","2.265625"
"31390","2.34375","2.34375","2.34375"
"31400","2.296875","2.296875","2.296875"
"31410","2.5625","2.5625","2.5625"
"31420","2.515625","2.515625","2.515625"
"31430","2.203125","2.203125","2.203125"
"31440","2.390625","2.390625","2.390625"
"31450","2.28125","2.28125","2.28125"
"31460","2.96875","2.96875","2.96875"
"31470","2.15625","2.15625","2.15625"
"31480","2.1875","2.1875","2.1875"
"31490","2.453125","2.453125","2.453125"
"31500","2.546875","2.546875","2.546875"
"31510","2.203125","2.203125","2.203125"
"31520","2.375","2.375","2.375"
"31530","2.609375","2.609375","2.609375"
"31540","2.703125","2.703125","2.703125"
"31550","2.453125","2.453125","2.453125"
"31560","2.234375","2.234375","2.234375"
"31570","2.40625","2.40625","2.40625"
"31580","2.46875","2.46875","2.46875"
"31590","2.375","2.375","2.375"
"31600","2.15625","2.15625","2.15625"
"31610","2.203125","2.203125","2.203125"
"31620","2.015625","2.015625","2.015625"
"31630","2.265625","2.265625","2.265625"
"31640","2.203125","2.203125","2.203125"
"31650","2.171875","2.171875","2.171875"
"31660","2.28125","2.28125","2.28125"
"31670","2.765625","2.765625","2.765625"
"31680","2.0625","2.0625","2.0625"
"31690","2.578125","2.578125","2.578125"
"31700","3","3","3"
"31710","2.453125","2.453125","2.453125"
"31720","2.203125","2.203125","2.203125"
"31730","2.65625","2.65625","2.65625"
"31740","2.1875","2.1875","2.1875"
"31750","2.421875","2.421875","2.421875"
"31760","3.171875","3.171875","3.171875"
"31770","2.328125","2.328125","2.328125"
"31780","2.359375","2.359375","2.359375"
"31790","2.375","2.375","2.375"
"31800","2.046875","2.046875","2.046875"
"31810","2.40625","2.40625","2.40625"
"31820","2.25","2.25","2.25"
"31830","2.65625","2.65625","2.65625"
"31840","2.4375","2.4375","2.4375"
"31850","2.140625","2.140625","2.140625"
"31860","2.59375","2.59375","2.59375"
"31870","2.296875","2.296875","2.296875"
"31880","2.84375","2.84375","2.84375"
"31890","2.515625","2.515625","2.515625"
"31900","2.234375","2.234375","2.234375"
"31910","2.203125","2.203125","2.203125"
"31920","2.359375","2.359375","2.359375"
"31930","2.546875","2.546875","2.546875"
"31940","2.1875","2.1875","2.1875"
"31950","2.171875","2.171875","2.171875"
"31960","2.671875","2.671875","2.671875"
"31970","2.84375","2.84375","2.84375"
"31980","2.109375","2.109375","2.109375"
"31990","2.46875","2.46875","2.46875"
"32000","2.171875","2.171875","2.171875"
"32010","2.140625","2.140625","2.140625"
"32020","2.140625","2.140625","2.140625"
"32030","2.484375","2.484375","2.484375"
"32040","2.640625","2.640625","2.640625"
"32050","2.3125","2.3125","2.3125"
"32060","2.34375","2.34375","2.34375"
"32070","2.421875","2.421875","2.421875"
"32080","2.734375","2.734375","2.734375"
"32090","2.265625","2.265625","2.265625"
"32100","2.1875","2.1875","2.1875"
"32110","2.546875","2.546875","2.546875"
"32120","2.265625","2.265625","2.265625"
"32130","2.015625","2.015625","2.015625"
"32140","2.09375","2.09375","2.09375"
"32150","2.0625","2.0625","2.0625"
"32160","2.21875","2.21875","2.21875"
"32170","2.1875","2.1875","2.1875"
"32180","2.203125","2.203125","2.203125"
"32190","2.1875","2.1875","2.1875"
"32200","2.25","2.25","2.25"
"32210","2.125","2.125","2.125"
"32220","2.171875","2.171875","2.171875"
"32230","2.140625","2.140625","2.140625"
"32240","2.109375","2.109375","2.109375"
"32250","2.390625","2.390625","2.390625"
"32260","2.296875","2.296875","2.296875"
"32270","2.671875","2.671875","2.671875"
"32280","2.640625","2.640625","2.640625"
"32290","2.65625","2.65625","2.65625"
"32300","2.203125","2.203125","2.203125"
"32310","2.265625","2.265625","2.265625"
"32320","2.484375","2.484375","2.484375"
"32330","2.296875","2.296875","2.296875"
"32340","2.78125","2.78125","2.78125"
"32350","2.109375","2.109375","2.109375"
"32360","2.453125","2.453125","2.453125"
"32370","2","2","2"
"32380","2.375","2.375","2.375"
"32390","2.109375","2.109375","2.109375"
"32400","2.65625","2.65625","2.65625"
"32410","2.109375","2.109375","2.109375"
"32420","2.71875","2.71875","2.71875"
"32430","2.453125","2.453125","2.453125"
"32440","2.703125","2.703125","2.703125"
"32450","2.15625","2.15625","2.15625"
"32460","2.734375","2.734375","2.734375"
"32470","2.15625","2.15625","2.15625"
"32480","2.453125","2.453125","2.453125"
"32490","2.484375","2.484375","2.484375"
"32500","2.6875","2.6875","2.6875"
"32510","2.375","2.375","2.375"
"32520","2.390625","2.390625","2.390625"
"32530","2.265625","2.265625","2.265625"
"32540","2.015625","2.015625","2.015625"
"32550","2.125","2.125","2.125"
"32560","2.578125","2.578125","2.578125"
"32570","2.484375","2.484375","2.484375"
"32580","2.5625","2.5625","2.5625"
"32590","2.421875","2.421875","2.421875"
"32600","2.5625","2.5625","2.5625"
"32610","2.1875","2.1875","2.1875"
"32620","2.25","2.25","2.25"
"32630","2.234375","2.234375","2.234375"
"32640","2.328125","2.328125","2.328125"
"32650","2.46875","2.46875","2.46875"
"32660","2","2","2"
"32670","2.4375","2.4375","2.4375"
"32680","2.015625","2.015625","2.015625"
"32690","2.46875","2.46875","2.46875"
"32700","3.0625","3.0625","3.0625"
"32710","2.078125","2.078125","2.078125"
"32720","2.125","2.125","2.125"
"32730","2.828125","2.828125","2.828125"
"32740","2.375","2.375","2.375"
"32750","2.40625","2.40625","2.40625"
"32760","2.328125","2.328125","2.328125"
"32770","2.265625","2.265625","2.265625"
"32780","2.703125","2.703125","2.703125"
"32790","2.296875","2.296875","2.296875"
"32800","2.421875","2.421875","2.421875"
"32810","2.234375","2.234375","2.234375"
"32820","2.21875","2.21875","2.21875"
"32830","2.09375","2.09375","2.09375"
"32840","2.53125","2.53125","2.53125"
"32850","2.09375","2.09375","2.09375"
"32860","2.3125","2.3125","2.3125"
"32870","2.46875","2.46875","2.46875"
"32880","2.09375","2.09375","2.09375"
"32890","2.65625","2.65625","2.65625"
"32900","2.375","2.375","2.375"
"32910","2.1875","2.1875","2.1875"
"32920","2.125","2.125","2.125"
"32930","2.125","2.125","2.125"
"32940","2.015625","2.015625","2.015625"
"32950","2.609375","2.609375","2.609375"
"32960","2.65625","2.65625","2.65625"
"32970","1.953125","1.953125","1.953125"
"32980","2.359375","2.359375","2.359375"
"32990","2.265625","2.265625","2.265625"
"33000","2.3125","2.3125","2.3125"
"33010","2.421875","2.421875","2.421875"
"33020","2.515625","2.515625","2.515625"
"33030","2.65625","2.65625","2.65625"
"33040","2.421875","2.421875","2.421875"
"33050","2.34375","2.34375","2.34375"
"33060","2.265625","2.265625","2.265625"
"33070","2.15625","2.15625","2.15625"
"33080","2.5625","2.5625","2.5625"
"33090","2.625","2.625","2.625"
"33100","2.296875","2.296875","2.296875"
"33110","2.125","2.125","2.125"
"33120","2.546875","2.546875","2.546875"
"33130","1.96875","1.96875","1.96875"
"33140","2.921875","2.921875","2.921875"
"33150","2.390625","2.390625","2.390625"
"33160","2.46875","2.46875","2.46875"
"33170","2.296875","2.296875","2.296875"
"33180","2.234375","2.234375","2.234375"
"33190","2.390625","2.390625","2.390625"
"33200","2.375","2.375","2.375"
"33210","2.5","2.5","2.5"
"33220","2.3125","2.3125","2.3125"
"33230","2.328125","2.328125","2.328125"
"33240","2.09375","2.09375","2.09375"
"33250","2.09375","2.09375","2.09375"
"33260","1.9765625","1.9765625","1.9765625"
"33270","2.75","2.75","2.75"
"33280","3.140625","3.140625","3.140625"
"33290","2.375","2.375","2.375"
"33300","2.8125","2.8125","2.8125"
"33310","2.625","2.625","2.625"
"33320","2.1875","2.1875","2.1875"
"33330","2.296875","2.296875","2.296875"
"33340","2.21875","2.21875","2.21875"
"33350","2.3125","2.3125","2.3125"
"33360","2.125","2.125","2.125"
"33370","2.875","2.875","2.875"
"33380","2.21875","2.21875","2.21875"
"33390","2.9375","2.9375","2.9375"
"33400","2.75","2.75","2.75"
"33410","2.25","2.25","2.25"
"33420","2.0625","2.0625","2.0625"
"33430","2.375","2.375","2.375"
"33440","2.8125","2.8125","2.8125"
"33450","2.171875","2.171875","2.171875"
"33460","2.6875","2.6875","2.6875"
"33470","2.421875","2.421875","2.421875"
"33480","2.28125","2.28125","2.28125"
"33490","2.453125","2.453125","2.453125"
"33500","2.46875","2.46875","2.46875"
"33510","2.40625","2.40625","2.40625"
"33520","2.21875","2.21875","2.21875"
"33530","2.28125","2.28125","2.28125"
"33540","2.046875","2.046875","2.046875"
"33550","2.328125","2.328125","2.328125"
"33560","2.515625","2.515625","2.515625"
"33570","2.203125","2.203125","2.203125"
"33580","2.71875","2.71875","2.71875"
"33590","2.296875","2.296875","2.296875"
"33600","2.734375","2.734375","2.734375"
"33610","2.59375","2.59375","2.59375"
"33620","2.40625","2.40625","2.40625"
"33630","2.09375","2.09375","2.09375"
"33640","2.5625","2.5625","2.5625"
"33650","2.125","2.125","2.125"
"33660","2.078125","2.078125","2.078125"
"33670","2.9375","2.9375","2.9375"
"33680","2.171875","2.171875","2.171875"
"33690","2.328125","2.328125","2.328125"
"33700","2.515625","2.515625","2.515625"