"Step","deep-planet-14 - ce_loss","deep-planet-14 - ce_loss__MIN","deep-planet-14 - ce_loss__MAX"
"0","11.5","11.5","11.5"
"10","11.4375","11.4375","11.4375"
"20","11.4375","11.4375","11.4375"
"30","11.25","11.25","11.25"
"40","10.8125","10.8125","10.8125"
"50","10.9375","10.9375","10.9375"
"60","10.375","10.375","10.375"
"70","10.4375","10.4375","10.4375"
"80","10.0625","10.0625","10.0625"
"90","10.5625","10.5625","10.5625"
"100","9.6875","9.6875","9.6875"
"110","9.3125","9.3125","9.3125"
"120","8.8125","8.8125","8.8125"
"130","9.25","9.25","9.25"
"140","9.1875","9.1875","9.1875"
"150","9.1875","9.1875","9.1875"
"160","10","10","10"
"170","8.5625","8.5625","8.5625"
"180","9.5625","9.5625","9.5625"
"190","9.125","9.125","9.125"
"200","8.3125","8.3125","8.3125"
"210","7.875","7.875","7.875"
"220","8.1875","8.1875","8.1875"
"230","8.375","8.375","8.375"
"240","7.0625","7.0625","7.0625"
"250","7.9375","7.9375","7.9375"
"260","8.4375","8.4375","8.4375"
"270","8.25","8.25","8.25"
"280","8.25","8.25","8.25"
"290","7.375","7.375","7.375"
"300","8.1875","8.1875","8.1875"
"310","6.84375","6.84375","6.84375"
"320","7.6875","7.6875","7.6875"
"330","7.6875","7.6875","7.6875"
"340","8.25","8.25","8.25"
"350","8.0625","8.0625","8.0625"
"360","6.78125","6.78125","6.78125"
"370","6.9375","6.9375","6.9375"
"380","6.65625","6.65625","6.65625"
"390","7.03125","7.03125","7.03125"
"400","7","7","7"
"410","7.46875","7.46875","7.46875"
"420","7.78125","7.78125","7.78125"
"430","7.21875","7.21875","7.21875"
"440","7.5","7.5","7.5"
"450","7.25","7.25","7.25"
"460","7.25","7.25","7.25"
"470","7.03125","7.03125","7.03125"
"480","7.375","7.375","7.375"
"490","6.53125","6.53125","6.53125"
"500","6.71875","6.71875","6.71875"
"510","6.46875","6.46875","6.46875"
"520","7","7","7"
"530","6.21875","6.21875","6.21875"
"540","6.8125","6.8125","6.8125"
"550","6.71875","6.71875","6.71875"
"560","7.25","7.25","7.25"
"570","6.5","6.5","6.5"
"580","7.375","7.375","7.375"
"590","6.9375","6.9375","6.9375"
"600","6.4375","6.4375","6.4375"
"610","7.03125","7.03125","7.03125"
"620","6.09375","6.09375","6.09375"
"630","7.5","7.5","7.5"
"640","7.0625","7.0625","7.0625"
"650","6.5","6.5","6.5"
"660","7.28125","7.28125","7.28125"
"670","7.875","7.875","7.875"
"680","7.53125","7.53125","7.53125"
"690","7.3125","7.3125","7.3125"
"700","6.96875","6.96875","6.96875"
"710","7.34375","7.34375","7.34375"
"720","6.15625","6.15625","6.15625"
"730","6.6875","6.6875","6.6875"
"740","7.59375","7.59375","7.59375"
"750","5.9375","5.9375","5.9375"
"760","6.71875","6.71875","6.71875"
"770","6.71875","6.71875","6.71875"
"780","6.40625","6.40625","6.40625"
"790","7","7","7"
"800","8.125","8.125","8.125"
"810","6.9375","6.9375","6.9375"
"820","6.5","6.5","6.5"
"830","6.1875","6.1875","6.1875"
"840","6.65625","6.65625","6.65625"
"850","6.75","6.75","6.75"
"860","7.03125","7.03125","7.03125"
"870","7.1875","7.1875","7.1875"
"880","6.75","6.75","6.75"
"890","6.125","6.125","6.125"
"900","6.6875","6.6875","6.6875"
"910","6.8125","6.8125","6.8125"
"920","6.8125","6.8125","6.8125"
"930","6.46875","6.46875","6.46875"
"940","6.625","6.625","6.625"
"950","5.71875","5.71875","5.71875"
"960","7.09375","7.09375","7.09375"
"970","6.8125","6.8125","6.8125"
"980","6.4375","6.4375","6.4375"
"990","6.125","6.125","6.125"
"1000","7.125","7.125","7.125"
"1010","7.15625","7.15625","7.15625"
"1020","6.03125","6.03125","6.03125"
"1030","7.40625","7.40625","7.40625"
"1040","6.71875","6.71875","6.71875"
"1050","6.75","6.75","6.75"
"1060","6.59375","6.59375","6.59375"
"1070","6.1875","6.1875","6.1875"
"1080","6.21875","6.21875","6.21875"
"1090","6.5625","6.5625","6.5625"
"1100","6.5","6.5","6.5"
"1110","6.5","6.5","6.5"
"1120","6.09375","6.09375","6.09375"
"1130","5.5","5.5","5.5"
"1140","6.28125","6.28125","6.28125"
"1150","5.625","5.625","5.625"
"1160","5.1875","5.1875","5.1875"
"1170","6.5","6.5","6.5"
"1180","6.03125","6.03125","6.03125"
"1190","6.28125","6.28125","6.28125"
"1200","5.375","5.375","5.375"
"1210","5.78125","5.78125","5.78125"
"1220","5.6875","5.6875","5.6875"
"1230","6.5625","6.5625","6.5625"
"1240","5.78125","5.78125","5.78125"
"1250","5.15625","5.15625","5.15625"
"1260","6.125","6.125","6.125"
"1270","6.3125","6.3125","6.3125"
"1280","5.6875","5.6875","5.6875"
"1290","5.3125","5.3125","5.3125"
"1300","6.0625","6.0625","6.0625"
"1310","6.3125","6.3125","6.3125"
"1320","6.6875","6.6875","6.6875"
"1330","6.6875","6.6875","6.6875"
"1340","6.125","6.125","6.125"
"1350","5.34375","5.34375","5.34375"
"1360","5.75","5.75","5.75"
"1370","6.4375","6.4375","6.4375"
"1380","5.875","5.875","5.875"
"1390","5.8125","5.8125","5.8125"
"1400","4.96875","4.96875","4.96875"
"1410","6.21875","6.21875","6.21875"
"1420","5.59375","5.59375","5.59375"
"1430","5","5","5"
"1440","5.6875","5.6875","5.6875"
"1450","4.9375","4.9375","4.9375"
"1460","4.46875","4.46875","4.46875"
"1470","6.34375","6.34375","6.34375"
"1480","6.40625","6.40625","6.40625"
"1490","5.3125","5.3125","5.3125"
"1500","6.1875","6.1875","6.1875"
"1510","4.53125","4.53125","4.53125"
"1520","5.875","5.875","5.875"
"1530","5.75","5.75","5.75"
"1540","5.34375","5.34375","5.34375"
"1550","4.8125","4.8125","4.8125"
"1560","5.9375","5.9375","5.9375"
"1570","6.5","6.5","6.5"
"1580","5.625","5.625","5.625"
"1590","4.09375","4.09375","4.09375"
"1600","5.5","5.5","5.5"
"1610","5.28125","5.28125","5.28125"
"1620","5.375","5.375","5.375"
"1630","4.34375","4.34375","4.34375"
"1640","4.96875","4.96875","4.96875"
"1650","4.90625","4.90625","4.90625"
"1660","6.0625","6.0625","6.0625"
"1670","5.125","5.125","5.125"
"1680","4.25","4.25","4.25"
"1690","5.40625","5.40625","5.40625"
"1700","4.15625","4.15625","4.15625"
"1710","4.875","4.875","4.875"
"1720","4.40625","4.40625","4.40625"
"1730","5.125","5.125","5.125"
"1740","4.125","4.125","4.125"
"1750","4.59375","4.59375","4.59375"
"1760","4.53125","4.53125","4.53125"
"1770","5.53125","5.53125","5.53125"
"1780","5.46875","5.46875","5.46875"
"1790","5.875","5.875","5.875"
"1800","4.3125","4.3125","4.3125"
"1810","5.3125","5.3125","5.3125"
"1820","4.9375","4.9375","4.9375"
"1830","5.15625","5.15625","5.15625"
"1840","4.875","4.875","4.875"
"1850","5.59375","5.59375","5.59375"
"1860","5.65625","5.65625","5.65625"
"1870","3.90625","3.90625","3.90625"
"1880","4.40625","4.40625","4.40625"
"1890","4.78125","4.78125","4.78125"
"1900","6.0625","6.0625","6.0625"
"1910","4.65625","4.65625","4.65625"
"1920","3.578125","3.578125","3.578125"
"1930","3.359375","3.359375","3.359375"
"1940","4.65625","4.65625","4.65625"
"1950","4.84375","4.84375","4.84375"
"1960","4.125","4.125","4.125"
"1970","4.96875","4.96875","4.96875"
"1980","4.5625","4.5625","4.5625"
"1990","5.25","5.25","5.25"
"2000","5.84375","5.84375","5.84375"
"2010","3.515625","3.515625","3.515625"
"2020","5.9375","5.9375","5.9375"
"2030","6.03125","6.03125","6.03125"
"2040","5.90625","5.90625","5.90625"
"2050","3.6875","3.6875","3.6875"
"2060","4.84375","4.84375","4.84375"
"2070","3.1875","3.1875","3.1875"
"2080","4.21875","4.21875","4.21875"
"2090","5.28125","5.28125","5.28125"
"2100","4.375","4.375","4.375"
"2110","3.90625","3.90625","3.90625"
"2120","6.15625","6.15625","6.15625"
"2130","3.78125","3.78125","3.78125"
"2140","3.140625","3.140625","3.140625"
"2150","4.28125","4.28125","4.28125"
"2160","4.625","4.625","4.625"
"2170","3.625","3.625","3.625"
"2180","4.375","4.375","4.375"
"2190","4.375","4.375","4.375"
"2200","4.75","4.75","4.75"
"2210","2.71875","2.71875","2.71875"
"2220","3.609375","3.609375","3.609375"
"2230","6.28125","6.28125","6.28125"
"2240","2.671875","2.671875","2.671875"
"2250","5.125","5.125","5.125"
"2260","4.1875","4.1875","4.1875"
"2270","4","4","4"
"2280","3.6875","3.6875","3.6875"
"2290","4.4375","4.4375","4.4375"
"2300","3.171875","3.171875","3.171875"
"2310","2.546875","2.546875","2.546875"
"2320","3.71875","3.71875","3.71875"
"2330","2.765625","2.765625","2.765625"
"2340","4.0625","4.0625","4.0625"
"2350","2.5","2.5","2.5"
"2360","4.03125","4.03125","4.03125"
"2370","4.9375","4.9375","4.9375"
"2380","4.34375","4.34375","4.34375"
"2390","3.75","3.75","3.75"
"2400","4.53125","4.53125","4.53125"
"2410","3.84375","3.84375","3.84375"
"2420","3.421875","3.421875","3.421875"
"2430","2.140625","2.140625","2.140625"
"2440","5.65625","5.65625","5.65625"
"2450","3.5","3.5","3.5"
"2460","2.375","2.375","2.375"
"2470","2.65625","2.65625","2.65625"
"2480","2.859375","2.859375","2.859375"
"2490","2.3125","2.3125","2.3125"
"2500","1.71875","1.71875","1.71875"
"2510","4.59375","4.59375","4.59375"
"2520","4.875","4.875","4.875"
"2530","3.296875","3.296875","3.296875"
"2540","2.4375","2.4375","2.4375"
"2550","3.625","3.625","3.625"
"2560","3.796875","3.796875","3.796875"
"2570","4.4375","4.4375","4.4375"
"2580","3.125","3.125","3.125"
"2590","1.953125","1.953125","1.953125"
"2600","3.75","3.75","3.75"
"2610","2.703125","2.703125","2.703125"
"2620","2.203125","2.203125","2.203125"
"2630","3.0625","3.0625","3.0625"
"2640","3.71875","3.71875","3.71875"
"2650","3.625","3.625","3.625"
"2660","1.859375","1.859375","1.859375"
"2670","1.6640625","1.6640625","1.6640625"
"2680","3.53125","3.53125","3.53125"
"2690","3.515625","3.515625","3.515625"
"2700","3.390625","3.390625","3.390625"
"2710","3.78125","3.78125","3.78125"
"2720","2.015625","2.015625","2.015625"
"2730","3.625","3.625","3.625"
"2740","1.625","1.625","1.625"
"2750","2.046875","2.046875","2.046875"
"2760","3.03125","3.03125","3.03125"
"2770","3.984375","3.984375","3.984375"
"2780","3.546875","3.546875","3.546875"
"2790","1.5859375","1.5859375","1.5859375"
"2800","3.671875","3.671875","3.671875"
"2810","3","3","3"
"2820","2.09375","2.09375","2.09375"
"2830","1.578125","1.578125","1.578125"
"2840","4.65625","4.65625","4.65625"
"2850","1.7578125","1.7578125","1.7578125"
"2860","4.25","4.25","4.25"
"2870","1.84375","1.84375","1.84375"
"2880","2.375","2.375","2.375"
"2890","1.890625","1.890625","1.890625"
"2900","2.984375","2.984375","2.984375"
"2910","2.125","2.125","2.125"
"2920","2.890625","2.890625","2.890625"
"2930","1.9296875","1.9296875","1.9296875"
"2940","3.59375","3.59375","3.59375"
"2950","3.765625","3.765625","3.765625"
"2960","1.3671875","1.3671875","1.3671875"
"2970","1.4765625","1.4765625","1.4765625"
"2980","2.875","2.875","2.875"
"2990","1.53125","1.53125","1.53125"
"3000","3.125","3.125","3.125"
"3010","3.71875","3.71875","3.71875"
"3020","3.953125","3.953125","3.953125"
"3030","4.96875","4.96875","4.96875"
"3040","2.5625","2.5625","2.5625"
"3050","3.84375","3.84375","3.84375"
"3060","2.453125","2.453125","2.453125"
"3070","3.046875","3.046875","3.046875"
"3080","1.6875","1.6875","1.6875"
"3090","2","2","2"
"3100","2.640625","2.640625","2.640625"
"3110","3.125","3.125","3.125"
"3120","3.359375","3.359375","3.359375"
"3130","2.484375","2.484375","2.484375"
"3140","3.171875","3.171875","3.171875"
"3150","2.734375","2.734375","2.734375"
"3160","1.6875","1.6875","1.6875"
"3170","1.453125","1.453125","1.453125"
"3180","3.046875","3.046875","3.046875"
"3190","2.71875","2.71875","2.71875"
"3200","3.484375","3.484375","3.484375"
"3210","2.65625","2.65625","2.65625"
"3220","2.71875","2.71875","2.71875"
"3230","4.125","4.125","4.125"
"3240","3.125","3.125","3.125"
"3250","1.8671875","1.8671875","1.8671875"
"3260","1.46875","1.46875","1.46875"
"3270","1.5859375","1.5859375","1.5859375"
"3280","2.59375","2.59375","2.59375"
"3290","1.3671875","1.3671875","1.3671875"
"3300","1.5546875","1.5546875","1.5546875"
"3310","1.2109375","1.2109375","1.2109375"
"3320","1.5078125","1.5078125","1.5078125"
"3330","3.453125","3.453125","3.453125"
"3340","2.65625","2.65625","2.65625"
"3350","1.3671875","1.3671875","1.3671875"
"3360","1.3359375","1.3359375","1.3359375"
"3370","3.8125","3.8125","3.8125"
"3380","2.9375","2.9375","2.9375"
"3390","3.65625","3.65625","3.65625"
"3400","1.4375","1.4375","1.4375"
"3410","3.125","3.125","3.125"
"3420","1.4609375","1.4609375","1.4609375"
"3430","0.90625","0.90625","0.90625"
"3440","1.5234375","1.5234375","1.5234375"
"3450","1.390625","1.390625","1.390625"
"3460","2.8125","2.8125","2.8125"
"3470","1.390625","1.390625","1.390625"
"3480","1.453125","1.453125","1.453125"
"3490","1.7578125","1.7578125","1.7578125"
"3500","1.53125","1.53125","1.53125"
"3510","3.578125","3.578125","3.578125"
"3520","2.828125","2.828125","2.828125"
"3530","1.2421875","1.2421875","1.2421875"
"3540","2.34375","2.34375","2.34375"
"3550","2.53125","2.53125","2.53125"
"3560","3.65625","3.65625","3.65625"
"3570","1.8359375","1.8359375","1.8359375"
"3580","2.875","2.875","2.875"
"3590","0.99609375","0.99609375","0.99609375"
"3600","3.796875","3.796875","3.796875"
"3610","1.265625","1.265625","1.265625"
"3620","2.953125","2.953125","2.953125"
"3630","2.734375","2.734375","2.734375"
"3640","3.71875","3.71875","3.71875"
"3650","2.625","2.625","2.625"
"3660","2.390625","2.390625","2.390625"
"3670","2.9375","2.9375","2.9375"
"3680","2.84375","2.84375","2.84375"
"3690","2.96875","2.96875","2.96875"
"3700","1.359375","1.359375","1.359375"
"3710","0.9921875","0.9921875","0.9921875"
"3720","1.3828125","1.3828125","1.3828125"
"3730","2.25","2.25","2.25"
"3740","1.09375","1.09375","1.09375"
"3750","1.6484375","1.6484375","1.6484375"
"3760","1.125","1.125","1.125"
"3770","1.8984375","1.8984375","1.8984375"
"3780","2.984375","2.984375","2.984375"
"3790","2.734375","2.734375","2.734375"
"3800","3.59375","3.59375","3.59375"
"3810","3.734375","3.734375","3.734375"
"3820","1.8515625","1.8515625","1.8515625"
"3830","2.71875","2.71875","2.71875"
"3840","1.46875","1.46875","1.46875"
"3850","2.703125","2.703125","2.703125"
"3860","2.90625","2.90625","2.90625"
"3870","2.453125","2.453125","2.453125"
"3880","2.796875","2.796875","2.796875"
"3890","1.3828125","1.3828125","1.3828125"
"3900","0.98046875","0.98046875","0.98046875"
"3910","3.265625","3.265625","3.265625"
"3920","3.390625","3.390625","3.390625"
"3930","2.53125","2.53125","2.53125"
"3940","2.296875","2.296875","2.296875"
"3950","1.1484375","1.1484375","1.1484375"
"3960","3.453125","3.453125","3.453125"
"3970","1.4375","1.4375","1.4375"
"3980","2.71875","2.71875","2.71875"
"3990","1.3359375","1.3359375","1.3359375"
"4000","1.28125","1.28125","1.28125"
"4010","1.2734375","1.2734375","1.2734375"
"4020","2.734375","2.734375","2.734375"
"4030","1.90625","1.90625","1.90625"
"4040","2.578125","2.578125","2.578125"
"4050","1.2734375","1.2734375","1.2734375"
"4060","3.4375","3.4375","3.4375"
"4070","1.296875","1.296875","1.296875"
"4080","2.453125","2.453125","2.453125"
"4090","1.1875","1.1875","1.1875"
"4100","1.828125","1.828125","1.828125"
"4110","2.78125","2.78125","2.78125"
"4120","2.859375","2.859375","2.859375"
"4130","2.359375","2.359375","2.359375"
"4140","2.359375","2.359375","2.359375"
"4150","2.6875","2.6875","2.6875"
"4160","2.96875","2.96875","2.96875"
"4170","3.46875","3.46875","3.46875"
"4180","3.875","3.875","3.875"
"4190","2.359375","2.359375","2.359375"
"4200","3.796875","3.796875","3.796875"
"4210","2.5625","2.5625","2.5625"
"4220","3.265625","3.265625","3.265625"
"4230","3.328125","3.328125","3.328125"
"4240","2.34375","2.34375","2.34375"
"4250","1.6015625","1.6015625","1.6015625"
"4260","1.2265625","1.2265625","1.2265625"
"4270","1.2421875","1.2421875","1.2421875"
"4280","1.7578125","1.7578125","1.7578125"
"4290","3.15625","3.15625","3.15625"
"4300","3.328125","3.328125","3.328125"
"4310","1.390625","1.390625","1.390625"
"4320","2.21875","2.21875","2.21875"
"4330","2.640625","2.640625","2.640625"
"4340","2.421875","2.421875","2.421875"
"4350","1.109375","1.109375","1.109375"
"4360","0.96484375","0.96484375","0.96484375"
"4370","1.3359375","1.3359375","1.3359375"
"4380","2.96875","2.96875","2.96875"
"4390","1.515625","1.515625","1.515625"
"4400","1.8828125","1.8828125","1.8828125"
"4410","1.3515625","1.3515625","1.3515625"
"4420","6.9375","6.9375","6.9375"
"4430","2.765625","2.765625","2.765625"
"4440","3","3","3"
"4450","3.859375","3.859375","3.859375"
"4460","4","4","4"
"4470","2.359375","2.359375","2.359375"
"4480","2.5","2.5","2.5"
"4490","2.5625","2.5625","2.5625"
"4500","3.578125","3.578125","3.578125"
"4510","3.140625","3.140625","3.140625"
"4520","1.4453125","1.4453125","1.4453125"
"4530","1.53125","1.53125","1.53125"
"4540","2.578125","2.578125","2.578125"
"4550","2.3125","2.3125","2.3125"
"4560","2.578125","2.578125","2.578125"
"4570","1.5703125","1.5703125","1.5703125"
"4580","1.765625","1.765625","1.765625"
"4590","1.3125","1.3125","1.3125"
"4600","1.234375","1.234375","1.234375"
"4610","3.4375","3.4375","3.4375"
"4620","2.359375","2.359375","2.359375"
"4630","1.625","1.625","1.625"
"4640","1.59375","1.59375","1.59375"
"4650","2.296875","2.296875","2.296875"
"4660","2.625","2.625","2.625"
"4670","1.421875","1.421875","1.421875"
"4680","2.9375","2.9375","2.9375"
"4690","2.484375","2.484375","2.484375"
"4700","2.640625","2.640625","2.640625"
"4710","1.0078125","1.0078125","1.0078125"
"4720","1.6015625","1.6015625","1.6015625"
"4730","3.125","3.125","3.125"
"4740","1.265625","1.265625","1.265625"
"4750","2.25","2.25","2.25"
"4760","1.078125","1.078125","1.078125"
"4770","1.6875","1.6875","1.6875"
"4780","0.9921875","0.9921875","0.9921875"
"4790","2.234375","2.234375","2.234375"
"4800","2.65625","2.65625","2.65625"
"4810","1.359375","1.359375","1.359375"
"4820","2.484375","2.484375","2.484375"
"4830","1.109375","1.109375","1.109375"
"4840","3.28125","3.28125","3.28125"
"4850","1.5390625","1.5390625","1.5390625"
"4860","2.265625","2.265625","2.265625"
"4870","1.9296875","1.9296875","1.9296875"
"4880","3.28125","3.28125","3.28125"
"4890","1.65625","1.65625","1.65625"
"4900","1.234375","1.234375","1.234375"
"4910","1.1875","1.1875","1.1875"
"4920","1.359375","1.359375","1.359375"
"4930","3.40625","3.40625","3.40625"
"4940","2.65625","2.65625","2.65625"
"4950","2.84375","2.84375","2.84375"
"4960","3.125","3.125","3.125"
"4970","3.1875","3.1875","3.1875"
"4980","2.15625","2.15625","2.15625"
"4990","2.75","2.75","2.75"
"5000","2.03125","2.03125","2.03125"
"5010","2.546875","2.546875","2.546875"
"5020","2.4375","2.4375","2.4375"
"5030","3.875","3.875","3.875"
"5040","1.1875","1.1875","1.1875"
"5050","2.296875","2.296875","2.296875"
"5060","2.546875","2.546875","2.546875"
"5070","2.625","2.625","2.625"
"5080","1.3203125","1.3203125","1.3203125"
"5090","1.1796875","1.1796875","1.1796875"
"5100","1.265625","1.265625","1.265625"
"5110","3.359375","3.359375","3.359375"
"5120","2.953125","2.953125","2.953125"
"5130","1.8359375","1.8359375","1.8359375"
"5140","0.99609375","0.99609375","0.99609375"
"5150","3.0625","3.0625","3.0625"
"5160","1.4140625","1.4140625","1.4140625"
"5170","3.703125","3.703125","3.703125"
"5180","1.3359375","1.3359375","1.3359375"
"5190","2.203125","2.203125","2.203125"
"5200","1.1171875","1.1171875","1.1171875"
"5210","1.0859375","1.0859375","1.0859375"
"5220","1.2578125","1.2578125","1.2578125"
"5230","1.546875","1.546875","1.546875"
"5240","3.375","3.375","3.375"
"5250","3.375","3.375","3.375"
"5260","1.15625","1.15625","1.15625"
"5270","2.5","2.5","2.5"
"5280","1.28125","1.28125","1.28125"
"5290","1.3046875","1.3046875","1.3046875"
"5300","2.03125","2.03125","2.03125"
"5310","1.3359375","1.3359375","1.3359375"
"5320","2.359375","2.359375","2.359375"
"5330","3.34375","3.34375","3.34375"
"5340","1.5859375","1.5859375","1.5859375"
"5350","3.328125","3.328125","3.328125"
"5360","1.109375","1.109375","1.109375"
"5370","2.671875","2.671875","2.671875"
"5380","1.1640625","1.1640625","1.1640625"
"5390","2.390625","2.390625","2.390625"
"5400","2.375","2.375","2.375"
"5410","2.375","2.375","2.375"
"5420","1.0234375","1.0234375","1.0234375"
"5430","1.1953125","1.1953125","1.1953125"
"5440","1.7890625","1.7890625","1.7890625"
"5450","1.0390625","1.0390625","1.0390625"
"5460","0.95703125","0.95703125","0.95703125"
"5470","3","3","3"
"5480","3.953125","3.953125","3.953125"
"5490","2.9375","2.9375","2.9375"
"5500","2.859375","2.859375","2.859375"
"5510","3.96875","3.96875","3.96875"
"5520","2.359375","2.359375","2.359375"
"5530","2.609375","2.609375","2.609375"
"5540","2.25","2.25","2.25"
"5550","2.734375","2.734375","2.734375"
"5560","2.4375","2.4375","2.4375"
"5570","1.4140625","1.4140625","1.4140625"
"5580","2.15625","2.15625","2.15625"
"5590","2.234375","2.234375","2.234375"
"5600","2.90625","2.90625","2.90625"
"5610","2.1875","2.1875","2.1875"
"5620","1.0703125","1.0703125","1.0703125"
"5630","2.96875","2.96875","2.96875"
"5640","1.3671875","1.3671875","1.3671875"
"5650","3.5","3.5","3.5"
"5660","2.28125","2.28125","2.28125"
"5670","3.484375","3.484375","3.484375"
"5680","1.3671875","1.3671875","1.3671875"
"5690","1.078125","1.078125","1.078125"
"5700","2.390625","2.390625","2.390625"
"5710","3.640625","3.640625","3.640625"
"5720","2.515625","2.515625","2.515625"
"5730","3.09375","3.09375","3.09375"
"5740","1.3046875","1.3046875","1.3046875"
"5750","1.5546875","1.5546875","1.5546875"
"5760","2.640625","2.640625","2.640625"
"5770","2.375","2.375","2.375"
"5780","3.34375","3.34375","3.34375"
"5790","2.3125","2.3125","2.3125"
"5800","3.0625","3.0625","3.0625"
"5810","2.328125","2.328125","2.328125"
"5820","3.5625","3.5625","3.5625"
"5830","3.21875","3.21875","3.21875"
"5840","2.53125","2.53125","2.53125"
"5850","1.2265625","1.2265625","1.2265625"
"5860","1.46875","1.46875","1.46875"
"5870","3.28125","3.28125","3.28125"
"5880","2.40625","2.40625","2.40625"
"5890","1.640625","1.640625","1.640625"
"5900","1.5703125","1.5703125","1.5703125"
"5910","1.2734375","1.2734375","1.2734375"
"5920","3.671875","3.671875","3.671875"
"5930","2.703125","2.703125","2.703125"
"5940","2.375","2.375","2.375"
"5950","2.53125","2.53125","2.53125"
"5960","4.28125","4.28125","4.28125"
"5970","3.265625","3.265625","3.265625"
"5980","2.140625","2.140625","2.140625"
"5990","1.3359375","1.3359375","1.3359375"
"6000","2.96875","2.96875","2.96875"
"6010","1.1015625","1.1015625","1.1015625"
"6020","2.125","2.125","2.125"
"6030","2.015625","2.015625","2.015625"
"6040","2.3125","2.3125","2.3125"
"6050","0.96875","0.96875","0.96875"
"6060","3.484375","3.484375","3.484375"
"6070","1.2890625","1.2890625","1.2890625"
"6080","1.0859375","1.0859375","1.0859375"
"6090","2.171875","2.171875","2.171875"
"6100","1.3671875","1.3671875","1.3671875"
"6110","2.796875","2.796875","2.796875"
"6120","1.359375","1.359375","1.359375"
"6130","1.15625","1.15625","1.15625"
"6140","2.40625","2.40625","2.40625"
"6150","2.125","2.125","2.125"
"6160","2.1875","2.1875","2.1875"
"6170","1.34375","1.34375","1.34375"
"6180","3.265625","3.265625","3.265625"
"6190","1.1875","1.1875","1.1875"
"6200","2.796875","2.796875","2.796875"
"6210","2.703125","2.703125","2.703125"
"6220","3.40625","3.40625","3.40625"
"6230","3.046875","3.046875","3.046875"
"6240","1.921875","1.921875","1.921875"
"6250","1.40625","1.40625","1.40625"
"6260","2.265625","2.265625","2.265625"
"6270","2.375","2.375","2.375"
"6280","2.078125","2.078125","2.078125"
"6290","2.484375","2.484375","2.484375"
"6300","2.03125","2.03125","2.03125"
"6310","1.6640625","1.6640625","1.6640625"
"6320","2.28125","2.28125","2.28125"
"6330","1.296875","1.296875","1.296875"
"6340","2.171875","2.171875","2.171875"
"6350","2.25","2.25","2.25"
"6360","2.5625","2.5625","2.5625"
"6370","1.46875","1.46875","1.46875"
"6380","2.40625","2.40625","2.40625"
"6390","2.5","2.5","2.5"
"6400","2.484375","2.484375","2.484375"
"6410","2.3125","2.3125","2.3125"
"6420","1.4296875","1.4296875","1.4296875"
"6430","1.6328125","1.6328125","1.6328125"
"6440","2.5625","2.5625","2.5625"
"6450","2.25","2.25","2.25"
"6460","3.078125","3.078125","3.078125"
"6470","3.28125","3.28125","3.28125"
"6480","1.1875","1.1875","1.1875"
"6490","3.03125","3.03125","3.03125"
"6500","1.4609375","1.4609375","1.4609375"
"6510","1.1484375","1.1484375","1.1484375"
"6520","1.1171875","1.1171875","1.1171875"
"6530","1.421875","1.421875","1.421875"
"6540","2.421875","2.421875","2.421875"
"6550","2.546875","2.546875","2.546875"
"6560","2.5","2.5","2.5"
"6570","0.921875","0.921875","0.921875"
"6580","3.25","3.25","3.25"
"6590","1.1328125","1.1328125","1.1328125"
"6600","2.609375","2.609375","2.609375"
"6610","3.234375","3.234375","3.234375"
"6620","3.828125","3.828125","3.828125"
"6630","3.09375","3.09375","3.09375"
"6640","1.1171875","1.1171875","1.1171875"
"6650","1.1640625","1.1640625","1.1640625"
"6660","2.734375","2.734375","2.734375"
"6670","3.265625","3.265625","3.265625"
"6680","1.3671875","1.3671875","1.3671875"
"6690","2.6875","2.6875","2.6875"
"6700","2.015625","2.015625","2.015625"
"6710","1.0546875","1.0546875","1.0546875"
"6720","1.0703125","1.0703125","1.0703125"
"6730","2.25","2.25","2.25"
"6740","2.625","2.625","2.625"
"6750","1.34375","1.34375","1.34375"
"6760","2.109375","2.109375","2.109375"
"6770","3.109375","3.109375","3.109375"
"6780","0.90234375","0.90234375","0.90234375"
"6790","2.625","2.625","2.625"
"6800","2.828125","2.828125","2.828125"
"6810","3.390625","3.390625","3.390625"
"6820","0.984375","0.984375","0.984375"
"6830","1.5703125","1.5703125","1.5703125"
"6840","1.6640625","1.6640625","1.6640625"
"6850","1.0859375","1.0859375","1.0859375"
"6860","2.84375","2.84375","2.84375"
"6870","1.4609375","1.4609375","1.4609375"
"6880","1.484375","1.484375","1.484375"
"6890","1.0546875","1.0546875","1.0546875"
"6900","1.4921875","1.4921875","1.4921875"
"6910","2.109375","2.109375","2.109375"
"6920","2.84375","2.84375","2.84375"
"6930","2.84375","2.84375","2.84375"
"6940","2.5","2.5","2.5"
"6950","2.1875","2.1875","2.1875"
"6960","2.859375","2.859375","2.859375"
"6970","2.546875","2.546875","2.546875"
"6980","1.015625","1.015625","1.015625"
"6990","1.0546875","1.0546875","1.0546875"
"7000","2.515625","2.515625","2.515625"
"7010","1.4453125","1.4453125","1.4453125"
"7020","0.9453125","0.9453125","0.9453125"
"7030","1.921875","1.921875","1.921875"
"7040","1.09375","1.09375","1.09375"
"7050","1.9765625","1.9765625","1.9765625"
"7060","1.265625","1.265625","1.265625"
"7070","2.109375","2.109375","2.109375"
"7080","2.59375","2.59375","2.59375"
"7090","1.8046875","1.8046875","1.8046875"
"7100","2.3125","2.3125","2.3125"
"7110","2.0625","2.0625","2.0625"
"7120","3.703125","3.703125","3.703125"
"7130","2.3125","2.3125","2.3125"
"7140","2.28125","2.28125","2.28125"
"7150","2.25","2.25","2.25"
"7160","2.75","2.75","2.75"
"7170","3.421875","3.421875","3.421875"
"7180","1.3671875","1.3671875","1.3671875"
"7190","2.421875","2.421875","2.421875"
"7200","1.1796875","1.1796875","1.1796875"
"7210","3.125","3.125","3.125"
"7220","1.1328125","1.1328125","1.1328125"
"7230","1.3203125","1.3203125","1.3203125"
"7240","1.125","1.125","1.125"
"7250","1.09375","1.09375","1.09375"
"7260","1.265625","1.265625","1.265625"
"7270","2.1875","2.1875","2.1875"
"7280","2.078125","2.078125","2.078125"
"7290","3.265625","3.265625","3.265625"
"7300","0.8359375","0.8359375","0.8359375"
"7310","1.515625","1.515625","1.515625"
"7320","2.125","2.125","2.125"
"7330","2.015625","2.015625","2.015625"
"7340","1.296875","1.296875","1.296875"
"7350","1.0078125","1.0078125","1.0078125"
"7360","2.59375","2.59375","2.59375"
"7370","2.921875","2.921875","2.921875"
"7380","2.0625","2.0625","2.0625"
"7390","2.4375","2.4375","2.4375"
"7400","2.46875","2.46875","2.46875"
"7410","1.0078125","1.0078125","1.0078125"
"7420","1.109375","1.109375","1.109375"
"7430","1.28125","1.28125","1.28125"
"7440","1.1875","1.1875","1.1875"
"7450","2.453125","2.453125","2.453125"
"7460","1.3203125","1.3203125","1.3203125"
"7470","1.515625","1.515625","1.515625"
"7480","2.4375","2.4375","2.4375"
"7490","1.375","1.375","1.375"
"7500","2.09375","2.09375","2.09375"
"7510","4.03125","4.03125","4.03125"
"7520","1.375","1.375","1.375"
"7530","2.828125","2.828125","2.828125"
"7540","2.515625","2.515625","2.515625"
"7550","2.546875","2.546875","2.546875"
"7560","1.4140625","1.4140625","1.4140625"
"7570","2.59375","2.59375","2.59375"
"7580","1.140625","1.140625","1.140625"
"7590","2","2","2"
"7600","1.3046875","1.3046875","1.3046875"
"7610","2.5","2.5","2.5"
"7620","1.046875","1.046875","1.046875"
"7630","2.421875","2.421875","2.421875"
"7640","2.125","2.125","2.125"
"7650","1.046875","1.046875","1.046875"
"7660","1.6875","1.6875","1.6875"
"7670","3.671875","3.671875","3.671875"
"7680","3.40625","3.40625","3.40625"
"7690","3.328125","3.328125","3.328125"
"7700","1.8828125","1.8828125","1.8828125"
"7710","2.71875","2.71875","2.71875"
"7720","1.59375","1.59375","1.59375"
"7730","1.2265625","1.2265625","1.2265625"
"7740","1.1640625","1.1640625","1.1640625"
"7750","3.40625","3.40625","3.40625"
"7760","1.9609375","1.9609375","1.9609375"
"7770","2.46875","2.46875","2.46875"
"7780","2.625","2.625","2.625"
"7790","2.328125","2.328125","2.328125"
"7800","1.2109375","1.2109375","1.2109375"
"7810","1.1640625","1.1640625","1.1640625"
"7820","4.09375","4.09375","4.09375"
"7830","1.96875","1.96875","1.96875"
"7840","1.1875","1.1875","1.1875"
"7850","2.796875","2.796875","2.796875"
"7860","1.3828125","1.3828125","1.3828125"
"7870","2.578125","2.578125","2.578125"
"7880","1.2265625","1.2265625","1.2265625"
"7890","1.265625","1.265625","1.265625"
"7900","2.609375","2.609375","2.609375"
"7910","2.390625","2.390625","2.390625"
"7920","1.671875","1.671875","1.671875"
"7930","2.265625","2.265625","2.265625"
"7940","2.296875","2.296875","2.296875"
"7950","1.265625","1.265625","1.265625"
"7960","2.671875","2.671875","2.671875"
"7970","1.2734375","1.2734375","1.2734375"
"7980","2.34375","2.34375","2.34375"
"7990","1.359375","1.359375","1.359375"
"8000","2.4375","2.4375","2.4375"
"8010","1.328125","1.328125","1.328125"
"8020","1.2890625","1.2890625","1.2890625"
"8030","1.2109375","1.2109375","1.2109375"
"8040","2.34375","2.34375","2.34375"
"8050","2.265625","2.265625","2.265625"
"8060","1.265625","1.265625","1.265625"
"8070","2.5625","2.5625","2.5625"
"8080","2.9375","2.9375","2.9375"
"8090","1.0703125","1.0703125","1.0703125"
"8100","1.1875","1.1875","1.1875"
"8110","2.109375","2.109375","2.109375"
"8120","1.8515625","1.8515625","1.8515625"
"8130","2.125","2.125","2.125"
"8140","1.9609375","1.9609375","1.9609375"
"8150","1.046875","1.046875","1.046875"
"8160","2.5","2.5","2.5"
"8170","1.390625","1.390625","1.390625"
"8180","2.921875","2.921875","2.921875"
"8190","1.0703125","1.0703125","1.0703125"
"8200","1.265625","1.265625","1.265625"
"8210","1.2890625","1.2890625","1.2890625"
"8220","2.296875","2.296875","2.296875"
"8230","2.375","2.375","2.375"
"8240","2.1875","2.1875","2.1875"
"8250","2.3125","2.3125","2.3125"
"8260","1.296875","1.296875","1.296875"
"8270","1.2109375","1.2109375","1.2109375"
"8280","1.34375","1.34375","1.34375"
"8290","0.921875","0.921875","0.921875"
"8300","3.375","3.375","3.375"
"8310","2.0625","2.0625","2.0625"
"8320","2.703125","2.703125","2.703125"
"8330","2.953125","2.953125","2.953125"
"8340","1.109375","1.109375","1.109375"
"8350","2.84375","2.84375","2.84375"
"8360","2.3125","2.3125","2.3125"
"8370","0.96875","0.96875","0.96875"
"8380","0.8984375","0.8984375","0.8984375"
"8390","1.15625","1.15625","1.15625"
"8400","2.3125","2.3125","2.3125"
"8410","2.328125","2.328125","2.328125"
"8420","0.95703125","0.95703125","0.95703125"
"8430","2.453125","2.453125","2.453125"
"8440","2.296875","2.296875","2.296875"
"8450","2.9375","2.9375","2.9375"
"8460","1.1484375","1.1484375","1.1484375"
"8470","2.015625","2.015625","2.015625"
"8480","1.8203125","1.8203125","1.8203125"
"8490","3.15625","3.15625","3.15625"
"8500","2.0625","2.0625","2.0625"
"8510","2.046875","2.046875","2.046875"
"8520","1.0546875","1.0546875","1.0546875"
"8530","1.3046875","1.3046875","1.3046875"
"8540","2.078125","2.078125","2.078125"
"8550","2.21875","2.21875","2.21875"
"8560","1.1015625","1.1015625","1.1015625"
"8570","2.703125","2.703125","2.703125"
"8580","1.3515625","1.3515625","1.3515625"
"8590","1.3203125","1.3203125","1.3203125"
"8600","3.265625","3.265625","3.265625"
"8610","1.8828125","1.8828125","1.8828125"
"8620","1.1796875","1.1796875","1.1796875"
"8630","2.40625","2.40625","2.40625"
"8640","2.296875","2.296875","2.296875"
"8650","1.0859375","1.0859375","1.0859375"
"8660","3","3","3"
"8670","2.890625","2.890625","2.890625"
"8680","2.703125","2.703125","2.703125"
"8690","2.5","2.5","2.5"
"8700","2.015625","2.015625","2.015625"
"8710","2.375","2.375","2.375"
"8720","2.75","2.75","2.75"
"8730","3.875","3.875","3.875"
"8740","2.09375","2.09375","2.09375"
"8750","1.296875","1.296875","1.296875"
"8760","0.96484375","0.96484375","0.96484375"
"8770","1.921875","1.921875","1.921875"
"8780","2.265625","2.265625","2.265625"
"8790","2.25","2.25","2.25"
"8800","2.8125","2.8125","2.8125"
"8810","3.59375","3.59375","3.59375"
"8820","1.34375","1.34375","1.34375"
"8830","1.8359375","1.8359375","1.8359375"
"8840","2.859375","2.859375","2.859375"
"8850","1.0546875","1.0546875","1.0546875"
"8860","2.234375","2.234375","2.234375"
"8870","2.671875","2.671875","2.671875"
"8880","1.328125","1.328125","1.328125"
"8890","1.1484375","1.1484375","1.1484375"
"8900","2.09375","2.09375","2.09375"
"8910","2.125","2.125","2.125"
"8920","1.5390625","1.5390625","1.5390625"
"8930","1.2265625","1.2265625","1.2265625"
"8940","1.8984375","1.8984375","1.8984375"
"8950","2.15625","2.15625","2.15625"
"8960","3.234375","3.234375","3.234375"
"8970","1.5859375","1.5859375","1.5859375"
"8980","2.8125","2.8125","2.8125"
"8990","2.1875","2.1875","2.1875"
"9000","2.359375","2.359375","2.359375"
"9010","0.9375","0.9375","0.9375"
"9020","2.953125","2.953125","2.953125"
"9030","1.015625","1.015625","1.015625"
"9040","2.34375","2.34375","2.34375"
"9050","1.671875","1.671875","1.671875"
"9060","2.078125","2.078125","2.078125"
"9070","1.8828125","1.8828125","1.8828125"
"9080","1.9296875","1.9296875","1.9296875"
"9090","2.1875","2.1875","2.1875"
"9100","1.015625","1.015625","1.015625"
"9110","2.765625","2.765625","2.765625"
"9120","2.921875","2.921875","2.921875"
"9130","0.94921875","0.94921875","0.94921875"
"9140","2.296875","2.296875","2.296875"
"9150","3.015625","3.015625","3.015625"
"9160","0.98828125","0.98828125","0.98828125"
"9170","1.9296875","1.9296875","1.9296875"
"9180","2.03125","2.03125","2.03125"
"9190","1.1796875","1.1796875","1.1796875"
"9200","2.609375","2.609375","2.609375"
"9210","2.125","2.125","2.125"
"9220","3.1875","3.1875","3.1875"
"9230","2.21875","2.21875","2.21875"
"9240","1.03125","1.03125","1.03125"
"9250","2.671875","2.671875","2.671875"
"9260","3.234375","3.234375","3.234375"
"9270","2.859375","2.859375","2.859375"
"9280","1.2734375","1.2734375","1.2734375"
"9290","1.171875","1.171875","1.171875"
"9300","3","3","3"
"9310","1.140625","1.140625","1.140625"
"9320","2.1875","2.1875","2.1875"
"9330","3.140625","3.140625","3.140625"
"9340","2.953125","2.953125","2.953125"
"9350","2.875","2.875","2.875"
"9360","2.03125","2.03125","2.03125"
"9370","1.2109375","1.2109375","1.2109375"
"9380","2.5","2.5","2.5"
"9390","1.171875","1.171875","1.171875"
"9400","2.21875","2.21875","2.21875"
"9410","3.21875","3.21875","3.21875"
"9420","2.140625","2.140625","2.140625"
"9430","1.140625","1.140625","1.140625"
"9440","2.25","2.25","2.25"
"9450","1.1484375","1.1484375","1.1484375"
"9460","2.5","2.5","2.5"
"9470","2.109375","2.109375","2.109375"
"9480","2.5","2.5","2.5"
"9490","1.0703125","1.0703125","1.0703125"
"9500","3.140625","3.140625","3.140625"
"9510","2.265625","2.265625","2.265625"
"9520","1.1875","1.1875","1.1875"
"9530","1.9609375","1.9609375","1.9609375"
"9540","2.375","2.375","2.375"
"9550","2.140625","2.140625","2.140625"
"9560","3.078125","3.078125","3.078125"
"9570","3.421875","3.421875","3.421875"
"9580","1.625","1.625","1.625"
"9590","3.25","3.25","3.25"
"9600","1.421875","1.421875","1.421875"
"9610","1.171875","1.171875","1.171875"
"9620","3.15625","3.15625","3.15625"
"9630","1.265625","1.265625","1.265625"
"9640","2.328125","2.328125","2.328125"
"9650","2.53125","2.53125","2.53125"
"9660","1.203125","1.203125","1.203125"
"9670","1.4453125","1.4453125","1.4453125"
"9680","2.59375","2.59375","2.59375"
"9690","2.96875","2.96875","2.96875"
"9700","0.69921875","0.69921875","0.69921875"
"9710","1.921875","1.921875","1.921875"
"9720","1.1171875","1.1171875","1.1171875"
"9730","1.1484375","1.1484375","1.1484375"
"9740","2.5625","2.5625","2.5625"
"9750","1.046875","1.046875","1.046875"
"9760","2.5","2.5","2.5"
"9770","2.1875","2.1875","2.1875"
"9780","1.375","1.375","1.375"
"9790","2.921875","2.921875","2.921875"
"9800","1.0625","1.0625","1.0625"
"9810","2.25","2.25","2.25"
"9820","1.15625","1.15625","1.15625"
"9830","1.8046875","1.8046875","1.8046875"
"9840","3.296875","3.296875","3.296875"
"9850","1.0859375","1.0859375","1.0859375"
"9860","2.484375","2.484375","2.484375"
"9870","2.359375","2.359375","2.359375"
"9880","2.203125","2.203125","2.203125"
"9890","3.328125","3.328125","3.328125"
"9900","2.390625","2.390625","2.390625"
"9910","2.703125","2.703125","2.703125"
"9920","0.9921875","0.9921875","0.9921875"
"9930","1.3046875","1.3046875","1.3046875"
"9940","3.359375","3.359375","3.359375"
"9950","2.125","2.125","2.125"
"9960","1.1953125","1.1953125","1.1953125"
"9970","2.453125","2.453125","2.453125"
"9980","1.0390625","1.0390625","1.0390625"
"9990","2.390625","2.390625","2.390625"
"10000","2.765625","2.765625","2.765625"
"10010","1.96875","1.96875","1.96875"
"10020","2.3125","2.3125","2.3125"
"10030","1.25","1.25","1.25"
"10040","1","1","1"
"10050","0.92578125","0.92578125","0.92578125"
"10060","2.109375","2.109375","2.109375"
"10070","1.9375","1.9375","1.9375"
"10080","1.3984375","1.3984375","1.3984375"
"10090","2.375","2.375","2.375"
"10100","2.03125","2.03125","2.03125"
"10110","2.265625","2.265625","2.265625"
"10120","0.80078125","0.80078125","0.80078125"
"10130","2.09375","2.09375","2.09375"
"10140","2.734375","2.734375","2.734375"
"10150","2.515625","2.515625","2.515625"
"10160","1.109375","1.109375","1.109375"
"10170","1.8125","1.8125","1.8125"
"10180","2.15625","2.15625","2.15625"
"10190","2.25","2.25","2.25"
"10200","1.25","1.25","1.25"
"10210","2.53125","2.53125","2.53125"
"10220","2.734375","2.734375","2.734375"
"10230","2.234375","2.234375","2.234375"
"10240","1.0703125","1.0703125","1.0703125"
"10250","2.359375","2.359375","2.359375"
"10260","2.875","2.875","2.875"
"10270","2.125","2.125","2.125"
"10280","2.953125","2.953125","2.953125"
"10290","2.28125","2.28125","2.28125"
"10300","1.203125","1.203125","1.203125"
"10310","1.953125","1.953125","1.953125"
"10320","2.75","2.75","2.75"
"10330","3.203125","3.203125","3.203125"
"10340","0.97265625","0.97265625","0.97265625"
"10350","2.75","2.75","2.75"
"10360","0.8828125","0.8828125","0.8828125"
"10370","1.9453125","1.9453125","1.9453125"
"10380","1.265625","1.265625","1.265625"
"10390","3.0625","3.0625","3.0625"
"10400","1.25","1.25","1.25"
"10410","1.3203125","1.3203125","1.3203125"
"10420","2.078125","2.078125","2.078125"
"10430","1.21875","1.21875","1.21875"
"10440","2.234375","2.234375","2.234375"
"10450","0.99609375","0.99609375","0.99609375"
"10460","1.1015625","1.1015625","1.1015625"
"10470","1.09375","1.09375","1.09375"
"10480","2.671875","2.671875","2.671875"
"10490","2.953125","2.953125","2.953125"
"10500","1","1","1"
"10510","1.203125","1.203125","1.203125"
"10520","1.203125","1.203125","1.203125"
"10530","0.96875","0.96875","0.96875"
"10540","1.796875","1.796875","1.796875"
"10550","2.15625","2.15625","2.15625"
"10560","2.796875","2.796875","2.796875"
"10570","2.15625","2.15625","2.15625"
"10580","0.89453125","0.89453125","0.89453125"
"10590","1.515625","1.515625","1.515625"
"10600","0.85546875","0.85546875","0.85546875"
"10610","1.2109375","1.2109375","1.2109375"
"10620","1.2265625","1.2265625","1.2265625"
"10630","0.875","0.875","0.875"
"10640","3.15625","3.15625","3.15625"
"10650","2.359375","2.359375","2.359375"
"10660","1.2265625","1.2265625","1.2265625"
"10670","1.46875","1.46875","1.46875"
"10680","2.125","2.125","2.125"
"10690","1.65625","1.65625","1.65625"
"10700","1.0078125","1.0078125","1.0078125"
"10710","0.74609375","0.74609375","0.74609375"
"10720","1.96875","1.96875","1.96875"
"10730","1.2734375","1.2734375","1.2734375"
"10740","1.140625","1.140625","1.140625"
"10750","2.578125","2.578125","2.578125"
"10760","1.0546875","1.0546875","1.0546875"
"10770","2.3125","2.3125","2.3125"
"10780","2.78125","2.78125","2.78125"
"10790","1.203125","1.203125","1.203125"
"10800","3.0625","3.0625","3.0625"
"10810","1.1015625","1.1015625","1.1015625"
"10820","1.8828125","1.8828125","1.8828125"
"10830","1.40625","1.40625","1.40625"
"10840","1.328125","1.328125","1.328125"
"10850","2.546875","2.546875","2.546875"
"10860","1.0703125","1.0703125","1.0703125"
"10870","1.296875","1.296875","1.296875"
"10880","2.328125","2.328125","2.328125"
"10890","2.1875","2.1875","2.1875"
"10900","2.984375","2.984375","2.984375"
"10910","1.3828125","1.3828125","1.3828125"
"10920","3.53125","3.53125","3.53125"
"10930","3.078125","3.078125","3.078125"
"10940","0.85546875","0.85546875","0.85546875"
"10950","2.296875","2.296875","2.296875"
"10960","2.59375","2.59375","2.59375"
"10970","2.65625","2.65625","2.65625"
"10980","1.96875","1.96875","1.96875"
"10990","3.46875","3.46875","3.46875"
"11000","3.109375","3.109375","3.109375"
"11010","1.328125","1.328125","1.328125"
"11020","2.546875","2.546875","2.546875"
"11030","1.046875","1.046875","1.046875"
"11040","2.859375","2.859375","2.859375"
"11050","2.9375","2.9375","2.9375"
"11060","2.390625","2.390625","2.390625"
"11070","2.921875","2.921875","2.921875"
"11080","1.359375","1.359375","1.359375"
"11090","3.578125","3.578125","3.578125"
"11100","2.390625","2.390625","2.390625"
"11110","3.59375","3.59375","3.59375"
"11120","2.125","2.125","2.125"
"11130","2.28125","2.28125","2.28125"
"11140","1.0625","1.0625","1.0625"
"11150","1.3046875","1.3046875","1.3046875"
"11160","2.078125","2.078125","2.078125"
"11170","3.609375","3.609375","3.609375"
"11180","3.03125","3.03125","3.03125"
"11190","3.640625","3.640625","3.640625"
"11200","2.09375","2.09375","2.09375"
"11210","1.203125","1.203125","1.203125"
"11220","1.984375","1.984375","1.984375"
"11230","2.171875","2.171875","2.171875"
"11240","3.15625","3.15625","3.15625"
"11250","1.2421875","1.2421875","1.2421875"
"11260","1.3203125","1.3203125","1.3203125"
"11270","1.15625","1.15625","1.15625"
"11280","2.53125","2.53125","2.53125"
"11290","2","2","2"
"11300","2.078125","2.078125","2.078125"
"11310","1.40625","1.40625","1.40625"
"11320","2.234375","2.234375","2.234375"
"11330","1.0234375","1.0234375","1.0234375"
"11340","1.1640625","1.1640625","1.1640625"
"11350","1.09375","1.09375","1.09375"
"11360","2.53125","2.53125","2.53125"
"11370","3.421875","3.421875","3.421875"
"11380","0.90625","0.90625","0.90625"
"11390","1.359375","1.359375","1.359375"
"11400","0.94921875","0.94921875","0.94921875"
"11410","1.2265625","1.2265625","1.2265625"
"11420","2.15625","2.15625","2.15625"
"11430","1.125","1.125","1.125"
"11440","2.5625","2.5625","2.5625"
"11450","2.5625","2.5625","2.5625"
"11460","2.46875","2.46875","2.46875"
"11470","2.1875","2.1875","2.1875"
"11480","1.9140625","1.9140625","1.9140625"
"11490","1.28125","1.28125","1.28125"
"11500","1.0703125","1.0703125","1.0703125"
"11510","1.3125","1.3125","1.3125"
"11520","2.578125","2.578125","2.578125"
"11530","1.0078125","1.0078125","1.0078125"
"11540","1.75","1.75","1.75"
"11550","3.265625","3.265625","3.265625"
"11560","2.6875","2.6875","2.6875"
"11570","3.375","3.375","3.375"
"11580","2.84375","2.84375","2.84375"
"11590","2.96875","2.96875","2.96875"
"11600","1.2578125","1.2578125","1.2578125"
"11610","3.34375","3.34375","3.34375"
"11620","2.109375","2.109375","2.109375"
"11630","1.0390625","1.0390625","1.0390625"
"11640","1.5390625","1.5390625","1.5390625"
"11650","1.0234375","1.0234375","1.0234375"
"11660","2.234375","2.234375","2.234375"
"11670","1.125","1.125","1.125"
"11680","2.296875","2.296875","2.296875"
"11690","0.921875","0.921875","0.921875"
"11700","2.59375","2.59375","2.59375"
"11710","1.25","1.25","1.25"
"11720","2.0625","2.0625","2.0625"
"11730","1.0234375","1.0234375","1.0234375"
"11740","2.109375","2.109375","2.109375"
"11750","2.203125","2.203125","2.203125"
"11760","1.984375","1.984375","1.984375"
"11770","1.921875","1.921875","1.921875"
"11780","2.0625","2.0625","2.0625"
"11790","1.265625","1.265625","1.265625"
"11800","2.09375","2.09375","2.09375"
"11810","3.40625","3.40625","3.40625"
"11820","1.21875","1.21875","1.21875"
"11830","1.0859375","1.0859375","1.0859375"
"11840","2.125","2.125","2.125"
"11850","2.140625","2.140625","2.140625"
"11860","1.9765625","1.9765625","1.9765625"
"11870","2.4375","2.4375","2.4375"
"11880","2.34375","2.34375","2.34375"
"11890","2.09375","2.09375","2.09375"
"11900","1.3671875","1.3671875","1.3671875"
"11910","3.25","3.25","3.25"
"11920","3.734375","3.734375","3.734375"
"11930","0.953125","0.953125","0.953125"
"11940","1.484375","1.484375","1.484375"
"11950","1.78125","1.78125","1.78125"
"11960","1.2890625","1.2890625","1.2890625"
"11970","2.265625","2.265625","2.265625"
"11980","1.1171875","1.1171875","1.1171875"
"11990","2.234375","2.234375","2.234375"
"12000","1.0625","1.0625","1.0625"
"12010","2.1875","2.1875","2.1875"
"12020","1.015625","1.015625","1.015625"
"12030","2.359375","2.359375","2.359375"
"12040","3.84375","3.84375","3.84375"
"12050","1.53125","1.53125","1.53125"
"12060","1.0859375","1.0859375","1.0859375"
"12070","1.96875","1.96875","1.96875"
"12080","1.265625","1.265625","1.265625"
"12090","2.15625","2.15625","2.15625"
"12100","2.21875","2.21875","2.21875"
"12110","1.2265625","1.2265625","1.2265625"
"12120","1.1640625","1.1640625","1.1640625"
"12130","2.09375","2.09375","2.09375"
"12140","1.8984375","1.8984375","1.8984375"
"12150","1.9765625","1.9765625","1.9765625"
"12160","2.375","2.375","2.375"
"12170","0.9765625","0.9765625","0.9765625"
"12180","0.9140625","0.9140625","0.9140625"
"12190","2.1875","2.1875","2.1875"
"12200","1.1328125","1.1328125","1.1328125"
"12210","3.03125","3.03125","3.03125"
"12220","1.265625","1.265625","1.265625"
"12230","1.0078125","1.0078125","1.0078125"
"12240","1.734375","1.734375","1.734375"
"12250","2.828125","2.828125","2.828125"
"12260","0.90234375","0.90234375","0.90234375"
"12270","2.4375","2.4375","2.4375"
"12280","2.203125","2.203125","2.203125"
"12290","1.1796875","1.1796875","1.1796875"
"12300","2.859375","2.859375","2.859375"
"12310","2.1875","2.1875","2.1875"
"12320","2","2","2"
"12330","2.078125","2.078125","2.078125"
"12340","2","2","2"
"12350","2.328125","2.328125","2.328125"
"12360","2.421875","2.421875","2.421875"
"12370","2.21875","2.21875","2.21875"
"12380","2.109375","2.109375","2.109375"
"12390","1.265625","1.265625","1.265625"
"12400","1.2890625","1.2890625","1.2890625"
"12410","2.484375","2.484375","2.484375"
"12420","2.84375","2.84375","2.84375"
"12430","1.1484375","1.1484375","1.1484375"
"12440","3.71875","3.71875","3.71875"
"12450","2.125","2.125","2.125"
"12460","0.9609375","0.9609375","0.9609375"
"12470","1.1171875","1.1171875","1.1171875"
"12480","1.859375","1.859375","1.859375"
"12490","1.40625","1.40625","1.40625"
"12500","2.0625","2.0625","2.0625"
"12510","2.9375","2.9375","2.9375"
"12520","2.578125","2.578125","2.578125"
"12530","1.03125","1.03125","1.03125"
"12540","1.515625","1.515625","1.515625"
"12550","2.296875","2.296875","2.296875"
"12560","2.390625","2.390625","2.390625"
"12570","0.92578125","0.92578125","0.92578125"
"12580","1.1796875","1.1796875","1.1796875"
"12590","1.8125","1.8125","1.8125"
"12600","1.0390625","1.0390625","1.0390625"
"12610","3.0625","3.0625","3.0625"
"12620","2.453125","2.453125","2.453125"
"12630","0.98046875","0.98046875","0.98046875"
"12640","1.0625","1.0625","1.0625"
"12650","1.2109375","1.2109375","1.2109375"
"12660","1.0546875","1.0546875","1.0546875"
"12670","1.140625","1.140625","1.140625"
"12680","1.9140625","1.9140625","1.9140625"
"12690","0.859375","0.859375","0.859375"
"12700","1.171875","1.171875","1.171875"
"12710","3.03125","3.03125","3.03125"
"12720","2.4375","2.4375","2.4375"
"12730","2.21875","2.21875","2.21875"
"12740","1.1015625","1.1015625","1.1015625"
"12750","1.1328125","1.1328125","1.1328125"
"12760","2.015625","2.015625","2.015625"
"12770","2.078125","2.078125","2.078125"
"12780","0.94140625","0.94140625","0.94140625"
"12790","2.4375","2.4375","2.4375"
"12800","1.1953125","1.1953125","1.1953125"
"12810","1.109375","1.109375","1.109375"
"12820","2.03125","2.03125","2.03125"
"12830","3.15625","3.15625","3.15625"
"12840","3.078125","3.078125","3.078125"
"12850","3.03125","3.03125","3.03125"
"12860","1.0546875","1.0546875","1.0546875"
"12870","1.2421875","1.2421875","1.2421875"
"12880","1.875","1.875","1.875"
"12890","0.99609375","0.99609375","0.99609375"
"12900","3.265625","3.265625","3.265625"
"12910","2.046875","2.046875","2.046875"
"12920","1.1875","1.1875","1.1875"
"12930","2.6875","2.6875","2.6875"
"12940","1.1328125","1.1328125","1.1328125"
"12950","2.484375","2.484375","2.484375"
"12960","1.125","1.125","1.125"
"12970","2.734375","2.734375","2.734375"
"12980","0.96875","0.96875","0.96875"
"12990","1.03125","1.03125","1.03125"
"13000","1.25","1.25","1.25"
"13010","2","2","2"
"13020","2.015625","2.015625","2.015625"
"13030","2.953125","2.953125","2.953125"
"13040","3.140625","3.140625","3.140625"
"13050","1.4609375","1.4609375","1.4609375"
"13060","2.21875","2.21875","2.21875"
"13070","3.03125","3.03125","3.03125"
"13080","2.875","2.875","2.875"
"13090","2.140625","2.140625","2.140625"
"13100","2.28125","2.28125","2.28125"
"13110","2.609375","2.609375","2.609375"
"13120","0.99609375","0.99609375","0.99609375"
"13130","3.4375","3.4375","3.4375"
"13140","2.296875","2.296875","2.296875"
"13150","0.94140625","0.94140625","0.94140625"
"13160","2.21875","2.21875","2.21875"
"13170","2.15625","2.15625","2.15625"
"13180","1.8828125","1.8828125","1.8828125"
"13190","1.1796875","1.1796875","1.1796875"
"13200","2.1875","2.1875","2.1875"
"13210","1.953125","1.953125","1.953125"
"13220","1.921875","1.921875","1.921875"
"13230","1.2734375","1.2734375","1.2734375"
"13240","1.15625","1.15625","1.15625"
"13250","2.265625","2.265625","2.265625"
"13260","1.1953125","1.1953125","1.1953125"
"13270","1.1484375","1.1484375","1.1484375"
"13280","1.25","1.25","1.25"
"13290","2.15625","2.15625","2.15625"
"13300","1.0625","1.0625","1.0625"
"13310","1.9921875","1.9921875","1.9921875"
"13320","1.4765625","1.4765625","1.4765625"
"13330","1.0390625","1.0390625","1.0390625"
"13340","0.98046875","0.98046875","0.98046875"
"13350","2.90625","2.90625","2.90625"
"13360","1.5859375","1.5859375","1.5859375"
"13370","3.046875","3.046875","3.046875"
"13380","2.171875","2.171875","2.171875"
"13390","0.78515625","0.78515625","0.78515625"
"13400","2.390625","2.390625","2.390625"
"13410","3.625","3.625","3.625"
"13420","1.171875","1.171875","1.171875"
"13430","2.21875","2.21875","2.21875"
"13440","2.71875","2.71875","2.71875"
"13450","2.171875","2.171875","2.171875"
"13460","2.84375","2.84375","2.84375"
"13470","1.1875","1.1875","1.1875"
"13480","2.140625","2.140625","2.140625"
"13490","1.4921875","1.4921875","1.4921875"
"13500","1.2265625","1.2265625","1.2265625"
"13510","1.0390625","1.0390625","1.0390625"
"13520","1.640625","1.640625","1.640625"
"13530","2.15625","2.15625","2.15625"
"13540","2.5","2.5","2.5"
"13550","3.359375","3.359375","3.359375"
"13560","2.09375","2.09375","2.09375"
"13570","2.875","2.875","2.875"
"13580","1.0234375","1.0234375","1.0234375"
"13590","1.734375","1.734375","1.734375"
"13600","2.1875","2.1875","2.1875"
"13610","1.21875","1.21875","1.21875"
"13620","2.421875","2.421875","2.421875"
"13630","2.21875","2.21875","2.21875"
"13640","2.03125","2.03125","2.03125"
"13650","2.140625","2.140625","2.140625"
"13660","1.78125","1.78125","1.78125"
"13670","2.828125","2.828125","2.828125"
"13680","2.109375","2.109375","2.109375"
"13690","2.375","2.375","2.375"
"13700","2.203125","2.203125","2.203125"
"13710","2.125","2.125","2.125"
"13720","1.34375","1.34375","1.34375"
"13730","2.453125","2.453125","2.453125"
"13740","1.21875","1.21875","1.21875"
"13750","1.1953125","1.1953125","1.1953125"
"13760","2.375","2.375","2.375"
"13770","1.0078125","1.0078125","1.0078125"
"13780","1.3671875","1.3671875","1.3671875"
"13790","1.1015625","1.1015625","1.1015625"
"13800","1.0625","1.0625","1.0625"
"13810","2.859375","2.859375","2.859375"
"13820","1.21875","1.21875","1.21875"
"13830","1.03125","1.03125","1.03125"
"13840","2.890625","2.890625","2.890625"
"13850","1.15625","1.15625","1.15625"
"13860","1.3203125","1.3203125","1.3203125"
"13870","1.140625","1.140625","1.140625"
"13880","2.15625","2.15625","2.15625"
"13890","1.265625","1.265625","1.265625"
"13900","2.140625","2.140625","2.140625"
"13910","1.390625","1.390625","1.390625"
"13920","0.97265625","0.97265625","0.97265625"
"13930","1.1640625","1.1640625","1.1640625"
"13940","3.15625","3.15625","3.15625"
"13950","2.1875","2.1875","2.1875"
"13960","2.21875","2.21875","2.21875"
"13970","1.5703125","1.5703125","1.5703125"
"13980","2.234375","2.234375","2.234375"
"13990","1.203125","1.203125","1.203125"
"14000","2.671875","2.671875","2.671875"
"14010","0.859375","0.859375","0.859375"
"14020","2.28125","2.28125","2.28125"
"14030","2.125","2.125","2.125"
"14040","2.015625","2.015625","2.015625"
"14050","1.3046875","1.3046875","1.3046875"
"14060","1.1640625","1.1640625","1.1640625"
"14070","1.109375","1.109375","1.109375"
"14080","3.390625","3.390625","3.390625"
"14090","1.234375","1.234375","1.234375"
"14100","2","2","2"
"14110","2.546875","2.546875","2.546875"
"14120","1.75","1.75","1.75"
"14130","2.390625","2.390625","2.390625"
"14140","2.953125","2.953125","2.953125"
"14150","1.125","1.125","1.125"
"14160","1.1875","1.1875","1.1875"
"14170","0.73828125","0.73828125","0.73828125"
"14180","2.78125","2.78125","2.78125"
"14190","2.015625","2.015625","2.015625"
"14200","1.140625","1.140625","1.140625"
"14210","0.95703125","0.95703125","0.95703125"
"14220","1.203125","1.203125","1.203125"
"14230","2.515625","2.515625","2.515625"
"14240","1.15625","1.15625","1.15625"
"14250","1.1328125","1.1328125","1.1328125"
"14260","2.015625","2.015625","2.015625"
"14270","1.15625","1.15625","1.15625"
"14280","2.078125","2.078125","2.078125"
"14290","2.40625","2.40625","2.40625"
"14300","1.2109375","1.2109375","1.2109375"
"14310","1.171875","1.171875","1.171875"
"14320","2.203125","2.203125","2.203125"
"14330","2.3125","2.3125","2.3125"
"14340","1.0546875","1.0546875","1.0546875"
"14350","2.09375","2.09375","2.09375"
"14360","1","1","1"
"14370","1.5234375","1.5234375","1.5234375"
"14380","2.078125","2.078125","2.078125"
"14390","1.9765625","1.9765625","1.9765625"
"14400","1.015625","1.015625","1.015625"
"14410","3.203125","3.203125","3.203125"
"14420","2.453125","2.453125","2.453125"
"14430","2.1875","2.1875","2.1875"
"14440","2.921875","2.921875","2.921875"
"14450","2.21875","2.21875","2.21875"
"14460","2.234375","2.234375","2.234375"
"14470","2.40625","2.40625","2.40625"
"14480","0.984375","0.984375","0.984375"
"14490","2.546875","2.546875","2.546875"
"14500","1.25","1.25","1.25"
"14510","3.296875","3.296875","3.296875"
"14520","3.296875","3.296875","3.296875"
"14530","1.25","1.25","1.25"
"14540","1.34375","1.34375","1.34375"
"14550","2.625","2.625","2.625"
"14560","3.203125","3.203125","3.203125"
"14570","1.421875","1.421875","1.421875"
"14580","1.5078125","1.5078125","1.5078125"
"14590","1.0859375","1.0859375","1.0859375"
"14600","1.03125","1.03125","1.03125"
"14610","2.453125","2.453125","2.453125"
"14620","1.1875","1.1875","1.1875"
"14630","2.5","2.5","2.5"
"14640","1.1953125","1.1953125","1.1953125"
"14650","2.0625","2.0625","2.0625"
"14660","2.6875","2.6875","2.6875"
"14670","1.1015625","1.1015625","1.1015625"
"14680","1.0625","1.0625","1.0625"
"14690","1.1328125","1.1328125","1.1328125"
"14700","1.15625","1.15625","1.15625"
"14710","1.21875","1.21875","1.21875"
"14720","2.125","2.125","2.125"
"14730","2.21875","2.21875","2.21875"
"14740","2.0625","2.0625","2.0625"
"14750","1.0234375","1.0234375","1.0234375"
"14760","1.0703125","1.0703125","1.0703125"
"14770","1.1015625","1.1015625","1.1015625"
"14780","2.546875","2.546875","2.546875"
"14790","2.125","2.125","2.125"
"14800","1.046875","1.046875","1.046875"
"14810","1.8359375","1.8359375","1.8359375"
"14820","1.1953125","1.1953125","1.1953125"
"14830","2.203125","2.203125","2.203125"
"14840","2.203125","2.203125","2.203125"
"14850","0.96875","0.96875","0.96875"
"14860","0.9921875","0.9921875","0.9921875"
"14870","1.8828125","1.8828125","1.8828125"
"14880","2.765625","2.765625","2.765625"
"14890","2.046875","2.046875","2.046875"
"14900","2.421875","2.421875","2.421875"
"14910","0.89453125","0.89453125","0.89453125"
"14920","2.25","2.25","2.25"
"14930","1.9453125","1.9453125","1.9453125"
"14940","2.421875","2.421875","2.421875"
"14950","2.40625","2.40625","2.40625"
"14960","2.4375","2.4375","2.4375"
"14970","1.1328125","1.1328125","1.1328125"
"14980","2.65625","2.65625","2.65625"
"14990","1.2265625","1.2265625","1.2265625"
"15000","3.015625","3.015625","3.015625"
"15010","0.9765625","0.9765625","0.9765625"
"15020","3.171875","3.171875","3.171875"
"15030","1.890625","1.890625","1.890625"
"15040","2.046875","2.046875","2.046875"
"15050","3.078125","3.078125","3.078125"
"15060","1.0625","1.0625","1.0625"
"15070","2.109375","2.109375","2.109375"
"15080","2.59375","2.59375","2.59375"
"15090","1.9765625","1.9765625","1.9765625"
"15100","1.03125","1.03125","1.03125"
"15110","2.96875","2.96875","2.96875"
"15120","1.8046875","1.8046875","1.8046875"
"15130","2.34375","2.34375","2.34375"
"15140","1.234375","1.234375","1.234375"
"15150","2.046875","2.046875","2.046875"
"15160","1.2578125","1.2578125","1.2578125"
"15170","2.15625","2.15625","2.15625"
"15180","1.375","1.375","1.375"
"15190","1.0703125","1.0703125","1.0703125"
"15200","1.125","1.125","1.125"
"15210","1.140625","1.140625","1.140625"
"15220","2.5","2.5","2.5"
"15230","2.5","2.5","2.5"
"15240","1.3046875","1.3046875","1.3046875"
"15250","1.84375","1.84375","1.84375"
"15260","2.59375","2.59375","2.59375"
"15270","0.93359375","0.93359375","0.93359375"
"15280","0.921875","0.921875","0.921875"
"15290","2.890625","2.890625","2.890625"
"15300","1.375","1.375","1.375"
"15310","1.15625","1.15625","1.15625"
"15320","2.40625","2.40625","2.40625"
"15330","2.375","2.375","2.375"
"15340","2.6875","2.6875","2.6875"
"15350","1.28125","1.28125","1.28125"
"15360","3.078125","3.078125","3.078125"
"15370","2.640625","2.640625","2.640625"
"15380","3","3","3"
"15390","1.046875","1.046875","1.046875"
"15400","0.9921875","0.9921875","0.9921875"
"15410","2.109375","2.109375","2.109375"
"15420","2.40625","2.40625","2.40625"
"15430","0.9375","0.9375","0.9375"
"15440","0.95703125","0.95703125","0.95703125"
"15450","2.25","2.25","2.25"
"15460","2.125","2.125","2.125"
"15470","1.3203125","1.3203125","1.3203125"
"15480","2.140625","2.140625","2.140625"
"15490","1.03125","1.03125","1.03125"
"15500","2.265625","2.265625","2.265625"
"15510","2.359375","2.359375","2.359375"
"15520","2.921875","2.921875","2.921875"
"15530","2.09375","2.09375","2.09375"
"15540","1.0546875","1.0546875","1.0546875"
"15550","1.4375","1.4375","1.4375"
"15560","1.4375","1.4375","1.4375"
"15570","1.3515625","1.3515625","1.3515625"
"15580","3.1875","3.1875","3.1875"
"15590","2.21875","2.21875","2.21875"
"15600","2.21875","2.21875","2.21875"
"15610","2.0625","2.0625","2.0625"
"15620","1.9296875","1.9296875","1.9296875"
"15630","2.59375","2.59375","2.59375"
"15640","2.296875","2.296875","2.296875"
"15650","0.9609375","0.9609375","0.9609375"
"15660","2.140625","2.140625","2.140625"
"15670","3.078125","3.078125","3.078125"
"15680","1.4140625","1.4140625","1.4140625"
"15690","2.296875","2.296875","2.296875"
"15700","2.046875","2.046875","2.046875"
"15710","0.875","0.875","0.875"
"15720","1.0859375","1.0859375","1.0859375"
"15730","1.171875","1.171875","1.171875"
"15740","3.03125","3.03125","3.03125"
"15750","2.203125","2.203125","2.203125"
"15760","2.609375","2.609375","2.609375"
"15770","1.171875","1.171875","1.171875"
"15780","2.46875","2.46875","2.46875"
"15790","2.3125","2.3125","2.3125"
"15800","2.515625","2.515625","2.515625"
"15810","1.4375","1.4375","1.4375"
"15820","2.171875","2.171875","2.171875"
"15830","1.1015625","1.1015625","1.1015625"
"15840","1.96875","1.96875","1.96875"
"15850","2.765625","2.765625","2.765625"
"15860","2.265625","2.265625","2.265625"
"15870","1.8984375","1.8984375","1.8984375"
"15880","1.890625","1.890625","1.890625"
"15890","1.1171875","1.1171875","1.1171875"
"15900","2.03125","2.03125","2.03125"
"15910","1.921875","1.921875","1.921875"
"15920","2.21875","2.21875","2.21875"
"15930","2.265625","2.265625","2.265625"
"15940","2.421875","2.421875","2.421875"
"15950","1.03125","1.03125","1.03125"
"15960","1.21875","1.21875","1.21875"
"15970","2.015625","2.015625","2.015625"
"15980","3.359375","3.359375","3.359375"
"15990","0.9609375","0.9609375","0.9609375"
"16000","1.0625","1.0625","1.0625"
"16010","2.90625","2.90625","2.90625"
"16020","1.875","1.875","1.875"
"16030","2.125","2.125","2.125"
"16040","1.8046875","1.8046875","1.8046875"
"16050","1.28125","1.28125","1.28125"
"16060","1.1953125","1.1953125","1.1953125"
"16070","2.25","2.25","2.25"
"16080","1.09375","1.09375","1.09375"
"16090","1.171875","1.171875","1.171875"
"16100","1.1015625","1.1015625","1.1015625"
"16110","3.0625","3.0625","3.0625"
"16120","2.21875","2.21875","2.21875"
"16130","3.0625","3.0625","3.0625"
"16140","2.234375","2.234375","2.234375"
"16150","2.8125","2.8125","2.8125"
"16160","2.46875","2.46875","2.46875"
"16170","2.25","2.25","2.25"
"16180","3.234375","3.234375","3.234375"
"16190","2.203125","2.203125","2.203125"
"16200","2.90625","2.90625","2.90625"
"16210","1.3203125","1.3203125","1.3203125"
"16220","2.390625","2.390625","2.390625"
"16230","1.078125","1.078125","1.078125"
"16240","2.96875","2.96875","2.96875"
"16250","0.98828125","0.98828125","0.98828125"
"16260","1.015625","1.015625","1.015625"
"16270","1.9296875","1.9296875","1.9296875"
"16280","2.09375","2.09375","2.09375"
"16290","2.25","2.25","2.25"
"16300","1.0546875","1.0546875","1.0546875"
"16310","2.625","2.625","2.625"
"16320","1.953125","1.953125","1.953125"
"16330","2.171875","2.171875","2.171875"
"16340","2.828125","2.828125","2.828125"
"16350","0.9765625","0.9765625","0.9765625"
"16360","3.59375","3.59375","3.59375"
"16370","1.046875","1.046875","1.046875"
"16380","1.2109375","1.2109375","1.2109375"
"16390","1.1953125","1.1953125","1.1953125"
"16400","1.46875","1.46875","1.46875"
"16410","1.9921875","1.9921875","1.9921875"
"16420","0.9921875","0.9921875","0.9921875"
"16430","1.1171875","1.1171875","1.1171875"
"16440","2.265625","2.265625","2.265625"
"16450","1.0859375","1.0859375","1.0859375"
"16460","3.765625","3.765625","3.765625"
"16470","2.015625","2.015625","2.015625"
"16480","1.359375","1.359375","1.359375"
"16490","3.328125","3.328125","3.328125"
"16500","1.03125","1.03125","1.03125"
"16510","3","3","3"
"16520","1.3515625","1.3515625","1.3515625"
"16530","1.2265625","1.2265625","1.2265625"
"16540","1.28125","1.28125","1.28125"
"16550","1.9375","1.9375","1.9375"
"16560","2.125","2.125","2.125"
"16570","2.6875","2.6875","2.6875"
"16580","2.46875","2.46875","2.46875"
"16590","1.0703125","1.0703125","1.0703125"
"16600","1.9609375","1.9609375","1.9609375"
"16610","0.96484375","0.96484375","0.96484375"
"16620","1.703125","1.703125","1.703125"
"16630","2.84375","2.84375","2.84375"
"16640","1.2265625","1.2265625","1.2265625"
"16650","1.796875","1.796875","1.796875"
"16660","2.625","2.625","2.625"
"16670","1.078125","1.078125","1.078125"
"16680","3.34375","3.34375","3.34375"
"16690","0.875","0.875","0.875"
"16700","2.34375","2.34375","2.34375"
"16710","2.203125","2.203125","2.203125"
"16720","1.8125","1.8125","1.8125"
"16730","3.140625","3.140625","3.140625"
"16740","2.4375","2.4375","2.4375"
"16750","2.5625","2.5625","2.5625"
"16760","1.078125","1.078125","1.078125"
"16770","2.21875","2.21875","2.21875"
"16780","2.609375","2.609375","2.609375"
"16790","1.96875","1.96875","1.96875"
"16800","1.0234375","1.0234375","1.0234375"
"16810","0.9453125","0.9453125","0.9453125"
"16820","1.28125","1.28125","1.28125"
"16830","1.015625","1.015625","1.015625"
"16840","2.1875","2.1875","2.1875"
"16850","1.15625","1.15625","1.15625"
"16860","1.3125","1.3125","1.3125"
"16870","2.3125","2.3125","2.3125"
"16880","2.25","2.25","2.25"
"16890","1.0546875","1.0546875","1.0546875"
"16900","2.859375","2.859375","2.859375"
"16910","2.109375","2.109375","2.109375"
"16920","2.21875","2.21875","2.21875"
"16930","1.9609375","1.9609375","1.9609375"
"16940","1.75","1.75","1.75"
"16950","1.265625","1.265625","1.265625"
"16960","1.203125","1.203125","1.203125"
"16970","2.15625","2.15625","2.15625"
"16980","1.0625","1.0625","1.0625"
"16990","2.109375","2.109375","2.109375"
"17000","2.296875","2.296875","2.296875"
"17010","3.328125","3.328125","3.328125"
"17020","1.6953125","1.6953125","1.6953125"
"17030","1.984375","1.984375","1.984375"
"17040","1.8671875","1.8671875","1.8671875"
"17050","0.92578125","0.92578125","0.92578125"
"17060","1.1171875","1.1171875","1.1171875"
"17070","2.125","2.125","2.125"
"17080","1.84375","1.84375","1.84375"
"17090","2.28125","2.28125","2.28125"
"17100","3.09375","3.09375","3.09375"
"17110","1.2421875","1.2421875","1.2421875"
"17120","2.765625","2.765625","2.765625"
"17130","2.078125","2.078125","2.078125"
"17140","1.3203125","1.3203125","1.3203125"
"17150","2","2","2"
"17160","3.171875","3.171875","3.171875"
"17170","2.15625","2.15625","2.15625"
"17180","1.171875","1.171875","1.171875"
"17190","2.28125","2.28125","2.28125"
"17200","1.078125","1.078125","1.078125"
"17210","1.1796875","1.1796875","1.1796875"
"17220","2.46875","2.46875","2.46875"
"17230","1.2578125","1.2578125","1.2578125"
"17240","2.453125","2.453125","2.453125"
"17250","2.265625","2.265625","2.265625"
"17260","1.4296875","1.4296875","1.4296875"
"17270","3.140625","3.140625","3.140625"
"17280","2.96875","2.96875","2.96875"
"17290","1.0703125","1.0703125","1.0703125"
"17300","0.921875","0.921875","0.921875"
"17310","3.21875","3.21875","3.21875"
"17320","1.3046875","1.3046875","1.3046875"
"17330","1.1484375","1.1484375","1.1484375"
"17340","2.984375","2.984375","2.984375"
"17350","1.984375","1.984375","1.984375"
"17360","2.0625","2.0625","2.0625"
"17370","2.84375","2.84375","2.84375"
"17380","1.0078125","1.0078125","1.0078125"
"17390","2.15625","2.15625","2.15625"
"17400","1.25","1.25","1.25"
"17410","1.7578125","1.7578125","1.7578125"
"17420","1.90625","1.90625","1.90625"
"17430","1.359375","1.359375","1.359375"
"17440","2.171875","2.171875","2.171875"
"17450","1.2265625","1.2265625","1.2265625"
"17460","3.046875","3.046875","3.046875"
"17470","2","2","2"
"17480","2.421875","2.421875","2.421875"
"17490","2.859375","2.859375","2.859375"
"17500","1.6953125","1.6953125","1.6953125"
"17510","3.875","3.875","3.875"
"17520","0.9921875","0.9921875","0.9921875"
"17530","1.203125","1.203125","1.203125"
"17540","2.109375","2.109375","2.109375"
"17550","1.0703125","1.0703125","1.0703125"
"17560","1.1953125","1.1953125","1.1953125"
"17570","1.9921875","1.9921875","1.9921875"
"17580","2.15625","2.15625","2.15625"
"17590","3.546875","3.546875","3.546875"
"17600","2.296875","2.296875","2.296875"
"17610","1.1875","1.1875","1.1875"
"17620","2.359375","2.359375","2.359375"
"17630","2.140625","2.140625","2.140625"
"17640","0.83203125","0.83203125","0.83203125"
"17650","1.1015625","1.1015625","1.1015625"
"17660","1.2109375","1.2109375","1.2109375"
"17670","1.9453125","1.9453125","1.9453125"
"17680","1.234375","1.234375","1.234375"
"17690","1.1015625","1.1015625","1.1015625"
"17700","1.921875","1.921875","1.921875"
"17710","2.875","2.875","2.875"
"17720","2.125","2.125","2.125"
"17730","0.78125","0.78125","0.78125"
"17740","1.2421875","1.2421875","1.2421875"
"17750","1.1015625","1.1015625","1.1015625"
"17760","2.15625","2.15625","2.15625"
"17770","1.09375","1.09375","1.09375"
"17780","2.265625","2.265625","2.265625"
"17790","1.0390625","1.0390625","1.0390625"
"17800","2.4375","2.4375","2.4375"
"17810","1.9375","1.9375","1.9375"
"17820","1.1484375","1.1484375","1.1484375"
"17830","0.85546875","0.85546875","0.85546875"
"17840","2.625","2.625","2.625"
"17850","1.0859375","1.0859375","1.0859375"
"17860","0.8671875","0.8671875","0.8671875"
"17870","1.296875","1.296875","1.296875"
"17880","1.359375","1.359375","1.359375"
"17890","2.765625","2.765625","2.765625"
"17900","1.0625","1.0625","1.0625"
"17910","2.734375","2.734375","2.734375"
"17920","1.03125","1.03125","1.03125"
"17930","2.84375","2.84375","2.84375"
"17940","2.65625","2.65625","2.65625"
"17950","3.125","3.125","3.125"
"17960","0.84765625","0.84765625","0.84765625"
"17970","2.71875","2.71875","2.71875"
"17980","1.046875","1.046875","1.046875"
"17990","3.15625","3.15625","3.15625"
"18000","2.546875","2.546875","2.546875"
"18010","1.3203125","1.3203125","1.3203125"
"18020","1.2890625","1.2890625","1.2890625"
"18030","2.453125","2.453125","2.453125"
"18040","1.359375","1.359375","1.359375"
"18050","0.8046875","0.8046875","0.8046875"
"18060","1.21875","1.21875","1.21875"
"18070","1.0703125","1.0703125","1.0703125"
"18080","2.171875","2.171875","2.171875"
"18090","0.95703125","0.95703125","0.95703125"
"18100","1.9375","1.9375","1.9375"
"18110","1.1953125","1.1953125","1.1953125"
"18120","1.9375","1.9375","1.9375"
"18130","2.671875","2.671875","2.671875"
"18140","3.109375","3.109375","3.109375"
"18150","2.5625","2.5625","2.5625"
"18160","2.046875","2.046875","2.046875"
"18170","1.1328125","1.1328125","1.1328125"
"18180","1.171875","1.171875","1.171875"
"18190","3.265625","3.265625","3.265625"
"18200","2.25","2.25","2.25"
"18210","1.0859375","1.0859375","1.0859375"
"18220","0.8984375","0.8984375","0.8984375"
"18230","0.9375","0.9375","0.9375"
"18240","2.203125","2.203125","2.203125"
"18250","2.015625","2.015625","2.015625"
"18260","1.359375","1.359375","1.359375"
"18270","1.0546875","1.0546875","1.0546875"
"18280","2.125","2.125","2.125"
"18290","2.609375","2.609375","2.609375"
"18300","1.9453125","1.9453125","1.9453125"
"18310","1.1796875","1.1796875","1.1796875"
"18320","0.9453125","0.9453125","0.9453125"
"18330","1.9765625","1.9765625","1.9765625"
"18340","2.734375","2.734375","2.734375"
"18350","2.75","2.75","2.75"
"18360","2.84375","2.84375","2.84375"
"18370","2.390625","2.390625","2.390625"
"18380","2.0625","2.0625","2.0625"
"18390","2.078125","2.078125","2.078125"
"18400","1.015625","1.015625","1.015625"
"18410","1.28125","1.28125","1.28125"
"18420","2.390625","2.390625","2.390625"
"18430","0.90234375","0.90234375","0.90234375"
"18440","3.109375","3.109375","3.109375"
"18450","2.96875","2.96875","2.96875"
"18460","2.265625","2.265625","2.265625"
"18470","2.296875","2.296875","2.296875"
"18480","2.078125","2.078125","2.078125"
"18490","2.34375","2.34375","2.34375"
"18500","2.09375","2.09375","2.09375"
"18510","1.2265625","1.2265625","1.2265625"
"18520","1.0703125","1.0703125","1.0703125"
"18530","2.15625","2.15625","2.15625"
"18540","2.015625","2.015625","2.015625"
"18550","2.21875","2.21875","2.21875"
"18560","1.265625","1.265625","1.265625"
"18570","2.5625","2.5625","2.5625"
"18580","2.453125","2.453125","2.453125"
"18590","2.75","2.75","2.75"
"18600","1.6171875","1.6171875","1.6171875"
"18610","1.1640625","1.1640625","1.1640625"
"18620","2.640625","2.640625","2.640625"
"18630","0.97265625","0.97265625","0.97265625"
"18640","2.0625","2.0625","2.0625"
"18650","1.953125","1.953125","1.953125"
"18660","2.796875","2.796875","2.796875"
"18670","1.203125","1.203125","1.203125"
"18680","2.546875","2.546875","2.546875"
"18690","2.3125","2.3125","2.3125"
"18700","1.40625","1.40625","1.40625"
"18710","2.21875","2.21875","2.21875"
"18720","1.046875","1.046875","1.046875"
"18730","2.734375","2.734375","2.734375"
"18740","2.265625","2.265625","2.265625"
"18750","2.265625","2.265625","2.265625"
"18760","0.984375","0.984375","0.984375"
"18770","1.7578125","1.7578125","1.7578125"
"18780","1.78125","1.78125","1.78125"
"18790","2.09375","2.09375","2.09375"
"18800","0.9765625","0.9765625","0.9765625"
"18810","2.796875","2.796875","2.796875"
"18820","2.046875","2.046875","2.046875"
"18830","2.203125","2.203125","2.203125"
"18840","1.8671875","1.8671875","1.8671875"
"18850","2.671875","2.671875","2.671875"
"18860","1.890625","1.890625","1.890625"
"18870","2.140625","2.140625","2.140625"
"18880","2.265625","2.265625","2.265625"
"18890","1.984375","1.984375","1.984375"
"18900","2.171875","2.171875","2.171875"
"18910","1.140625","1.140625","1.140625"
"18920","3.375","3.375","3.375"
"18930","2.546875","2.546875","2.546875"
"18940","1.0546875","1.0546875","1.0546875"
"18950","0.96875","0.96875","0.96875"
"18960","2.171875","2.171875","2.171875"
"18970","1.3203125","1.3203125","1.3203125"
"18980","0.87109375","0.87109375","0.87109375"
"18990","1.875","1.875","1.875"
"19000","1.421875","1.421875","1.421875"
"19010","2.796875","2.796875","2.796875"
"19020","1.78125","1.78125","1.78125"
"19030","2.515625","2.515625","2.515625"
"19040","1.7421875","1.7421875","1.7421875"
"19050","1.1796875","1.1796875","1.1796875"
"19060","2.171875","2.171875","2.171875"
"19070","3.609375","3.609375","3.609375"
"19080","2.03125","2.03125","2.03125"
"19090","1.9453125","1.9453125","1.9453125"
"19100","2.421875","2.421875","2.421875"
"19110","1.21875","1.21875","1.21875"
"19120","2.140625","2.140625","2.140625"
"19130","1.859375","1.859375","1.859375"
"19140","1.140625","1.140625","1.140625"
"19150","1.1484375","1.1484375","1.1484375"
"19160","1.7265625","1.7265625","1.7265625"
"19170","1.421875","1.421875","1.421875"
"19180","1.078125","1.078125","1.078125"
"19190","3.21875","3.21875","3.21875"
"19200","3.09375","3.09375","3.09375"
"19210","1.328125","1.328125","1.328125"
"19220","2.203125","2.203125","2.203125"
"19230","1.1015625","1.1015625","1.1015625"
"19240","2.171875","2.171875","2.171875"
"19250","1.21875","1.21875","1.21875"
"19260","2.109375","2.109375","2.109375"
"19270","1.09375","1.09375","1.09375"
"19280","1.90625","1.90625","1.90625"
"19290","1.0234375","1.0234375","1.0234375"
"19300","2.953125","2.953125","2.953125"
"19310","0.94140625","0.94140625","0.94140625"
"19320","2.390625","2.390625","2.390625"
"19330","2.1875","2.1875","2.1875"
"19340","2.078125","2.078125","2.078125"
"19350","3.140625","3.140625","3.140625"
"19360","2.515625","2.515625","2.515625"
"19370","2.5625","2.5625","2.5625"
"19380","2.296875","2.296875","2.296875"
"19390","1.1640625","1.1640625","1.1640625"
"19400","2.0625","2.0625","2.0625"
"19410","2.234375","2.234375","2.234375"
"19420","1.0390625","1.0390625","1.0390625"
"19430","2.34375","2.34375","2.34375"
"19440","1.015625","1.015625","1.015625"
"19450","1.125","1.125","1.125"
"19460","1.9296875","1.9296875","1.9296875"
"19470","2.15625","2.15625","2.15625"
"19480","2.609375","2.609375","2.609375"
"19490","1.125","1.125","1.125"
"19500","1.09375","1.09375","1.09375"
"19510","3.25","3.25","3.25"
"19520","2.109375","2.109375","2.109375"
"19530","1.96875","1.96875","1.96875"
"19540","1.796875","1.796875","1.796875"
"19550","2.203125","2.203125","2.203125"
"19560","2.1875","2.1875","2.1875"
"19570","0.87890625","0.87890625","0.87890625"
"19580","1.1171875","1.1171875","1.1171875"
"19590","2.28125","2.28125","2.28125"
"19600","2.125","2.125","2.125"
"19610","2.953125","2.953125","2.953125"
"19620","1.140625","1.140625","1.140625"
"19630","1.1953125","1.1953125","1.1953125"
"19640","2.453125","2.453125","2.453125"
"19650","2.546875","2.546875","2.546875"
"19660","1.0390625","1.0390625","1.0390625"
"19670","2.765625","2.765625","2.765625"
"19680","1.4765625","1.4765625","1.4765625"
"19690","1.3203125","1.3203125","1.3203125"
"19700","2.734375","2.734375","2.734375"
"19710","2.625","2.625","2.625"
"19720","1.25","1.25","1.25"
"19730","1.75","1.75","1.75"
"19740","1.34375","1.34375","1.34375"
"19750","1.859375","1.859375","1.859375"
"19760","3.078125","3.078125","3.078125"
"19770","2.421875","2.421875","2.421875"
"19780","0.9296875","0.9296875","0.9296875"
"19790","1.09375","1.09375","1.09375"
"19800","0.8984375","0.8984375","0.8984375"
"19810","1.3125","1.3125","1.3125"
"19820","1","1","1"
"19830","2.140625","2.140625","2.140625"
"19840","1.125","1.125","1.125"
"19850","2.25","2.25","2.25"
"19860","1.7890625","1.7890625","1.7890625"
"19870","2.609375","2.609375","2.609375"
"19880","1.3828125","1.3828125","1.3828125"
"19890","2.4375","2.4375","2.4375"
"19900","2.15625","2.15625","2.15625"
"19910","2.515625","2.515625","2.515625"
"19920","1.8515625","1.8515625","1.8515625"
"19930","1.03125","1.03125","1.03125"
"19940","0.703125","0.703125","0.703125"
"19950","1.0390625","1.0390625","1.0390625"
"19960","2.578125","2.578125","2.578125"
"19970","2.34375","2.34375","2.34375"
"19980","1.2265625","1.2265625","1.2265625"
"19990","1.2421875","1.2421875","1.2421875"
"20000","2.375","2.375","2.375"
"20010","1.421875","1.421875","1.421875"
"20020","2.078125","2.078125","2.078125"
"20030","1.09375","1.09375","1.09375"
"20040","2.296875","2.296875","2.296875"
"20050","1.1328125","1.1328125","1.1328125"
"20060","0.859375","0.859375","0.859375"
"20070","2.6875","2.6875","2.6875"
"20080","2.53125","2.53125","2.53125"
"20090","1.1875","1.1875","1.1875"
"20100","1.953125","1.953125","1.953125"
"20110","2.453125","2.453125","2.453125"
"20120","3.140625","3.140625","3.140625"
"20130","2.171875","2.171875","2.171875"
"20140","0.921875","0.921875","0.921875"
"20150","2.53125","2.53125","2.53125"
"20160","2.234375","2.234375","2.234375"
"20170","2.375","2.375","2.375"
"20180","1.0390625","1.0390625","1.0390625"
"20190","1.484375","1.484375","1.484375"
"20200","1.03125","1.03125","1.03125"
"20210","3.25","3.25","3.25"
"20220","2.046875","2.046875","2.046875"
"20230","2.6875","2.6875","2.6875"
"20240","2.28125","2.28125","2.28125"
"20250","1.3671875","1.3671875","1.3671875"
"20260","1.2109375","1.2109375","1.2109375"
"20270","1.9609375","1.9609375","1.9609375"
"20280","1.1875","1.1875","1.1875"
"20290","1.9609375","1.9609375","1.9609375"
"20300","1.203125","1.203125","1.203125"
"20310","1.296875","1.296875","1.296875"
"20320","1.25","1.25","1.25"
"20330","0.9375","0.9375","0.9375"
"20340","2.15625","2.15625","2.15625"
"20350","1.15625","1.15625","1.15625"
"20360","0.875","0.875","0.875"
"20370","0.9296875","0.9296875","0.9296875"
"20380","1.984375","1.984375","1.984375"
"20390","2.359375","2.359375","2.359375"
"20400","1.0390625","1.0390625","1.0390625"
"20410","1.921875","1.921875","1.921875"
"20420","1.1015625","1.1015625","1.1015625"
"20430","1.2578125","1.2578125","1.2578125"
"20440","2.140625","2.140625","2.140625"
"20450","1.3046875","1.3046875","1.3046875"
"20460","1.1328125","1.1328125","1.1328125"
"20470","1.9140625","1.9140625","1.9140625"
"20480","2.25","2.25","2.25"
"20490","1.1640625","1.1640625","1.1640625"
"20500","1.140625","1.140625","1.140625"
"20510","2.71875","2.71875","2.71875"
"20520","3.15625","3.15625","3.15625"
"20530","2.40625","2.40625","2.40625"
"20540","1.421875","1.421875","1.421875"
"20550","1.125","1.125","1.125"
"20560","2.21875","2.21875","2.21875"
"20570","1.265625","1.265625","1.265625"
"20580","3.546875","3.546875","3.546875"
"20590","1.03125","1.03125","1.03125"
"20600","1.40625","1.40625","1.40625"
"20610","1.15625","1.15625","1.15625"
"20620","1.015625","1.015625","1.015625"
"20630","2.359375","2.359375","2.359375"
"20640","2.09375","2.09375","2.09375"
"20650","2.828125","2.828125","2.828125"
"20660","1.8359375","1.8359375","1.8359375"
"20670","1.2890625","1.2890625","1.2890625"
"20680","2.59375","2.59375","2.59375"
"20690","2.84375","2.84375","2.84375"
"20700","1.3125","1.3125","1.3125"
"20710","0.9296875","0.9296875","0.9296875"
"20720","0.90625","0.90625","0.90625"
"20730","3.03125","3.03125","3.03125"
"20740","3.234375","3.234375","3.234375"
"20750","1.1015625","1.1015625","1.1015625"
"20760","1.3671875","1.3671875","1.3671875"
"20770","0.99609375","0.99609375","0.99609375"
"20780","2.96875","2.96875","2.96875"
"20790","2.59375","2.59375","2.59375"
"20800","2.328125","2.328125","2.328125"
"20810","2.328125","2.328125","2.328125"
"20820","3.734375","3.734375","3.734375"
"20830","1.03125","1.03125","1.03125"
"20840","0.9453125","0.9453125","0.9453125"
"20850","1.078125","1.078125","1.078125"
"20860","1.125","1.125","1.125"
"20870","2.484375","2.484375","2.484375"
"20880","2.171875","2.171875","2.171875"
"20890","1.21875","1.21875","1.21875"
"20900","2.84375","2.84375","2.84375"
"20910","1.3046875","1.3046875","1.3046875"
"20920","1.0859375","1.0859375","1.0859375"
"20930","1.984375","1.984375","1.984375"
"20940","1.765625","1.765625","1.765625"
"20950","1.234375","1.234375","1.234375"
"20960","2.234375","2.234375","2.234375"
"20970","1.0625","1.0625","1.0625"
"20980","1.03125","1.03125","1.03125"
"20990","3.140625","3.140625","3.140625"
"21000","3.171875","3.171875","3.171875"
"21010","3.21875","3.21875","3.21875"
"21020","2","2","2"
"21030","1.109375","1.109375","1.109375"
"21040","3.28125","3.28125","3.28125"
"21050","1.8359375","1.8359375","1.8359375"
"21060","1.1640625","1.1640625","1.1640625"
"21070","1.15625","1.15625","1.15625"
"21080","1.7421875","1.7421875","1.7421875"
"21090","1.9296875","1.9296875","1.9296875"
"21100","0.96484375","0.96484375","0.96484375"
"21110","1.8203125","1.8203125","1.8203125"
"21120","1.9921875","1.9921875","1.9921875"
"21130","1.9375","1.9375","1.9375"
"21140","1.203125","1.203125","1.203125"
"21150","2.515625","2.515625","2.515625"
"21160","2.359375","2.359375","2.359375"
"21170","1.1796875","1.1796875","1.1796875"
"21180","2","2","2"
"21190","0.96484375","0.96484375","0.96484375"
"21200","1.203125","1.203125","1.203125"
"21210","1.9921875","1.9921875","1.9921875"
"21220","2.296875","2.296875","2.296875"
"21230","1.953125","1.953125","1.953125"
"21240","1.3671875","1.3671875","1.3671875"
"21250","1.046875","1.046875","1.046875"
"21260","1.859375","1.859375","1.859375"
"21270","2.140625","2.140625","2.140625"
"21280","2.875","2.875","2.875"
"21290","2.515625","2.515625","2.515625"
"21300","2","2","2"
"21310","2.296875","2.296875","2.296875"
"21320","3.03125","3.03125","3.03125"
"21330","1.8984375","1.8984375","1.8984375"
"21340","1.0234375","1.0234375","1.0234375"
"21350","1.3046875","1.3046875","1.3046875"
"21360","1.1640625","1.1640625","1.1640625"
"21370","2.484375","2.484375","2.484375"
"21380","3.140625","3.140625","3.140625"
"21390","0.93359375","0.93359375","0.93359375"
"21400","0.86328125","0.86328125","0.86328125"
"21410","3.234375","3.234375","3.234375"
"21420","1.6640625","1.6640625","1.6640625"
"21430","2.171875","2.171875","2.171875"
"21440","0.96875","0.96875","0.96875"
"21450","0.9609375","0.9609375","0.9609375"
"21460","2.640625","2.640625","2.640625"
"21470","1.96875","1.96875","1.96875"
"21480","1.1640625","1.1640625","1.1640625"
"21490","2.765625","2.765625","2.765625"
"21500","1.828125","1.828125","1.828125"
"21510","3.25","3.25","3.25"
"21520","1.7421875","1.7421875","1.7421875"
"21530","2.484375","2.484375","2.484375"
"21540","1.09375","1.09375","1.09375"
"21550","1.2421875","1.2421875","1.2421875"
"21560","1.234375","1.234375","1.234375"
"21570","2.15625","2.15625","2.15625"
"21580","2.328125","2.328125","2.328125"
"21590","1.015625","1.015625","1.015625"
"21600","1.0234375","1.0234375","1.0234375"
"21610","1.984375","1.984375","1.984375"
"21620","1.7265625","1.7265625","1.7265625"
"21630","2.9375","2.9375","2.9375"
"21640","2.234375","2.234375","2.234375"
"21650","3.109375","3.109375","3.109375"
"21660","2.046875","2.046875","2.046875"
"21670","2.671875","2.671875","2.671875"
"21680","1.203125","1.203125","1.203125"
"21690","1.0859375","1.0859375","1.0859375"
"21700","1.25","1.25","1.25"
"21710","2.15625","2.15625","2.15625"
"21720","1.8984375","1.8984375","1.8984375"
"21730","0.93359375","0.93359375","0.93359375"
"21740","0.859375","0.859375","0.859375"
"21750","3","3","3"
"21760","3.625","3.625","3.625"
"21770","2.28125","2.28125","2.28125"
"21780","3.078125","3.078125","3.078125"
"21790","1.0859375","1.0859375","1.0859375"
"21800","1.2109375","1.2109375","1.2109375"
"21810","0.90625","0.90625","0.90625"
"21820","2.09375","2.09375","2.09375"
"21830","1.96875","1.96875","1.96875"
"21840","2.96875","2.96875","2.96875"
"21850","1.3125","1.3125","1.3125"
"21860","2.140625","2.140625","2.140625"
"21870","2.5","2.5","2.5"
"21880","1.0625","1.0625","1.0625"
"21890","3.421875","3.421875","3.421875"
"21900","0.9765625","0.9765625","0.9765625"
"21910","3.265625","3.265625","3.265625"
"21920","2.53125","2.53125","2.53125"
"21930","1.9765625","1.9765625","1.9765625"
"21940","2.03125","2.03125","2.03125"
"21950","2.921875","2.921875","2.921875"
"21960","2.640625","2.640625","2.640625"
"21970","1.5","1.5","1.5"
"21980","2.09375","2.09375","2.09375"
"21990","2.109375","2.109375","2.109375"
"22000","2.109375","2.109375","2.109375"
"22010","0.96875","0.96875","0.96875"
"22020","2.28125","2.28125","2.28125"
"22030","1.09375","1.09375","1.09375"
"22040","1.0625","1.0625","1.0625"
"22050","1.6875","1.6875","1.6875"
"22060","1.0078125","1.0078125","1.0078125"
"22070","1.0234375","1.0234375","1.0234375"
"22080","1.2578125","1.2578125","1.2578125"
"22090","1.0390625","1.0390625","1.0390625"
"22100","1.390625","1.390625","1.390625"
"22110","2.9375","2.9375","2.9375"
"22120","2.125","2.125","2.125"
"22130","1.953125","1.953125","1.953125"
"22140","3.03125","3.03125","3.03125"
"22150","2.53125","2.53125","2.53125"
"22160","1.984375","1.984375","1.984375"
"22170","1.2421875","1.2421875","1.2421875"
"22180","2.25","2.25","2.25"
"22190","0.98046875","0.98046875","0.98046875"
"22200","1.859375","1.859375","1.859375"
"22210","3","3","3"
"22220","2.296875","2.296875","2.296875"
"22230","2.15625","2.15625","2.15625"
"22240","3","3","3"
"22250","1.1328125","1.1328125","1.1328125"
"22260","2.875","2.875","2.875"
"22270","3.09375","3.09375","3.09375"
"22280","1.0546875","1.0546875","1.0546875"
"22290","0.91796875","0.91796875","0.91796875"
"22300","1.109375","1.109375","1.109375"
"22310","1.1640625","1.1640625","1.1640625"
"22320","1.2734375","1.2734375","1.2734375"
"22330","1.984375","1.984375","1.984375"
"22340","3.171875","3.171875","3.171875"
"22350","1.9140625","1.9140625","1.9140625"
"22360","0.97265625","0.97265625","0.97265625"
"22370","1.1171875","1.1171875","1.1171875"
"22380","3.296875","3.296875","3.296875"
"22390","2","2","2"
"22400","2.703125","2.703125","2.703125"
"22410","1.1796875","1.1796875","1.1796875"
"22420","1.0625","1.0625","1.0625"
"22430","2.703125","2.703125","2.703125"
"22440","3.25","3.25","3.25"
"22450","3.21875","3.21875","3.21875"
"22460","0.9765625","0.9765625","0.9765625"
"22470","1.515625","1.515625","1.515625"
"22480","1.1328125","1.1328125","1.1328125"
"22490","2.171875","2.171875","2.171875"
"22500","1.875","1.875","1.875"
"22510","1.25","1.25","1.25"
"22520","0.91796875","0.91796875","0.91796875"
"22530","1.125","1.125","1.125"
"22540","0.8515625","0.8515625","0.8515625"
"22550","3.328125","3.328125","3.328125"
"22560","2.359375","2.359375","2.359375"
"22570","2.03125","2.03125","2.03125"
"22580","1.4453125","1.4453125","1.4453125"
"22590","1.9609375","1.9609375","1.9609375"
"22600","2.71875","2.71875","2.71875"
"22610","2.046875","2.046875","2.046875"
"22620","3.015625","3.015625","3.015625"
"22630","1.109375","1.109375","1.109375"
"22640","2.359375","2.359375","2.359375"
"22650","2.21875","2.21875","2.21875"
"22660","2.984375","2.984375","2.984375"
"22670","2.1875","2.1875","2.1875"
"22680","2.171875","2.171875","2.171875"
"22690","1.078125","1.078125","1.078125"
"22700","2.390625","2.390625","2.390625"
"22710","0.73046875","0.73046875","0.73046875"
"22720","2","2","2"
"22730","2.203125","2.203125","2.203125"
"22740","2.40625","2.40625","2.40625"
"22750","2.34375","2.34375","2.34375"
"22760","2.34375","2.34375","2.34375"
"22770","0.875","0.875","0.875"
"22780","4.15625","4.15625","4.15625"
"22790","2.859375","2.859375","2.859375"
"22800","1.546875","1.546875","1.546875"
"22810","2.265625","2.265625","2.265625"
"22820","1.4765625","1.4765625","1.4765625"
"22830","2.46875","2.46875","2.46875"
"22840","1.3203125","1.3203125","1.3203125"
"22850","2.53125","2.53125","2.53125"
"22860","3.453125","3.453125","3.453125"
"22870","1.4140625","1.4140625","1.4140625"
"22880","2.671875","2.671875","2.671875"
"22890","2.140625","2.140625","2.140625"
"22900","1.2109375","1.2109375","1.2109375"
"22910","2.609375","2.609375","2.609375"
"22920","2.859375","2.859375","2.859375"
"22930","3.734375","3.734375","3.734375"
"22940","1.5","1.5","1.5"
"22950","1.046875","1.046875","1.046875"
"22960","2.578125","2.578125","2.578125"
"22970","3.234375","3.234375","3.234375"
"22980","2.65625","2.65625","2.65625"
"22990","2.15625","2.15625","2.15625"
"23000","1.3515625","1.3515625","1.3515625"
"23010","1.046875","1.046875","1.046875"
"23020","1.953125","1.953125","1.953125"
"23030","2.234375","2.234375","2.234375"
"23040","2.71875","2.71875","2.71875"
"23050","2.84375","2.84375","2.84375"
"23060","2.796875","2.796875","2.796875"
"23070","3.453125","3.453125","3.453125"
"23080","1.5078125","1.5078125","1.5078125"
"23090","1.546875","1.546875","1.546875"
"23100","2.875","2.875","2.875"
"23110","2.109375","2.109375","2.109375"
"23120","3.796875","3.796875","3.796875"
"23130","2.390625","2.390625","2.390625"
"23140","2.171875","2.171875","2.171875"
"23150","2.171875","2.171875","2.171875"
"23160","3.375","3.375","3.375"
"23170","1.25","1.25","1.25"
"23180","2.921875","2.921875","2.921875"
"23190","1.1328125","1.1328125","1.1328125"
"23200","1.25","1.25","1.25"
"23210","2.203125","2.203125","2.203125"
"23220","3.234375","3.234375","3.234375"
"23230","3.65625","3.65625","3.65625"
"23240","1.5859375","1.5859375","1.5859375"
"23250","1.4375","1.4375","1.4375"
"23260","2.15625","2.15625","2.15625"
"23270","1.2421875","1.2421875","1.2421875"
"23280","2.015625","2.015625","2.015625"
"23290","1.1953125","1.1953125","1.1953125"
"23300","3.078125","3.078125","3.078125"
"23310","2.671875","2.671875","2.671875"
"23320","1.1328125","1.1328125","1.1328125"
"23330","1.0234375","1.0234375","1.0234375"
"23340","2.40625","2.40625","2.40625"
"23350","1.4765625","1.4765625","1.4765625"
"23360","1.1640625","1.1640625","1.1640625"
"23370","2.359375","2.359375","2.359375"
"23380","1.0546875","1.0546875","1.0546875"
"23390","2.28125","2.28125","2.28125"
"23400","2.78125","2.78125","2.78125"
"23410","1.9140625","1.9140625","1.9140625"
"23420","1.9453125","1.9453125","1.9453125"
"23430","2.28125","2.28125","2.28125"
"23440","3.40625","3.40625","3.40625"
"23450","2.28125","2.28125","2.28125"
"23460","3.046875","3.046875","3.046875"
"23470","1.625","1.625","1.625"
"23480","2.359375","2.359375","2.359375"
"23490","3.203125","3.203125","3.203125"
"23500","1.546875","1.546875","1.546875"
"23510","2.09375","2.09375","2.09375"
"23520","1.171875","1.171875","1.171875"
"23530","2.1875","2.1875","2.1875"
"23540","1.6484375","1.6484375","1.6484375"
"23550","2.078125","2.078125","2.078125"
"23560","1.046875","1.046875","1.046875"
"23570","1.5078125","1.5078125","1.5078125"
"23580","1.359375","1.359375","1.359375"
"23590","2.34375","2.34375","2.34375"
"23600","2.515625","2.515625","2.515625"
"23610","2.765625","2.765625","2.765625"
"23620","1.03125","1.03125","1.03125"
"23630","1.140625","1.140625","1.140625"
"23640","1.2890625","1.2890625","1.2890625"
"23650","2.296875","2.296875","2.296875"
"23660","2.015625","2.015625","2.015625"
"23670","1.125","1.125","1.125"
"23680","1.1796875","1.1796875","1.1796875"
"23690","2.9375","2.9375","2.9375"
"23700","2.25","2.25","2.25"
"23710","1.203125","1.203125","1.203125"
"23720","1.375","1.375","1.375"
"23730","2.25","2.25","2.25"
"23740","3.703125","3.703125","3.703125"
"23750","1.21875","1.21875","1.21875"
"23760","2.359375","2.359375","2.359375"
"23770","2.484375","2.484375","2.484375"
"23780","1.171875","1.171875","1.171875"
"23790","1.0546875","1.0546875","1.0546875"
"23800","1.2578125","1.2578125","1.2578125"
"23810","2.921875","2.921875","2.921875"
"23820","2.109375","2.109375","2.109375"
"23830","0.98828125","0.98828125","0.98828125"
"23840","2.34375","2.34375","2.34375"
"23850","2.234375","2.234375","2.234375"
"23860","3.125","3.125","3.125"
"23870","2.359375","2.359375","2.359375"
"23880","2.84375","2.84375","2.84375"
"23890","1.609375","1.609375","1.609375"
"23900","1.2109375","1.2109375","1.2109375"
"23910","2.953125","2.953125","2.953125"
"23920","3.703125","3.703125","3.703125"
"23930","1.1328125","1.1328125","1.1328125"
"23940","1.2109375","1.2109375","1.2109375"
"23950","1.65625","1.65625","1.65625"
"23960","1.3515625","1.3515625","1.3515625"
"23970","2.0625","2.0625","2.0625"
"23980","2.46875","2.46875","2.46875"
"23990","3.125","3.125","3.125"
"24000","2.671875","2.671875","2.671875"
"24010","1.25","1.25","1.25"
"24020","2.734375","2.734375","2.734375"
"24030","1.4921875","1.4921875","1.4921875"
"24040","2.359375","2.359375","2.359375"
"24050","1.8125","1.8125","1.8125"
"24060","2.390625","2.390625","2.390625"
"24070","1.1953125","1.1953125","1.1953125"
"24080","3.609375","3.609375","3.609375"
"24090","2.9375","2.9375","2.9375"
"24100","2.875","2.875","2.875"
"24110","1.9765625","1.9765625","1.9765625"
"24120","2.90625","2.90625","2.90625"
"24130","1.953125","1.953125","1.953125"
"24140","2.578125","2.578125","2.578125"
"24150","1.2265625","1.2265625","1.2265625"
"24160","2.828125","2.828125","2.828125"
"24170","1.0390625","1.0390625","1.0390625"
"24180","2","2","2"
"24190","3.234375","3.234375","3.234375"
"24200","1.3671875","1.3671875","1.3671875"
"24210","1.1484375","1.1484375","1.1484375"
"24220","1.2734375","1.2734375","1.2734375"
"24230","2.015625","2.015625","2.015625"
"24240","3.203125","3.203125","3.203125"
"24250","1.390625","1.390625","1.390625"
"24260","2.109375","2.109375","2.109375"
"24270","1.15625","1.15625","1.15625"
"24280","2.453125","2.453125","2.453125"
"24290","1.1796875","1.1796875","1.1796875"
"24300","2.671875","2.671875","2.671875"
"24310","1.1953125","1.1953125","1.1953125"
"24320","2.140625","2.140625","2.140625"
"24330","1.3515625","1.3515625","1.3515625"
"24340","2.28125","2.28125","2.28125"
"24350","2.859375","2.859375","2.859375"
"24360","2.203125","2.203125","2.203125"
"24370","1.203125","1.203125","1.203125"
"24380","2.421875","2.421875","2.421875"
"24390","1.7109375","1.7109375","1.7109375"
"24400","1.296875","1.296875","1.296875"
"24410","2.796875","2.796875","2.796875"
"24420","1.7578125","1.7578125","1.7578125"
"24430","3.09375","3.09375","3.09375"
"24440","1.796875","1.796875","1.796875"
"24450","2.515625","2.515625","2.515625"
"24460","1.1875","1.1875","1.1875"
"24470","1.609375","1.609375","1.609375"
"24480","1.3515625","1.3515625","1.3515625"
"24490","2.0625","2.0625","2.0625"
"24500","2.28125","2.28125","2.28125"
"24510","1.4453125","1.4453125","1.4453125"
"24520","1.1796875","1.1796875","1.1796875"
"24530","3.046875","3.046875","3.046875"
"24540","2.578125","2.578125","2.578125"
"24550","2.078125","2.078125","2.078125"
"24560","2.484375","2.484375","2.484375"
"24570","3.03125","3.03125","3.03125"
"24580","1.3671875","1.3671875","1.3671875"
"24590","2.5625","2.5625","2.5625"
"24600","1.1640625","1.1640625","1.1640625"
"24610","2.375","2.375","2.375"
"24620","1.34375","1.34375","1.34375"
"24630","1.4296875","1.4296875","1.4296875"
"24640","2.515625","2.515625","2.515625"
"24650","1.1484375","1.1484375","1.1484375"
"24660","1.2421875","1.2421875","1.2421875"
"24670","1.2265625","1.2265625","1.2265625"
"24680","1.203125","1.203125","1.203125"
"24690","1.359375","1.359375","1.359375"
"24700","1.203125","1.203125","1.203125"
"24710","1.234375","1.234375","1.234375"
"24720","2.671875","2.671875","2.671875"
"24730","2.140625","2.140625","2.140625"
"24740","2.96875","2.96875","2.96875"
"24750","2.359375","2.359375","2.359375"
"24760","1.5390625","1.5390625","1.5390625"
"24770","1.5625","1.5625","1.5625"
"24780","2.265625","2.265625","2.265625"
"24790","2.015625","2.015625","2.015625"
"24800","3.09375","3.09375","3.09375"
"24810","3.109375","3.109375","3.109375"
"24820","1.2734375","1.2734375","1.2734375"
"24830","2.125","2.125","2.125"
"24840","1.109375","1.109375","1.109375"
"24850","1.140625","1.140625","1.140625"
"24860","1.296875","1.296875","1.296875"
"24870","1.25","1.25","1.25"
"24880","3.03125","3.03125","3.03125"
"24890","3.4375","3.4375","3.4375"
"24900","1.125","1.125","1.125"
"24910","2.046875","2.046875","2.046875"
"24920","3.28125","3.28125","3.28125"
"24930","1.359375","1.359375","1.359375"
"24940","1.296875","1.296875","1.296875"
"24950","1.3671875","1.3671875","1.3671875"
"24960","1.1328125","1.1328125","1.1328125"
"24970","2.15625","2.15625","2.15625"
"24980","1.3984375","1.3984375","1.3984375"
"24990","1.2890625","1.2890625","1.2890625"
"25000","2.125","2.125","2.125"
"25010","2.75","2.75","2.75"
"25020","1.140625","1.140625","1.140625"
"25030","1.1171875","1.1171875","1.1171875"
"25040","2.203125","2.203125","2.203125"
"25050","1.3515625","1.3515625","1.3515625"
"25060","1.421875","1.421875","1.421875"
"25070","1.3359375","1.3359375","1.3359375"
"25080","2.390625","2.390625","2.390625"
"25090","1.453125","1.453125","1.453125"
"25100","1.96875","1.96875","1.96875"
"25110","1.0078125","1.0078125","1.0078125"
"25120","2.078125","2.078125","2.078125"
"25130","2.3125","2.3125","2.3125"
"25140","1.4609375","1.4609375","1.4609375"
"25150","3.828125","3.828125","3.828125"
"25160","2.328125","2.328125","2.328125"
"25170","2.0625","2.0625","2.0625"
"25180","2.1875","2.1875","2.1875"
"25190","2.21875","2.21875","2.21875"
"25200","1.0078125","1.0078125","1.0078125"
"25210","1.2421875","1.2421875","1.2421875"
"25220","1.3515625","1.3515625","1.3515625"
"25230","2.421875","2.421875","2.421875"
"25240","0.98046875","0.98046875","0.98046875"
"25250","0.96875","0.96875","0.96875"
"25260","1.3203125","1.3203125","1.3203125"
"25270","2.46875","2.46875","2.46875"
"25280","2","2","2"
"25290","1.109375","1.109375","1.109375"
"25300","1.28125","1.28125","1.28125"
"25310","2.390625","2.390625","2.390625"
"25320","1.4296875","1.4296875","1.4296875"
"25330","1.25","1.25","1.25"
"25340","3.515625","3.515625","3.515625"
"25350","1.109375","1.109375","1.109375"
"25360","2.203125","2.203125","2.203125"
"25370","1.1328125","1.1328125","1.1328125"
"25380","0.96875","0.96875","0.96875"
"25390","2.765625","2.765625","2.765625"
"25400","1.203125","1.203125","1.203125"
"25410","1.984375","1.984375","1.984375"
"25420","2.90625","2.90625","2.90625"
"25430","2.9375","2.9375","2.9375"
"25440","2.796875","2.796875","2.796875"
"25450","1.2109375","1.2109375","1.2109375"
"25460","2.46875","2.46875","2.46875"
"25470","1.3125","1.3125","1.3125"
"25480","1.328125","1.328125","1.328125"
"25490","2.359375","2.359375","2.359375"
"25500","2.265625","2.265625","2.265625"
"25510","2.109375","2.109375","2.109375"
"25520","2.3125","2.3125","2.3125"
"25530","2.546875","2.546875","2.546875"
"25540","1.453125","1.453125","1.453125"
"25550","2.359375","2.359375","2.359375"
"25560","1.3046875","1.3046875","1.3046875"
"25570","1.6171875","1.6171875","1.6171875"
"25580","2.46875","2.46875","2.46875"
"25590","2.4375","2.4375","2.4375"
"25600","1.1953125","1.1953125","1.1953125"
"25610","2.8125","2.8125","2.8125"
"25620","1.5","1.5","1.5"
"25630","3.828125","3.828125","3.828125"
"25640","1.1953125","1.1953125","1.1953125"
"25650","1.28125","1.28125","1.28125"
"25660","1.3671875","1.3671875","1.3671875"
"25670","1.109375","1.109375","1.109375"
"25680","3.078125","3.078125","3.078125"
"25690","1.203125","1.203125","1.203125"
"25700","2.65625","2.65625","2.65625"
"25710","2.6875","2.6875","2.6875"
"25720","2.8125","2.8125","2.8125"
"25730","2.296875","2.296875","2.296875"
"25740","1.1484375","1.1484375","1.1484375"
"25750","2.390625","2.390625","2.390625"
"25760","1.0703125","1.0703125","1.0703125"
"25770","1.21875","1.21875","1.21875"
"25780","3.671875","3.671875","3.671875"
"25790","2.90625","2.90625","2.90625"
"25800","1.3046875","1.3046875","1.3046875"
"25810","1.484375","1.484375","1.484375"
"25820","3.59375","3.59375","3.59375"
"25830","1.34375","1.34375","1.34375"
"25840","2.984375","2.984375","2.984375"
"25850","2.21875","2.21875","2.21875"
"25860","1.1484375","1.1484375","1.1484375"
"25870","2.59375","2.59375","2.59375"
"25880","1.171875","1.171875","1.171875"
"25890","2.078125","2.078125","2.078125"
"25900","2.171875","2.171875","2.171875"
"25910","1.890625","1.890625","1.890625"
"25920","2.34375","2.34375","2.34375"
"25930","2.265625","2.265625","2.265625"
"25940","1.5703125","1.5703125","1.5703125"
"25950","1.203125","1.203125","1.203125"
"25960","1.1640625","1.1640625","1.1640625"
"25970","1.0078125","1.0078125","1.0078125"
"25980","2.109375","2.109375","2.109375"
"25990","1.34375","1.34375","1.34375"
"26000","1.6953125","1.6953125","1.6953125"
"26010","3.09375","3.09375","3.09375"
"26020","2.078125","2.078125","2.078125"
"26030","1.3046875","1.3046875","1.3046875"
"26040","2.5625","2.5625","2.5625"
"26050","2.25","2.25","2.25"
"26060","1.1875","1.1875","1.1875"
"26070","0.9921875","0.9921875","0.9921875"
"26080","1.2265625","1.2265625","1.2265625"
"26090","1.140625","1.140625","1.140625"
"26100","2.015625","2.015625","2.015625"
"26110","2.234375","2.234375","2.234375"
"26120","1.15625","1.15625","1.15625"
"26130","2.125","2.125","2.125"
"26140","0.86328125","0.86328125","0.86328125"
"26150","2.21875","2.21875","2.21875"
"26160","2.25","2.25","2.25"
"26170","2.125","2.125","2.125"
"26180","2.671875","2.671875","2.671875"
"26190","1.421875","1.421875","1.421875"
"26200","2.3125","2.3125","2.3125"
"26210","2.09375","2.09375","2.09375"
"26220","2.953125","2.953125","2.953125"
"26230","1.4140625","1.4140625","1.4140625"
"26240","2.53125","2.53125","2.53125"
"26250","2.0625","2.0625","2.0625"
"26260","1.1796875","1.1796875","1.1796875"
"26270","0.875","0.875","0.875"
"26280","1.2890625","1.2890625","1.2890625"
"26290","1.078125","1.078125","1.078125"
"26300","2.5","2.5","2.5"
"26310","1.2109375","1.2109375","1.2109375"
"26320","3.40625","3.40625","3.40625"
"26330","2.03125","2.03125","2.03125"
"26340","1.90625","1.90625","1.90625"
"26350","1.4609375","1.4609375","1.4609375"
"26360","2.328125","2.328125","2.328125"
"26370","2.28125","2.28125","2.28125"
"26380","3.0625","3.0625","3.0625"
"26390","2.171875","2.171875","2.171875"
"26400","1.9296875","1.9296875","1.9296875"
"26410","1.5625","1.5625","1.5625"
"26420","2.15625","2.15625","2.15625"
"26430","1.1484375","1.1484375","1.1484375"
"26440","2.0625","2.0625","2.0625"
"26450","2.21875","2.21875","2.21875"
"26460","2.6875","2.6875","2.6875"
"26470","2.71875","2.71875","2.71875"
"26480","2.25","2.25","2.25"
"26490","1.09375","1.09375","1.09375"
"26500","2.375","2.375","2.375"
"26510","1.203125","1.203125","1.203125"
"26520","2.21875","2.21875","2.21875"
"26530","3.359375","3.359375","3.359375"
"26540","2.125","2.125","2.125"
"26550","3.234375","3.234375","3.234375"
"26560","2.078125","2.078125","2.078125"
"26570","1.359375","1.359375","1.359375"
"26580","2.390625","2.390625","2.390625"
"26590","1.2265625","1.2265625","1.2265625"
"26600","3.125","3.125","3.125"
"26610","2.40625","2.40625","2.40625"
"26620","2","2","2"
"26630","2.4375","2.4375","2.4375"
"26640","1.5546875","1.5546875","1.5546875"
"26650","3.625","3.625","3.625"
"26660","1.75","1.75","1.75"
"26670","2.21875","2.21875","2.21875"
"26680","1.0078125","1.0078125","1.0078125"
"26690","2.03125","2.03125","2.03125"
"26700","1.828125","1.828125","1.828125"
"26710","2.28125","2.28125","2.28125"
"26720","2.09375","2.09375","2.09375"
"26730","1","1","1"
"26740","2.703125","2.703125","2.703125"
"26750","2.4375","2.4375","2.4375"
"26760","1.40625","1.40625","1.40625"
"26770","2.234375","2.234375","2.234375"
"26780","2.625","2.625","2.625"
"26790","1.9296875","1.9296875","1.9296875"
"26800","1.109375","1.109375","1.109375"
"26810","2.609375","2.609375","2.609375"
"26820","3.25","3.25","3.25"
"26830","1.171875","1.171875","1.171875"
"26840","0.87109375","0.87109375","0.87109375"
"26850","2.03125","2.03125","2.03125"
"26860","2.296875","2.296875","2.296875"
"26870","1.6015625","1.6015625","1.6015625"
"26880","1.0859375","1.0859375","1.0859375"
"26890","1.8984375","1.8984375","1.8984375"
"26900","1.34375","1.34375","1.34375"
"26910","1.5625","1.5625","1.5625"
"26920","1.625","1.625","1.625"
"26930","1.1796875","1.1796875","1.1796875"
"26940","2.671875","2.671875","2.671875"
"26950","2.546875","2.546875","2.546875"
"26960","2.1875","2.1875","2.1875"
"26970","3.484375","3.484375","3.484375"
"26980","1.2890625","1.2890625","1.2890625"
"26990","2.1875","2.1875","2.1875"
"27000","2.28125","2.28125","2.28125"
"27010","3.09375","3.09375","3.09375"
"27020","0.96875","0.96875","0.96875"
"27030","1.2421875","1.2421875","1.2421875"
"27040","1.9765625","1.9765625","1.9765625"
"27050","1.015625","1.015625","1.015625"
"27060","1.3828125","1.3828125","1.3828125"
"27070","2.9375","2.9375","2.9375"
"27080","1.5234375","1.5234375","1.5234375"
"27090","2.453125","2.453125","2.453125"
"27100","1.453125","1.453125","1.453125"
"27110","1.1640625","1.1640625","1.1640625"
"27120","2.8125","2.8125","2.8125"
"27130","1.3515625","1.3515625","1.3515625"
"27140","2.921875","2.921875","2.921875"
"27150","0.97265625","0.97265625","0.97265625"
"27160","2.28125","2.28125","2.28125"
"27170","2.515625","2.515625","2.515625"
"27180","2.46875","2.46875","2.46875"
"27190","2.34375","2.34375","2.34375"
"27200","1.203125","1.203125","1.203125"
"27210","0.9921875","0.9921875","0.9921875"
"27220","2.96875","2.96875","2.96875"
"27230","2.40625","2.40625","2.40625"
"27240","1.65625","1.65625","1.65625"
"27250","2.4375","2.4375","2.4375"
"27260","3.171875","3.171875","3.171875"
"27270","2.25","2.25","2.25"
"27280","2.671875","2.671875","2.671875"
"27290","1.09375","1.09375","1.09375"
"27300","1.0390625","1.0390625","1.0390625"
"27310","1.0703125","1.0703125","1.0703125"
"27320","2.421875","2.421875","2.421875"
"27330","2.265625","2.265625","2.265625"
"27340","2.921875","2.921875","2.921875"
"27350","1.2421875","1.2421875","1.2421875"
"27360","2.8125","2.8125","2.8125"
"27370","1.1640625","1.1640625","1.1640625"
"27380","1.0390625","1.0390625","1.0390625"
"27390","2.15625","2.15625","2.15625"
"27400","2.171875","2.171875","2.171875"
"27410","3.125","3.125","3.125"
"27420","2.4375","2.4375","2.4375"
"27430","1.015625","1.015625","1.015625"
"27440","2.09375","2.09375","2.09375"
"27450","2.109375","2.109375","2.109375"
"27460","1.2109375","1.2109375","1.2109375"
"27470","1.265625","1.265625","1.265625"
"27480","2.375","2.375","2.375"
"27490","2.421875","2.421875","2.421875"
"27500","1.4140625","1.4140625","1.4140625"
"27510","1.0234375","1.0234375","1.0234375"
"27520","2.4375","2.4375","2.4375"
"27530","1.2109375","1.2109375","1.2109375"
"27540","3.0625","3.0625","3.0625"
"27550","2.234375","2.234375","2.234375"
"27560","2","2","2"
"27570","1.0390625","1.0390625","1.0390625"
"27580","1.3828125","1.3828125","1.3828125"
"27590","2.3125","2.3125","2.3125"
"27600","2.5625","2.5625","2.5625"
"27610","4.0625","4.0625","4.0625"
"27620","2.046875","2.046875","2.046875"
"27630","2.1875","2.1875","2.1875"
"27640","2.375","2.375","2.375"
"27650","1.1484375","1.1484375","1.1484375"
"27660","1.328125","1.328125","1.328125"
"27670","2.171875","2.171875","2.171875"
"27680","2.15625","2.15625","2.15625"
"27690","2.75","2.75","2.75"
"27700","2.984375","2.984375","2.984375"
"27710","0.953125","0.953125","0.953125"
"27720","1.7109375","1.7109375","1.7109375"
"27730","1.2734375","1.2734375","1.2734375"
"27740","2.203125","2.203125","2.203125"
"27750","1.2421875","1.2421875","1.2421875"
"27760","2.34375","2.34375","2.34375"
"27770","1.1796875","1.1796875","1.1796875"
"27780","2.6875","2.6875","2.6875"
"27790","1.34375","1.34375","1.34375"
"27800","1.203125","1.203125","1.203125"
"27810","2.3125","2.3125","2.3125"
"27820","1.5625","1.5625","1.5625"
"27830","2.34375","2.34375","2.34375"
"27840","1.5859375","1.5859375","1.5859375"
"27850","2.890625","2.890625","2.890625"
"27860","3.25","3.25","3.25"
"27870","2.40625","2.40625","2.40625"
"27880","2.40625","2.40625","2.40625"
"27890","2.3125","2.3125","2.3125"
"27900","2.484375","2.484375","2.484375"
"27910","1.1875","1.1875","1.1875"
"27920","1.5390625","1.5390625","1.5390625"
"27930","1.2890625","1.2890625","1.2890625"
"27940","2.3125","2.3125","2.3125"
"27950","3.21875","3.21875","3.21875"
"27960","2.484375","2.484375","2.484375"
"27970","2.265625","2.265625","2.265625"
"27980","2.0625","2.0625","2.0625"
"27990","1.203125","1.203125","1.203125"
"28000","2.359375","2.359375","2.359375"
"28010","1.25","1.25","1.25"
"28020","2.140625","2.140625","2.140625"
"28030","3","3","3"
"28040","2.484375","2.484375","2.484375"
"28050","1.1953125","1.1953125","1.1953125"
"28060","0.93359375","0.93359375","0.93359375"
"28070","1.0859375","1.0859375","1.0859375"
"28080","1.21875","1.21875","1.21875"
"28090","1.28125","1.28125","1.28125"
"28100","2.046875","2.046875","2.046875"
"28110","0.8515625","0.8515625","0.8515625"
"28120","2.34375","2.34375","2.34375"
"28130","2.03125","2.03125","2.03125"
"28140","1.7734375","1.7734375","1.7734375"
"28150","1.96875","1.96875","1.96875"
"28160","1.421875","1.421875","1.421875"
"28170","2.90625","2.90625","2.90625"
"28180","1.078125","1.078125","1.078125"
"28190","2.1875","2.1875","2.1875"
"28200","1.125","1.125","1.125"
"28210","2.140625","2.140625","2.140625"
"28220","1.4765625","1.4765625","1.4765625"
"28230","1.1875","1.1875","1.1875"
"28240","2.96875","2.96875","2.96875"
"28250","2.53125","2.53125","2.53125"
"28260","1.265625","1.265625","1.265625"
"28270","1.8125","1.8125","1.8125"
"28280","2.203125","2.203125","2.203125"
"28290","1.21875","1.21875","1.21875"
"28300","3.125","3.125","3.125"
"28310","2.5","2.5","2.5"
"28320","1.0625","1.0625","1.0625"
"28330","2.125","2.125","2.125"
"28340","3.046875","3.046875","3.046875"
"28350","2.515625","2.515625","2.515625"
"28360","1.2421875","1.2421875","1.2421875"
"28370","1.28125","1.28125","1.28125"
"28380","2.53125","2.53125","2.53125"
"28390","2.0625","2.0625","2.0625"
"28400","3.375","3.375","3.375"
"28410","1.625","1.625","1.625"
"28420","3.515625","3.515625","3.515625"
"28430","1.234375","1.234375","1.234375"
"28440","2.296875","2.296875","2.296875"
"28450","2.09375","2.09375","2.09375"
"28460","1.3984375","1.3984375","1.3984375"
"28470","3.125","3.125","3.125"
"28480","2.28125","2.28125","2.28125"
"28490","2.109375","2.109375","2.109375"
"28500","2.3125","2.3125","2.3125"
"28510","1.1484375","1.1484375","1.1484375"
"28520","2.328125","2.328125","2.328125"
"28530","2.4375","2.4375","2.4375"
"28540","1.4375","1.4375","1.4375"
"28550","2.84375","2.84375","2.84375"
"28560","2.578125","2.578125","2.578125"
"28570","1.40625","1.40625","1.40625"
"28580","2.609375","2.609375","2.609375"
"28590","2.203125","2.203125","2.203125"
"28600","2.375","2.375","2.375"
"28610","2.03125","2.03125","2.03125"
"28620","1.8203125","1.8203125","1.8203125"
"28630","2.453125","2.453125","2.453125"
"28640","2.125","2.125","2.125"
"28650","3.546875","3.546875","3.546875"
"28660","2.78125","2.78125","2.78125"
"28670","1.140625","1.140625","1.140625"
"28680","1.1953125","1.1953125","1.1953125"
"28690","0.890625","0.890625","0.890625"
"28700","1.546875","1.546875","1.546875"
"28710","2.640625","2.640625","2.640625"
"28720","1.0234375","1.0234375","1.0234375"
"28730","2.453125","2.453125","2.453125"
"28740","2.921875","2.921875","2.921875"
"28750","1.5625","1.5625","1.5625"
"28760","2.453125","2.453125","2.453125"
"28770","1.5078125","1.5078125","1.5078125"
"28780","2.328125","2.328125","2.328125"
"28790","1.0625","1.0625","1.0625"
"28800","2.078125","2.078125","2.078125"
"28810","2.5","2.5","2.5"
"28820","3.359375","3.359375","3.359375"
"28830","1.0703125","1.0703125","1.0703125"
"28840","1.8828125","1.8828125","1.8828125"
"28850","2.15625","2.15625","2.15625"
"28860","0.92578125","0.92578125","0.92578125"
"28870","1.0234375","1.0234375","1.0234375"
"28880","1.34375","1.34375","1.34375"
"28890","2.96875","2.96875","2.96875"
"28900","2.125","2.125","2.125"
"28910","2.265625","2.265625","2.265625"
"28920","1.1640625","1.1640625","1.1640625"
"28930","2.53125","2.53125","2.53125"
"28940","2.359375","2.359375","2.359375"
"28950","2.015625","2.015625","2.015625"
"28960","1.2265625","1.2265625","1.2265625"
"28970","3.734375","3.734375","3.734375"
"28980","2.359375","2.359375","2.359375"
"28990","2.3125","2.3125","2.3125"
"29000","1.375","1.375","1.375"
"29010","1.296875","1.296875","1.296875"
"29020","2.625","2.625","2.625"
"29030","1.0625","1.0625","1.0625"
"29040","2.0625","2.0625","2.0625"
"29050","2.84375","2.84375","2.84375"
"29060","1.2734375","1.2734375","1.2734375"
"29070","3.15625","3.15625","3.15625"
"29080","2.21875","2.21875","2.21875"
"29090","1.296875","1.296875","1.296875"
"29100","2.1875","2.1875","2.1875"
"29110","1.3359375","1.3359375","1.3359375"
"29120","2.375","2.375","2.375"
"29130","2.96875","2.96875","2.96875"
"29140","1.046875","1.046875","1.046875"
"29150","1.078125","1.078125","1.078125"
"29160","1.203125","1.203125","1.203125"
"29170","2.328125","2.328125","2.328125"
"29180","2.390625","2.390625","2.390625"
"29190","2.71875","2.71875","2.71875"
"29200","2.4375","2.4375","2.4375"
"29210","2.078125","2.078125","2.078125"
"29220","1.09375","1.09375","1.09375"
"29230","3.265625","3.265625","3.265625"
"29240","1.125","1.125","1.125"
"29250","2","2","2"
"29260","2.0625","2.0625","2.0625"
"29270","1.15625","1.15625","1.15625"
"29280","1.0859375","1.0859375","1.0859375"
"29290","2.3125","2.3125","2.3125"
"29300","3.703125","3.703125","3.703125"
"29310","3.046875","3.046875","3.046875"
"29320","2.59375","2.59375","2.59375"
"29330","1.0546875","1.0546875","1.0546875"
"29340","1.046875","1.046875","1.046875"
"29350","1.3828125","1.3828125","1.3828125"
"29360","2.015625","2.015625","2.015625"
"29370","1.1796875","1.1796875","1.1796875"
"29380","2.75","2.75","2.75"
"29390","1.390625","1.390625","1.390625"
"29400","2.28125","2.28125","2.28125"
"29410","1.15625","1.15625","1.15625"
"29420","1.1640625","1.1640625","1.1640625"
"29430","1.546875","1.546875","1.546875"
"29440","2.9375","2.9375","2.9375"
"29450","2.484375","2.484375","2.484375"
"29460","0.92578125","0.92578125","0.92578125"
"29470","1.1484375","1.1484375","1.1484375"
"29480","1.2421875","1.2421875","1.2421875"
"29490","2.25","2.25","2.25"
"29500","2.71875","2.71875","2.71875"
"29510","2.375","2.375","2.375"
"29520","2.34375","2.34375","2.34375"
"29530","1.1015625","1.1015625","1.1015625"
"29540","1.234375","1.234375","1.234375"
"29550","2.171875","2.171875","2.171875"
"29560","1.2578125","1.2578125","1.2578125"
"29570","1.21875","1.21875","1.21875"
"29580","2.03125","2.03125","2.03125"
"29590","3.109375","3.109375","3.109375"
"29600","3.1875","3.1875","3.1875"
"29610","1.375","1.375","1.375"
"29620","1.234375","1.234375","1.234375"
"29630","2.328125","2.328125","2.328125"
"29640","1.9609375","1.9609375","1.9609375"
"29650","0.95703125","0.95703125","0.95703125"
"29660","2.5","2.5","2.5"
"29670","1.9453125","1.9453125","1.9453125"
"29680","2.546875","2.546875","2.546875"
"29690","1.3203125","1.3203125","1.3203125"
"29700","1.0234375","1.0234375","1.0234375"
"29710","2.40625","2.40625","2.40625"
"29720","1.671875","1.671875","1.671875"
"29730","1.296875","1.296875","1.296875"
"29740","2.40625","2.40625","2.40625"
"29750","1.1015625","1.1015625","1.1015625"
"29760","2.515625","2.515625","2.515625"
"29770","1.2109375","1.2109375","1.2109375"
"29780","1.3828125","1.3828125","1.3828125"
"29790","1.25","1.25","1.25"
"29800","2.015625","2.015625","2.015625"
"29810","1.3203125","1.3203125","1.3203125"
"29820","1.3046875","1.3046875","1.3046875"
"29830","1.46875","1.46875","1.46875"
"29840","2.3125","2.3125","2.3125"
"29850","1.2890625","1.2890625","1.2890625"
"29860","2.453125","2.453125","2.453125"
"29870","1.3203125","1.3203125","1.3203125"
"29880","1.1328125","1.1328125","1.1328125"
"29890","1.1328125","1.1328125","1.1328125"
"29900","1.15625","1.15625","1.15625"
"29910","2.171875","2.171875","2.171875"
"29920","1.8984375","1.8984375","1.8984375"
"29930","2.078125","2.078125","2.078125"
"29940","1.6484375","1.6484375","1.6484375"
"29950","1.375","1.375","1.375"
"29960","2.234375","2.234375","2.234375"
"29970","1.1796875","1.1796875","1.1796875"
"29980","2.75","2.75","2.75"
"29990","1.296875","1.296875","1.296875"
"30000","1.40625","1.40625","1.40625"
"30010","2.140625","2.140625","2.140625"
"30020","1.3125","1.3125","1.3125"
"30030","1.6015625","1.6015625","1.6015625"
"30040","1.078125","1.078125","1.078125"
"30050","2.734375","2.734375","2.734375"
"30060","2.421875","2.421875","2.421875"
"30070","2.0625","2.0625","2.0625"
"30080","1.4921875","1.4921875","1.4921875"
"30090","3.125","3.125","3.125"
"30100","1.3828125","1.3828125","1.3828125"
"30110","3.1875","3.1875","3.1875"
"30120","3.71875","3.71875","3.71875"
"30130","1.171875","1.171875","1.171875"
"30140","1.6796875","1.6796875","1.6796875"
"30150","1.921875","1.921875","1.921875"
"30160","1.2109375","1.2109375","1.2109375"
"30170","2.234375","2.234375","2.234375"
"30180","2.390625","2.390625","2.390625"
"30190","2.890625","2.890625","2.890625"
"30200","1.0703125","1.0703125","1.0703125"
"30210","2.21875","2.21875","2.21875"
"30220","1.390625","1.390625","1.390625"
"30230","1.5234375","1.5234375","1.5234375"
"30240","1.09375","1.09375","1.09375"
"30250","2.5","2.5","2.5"
"30260","1.140625","1.140625","1.140625"
"30270","2.078125","2.078125","2.078125"
"30280","3.125","3.125","3.125"
"30290","2.15625","2.15625","2.15625"
"30300","1.171875","1.171875","1.171875"
"30310","2.796875","2.796875","2.796875"
"30320","1.1953125","1.1953125","1.1953125"
"30330","2.328125","2.328125","2.328125"
"30340","1.3984375","1.3984375","1.3984375"
"30350","1.3359375","1.3359375","1.3359375"
"30360","1.4765625","1.4765625","1.4765625"
"30370","3.359375","3.359375","3.359375"
"30380","0.93359375","0.93359375","0.93359375"
"30390","2.75","2.75","2.75"
"30400","1.2421875","1.2421875","1.2421875"
"30410","1.8046875","1.8046875","1.8046875"
"30420","3.28125","3.28125","3.28125"
"30430","1.328125","1.328125","1.328125"
"30440","0.94921875","0.94921875","0.94921875"
"30450","2.390625","2.390625","2.390625"
"30460","2.6875","2.6875","2.6875"
"30470","3.078125","3.078125","3.078125"
"30480","2.234375","2.234375","2.234375"
"30490","2.5","2.5","2.5"
"30500","2.125","2.125","2.125"
"30510","2.09375","2.09375","2.09375"
"30520","2.171875","2.171875","2.171875"
"30530","1.4296875","1.4296875","1.4296875"
"30540","2.4375","2.4375","2.4375"
"30550","1.296875","1.296875","1.296875"
"30560","2.921875","2.921875","2.921875"
"30570","1.3984375","1.3984375","1.3984375"
"30580","1.1796875","1.1796875","1.1796875"
"30590","2.59375","2.59375","2.59375"
"30600","2.140625","2.140625","2.140625"
"30610","1.15625","1.15625","1.15625"
"30620","3.046875","3.046875","3.046875"
"30630","1.78125","1.78125","1.78125"
"30640","2.34375","2.34375","2.34375"
"30650","1.4375","1.4375","1.4375"
"30660","2.46875","2.46875","2.46875"
"30670","3.5625","3.5625","3.5625"
"30680","1","1","1"
"30690","2.078125","2.078125","2.078125"
"30700","1.4765625","1.4765625","1.4765625"
"30710","2.8125","2.8125","2.8125"
"30720","1.8984375","1.8984375","1.8984375"
"30730","1.421875","1.421875","1.421875"
"30740","1.015625","1.015625","1.015625"
"30750","1.03125","1.03125","1.03125"
"30760","0.88671875","0.88671875","0.88671875"
"30770","2.875","2.875","2.875"
"30780","1.1953125","1.1953125","1.1953125"
"30790","1.9140625","1.9140625","1.9140625"
"30800","1.1796875","1.1796875","1.1796875"
"30810","2.046875","2.046875","2.046875"
"30820","2.078125","2.078125","2.078125"
"30830","2.125","2.125","2.125"
"30840","2.375","2.375","2.375"
"30850","1.9765625","1.9765625","1.9765625"
"30860","2.203125","2.203125","2.203125"
"30870","1.3203125","1.3203125","1.3203125"
"30880","1.15625","1.15625","1.15625"
"30890","1.1875","1.1875","1.1875"
"30900","1.265625","1.265625","1.265625"
"30910","1.3671875","1.3671875","1.3671875"
"30920","3.0625","3.0625","3.0625"
"30930","3.265625","3.265625","3.265625"
"30940","3.203125","3.203125","3.203125"
"30950","1.984375","1.984375","1.984375"
"30960","1.15625","1.15625","1.15625"
"30970","2.8125","2.8125","2.8125"
"30980","2.484375","2.484375","2.484375"
"30990","2.171875","2.171875","2.171875"
"31000","1.25","1.25","1.25"
"31010","1.9296875","1.9296875","1.9296875"
"31020","2.765625","2.765625","2.765625"
"31030","3.09375","3.09375","3.09375"
"31040","2.890625","2.890625","2.890625"
"31050","1.203125","1.203125","1.203125"
"31060","1.296875","1.296875","1.296875"
"31070","1.4453125","1.4453125","1.4453125"
"31080","1.0546875","1.0546875","1.0546875"
"31090","2.203125","2.203125","2.203125"
"31100","0.93359375","0.93359375","0.93359375"
"31110","1.34375","1.34375","1.34375"
"31120","1.0390625","1.0390625","1.0390625"
"31130","1.25","1.25","1.25"
"31140","2.328125","2.328125","2.328125"
"31150","1.0625","1.0625","1.0625"
"31160","1.21875","1.21875","1.21875"
"31170","1.203125","1.203125","1.203125"
"31180","2.9375","2.9375","2.9375"
"31190","1.0859375","1.0859375","1.0859375"
"31200","2.265625","2.265625","2.265625"
"31210","1.3828125","1.3828125","1.3828125"
"31220","1.1953125","1.1953125","1.1953125"
"31230","1.2890625","1.2890625","1.2890625"
"31240","2.1875","2.1875","2.1875"
"31250","1.09375","1.09375","1.09375"
"31260","2.09375","2.09375","2.09375"
"31270","1.375","1.375","1.375"
"31280","0.99609375","0.99609375","0.99609375"
"31290","2.015625","2.015625","2.015625"
"31300","3.0625","3.0625","3.0625"
"31310","1.3125","1.3125","1.3125"
"31320","2.34375","2.34375","2.34375"
"31330","2.4375","2.4375","2.4375"
"31340","2.59375","2.59375","2.59375"
"31350","3.171875","3.171875","3.171875"
"31360","2.546875","2.546875","2.546875"
"31370","2.21875","2.21875","2.21875"
"31380","3.125","3.125","3.125"
"31390","2.3125","2.3125","2.3125"
"31400","1.0390625","1.0390625","1.0390625"
"31410","1.359375","1.359375","1.359375"
"31420","1.078125","1.078125","1.078125"
"31430","2.625","2.625","2.625"
"31440","1.390625","1.390625","1.390625"
"31450","1.2265625","1.2265625","1.2265625"
"31460","1.046875","1.046875","1.046875"
"31470","2.421875","2.421875","2.421875"
"31480","2.03125","2.03125","2.03125"
"31490","2.640625","2.640625","2.640625"
"31500","1.3046875","1.3046875","1.3046875"
"31510","1.984375","1.984375","1.984375"
"31520","3.09375","3.09375","3.09375"
"31530","2.765625","2.765625","2.765625"
"31540","1.25","1.25","1.25"
"31550","2.984375","2.984375","2.984375"
"31560","2.5","2.5","2.5"
"31570","2.546875","2.546875","2.546875"
"31580","1.328125","1.328125","1.328125"
"31590","1.1171875","1.1171875","1.1171875"
"31600","1.1953125","1.1953125","1.1953125"
"31610","2.453125","2.453125","2.453125"
"31620","2.046875","2.046875","2.046875"
"31630","2.25","2.25","2.25"
"31640","2.46875","2.46875","2.46875"
"31650","3.1875","3.1875","3.1875"
"31660","2.1875","2.1875","2.1875"
"31670","1.0234375","1.0234375","1.0234375"
"31680","2.140625","2.140625","2.140625"
"31690","2.15625","2.15625","2.15625"
"31700","1.5390625","1.5390625","1.5390625"
"31710","1.2734375","1.2734375","1.2734375"
"31720","1.765625","1.765625","1.765625"
"31730","3.171875","3.171875","3.171875"
"31740","1.375","1.375","1.375"
"31750","1.921875","1.921875","1.921875"
"31760","3.4375","3.4375","3.4375"
"31770","2.71875","2.71875","2.71875"
"31780","2.28125","2.28125","2.28125"
"31790","2.625","2.625","2.625"
"31800","2.125","2.125","2.125"
"31810","2.375","2.375","2.375"
"31820","1.3828125","1.3828125","1.3828125"
"31830","1.2890625","1.2890625","1.2890625"
"31840","2.875","2.875","2.875"
"31850","2.40625","2.40625","2.40625"
"31860","1.0703125","1.0703125","1.0703125"
"31870","1.171875","1.171875","1.171875"
"31880","3.421875","3.421875","3.421875"
"31890","2.59375","2.59375","2.59375"
"31900","2.015625","2.015625","2.015625"
"31910","2.125","2.125","2.125"
"31920","1.0859375","1.0859375","1.0859375"
"31930","1.265625","1.265625","1.265625"
"31940","2.15625","2.15625","2.15625"
"31950","1.3359375","1.3359375","1.3359375"
"31960","1.125","1.125","1.125"
"31970","1.25","1.25","1.25"
"31980","1.9609375","1.9609375","1.9609375"
"31990","3.34375","3.34375","3.34375"
"32000","2.203125","2.203125","2.203125"
"32010","2.109375","2.109375","2.109375"
"32020","2.546875","2.546875","2.546875"
"32030","2.6875","2.6875","2.6875"
"32040","3.375","3.375","3.375"
"32050","2.234375","2.234375","2.234375"
"32060","2.375","2.375","2.375"
"32070","1.390625","1.390625","1.390625"
"32080","3.03125","3.03125","3.03125"
"32090","1.921875","1.921875","1.921875"
"32100","2.25","2.25","2.25"
"32110","2.34375","2.34375","2.34375"
"32120","2.234375","2.234375","2.234375"
"32130","1.8203125","1.8203125","1.8203125"
"32140","2.796875","2.796875","2.796875"
"32150","2.3125","2.3125","2.3125"
"32160","2.5","2.5","2.5"
"32170","1.9765625","1.9765625","1.9765625"
"32180","1.3671875","1.3671875","1.3671875"
"32190","2.03125","2.03125","2.03125"
"32200","1.140625","1.140625","1.140625"
"32210","1.2265625","1.2265625","1.2265625"
"32220","1.234375","1.234375","1.234375"
"32230","2.078125","2.078125","2.078125"
"32240","2.171875","2.171875","2.171875"
"32250","1.2734375","1.2734375","1.2734375"
"32260","2.03125","2.03125","2.03125"
"32270","2.84375","2.84375","2.84375"
"32280","3.203125","3.203125","3.203125"
"32290","1.1796875","1.1796875","1.1796875"
"32300","2.703125","2.703125","2.703125"
"32310","1.890625","1.890625","1.890625"
"32320","2.125","2.125","2.125"
"32330","2.265625","2.265625","2.265625"
"32340","0.93359375","0.93359375","0.93359375"
"32350","2.625","2.625","2.625"
"32360","1.484375","1.484375","1.484375"
"32370","2.375","2.375","2.375"
"32380","1.25","1.25","1.25"
"32390","2.171875","2.171875","2.171875"
"32400","3.421875","3.421875","3.421875"
"32410","2.21875","2.21875","2.21875"
"32420","0.984375","0.984375","0.984375"
"32430","1.96875","1.96875","1.96875"
"32440","1.046875","1.046875","1.046875"
"32450","1.9609375","1.9609375","1.9609375"
"32460","1.2734375","1.2734375","1.2734375"
"32470","3.40625","3.40625","3.40625"
"32480","1.203125","1.203125","1.203125"
"32490","2.796875","2.796875","2.796875"
"32500","0.8359375","0.8359375","0.8359375"
"32510","2.4375","2.4375","2.4375"
"32520","2.25","2.25","2.25"
"32530","1.34375","1.34375","1.34375"
"32540","2","2","2"
"32550","2.234375","2.234375","2.234375"
"32560","3.46875","3.46875","3.46875"
"32570","2.8125","2.8125","2.8125"
"32580","1.0703125","1.0703125","1.0703125"
"32590","1.015625","1.015625","1.015625"
"32600","1.515625","1.515625","1.515625"
"32610","2.28125","2.28125","2.28125"
"32620","1.09375","1.09375","1.09375"
"32630","1.078125","1.078125","1.078125"
"32640","1.0859375","1.0859375","1.0859375"
"32650","2.921875","2.921875","2.921875"
"32660","2","2","2"
"32670","2.5625","2.5625","2.5625"
"32680","2.5","2.5","2.5"
"32690","1.0390625","1.0390625","1.0390625"
"32700","3.21875","3.21875","3.21875"
"32710","2.34375","2.34375","2.34375"
"32720","3.359375","3.359375","3.359375"
"32730","3.5","3.5","3.5"
"32740","2.796875","2.796875","2.796875"
"32750","1.59375","1.59375","1.59375"
"32760","2.0625","2.0625","2.0625"
"32770","1.5625","1.5625","1.5625"
"32780","4.03125","4.03125","4.03125"
"32790","2.265625","2.265625","2.265625"
"32800","1.2734375","1.2734375","1.2734375"
"32810","2.65625","2.65625","2.65625"
"32820","2.78125","2.78125","2.78125"
"32830","2.1875","2.1875","2.1875"
"32840","1.2578125","1.2578125","1.2578125"
"32850","2.296875","2.296875","2.296875"
"32860","0.9296875","0.9296875","0.9296875"
"32870","1.75","1.75","1.75"
"32880","2.25","2.25","2.25"
"32890","2.28125","2.28125","2.28125"
"32900","1.6328125","1.6328125","1.6328125"
"32910","2.53125","2.53125","2.53125"
"32920","1.515625","1.515625","1.515625"
"32930","2.8125","2.8125","2.8125"
"32940","2.078125","2.078125","2.078125"
"32950","2.453125","2.453125","2.453125"
"32960","2.140625","2.140625","2.140625"
"32970","1.96875","1.96875","1.96875"
"32980","2.5625","2.5625","2.5625"
"32990","1.359375","1.359375","1.359375"
"33000","1.15625","1.15625","1.15625"
"33010","2.828125","2.828125","2.828125"
"33020","3.21875","3.21875","3.21875"
"33030","1.171875","1.171875","1.171875"
"33040","2.40625","2.40625","2.40625"
"33050","2.375","2.375","2.375"
"33060","0.99609375","0.99609375","0.99609375"
"33070","2.71875","2.71875","2.71875"
"33080","2.078125","2.078125","2.078125"
"33090","0.9453125","0.9453125","0.9453125"
"33100","1.4453125","1.4453125","1.4453125"
"33110","2.265625","2.265625","2.265625"
"33120","3.46875","3.46875","3.46875"
"33130","2.140625","2.140625","2.140625"
"33140","3.125","3.125","3.125"
"33150","1.53125","1.53125","1.53125"
"33160","2.53125","2.53125","2.53125"
"33170","1.453125","1.453125","1.453125"
"33180","1.171875","1.171875","1.171875"
"33190","1.2265625","1.2265625","1.2265625"
"33200","3.390625","3.390625","3.390625"
"33210","1.375","1.375","1.375"
"33220","3.578125","3.578125","3.578125"
"33230","1.234375","1.234375","1.234375"
"33240","1.9453125","1.9453125","1.9453125"
"33250","3.0625","3.0625","3.0625"
"33260","2.046875","2.046875","2.046875"
"33270","3.40625","3.40625","3.40625"
"33280","2.9375","2.9375","2.9375"
"33290","2.171875","2.171875","2.171875"
"33300","1.0859375","1.0859375","1.0859375"
"33310","1.21875","1.21875","1.21875"
"33320","2.234375","2.234375","2.234375"
"33330","1.125","1.125","1.125"
"33340","2.859375","2.859375","2.859375"
"33350","1.1796875","1.1796875","1.1796875"
"33360","1.9375","1.9375","1.9375"
"33370","2.34375","2.34375","2.34375"
"33380","2.296875","2.296875","2.296875"
"33390","2.25","2.25","2.25"
"33400","3.890625","3.890625","3.890625"
"33410","1.3046875","1.3046875","1.3046875"
"33420","2.140625","2.140625","2.140625"
"33430","1.34375","1.34375","1.34375"
"33440","3.234375","3.234375","3.234375"
"33450","1.5390625","1.5390625","1.5390625"
"33460","1.171875","1.171875","1.171875"
"33470","2.171875","2.171875","2.171875"
"33480","2.21875","2.21875","2.21875"
"33490","1.09375","1.09375","1.09375"
"33500","2.171875","2.171875","2.171875"
"33510","3.390625","3.390625","3.390625"
"33520","1.859375","1.859375","1.859375"
"33530","2.234375","2.234375","2.234375"
"33540","2.375","2.375","2.375"
"33550","3.265625","3.265625","3.265625"
"33560","2.5","2.5","2.5"
"33570","2.140625","2.140625","2.140625"
"33580","3.390625","3.390625","3.390625"
"33590","2.34375","2.34375","2.34375"
"33600","0.95703125","0.95703125","0.95703125"
"33610","2.6875","2.6875","2.6875"
"33620","2.46875","2.46875","2.46875"
"33630","1.9296875","1.9296875","1.9296875"
"33640","2.4375","2.4375","2.4375"
"33650","2.640625","2.640625","2.640625"
"33660","2.109375","2.109375","2.109375"
"33670","3.71875","3.71875","3.71875"
"33680","1.25","1.25","1.25"
"33690","3.21875","3.21875","3.21875"
"33700","2.921875","2.921875","2.921875"