ModelVersion,Phrase,Iteration,TokenIndex,TokenString,NoiseValue
phase4_step_14995_LIVE,Phrase 0: The quick brown fox ...,0,0,The,0.48330914974212646
phase4_step_14995_LIVE,Phrase 0: The quick brown fox ...,0,1,...,0.7535476088523865
phase4_step_14995_LIVE,Phrase 0: The quick brown fox ...,0,2, x,0.44680896401405334
phase4_step_14995_LIVE,Phrase 0: The quick brown fox ...,0,3,{,1.0
phase4_step_14995_LIVE,Phrase 0: The quick brown fox ...,0,4, blocks,0.10000000149011612
phase4_step_14995_LIVE,Phrase 0: The quick brown fox ...,0,5, go,0.7733914852142334
phase4_step_14995_LIVE,Phrase 0: The quick brown fox ...,0,6, distance,0.8308030962944031
phase4_step_14995_LIVE,Phrase 0: The quick brown fox ...,0,7, for,0.6093054413795471
phase4_step_14995_LIVE,Phrase 0: The quick brown fox ...,0,8, dog,0.10000000149011612
phase4_step_14995_LIVE,Phrase 0: The quick brown fox ...,0,9,2,1.0
phase4_step_14995_LIVE,"Phrase 1: Мама мыла раму, а па...",0,0,М,0.37688350677490234
phase4_step_14995_LIVE,"Phrase 1: Мама мыла раму, а па...",0,1,ам,0.28668519854545593
phase4_step_14995_LIVE,"Phrase 1: Мама мыла раму, а па...",0,2,а,0.5251629948616028
phase4_step_14995_LIVE,"Phrase 1: Мама мыла раму, а па...",0,3, for,0.833806037902832
phase4_step_14995_LIVE,"Phrase 1: Мама мыла раму, а па...",0,4,ly,0.7042704820632935
phase4_step_14995_LIVE,"Phrase 1: Мама мыла раму, а па...",0,5,f,1.0
phase4_step_14995_LIVE,"Phrase 1: Мама мыла раму, а па...",0,6,у,0.5079140663146973
phase4_step_14995_LIVE,"Phrase 1: Мама мыла раму, а па...",0,7, for,0.8732016086578369
phase4_step_14995_LIVE,"Phrase 1: Мама мыла раму, а па...",0,8, а,0.43047064542770386
phase4_step_14995_LIVE,"Phrase 1: Мама мыла раму, а па...",0,9, п,0.6167303919792175
phase4_step_14995_LIVE,"Phrase 1: Мама мыла раму, а па...",0,10, x,0.8731821775436401
phase4_step_14995_LIVE,"Phrase 1: Мама мыла раму, а па...",0,11,а,0.4757804274559021
phase4_step_14995_LIVE,"Phrase 1: Мама мыла раму, а па...",0,12, right,0.601638674736023
phase4_step_14995_LIVE,"Phrase 1: Мама мыла раму, а па...",0,13,ин,0.5014309883117676
phase4_step_14995_LIVE,"Phrase 1: Мама мыла раму, а па...",0,14,als,0.7492926120758057
phase4_step_14995_LIVE,"Phrase 1: Мама мыла раму, а па...",0,15, т,0.10000000149011612
phase4_step_14995_LIVE,"Phrase 1: Мама мыла раму, а па...",0,16,ел,0.10000000149011612
phase4_step_14995_LIVE,"Phrase 1: Мама мыла раму, а па...",0,17,лат,0.786045491695404
phase4_step_14995_LIVE,"Phrase 1: Мама мыла раму, а па...",0,18,ля,0.6737781763076782
phase4_step_14995_LIVE,"Phrase 1: Мама мыла раму, а па...",0,19,ор,0.10000000149011612
phase4_step_14995_LIVE,"Phrase 1: Мама мыла раму, а па...",0,20,.,0.10000000149011612
phase4_step_14995_LIVE,Phrase 2: Quantum computing is...,0,0,quant,0.25776681303977966
phase4_step_14995_LIVE,Phrase 2: Quantum computing is...,0,1, in,0.796332597732544
phase4_step_14995_LIVE,Phrase 2: Quantum computing is...,0,2, can,0.7789932489395142
phase4_step_14995_LIVE,Phrase 2: Quantum computing is...,0,3, is,0.5311192274093628
phase4_step_14995_LIVE,Phrase 2: Quantum computing is...,0,4, –,0.5930778980255127
phase4_step_14995_LIVE,Phrase 2: Quantum computing is...,0,5,"

",0.7683168649673462
phase4_step_14995_LIVE,Phrase 2: Quantum computing is...,0,6,em,0.5130704045295715
phase4_step_14995_LIVE,Phrase 2: Quantum computing is...,0,7, increases,0.35865306854248047
phase4_step_14995_LIVE,Phrase 2: Quantum computing is...,0,8, in,1.0
phase4_step_14995_LIVE,Phrase 2: Quantum computing is...,0,9, that,0.10000000149011612
phase4_step_14995_LIVE,Phrase 2: Quantum computing is...,0,10, harness,0.45619332790374756
phase4_step_14995_LIVE,Phrase 2: Quantum computing is...,0,11,es,0.24389824271202087
phase4_step_14995_LIVE,Phrase 2: Quantum computing is...,0,12, the,0.8355567455291748
phase4_step_14995_LIVE,Phrase 2: Quantum computing is...,0,13, laws,0.10000000149011612
phase4_step_14995_LIVE,Phrase 2: Quantum computing is...,0,14,inal,0.8512389063835144
phase4_step_14995_LIVE,Phrase 2: Quantum computing is...,0,15,1,0.7765028476715088
phase4_step_14995_LIVE,Phrase 2: Quantum computing is...,0,16,mar,0.6968005299568176
phase4_step_14995_LIVE,Phrase 2: Quantum computing is...,0,17, to,0.10000000149011612
phase4_step_14995_LIVE,Phrase 2: Quantum computing is...,0,18,3,0.5710757970809937
phase4_step_14995_LIVE,Phrase 2: Quantum computing is...,0,19, simpl,0.8185160756111145
phase4_step_14995_LIVE,Phrase 2: Quantum computing is...,0,20,1,1.0
phase4_step_14995_LIVE,Phrase 2: Quantum computing is...,0,21, complex,0.7495649456977844
phase4_step_14995_LIVE,Phrase 2: Quantum computing is...,0,22, for,0.10000000149011612
phase4_step_14995_LIVE,Phrase 2: Quantum computing is...,0,23, principal,0.5111016631126404
phase4_step_14995_LIVE,Phrase 2: Quantum computing is...,0,24, computers,0.27592718601226807
phase4_step_14995_LIVE,Phrase 2: Quantum computing is...,0,25,.,0.10000000149011612
phase4_step_14995_LIVE,Phrase 0: The quick brown fox ...,1,0,The,0.5088574290275574
phase4_step_14995_LIVE,Phrase 0: The quick brown fox ...,1,1,...,0.7501086592674255
phase4_step_14995_LIVE,Phrase 0: The quick brown fox ...,1,2, x,0.44867467880249023
phase4_step_14995_LIVE,Phrase 0: The quick brown fox ...,1,3,{,1.0119798183441162
phase4_step_14995_LIVE,Phrase 0: The quick brown fox ...,1,4, blocks,0.10025209933519363
phase4_step_14995_LIVE,Phrase 0: The quick brown fox ...,1,5, go,0.7506409287452698
phase4_step_14995_LIVE,Phrase 0: The quick brown fox ...,1,6, distance,0.8185909986495972
phase4_step_14995_LIVE,Phrase 0: The quick brown fox ...,1,7, for,0.614707887172699
phase4_step_14995_LIVE,Phrase 0: The quick brown fox ...,1,8, dog,0.10020103305578232
phase4_step_14995_LIVE,Phrase 0: The quick brown fox ...,1,9,2,0.9931780695915222
phase4_step_14995_LIVE,"Phrase 1: Мама мыла раму, а па...",1,0,М,0.36877936124801636
phase4_step_14995_LIVE,"Phrase 1: Мама мыла раму, а па...",1,1,ам,0.28843989968299866
phase4_step_14995_LIVE,"Phrase 1: Мама мыла раму, а па...",1,2,а,0.5146666765213013
phase4_step_14995_LIVE,"Phrase 1: Мама мыла раму, а па...",1,3, for,0.8162028789520264
phase4_step_14995_LIVE,"Phrase 1: Мама мыла раму, а па...",1,4,ly,0.7394835352897644
phase4_step_14995_LIVE,"Phrase 1: Мама мыла раму, а па...",1,5,f,1.0176596641540527
phase4_step_14995_LIVE,"Phrase 1: Мама мыла раму, а па...",1,6,у,0.50634765625
phase4_step_14995_LIVE,"Phrase 1: Мама мыла раму, а па...",1,7, for,0.8694006204605103
phase4_step_14995_LIVE,"Phrase 1: Мама мыла раму, а па...",1,8, а,0.423265278339386
phase4_step_14995_LIVE,"Phrase 1: Мама мыла раму, а па...",1,9, п,0.6220920085906982
phase4_step_14995_LIVE,"Phrase 1: Мама мыла раму, а па...",1,10, x,0.8659852147102356
phase4_step_14995_LIVE,"Phrase 1: Мама мыла раму, а па...",1,11,а,0.48534053564071655
phase4_step_14995_LIVE,"Phrase 1: Мама мыла раму, а па...",1,12, right,0.6015375256538391
phase4_step_14995_LIVE,"Phrase 1: Мама мыла раму, а па...",1,13,ин,0.502134382724762
phase4_step_14995_LIVE,"Phrase 1: Мама мыла раму, а па...",1,14,als,0.7557242512702942
phase4_step_14995_LIVE,"Phrase 1: Мама мыла раму, а па...",1,15, т,0.09931524097919464
phase4_step_14995_LIVE,"Phrase 1: Мама мыла раму, а па...",1,16,ел,0.09933966398239136
phase4_step_14995_LIVE,"Phrase 1: Мама мыла раму, а па...",1,17,лат,0.8260591626167297
phase4_step_14995_LIVE,"Phrase 1: Мама мыла раму, а па...",1,18,ля,0.6754821538925171
phase4_step_14995_LIVE,"Phrase 1: Мама мыла раму, а па...",1,19,ор,0.1005280390381813
phase4_step_14995_LIVE,"Phrase 1: Мама мыла раму, а па...",1,20,.,0.09937456995248795
phase4_step_14995_LIVE,Phrase 2: Quantum computing is...,1,0,quant,0.25445356965065
phase4_step_14995_LIVE,Phrase 2: Quantum computing is...,1,1, in,0.7836717963218689
phase4_step_14995_LIVE,Phrase 2: Quantum computing is...,1,2, can,0.780444860458374
phase4_step_14995_LIVE,Phrase 2: Quantum computing is...,1,3, is,0.5139986872673035
phase4_step_14995_LIVE,Phrase 2: Quantum computing is...,1,4, –,0.5840365290641785
phase4_step_14995_LIVE,Phrase 2: Quantum computing is...,1,5,"

",0.7907205820083618
phase4_step_14995_LIVE,Phrase 2: Quantum computing is...,1,6,em,0.5289227366447449
phase4_step_14995_LIVE,Phrase 2: Quantum computing is...,1,7, increases,0.3581356108188629
phase4_step_14995_LIVE,Phrase 2: Quantum computing is...,1,8, in,0.9932250380516052
phase4_step_14995_LIVE,Phrase 2: Quantum computing is...,1,9, that,0.10059557855129242
phase4_step_14995_LIVE,Phrase 2: Quantum computing is...,1,10, harness,0.45329293608665466
phase4_step_14995_LIVE,Phrase 2: Quantum computing is...,1,11,es,0.24334697425365448
phase4_step_14995_LIVE,Phrase 2: Quantum computing is...,1,12, the,0.832909882068634
phase4_step_14995_LIVE,Phrase 2: Quantum computing is...,1,13, laws,0.10005737841129303
phase4_step_14995_LIVE,Phrase 2: Quantum computing is...,1,14,inal,0.8528222441673279
phase4_step_14995_LIVE,Phrase 2: Quantum computing is...,1,15,1,0.7966328859329224
phase4_step_14995_LIVE,Phrase 2: Quantum computing is...,1,16,mar,0.6754764914512634
phase4_step_14995_LIVE,Phrase 2: Quantum computing is...,1,17, to,0.10054179280996323
phase4_step_14995_LIVE,Phrase 2: Quantum computing is...,1,18,3,0.5757043957710266
phase4_step_14995_LIVE,Phrase 2: Quantum computing is...,1,19, simpl,0.7990188598632812
phase4_step_14995_LIVE,Phrase 2: Quantum computing is...,1,20,1,0.9973679184913635
phase4_step_14995_LIVE,Phrase 2: Quantum computing is...,1,21, complex,0.7612091302871704
phase4_step_14995_LIVE,Phrase 2: Quantum computing is...,1,22, for,0.10033215582370758
phase4_step_14995_LIVE,Phrase 2: Quantum computing is...,1,23, principal,0.517108678817749
phase4_step_14995_LIVE,Phrase 2: Quantum computing is...,1,24, computers,0.2816706895828247
phase4_step_14995_LIVE,Phrase 2: Quantum computing is...,1,25,.,0.10066332668066025
phase4_step_14995_LIVE,Phrase 0: The quick brown fox ...,2,0,The,0.4799901247024536
phase4_step_14995_LIVE,Phrase 0: The quick brown fox ...,2,1,"

",0.7354015111923218
phase4_step_14995_LIVE,Phrase 0: The quick brown fox ...,2,2, x,0.4332347810268402
phase4_step_14995_LIVE,Phrase 0: The quick brown fox ...,2,3,{,0.9975553750991821
phase4_step_14995_LIVE,Phrase 0: The quick brown fox ...,2,4, blocks,0.0988624095916748
phase4_step_14995_LIVE,Phrase 0: The quick brown fox ...,2,5, go,0.7170320153236389
phase4_step_14995_LIVE,Phrase 0: The quick brown fox ...,2,6, distance,0.7807598114013672
phase4_step_14995_LIVE,Phrase 0: The quick brown fox ...,2,7,           ,0.5962548851966858
phase4_step_14995_LIVE,Phrase 0: The quick brown fox ...,2,8, dog,0.10063295811414719
phase4_step_14995_LIVE,Phrase 0: The quick brown fox ...,2,9,2,0.9780131578445435
phase4_step_14995_LIVE,"Phrase 1: Мама мыла раму, а па...",2,0,М,0.3481140434741974
phase4_step_14995_LIVE,"Phrase 1: Мама мыла раму, а па...",2,1,ам,0.2718515694141388
phase4_step_14995_LIVE,"Phrase 1: Мама мыла раму, а па...",2,2,а,0.4845753312110901
phase4_step_14995_LIVE,"Phrase 1: Мама мыла раму, а па...",2,3, using,0.797435462474823
phase4_step_14995_LIVE,"Phrase 1: Мама мыла раму, а па...",2,4,ла,0.7095009684562683
phase4_step_14995_LIVE,"Phrase 1: Мама мыла раму, а па...",2,5,ф,1.0075275897979736
phase4_step_14995_LIVE,"Phrase 1: Мама мыла раму, а па...",2,6,у,0.47737547755241394
phase4_step_14995_LIVE,"Phrase 1: Мама мыла раму, а па...",2,7, for,0.8296654224395752
phase4_step_14995_LIVE,"Phrase 1: Мама мыла раму, а па...",2,8, а,0.39861437678337097
phase4_step_14995_LIVE,"Phrase 1: Мама мыла раму, а па...",2,9, п,0.5888558030128479
phase4_step_14995_LIVE,"Phrase 1: Мама мыла раму, а па...",2,10, x,0.8430622220039368
phase4_step_14995_LIVE,"Phrase 1: Мама мыла раму, а па...",2,11,а,0.4567071497440338
phase4_step_14995_LIVE,"Phrase 1: Мама мыла раму, а па...",2,12, foot,0.5742526054382324
phase4_step_14995_LIVE,"Phrase 1: Мама мыла раму, а па...",2,13,ин,0.475261390209198
phase4_step_14995_LIVE,"Phrase 1: Мама мыла раму, а па...",2,14,ил,0.72532057762146
phase4_step_14995_LIVE,"Phrase 1: Мама мыла раму, а па...",2,15, т,0.09341657161712646
phase4_step_14995_LIVE,"Phrase 1: Мама мыла раму, а па...",2,16,ел,0.09491941332817078
phase4_step_14995_LIVE,"Phrase 1: Мама мыла раму, а па...",2,17,foot,0.8079050183296204
phase4_step_14995_LIVE,"Phrase 1: Мама мыла раму, а па...",2,18,ля,0.6483758687973022
phase4_step_14995_LIVE,"Phrase 1: Мама мыла раму, а па...",2,19,ор,0.09510289877653122
phase4_step_14995_LIVE,"Phrase 1: Мама мыла раму, а па...",2,20,.,0.09305540472269058
phase4_step_14995_LIVE,Phrase 2: Quantum computing is...,2,0,quant,0.24627818167209625
phase4_step_14995_LIVE,Phrase 2: Quantum computing is...,2,1,",",0.7778606414794922
phase4_step_14995_LIVE,Phrase 2: Quantum computing is...,2,2, seems,0.7639734745025635
phase4_step_14995_LIVE,Phrase 2: Quantum computing is...,2,3, is,0.4835767149925232
phase4_step_14995_LIVE,Phrase 2: Quantum computing is...,2,4, –,0.5505029559135437
phase4_step_14995_LIVE,Phrase 2: Quantum computing is...,2,5,"

",0.7712807059288025
phase4_step_14995_LIVE,Phrase 2: Quantum computing is...,2,6,-em,0.5068845748901367
phase4_step_14995_LIVE,Phrase 2: Quantum computing is...,2,7,erging,0.3453097939491272
phase4_step_14995_LIVE,Phrase 2: Quantum computing is...,2,8, ,0.9894821047782898
phase4_step_14995_LIVE,Phrase 2: Quantum computing is...,2,9, that,0.09440278261899948
phase4_step_14995_LIVE,Phrase 2: Quantum computing is...,2,10, harness,0.4382530748844147
phase4_step_14995_LIVE,Phrase 2: Quantum computing is...,2,11,es,0.230290487408638
phase4_step_14995_LIVE,Phrase 2: Quantum computing is...,2,12, the,0.7935985922813416
phase4_step_14995_LIVE,Phrase 2: Quantum computing is...,2,13, laws,0.09866644442081451
phase4_step_14995_LIVE,Phrase 2: Quantum computing is...,2,14,inal,0.8133630752563477
phase4_step_14995_LIVE,Phrase 2: Quantum computing is...,2,15,2,0.7785792946815491
phase4_step_14995_LIVE,Phrase 2: Quantum computing is...,2,16,mar,0.6545931696891785
phase4_step_14995_LIVE,Phrase 2: Quantum computing is...,2,17, to,0.09430539608001709
phase4_step_14995_LIVE,Phrase 2: Quantum computing is...,2,18,3,0.5439291000366211
phase4_step_14995_LIVE,Phrase 2: Quantum computing is...,2,19, simpl,0.7756296396255493
phase4_step_14995_LIVE,Phrase 2: Quantum computing is...,2,20,1,0.996150016784668
phase4_step_14995_LIVE,Phrase 2: Quantum computing is...,2,21, complex,0.7406562566757202
phase4_step_14995_LIVE,Phrase 2: Quantum computing is...,2,22, for,0.09424830973148346
phase4_step_14995_LIVE,Phrase 2: Quantum computing is...,2,23, principal,0.5011305809020996
phase4_step_14995_LIVE,Phrase 2: Quantum computing is...,2,24, computers,0.26993390917778015
phase4_step_14995_LIVE,Phrase 2: Quantum computing is...,2,25,.,0.09442948549985886
phase4_step_14995_LIVE,Phrase 0: The quick brown fox ...,3,0,The,0.45438438653945923
phase4_step_14995_LIVE,Phrase 0: The quick brown fox ...,3,1,<|endoftext|>,0.7216606140136719
phase4_step_14995_LIVE,Phrase 0: The quick brown fox ...,3,2, red,0.4196679890155792
phase4_step_14995_LIVE,Phrase 0: The quick brown fox ...,3,3,{,0.9830779433250427
phase4_step_14995_LIVE,Phrase 0: The quick brown fox ...,3,4, jumps,0.1047315001487732
phase4_step_14995_LIVE,Phrase 0: The quick brown fox ...,3,5, go,0.68703693151474
phase4_step_14995_LIVE,Phrase 0: The quick brown fox ...,3,6, distance,0.7436444759368896
phase4_step_14995_LIVE,Phrase 0: The quick brown fox ...,3,7,           ,0.5792494416236877
phase4_step_14995_LIVE,Phrase 0: The quick brown fox ...,3,8, dog,0.10697350651025772
phase4_step_14995_LIVE,Phrase 0: The quick brown fox ...,3,9,2,0.9651893973350525
phase4_step_14995_LIVE,"Phrase 1: Мама мыла раму, а па...",3,0,М,0.3294464945793152
phase4_step_14995_LIVE,"Phrase 1: Мама мыла раму, а па...",3,1,ам,0.2568218410015106
phase4_step_14995_LIVE,"Phrase 1: Мама мыла раму, а па...",3,2,а,0.45605742931365967
phase4_step_14995_LIVE,"Phrase 1: Мама мыла раму, а па...",3,3,ไข,0.7797279953956604
phase4_step_14995_LIVE,"Phrase 1: Мама мыла раму, а па...",3,4,ла,0.6805745959281921
phase4_step_14995_LIVE,"Phrase 1: Мама мыла раму, а па...",3,5,ф,0.9981200098991394
phase4_step_14995_LIVE,"Phrase 1: Мама мыла раму, а па...",3,6,у,0.4499652087688446
phase4_step_14995_LIVE,"Phrase 1: Мама мыла раму, а па...",3,7,",",0.7901838421821594
phase4_step_14995_LIVE,"Phrase 1: Мама мыла раму, а па...",3,8, а,0.37568214535713196
phase4_step_14995_LIVE,"Phrase 1: Мама мыла раму, а па...",3,9, п,0.5570279359817505
phase4_step_14995_LIVE,"Phrase 1: Мама мыла раму, а па...",3,10, add,0.8197786211967468
phase4_step_14995_LIVE,"Phrase 1: Мама мыла раму, а па...",3,11,а,0.4296657145023346
phase4_step_14995_LIVE,"Phrase 1: Мама мыла раму, а па...",3,12, pi,0.5486817955970764
phase4_step_14995_LIVE,"Phrase 1: Мама мыла раму, а па...",3,13,ин,0.45009854435920715
phase4_step_14995_LIVE,"Phrase 1: Мама мыла раму, а па...",3,14,ил,0.6953715085983276
phase4_step_14995_LIVE,"Phrase 1: Мама мыла раму, а па...",3,15, т,0.08926497399806976
phase4_step_14995_LIVE,"Phrase 1: Мама мыла раму, а па...",3,16,ел,0.09287025034427643
phase4_step_14995_LIVE,"Phrase 1: Мама мыла раму, а па...",3,17,од,0.7894867062568665
phase4_step_14995_LIVE,"Phrase 1: Мама мыла раму, а па...",3,18,ля,0.6228079199790955
phase4_step_14995_LIVE,"Phrase 1: Мама мыла раму, а па...",3,19,ор,0.09106709808111191
phase4_step_14995_LIVE,"Phrase 1: Мама мыла раму, а па...",3,20,.,0.0872478261590004
phase4_step_14995_LIVE,Phrase 2: Quantum computing is...,3,0,quant,0.24268947541713715
phase4_step_14995_LIVE,Phrase 2: Quantum computing is...,3,1,",",0.774722158908844
phase4_step_14995_LIVE,Phrase 2: Quantum computing is...,3,2, seems,0.7465894222259521
phase4_step_14995_LIVE,Phrase 2: Quantum computing is...,3,3, is,0.45466944575309753
phase4_step_14995_LIVE,Phrase 2: Quantum computing is...,3,4, –,0.5184310078620911
phase4_step_14995_LIVE,Phrase 2: Quantum computing is...,3,5, again,0.7527915239334106
phase4_step_14995_LIVE,Phrase 2: Quantum computing is...,3,6,-em,0.48733001947402954
phase4_step_14995_LIVE,Phrase 2: Quantum computing is...,3,7,erging,0.33597615361213684
phase4_step_14995_LIVE,Phrase 2: Quantum computing is...,3,8, ,0.9891108274459839
phase4_step_14995_LIVE,Phrase 2: Quantum computing is...,3,9, that,0.08872439712285995
phase4_step_14995_LIVE,Phrase 2: Quantum computing is...,3,10, harness,0.42629173398017883
phase4_step_14995_LIVE,Phrase 2: Quantum computing is...,3,11,es,0.2190181463956833
phase4_step_14995_LIVE,Phrase 2: Quantum computing is...,3,12, the,0.7546442747116089
phase4_step_14995_LIVE,Phrase 2: Quantum computing is...,3,13, laws,0.10466266423463821
phase4_step_14995_LIVE,Phrase 2: Quantum computing is...,3,14, may,0.7741837501525879
phase4_step_14995_LIVE,Phrase 2: Quantum computing is...,3,15,2,0.762131929397583
phase4_step_14995_LIVE,Phrase 2: Quantum computing is...,3,16,скор,0.6352537274360657
phase4_step_14995_LIVE,Phrase 2: Quantum computing is...,3,17, to,0.08853710442781448
phase4_step_14995_LIVE,Phrase 2: Quantum computing is...,3,18,3,0.5137473344802856
phase4_step_14995_LIVE,Phrase 2: Quantum computing is...,3,19,gr,0.7520833015441895
phase4_step_14995_LIVE,Phrase 2: Quantum computing is...,3,20,1,0.9984670877456665
phase4_step_14995_LIVE,Phrase 2: Quantum computing is...,3,21, complex,0.7217200994491577
phase4_step_14995_LIVE,Phrase 2: Quantum computing is...,3,22, for,0.08870719373226166
phase4_step_14995_LIVE,Phrase 2: Quantum computing is...,3,23, classic,0.4879266917705536
phase4_step_14995_LIVE,Phrase 2: Quantum computing is...,3,24, computers,0.2616238296031952
phase4_step_14995_LIVE,Phrase 2: Quantum computing is...,3,25,.,0.08870036154985428
phase4_step_14995_LIVE,Phrase 0: The quick brown fox ...,4,0,The,0.4298756718635559
phase4_step_14995_LIVE,Phrase 0: The quick brown fox ...,4,1, rate,0.7092787027359009
phase4_step_14995_LIVE,Phrase 0: The quick brown fox ...,4,2, red,0.4086225628852844
phase4_step_14995_LIVE,Phrase 0: The quick brown fox ...,4,3, square,0.9720423817634583
phase4_step_14995_LIVE,Phrase 0: The quick brown fox ...,4,4, jumps,0.1163271889090538
phase4_step_14995_LIVE,Phrase 0: The quick brown fox ...,4,5, o,0.6573518514633179
phase4_step_14995_LIVE,Phrase 0: The quick brown fox ...,4,6, law,0.7060108184814453
phase4_step_14995_LIVE,Phrase 0: The quick brown fox ...,4,7, lazy,0.5643035769462585
phase4_step_14995_LIVE,Phrase 0: The quick brown fox ...,4,8, dog,0.11859015375375748
phase4_step_14995_LIVE,Phrase 0: The quick brown fox ...,4,9,2,0.9521088004112244
phase4_step_14995_LIVE,"Phrase 1: Мама мыла раму, а па...",4,0,М,0.3127453625202179
phase4_step_14995_LIVE,"Phrase 1: Мама мыла раму, а па...",4,1,ам,0.2433140128850937
phase4_step_14995_LIVE,"Phrase 1: Мама мыла раму, а па...",4,2,а,0.42912015318870544
phase4_step_14995_LIVE,"Phrase 1: Мама мыла раму, а па...",4,3,ไข,0.7631791830062866
phase4_step_14995_LIVE,"Phrase 1: Мама мыла раму, а па...",4,4,ла,0.6529786586761475
phase4_step_14995_LIVE,"Phrase 1: Мама мыла раму, а па...",4,5,ф,0.989593505859375
phase4_step_14995_LIVE,"Phrase 1: Мама мыла раму, а па...",4,6,у,0.4241153299808502
phase4_step_14995_LIVE,"Phrase 1: Мама мыла раму, а па...",4,7,",",0.7511043548583984
phase4_step_14995_LIVE,"Phrase 1: Мама мыла раму, а па...",4,8, а,0.3544381856918335
phase4_step_14995_LIVE,"Phrase 1: Мама мыла раму, а па...",4,9, п,0.5267378091812134
phase4_step_14995_LIVE,"Phrase 1: Мама мыла раму, а па...",4,10, add,0.7966760993003845
phase4_step_14995_LIVE,"Phrase 1: Мама мыла раму, а па...",4,11,а,0.4042057991027832
phase4_step_14995_LIVE,"Phrase 1: Мама мыла раму, а па...",4,12, ф,0.5249639749526978
phase4_step_14995_LIVE,"Phrase 1: Мама мыла раму, а па...",4,13,ин,0.4266126751899719
phase4_step_14995_LIVE,"Phrase 1: Мама мыла раму, а па...",4,14,ил,0.6662452220916748
phase4_step_14995_LIVE,"Phrase 1: Мама мыла раму, а па...",4,15, т,0.08679058402776718
phase4_step_14995_LIVE,"Phrase 1: Мама мыла раму, а па...",4,16,ел,0.09297773241996765
phase4_step_14995_LIVE,"Phrase 1: Мама мыла раму, а па...",4,17,од,0.7702990174293518
phase4_step_14995_LIVE,"Phrase 1: Мама мыла раму, а па...",4,18,из,0.5988826751708984
phase4_step_14995_LIVE,"Phrase 1: Мама мыла раму, а па...",4,19,ор,0.08833979070186615
phase4_step_14995_LIVE,"Phrase 1: Мама мыла раму, а па...",4,20,.,0.08192449808120728
phase4_step_14995_LIVE,Phrase 2: Quantum computing is...,4,0,quant,0.24323423206806183
phase4_step_14995_LIVE,Phrase 2: Quantum computing is...,4,1,.,0.7732501029968262
phase4_step_14995_LIVE,Phrase 2: Quantum computing is...,4,2, are,0.7296808362007141
phase4_step_14995_LIVE,Phrase 2: Quantum computing is...,4,3, is,0.42728930711746216
phase4_step_14995_LIVE,Phrase 2: Quantum computing is...,4,4, -,0.4878663122653961
phase4_step_14995_LIVE,Phrase 2: Quantum computing is...,4,5, again,0.7353429794311523
phase4_step_14995_LIVE,Phrase 2: Quantum computing is...,4,6,-em,0.4703406095504761
phase4_step_14995_LIVE,Phrase 2: Quantum computing is...,4,7,erging,0.32999947667121887
phase4_step_14995_LIVE,Phrase 2: Quantum computing is...,4,8, ,0.9927461743354797
phase4_step_14995_LIVE,Phrase 2: Quantum computing is...,4,9, that,0.08343838155269623
phase4_step_14995_LIVE,Phrase 2: Quantum computing is...,4,10, harness,0.41733187437057495
phase4_step_14995_LIVE,Phrase 2: Quantum computing is...,4,11,es,0.2094428837299347
phase4_step_14995_LIVE,Phrase 2: Quantum computing is...,4,12, the,0.7162334322929382
phase4_step_14995_LIVE,Phrase 2: Quantum computing is...,4,13, laws,0.11594231426715851
phase4_step_14995_LIVE,Phrase 2: Quantum computing is...,4,14, may,0.7354590892791748
phase4_step_14995_LIVE,Phrase 2: Quantum computing is...,4,15,2,0.7473829388618469
phase4_step_14995_LIVE,Phrase 2: Quantum computing is...,4,16, speeds,0.6175151467323303
phase4_step_14995_LIVE,Phrase 2: Quantum computing is...,4,17, to,0.08314082771539688
phase4_step_14995_LIVE,Phrase 2: Quantum computing is...,4,18,3,0.4852171838283539
phase4_step_14995_LIVE,Phrase 2: Quantum computing is...,4,19,However,0.7291997671127319
phase4_step_14995_LIVE,Phrase 2: Quantum computing is...,4,20,.,1.0017186403274536
phase4_step_14995_LIVE,Phrase 2: Quantum computing is...,4,21, complex,0.7041776180267334
phase4_step_14995_LIVE,Phrase 2: Quantum computing is...,4,22, for,0.08368105441331863
phase4_step_14995_LIVE,Phrase 2: Quantum computing is...,4,23, classic,0.4773297607898712
phase4_step_14995_LIVE,Phrase 2: Quantum computing is...,4,24, computers,0.2565639317035675
phase4_step_14995_LIVE,Phrase 2: Quantum computing is...,4,25,.,0.0834038257598877
phase4_step_14995_LIVE,Phrase 0: The quick brown fox ...,5,0,The,0.40709713101387024
phase4_step_14995_LIVE,Phrase 0: The quick brown fox ...,5,1, next,0.6978756189346313
phase4_step_14995_LIVE,Phrase 0: The quick brown fox ...,5,2, red,0.40025779604911804
phase4_step_14995_LIVE,Phrase 0: The quick brown fox ...,5,3, square,0.9611018896102905
phase4_step_14995_LIVE,Phrase 0: The quick brown fox ...,5,4, jumps,0.13123679161071777
phase4_step_14995_LIVE,Phrase 0: The quick brown fox ...,5,5, o,0.6303709149360657
phase4_step_14995_LIVE,Phrase 0: The quick brown fox ...,5,6, law,0.6688559651374817
phase4_step_14995_LIVE,Phrase 0: The quick brown fox ...,5,7, lazy,0.5519176721572876
phase4_step_14995_LIVE,Phrase 0: The quick brown fox ...,5,8, dog,0.1333746761083603
phase4_step_14995_LIVE,Phrase 0: The quick brown fox ...,5,9,2,0.939081609249115
phase4_step_14995_LIVE,"Phrase 1: Мама мыла раму, а па...",5,0,М,0.29799768328666687
phase4_step_14995_LIVE,"Phrase 1: Мама мыла раму, а па...",5,1,ам,0.23135901987552643
phase4_step_14995_LIVE,"Phrase 1: Мама мыла раму, а па...",5,2,а,0.40370845794677734
phase4_step_14995_LIVE,"Phrase 1: Мама мыла раму, а па...",5,3,ไข,0.748098611831665
phase4_step_14995_LIVE,"Phrase 1: Мама мыла раму, а па...",5,4,ла,0.6266199946403503
phase4_step_14995_LIVE,"Phrase 1: Мама мыла раму, а па...",5,5,ф,0.9818829298019409
phase4_step_14995_LIVE,"Phrase 1: Мама мыла раму, а па...",5,6,у,0.39967623353004456
phase4_step_14995_LIVE,"Phrase 1: Мама мыла раму, а па...",5,7,",",0.7126269936561584
phase4_step_14995_LIVE,"Phrase 1: Мама мыла раму, а па...",5,8, а,0.3348536789417267
phase4_step_14995_LIVE,"Phrase 1: Мама мыла раму, а па...",5,9, п,0.4981687366962433
phase4_step_14995_LIVE,"Phrase 1: Мама мыла раму, а па...",5,10,ат,0.7740556001663208
phase4_step_14995_LIVE,"Phrase 1: Мама мыла раму, а па...",5,11,а,0.380306214094162
phase4_step_14995_LIVE,"Phrase 1: Мама мыла раму, а па...",5,12, ф,0.5033339858055115
phase4_step_14995_LIVE,"Phrase 1: Мама мыла раму, а па...",5,13,ин,0.4048117995262146
phase4_step_14995_LIVE,"Phrase 1: Мама мыла раму, а па...",5,14,ил,0.6378770470619202
phase4_step_14995_LIVE,"Phrase 1: Мама мыла раму, а па...",5,15, т,0.085859514772892
phase4_step_14995_LIVE,"Phrase 1: Мама мыла раму, а па...",5,16,ел,0.09476038813591003
phase4_step_14995_LIVE,"Phrase 1: Мама мыла раму, а па...",5,17,од,0.7501569390296936
phase4_step_14995_LIVE,"Phrase 1: Мама мыла раму, а па...",5,18,из,0.5766405463218689
phase4_step_14995_LIVE,"Phrase 1: Мама мыла раму, а па...",5,19,ор,0.08666876703500748
phase4_step_14995_LIVE,"Phrase 1: Мама мыла раму, а па...",5,20,.,0.07692313939332962
phase4_step_14995_LIVE,Phrase 2: Quantum computing is...,5,0,quant,0.24721188843250275
phase4_step_14995_LIVE,Phrase 2: Quantum computing is...,5,1,.,0.773279070854187
phase4_step_14995_LIVE,Phrase 2: Quantum computing is...,5,2, are,0.7139548659324646
phase4_step_14995_LIVE,Phrase 2: Quantum computing is...,5,3, is,0.4014212191104889
phase4_step_14995_LIVE,Phrase 2: Quantum computing is...,5,4, a,0.4588266909122467
phase4_step_14995_LIVE,Phrase 2: Quantum computing is...,5,5, again,0.7191816568374634
phase4_step_14995_LIVE,Phrase 2: Quantum computing is...,5,6,-em,0.45587459206581116
phase4_step_14995_LIVE,Phrase 2: Quantum computing is...,5,7,erging,0.3270578980445862
phase4_step_14995_LIVE,Phrase 2: Quantum computing is...,5,8,pr,0.9966665506362915
phase4_step_14995_LIVE,Phrase 2: Quantum computing is...,5,9, that,0.07855270802974701
phase4_step_14995_LIVE,Phrase 2: Quantum computing is...,5,10, harness,0.41103968024253845
phase4_step_14995_LIVE,Phrase 2: Quantum computing is...,5,11,es,0.20144693553447723
phase4_step_14995_LIVE,Phrase 2: Quantum computing is...,5,12, the,0.6785637736320496
phase4_step_14995_LIVE,Phrase 2: Quantum computing is...,5,13, laws,0.13043780624866486
phase4_step_14995_LIVE,Phrase 2: Quantum computing is...,5,14, and,0.6973817348480225
phase4_step_14995_LIVE,Phrase 2: Quantum computing is...,5,15,2,0.7340439558029175
phase4_step_14995_LIVE,Phrase 2: Quantum computing is...,5,16,sk,0.6013849377632141
phase4_step_14995_LIVE,Phrase 2: Quantum computing is...,5,17, to,0.07810066640377045
phase4_step_14995_LIVE,Phrase 2: Quantum computing is...,5,18, solve,0.45834994316101074
phase4_step_14995_LIVE,Phrase 2: Quantum computing is...,5,19,However,0.7077233791351318
phase4_step_14995_LIVE,Phrase 2: Quantum computing is...,5,20,.,1.005420446395874
phase4_step_14995_LIVE,Phrase 2: Quantum computing is...,5,21, complex,0.6877982020378113
phase4_step_14995_LIVE,Phrase 2: Quantum computing is...,5,22, for,0.07910939306020737
phase4_step_14995_LIVE,Phrase 2: Quantum computing is...,5,23, classic,0.4690963625907898
phase4_step_14995_LIVE,Phrase 2: Quantum computing is...,5,24, computers,0.25433632731437683
phase4_step_14995_LIVE,Phrase 2: Quantum computing is...,5,25,.,0.07852248102426529
phase4_step_14995_LIVE,Phrase 0: The quick brown fox ...,6,0,The,0.38583076000213623
phase4_step_14995_LIVE,Phrase 0: The quick brown fox ...,6,1, lazy,0.6877351999282837
phase4_step_14995_LIVE,Phrase 0: The quick brown fox ...,6,2, red,0.39441412687301636
phase4_step_14995_LIVE,Phrase 0: The quick brown fox ...,6,3, square,0.9510741233825684
phase4_step_14995_LIVE,Phrase 0: The quick brown fox ...,6,4, jumps,0.14758005738258362
phase4_step_14995_LIVE,Phrase 0: The quick brown fox ...,6,5, o,0.6041577458381653
phase4_step_14995_LIVE,Phrase 0: The quick brown fox ...,6,6, law,0.632598340511322
phase4_step_14995_LIVE,Phrase 0: The quick brown fox ...,6,7, lazy,0.5415802001953125
phase4_step_14995_LIVE,Phrase 0: The quick brown fox ...,6,8, dog,0.14972540736198425
phase4_step_14995_LIVE,Phrase 0: The quick brown fox ...,6,9,2,0.9261623620986938
phase4_step_14995_LIVE,"Phrase 1: Мама мыла раму, а па...",6,0,М,0.2849855422973633
phase4_step_14995_LIVE,"Phrase 1: Мама мыла раму, а па...",6,1,ам,0.22065995633602142
phase4_step_14995_LIVE,"Phrase 1: Мама мыла раму, а па...",6,2,а,0.37980347871780396
phase4_step_14995_LIVE,"Phrase 1: Мама мыла раму, а па...",6,3,сти,0.734139084815979
phase4_step_14995_LIVE,"Phrase 1: Мама мыла раму, а па...",6,4,ла,0.6017841696739197
phase4_step_14995_LIVE,"Phrase 1: Мама мыла раму, а па...",6,5, compos,0.9748743772506714
phase4_step_14995_LIVE,"Phrase 1: Мама мыла раму, а па...",6,6,у,0.3765767216682434
phase4_step_14995_LIVE,"Phrase 1: Мама мыла раму, а па...",6,7,",",0.6748689413070679
phase4_step_14995_LIVE,"Phrase 1: Мама мыла раму, а па...",6,8, а,0.31678056716918945
phase4_step_14995_LIVE,"Phrase 1: Мама мыла раму, а па...",6,9, п,0.47114691138267517
phase4_step_14995_LIVE,"Phrase 1: Мама мыла раму, а па...",6,10,ат,0.7523002028465271
phase4_step_14995_LIVE,"Phrase 1: Мама мыла раму, а па...",6,11,а,0.357812762260437
phase4_step_14995_LIVE,"Phrase 1: Мама мыла раму, а па...",6,12, ф,0.4835188090801239
phase4_step_14995_LIVE,"Phrase 1: Мама мыла раму, а па...",6,13,ин,0.38435351848602295
phase4_step_14995_LIVE,"Phrase 1: Мама мыла раму, а па...",6,14,ил,0.6103760004043579
phase4_step_14995_LIVE,"Phrase 1: Мама мыла раму, а па...",6,15, т,0.08614267408847809
phase4_step_14995_LIVE,"Phrase 1: Мама мыла раму, а па...",6,16,ел,0.09784546494483948
phase4_step_14995_LIVE,"Phrase 1: Мама мыла раму, а па...",6,17,од,0.729472279548645
phase4_step_14995_LIVE,"Phrase 1: Мама мыла раму, а па...",6,18,из,0.5557134747505188
phase4_step_14995_LIVE,"Phrase 1: Мама мыла раму, а па...",6,19,ор,0.08596161752939224
phase4_step_14995_LIVE,"Phrase 1: Мама мыла раму, а па...",6,20,.,0.0723118707537651
phase4_step_14995_LIVE,Phrase 2: Quantum computing is...,6,0,quant,0.25392889976501465
phase4_step_14995_LIVE,Phrase 2: Quantum computing is...,6,1,.,0.7745616436004639
phase4_step_14995_LIVE,Phrase 2: Quantum computing is...,6,2, are,0.6995991468429565
phase4_step_14995_LIVE,Phrase 2: Quantum computing is...,6,3, is,0.37702676653862
phase4_step_14995_LIVE,Phrase 2: Quantum computing is...,6,4, a,0.43132442235946655
phase4_step_14995_LIVE,Phrase 2: Quantum computing is...,6,5, again,0.7044293880462646
phase4_step_14995_LIVE,Phrase 2: Quantum computing is...,6,6,-em,0.44383037090301514
phase4_step_14995_LIVE,Phrase 2: Quantum computing is...,6,7,erging,0.32673460245132446
phase4_step_14995_LIVE,Phrase 2: Quantum computing is...,6,8,pr,1.0005643367767334
phase4_step_14995_LIVE,Phrase 2: Quantum computing is...,6,9, that,0.07407356798648834
phase4_step_14995_LIVE,Phrase 2: Quantum computing is...,6,10, harness,0.40717294812202454
phase4_step_14995_LIVE,Phrase 2: Quantum computing is...,6,11,es,0.19497212767601013
phase4_step_14995_LIVE,Phrase 2: Quantum computing is...,6,12, the,0.6418242454528809
phase4_step_14995_LIVE,Phrase 2: Quantum computing is...,6,13, laws,0.14668935537338257
phase4_step_14995_LIVE,Phrase 2: Quantum computing is...,6,14, and,0.660146176815033
phase4_step_14995_LIVE,Phrase 2: Quantum computing is...,6,15,2,0.7220621705055237
phase4_step_14995_LIVE,Phrase 2: Quantum computing is...,6,16, mechanics,0.5869163274765015
phase4_step_14995_LIVE,Phrase 2: Quantum computing is...,6,17, to,0.0734182819724083
phase4_step_14995_LIVE,Phrase 2: Quantum computing is...,6,18, solve,0.43315163254737854
phase4_step_14995_LIVE,Phrase 2: Quantum computing is...,6,19,However,0.6879348754882812
phase4_step_14995_LIVE,Phrase 2: Quantum computing is...,6,20,.,1.0091243982315063
phase4_step_14995_LIVE,Phrase 2: Quantum computing is...,6,21, complex,0.672791063785553
phase4_step_14995_LIVE,Phrase 2: Quantum computing is...,6,22, for,0.0749877318739891
phase4_step_14995_LIVE,Phrase 2: Quantum computing is...,6,23, classic,0.4631142318248749
phase4_step_14995_LIVE,Phrase 2: Quantum computing is...,6,24, computers,0.25460085272789
phase4_step_14995_LIVE,Phrase 2: Quantum computing is...,6,25,.,0.0740487277507782
phase4_step_14995_LIVE,Phrase 0: The quick brown fox ...,7,0,The,0.3660740256309509
phase4_step_14995_LIVE,Phrase 0: The quick brown fox ...,7,1, lazy,0.6789348721504211
phase4_step_14995_LIVE,Phrase 0: The quick brown fox ...,7,2, red,0.3907868564128876
phase4_step_14995_LIVE,Phrase 0: The quick brown fox ...,7,3, square,0.9423507452011108
phase4_step_14995_LIVE,Phrase 0: The quick brown fox ...,7,4, jumps,0.1642989218235016
phase4_step_14995_LIVE,Phrase 0: The quick brown fox ...,7,5, o,0.5785720348358154
phase4_step_14995_LIVE,Phrase 0: The quick brown fox ...,7,6, law,0.5974515080451965
phase4_step_14995_LIVE,Phrase 0: The quick brown fox ...,7,7, lazy,0.5331780910491943
phase4_step_14995_LIVE,Phrase 0: The quick brown fox ...,7,8, dog,0.16663575172424316
phase4_step_14995_LIVE,Phrase 0: The quick brown fox ...,7,9,2,0.9133809804916382
phase4_step_14995_LIVE,"Phrase 1: Мама мыла раму, а па...",7,0,М,0.27376219630241394
phase4_step_14995_LIVE,"Phrase 1: Мама мыла раму, а па...",7,1,ам,0.21124084293842316
phase4_step_14995_LIVE,"Phrase 1: Мама мыла раму, а па...",7,2,а,0.35737183690071106
phase4_step_14995_LIVE,"Phrase 1: Мама мыла раму, а па...",7,3,сти,0.7214815616607666
phase4_step_14995_LIVE,"Phrase 1: Мама мыла раму, а па...",7,4,ла,0.5786415934562683
phase4_step_14995_LIVE,"Phrase 1: Мама мыла раму, а па...",7,5, compos,0.9685423374176025
phase4_step_14995_LIVE,"Phrase 1: Мама мыла раму, а па...",7,6,у,0.3549021780490875
phase4_step_14995_LIVE,"Phrase 1: Мама мыла раму, а па...",7,7,",",0.638042151927948
phase4_step_14995_LIVE,"Phrase 1: Мама мыла раму, а па...",7,8, а,0.30016475915908813
phase4_step_14995_LIVE,"Phrase 1: Мама мыла раму, а па...",7,9, п,0.4457761347293854
phase4_step_14995_LIVE,"Phrase 1: Мама мыла раму, а па...",7,10,ат,0.731723427772522
phase4_step_14995_LIVE,"Phrase 1: Мама мыла раму, а па...",7,11,а,0.3367510735988617
phase4_step_14995_LIVE,"Phrase 1: Мама мыла раму, а па...",7,12, ф,0.46559903025627136
phase4_step_14995_LIVE,"Phrase 1: Мама мыла раму, а па...",7,13,ин,0.3653736412525177
phase4_step_14995_LIVE,"Phrase 1: Мама мыла раму, а па...",7,14,ил,0.5842076539993286
phase4_step_14995_LIVE,"Phrase 1: Мама мыла раму, а па...",7,15, т,0.08744591474533081
phase4_step_14995_LIVE,"Phrase 1: Мама мыла раму, а па...",7,16,ел,0.1019318699836731
phase4_step_14995_LIVE,"Phrase 1: Мама мыла раму, а па...",7,17,од,0.7092843651771545
phase4_step_14995_LIVE,"Phrase 1: Мама мыла раму, а па...",7,18,из,0.536469578742981
phase4_step_14995_LIVE,"Phrase 1: Мама мыла раму, а па...",7,19,ор,0.08614829927682877
phase4_step_14995_LIVE,"Phrase 1: Мама мыла раму, а па...",7,20,.,0.06807296723127365
phase4_step_14995_LIVE,Phrase 2: Quantum computing is...,7,0,quant,0.2627395689487457
phase4_step_14995_LIVE,Phrase 2: Quantum computing is...,7,1,.,0.7769016623497009
phase4_step_14995_LIVE,Phrase 2: Quantum computing is...,7,2, how,0.6866347193717957
phase4_step_14995_LIVE,Phrase 2: Quantum computing is...,7,3, is,0.35404884815216064
phase4_step_14995_LIVE,Phrase 2: Quantum computing is...,7,4, a,0.4053402543067932
phase4_step_14995_LIVE,Phrase 2: Quantum computing is...,7,5, often,0.6910786032676697
phase4_step_14995_LIVE,Phrase 2: Quantum computing is...,7,6,-em,0.4340302646160126
phase4_step_14995_LIVE,Phrase 2: Quantum computing is...,7,7,erging,0.3286474347114563
phase4_step_14995_LIVE,Phrase 2: Quantum computing is...,7,8,n,1.0043925046920776
phase4_step_14995_LIVE,Phrase 2: Quantum computing is...,7,9, that,0.06996667385101318
phase4_step_14995_LIVE,Phrase 2: Quantum computing is...,7,10, harness,0.40548816323280334
phase4_step_14995_LIVE,Phrase 2: Quantum computing is...,7,11,es,0.18991194665431976
phase4_step_14995_LIVE,Phrase 2: Quantum computing is...,7,12, the,0.6061943769454956
phase4_step_14995_LIVE,Phrase 2: Quantum computing is...,7,13, laws,0.16370944678783417
phase4_step_14995_LIVE,Phrase 2: Quantum computing is...,7,14, of,0.6239362359046936
phase4_step_14995_LIVE,Phrase 2: Quantum computing is...,7,15,2,0.7113965153694153
phase4_step_14995_LIVE,Phrase 2: Quantum computing is...,7,16, mechanics,0.5740827918052673
phase4_step_14995_LIVE,Phrase 2: Quantum computing is...,7,17, to,0.06907185912132263
phase4_step_14995_LIVE,Phrase 2: Quantum computing is...,7,18, solve,0.4095664620399475
phase4_step_14995_LIVE,Phrase 2: Quantum computing is...,7,19,However,0.6698451042175293
phase4_step_14995_LIVE,Phrase 2: Quantum computing is...,7,20,.,1.0127555131912231
phase4_step_14995_LIVE,Phrase 2: Quantum computing is...,7,21, complex,0.6591823697090149
phase4_step_14995_LIVE,Phrase 2: Quantum computing is...,7,22, for,0.07130420953035355
phase4_step_14995_LIVE,Phrase 2: Quantum computing is...,7,23, classic,0.45912522077560425
phase4_step_14995_LIVE,Phrase 2: Quantum computing is...,7,24, computers,0.25698351860046387
phase4_step_14995_LIVE,Phrase 2: Quantum computing is...,7,25,.,0.06996598094701767
phase4_step_14995_LIVE,Phrase 0: The quick brown fox ...,8,0,The,0.34781569242477417
phase4_step_14995_LIVE,Phrase 0: The quick brown fox ...,8,1, lazy,0.6712764501571655
phase4_step_14995_LIVE,Phrase 0: The quick brown fox ...,8,2, red,0.389117568731308
phase4_step_14995_LIVE,Phrase 0: The quick brown fox ...,8,3, square,0.9345765113830566
phase4_step_14995_LIVE,Phrase 0: The quick brown fox ...,8,4, jumps,0.18090665340423584
phase4_step_14995_LIVE,Phrase 0: The quick brown fox ...,8,5, o,0.5540643334388733
phase4_step_14995_LIVE,Phrase 0: The quick brown fox ...,8,6, law,0.5635846257209778
phase4_step_14995_LIVE,Phrase 0: The quick brown fox ...,8,7, lazy,0.526483952999115
phase4_step_14995_LIVE,Phrase 0: The quick brown fox ...,8,8, dog,0.18357403576374054
phase4_step_14995_LIVE,Phrase 0: The quick brown fox ...,8,9,2,0.9010465741157532
phase4_step_14995_LIVE,"Phrase 1: Мама мыла раму, а па...",8,0,М,0.2642301321029663
phase4_step_14995_LIVE,"Phrase 1: Мама мыла раму, а па...",8,1,ам,0.2030397355556488
phase4_step_14995_LIVE,"Phrase 1: Мама мыла раму, а па...",8,2,а,0.33635467290878296
phase4_step_14995_LIVE,"Phrase 1: Мама мыла раму, а па...",8,3,сти,0.7102445363998413
phase4_step_14995_LIVE,"Phrase 1: Мама мыла раму, а па...",8,4,ла,0.5571734309196472
phase4_step_14995_LIVE,"Phrase 1: Мама мыла раму, а па...",8,5, compos,0.9627856016159058
phase4_step_14995_LIVE,"Phrase 1: Мама мыла раму, а па...",8,6,у,0.33459770679473877
phase4_step_14995_LIVE,"Phrase 1: Мама мыла раму, а па...",8,7,",",0.6023330092430115
phase4_step_14995_LIVE,"Phrase 1: Мама мыла раму, а па...",8,8, а,0.28493592143058777
phase4_step_14995_LIVE,"Phrase 1: Мама мыла раму, а па...",8,9, п,0.4220442771911621
phase4_step_14995_LIVE,"Phrase 1: Мама мыла раму, а па...",8,10,ат,0.7125265002250671
phase4_step_14995_LIVE,"Phrase 1: Мама мыла раму, а па...",8,11,а,0.31704622507095337
phase4_step_14995_LIVE,"Phrase 1: Мама мыла раму, а па...",8,12, ч,0.44952189922332764
phase4_step_14995_LIVE,"Phrase 1: Мама мыла раму, а па...",8,13,ин,0.3478211760520935
phase4_step_14995_LIVE,"Phrase 1: Мама мыла раму, а па...",8,14,ил,0.5594266057014465
phase4_step_14995_LIVE,"Phrase 1: Мама мыла раму, а па...",8,15, т,0.08957071602344513
phase4_step_14995_LIVE,"Phrase 1: Мама мыла раму, а па...",8,16,ел,0.10673137754201889
phase4_step_14995_LIVE,"Phrase 1: Мама мыла раму, а па...",8,17,од,0.6898492574691772
phase4_step_14995_LIVE,"Phrase 1: Мама мыла раму, а па...",8,18,из,0.5189415216445923
phase4_step_14995_LIVE,"Phrase 1: Мама мыла раму, а па...",8,19,ор,0.08705069124698639
phase4_step_14995_LIVE,"Phrase 1: Мама мыла раму, а па...",8,20,.,0.06418655067682266
phase4_step_14995_LIVE,Phrase 2: Quantum computing is...,8,0,Quant,0.27315229177474976
phase4_step_14995_LIVE,Phrase 2: Quantum computing is...,8,1,.,0.7799312472343445
phase4_step_14995_LIVE,Phrase 2: Quantum computing is...,8,2, making,0.6750229597091675
phase4_step_14995_LIVE,Phrase 2: Quantum computing is...,8,3, is,0.33246344327926636
phase4_step_14995_LIVE,Phrase 2: Quantum computing is...,8,4, a,0.38084104657173157
phase4_step_14995_LIVE,Phrase 2: Quantum computing is...,8,5, often,0.6794646978378296
phase4_step_14995_LIVE,Phrase 2: Quantum computing is...,8,6,-em,0.42650046944618225
phase4_step_14995_LIVE,Phrase 2: Quantum computing is...,8,7,erging,0.33233723044395447
phase4_step_14995_LIVE,Phrase 2: Quantum computing is...,8,8,",",1.0081737041473389
phase4_step_14995_LIVE,Phrase 2: Quantum computing is...,8,9, that,0.06624885648488998
phase4_step_14995_LIVE,Phrase 2: Quantum computing is...,8,10, harness,0.40587252378463745
phase4_step_14995_LIVE,Phrase 2: Quantum computing is...,8,11,es,0.1864095777273178
phase4_step_14995_LIVE,Phrase 2: Quantum computing is...,8,12, the,0.571832001209259
phase4_step_14995_LIVE,Phrase 2: Quantum computing is...,8,13, laws,0.18073727190494537
phase4_step_14995_LIVE,Phrase 2: Quantum computing is...,8,14, of,0.5889485478401184
phase4_step_14995_LIVE,Phrase 2: Quantum computing is...,8,15, graph,0.7021339535713196
phase4_step_14995_LIVE,Phrase 2: Quantum computing is...,8,16, mechanics,0.5625367760658264
phase4_step_14995_LIVE,Phrase 2: Quantum computing is...,8,17, to,0.0650419145822525
phase4_step_14995_LIVE,Phrase 2: Quantum computing is...,8,18, solve,0.3879636526107788
phase4_step_14995_LIVE,Phrase 2: Quantum computing is...,8,19,However,0.6533188819885254
phase4_step_14995_LIVE,Phrase 2: Quantum computing is...,8,20,.,1.016255259513855
phase4_step_14995_LIVE,Phrase 2: Quantum computing is...,8,21, complex,0.6470249891281128
phase4_step_14995_LIVE,Phrase 2: Quantum computing is...,8,22, for,0.06800075620412827
phase4_step_14995_LIVE,Phrase 2: Quantum computing is...,8,23, classic,0.45750218629837036
phase4_step_14995_LIVE,Phrase 2: Quantum computing is...,8,24, computers,0.2612308859825134
phase4_step_14995_LIVE,Phrase 2: Quantum computing is...,8,25,.,0.06602564454078674
phase4_step_14995_LIVE,Phrase 0: The quick brown fox ...,9,0,The,0.3310641944408417
phase4_step_14995_LIVE,Phrase 0: The quick brown fox ...,9,1, lazy,0.6647733449935913
phase4_step_14995_LIVE,Phrase 0: The quick brown fox ...,9,2, red,0.3891409933567047
phase4_step_14995_LIVE,Phrase 0: The quick brown fox ...,9,3, hour,0.9275572299957275
phase4_step_14995_LIVE,Phrase 0: The quick brown fox ...,9,4, jumps,0.1972063034772873
phase4_step_14995_LIVE,Phrase 0: The quick brown fox ...,9,5, o,0.5308399200439453
phase4_step_14995_LIVE,Phrase 0: The quick brown fox ...,9,6, the,0.5311222672462463
phase4_step_14995_LIVE,Phrase 0: The quick brown fox ...,9,7, lazy,0.5213018655776978
phase4_step_14995_LIVE,Phrase 0: The quick brown fox ...,9,8, dog,0.20027346909046173
phase4_step_14995_LIVE,Phrase 0: The quick brown fox ...,9,9,2,0.8893107771873474
phase4_step_14995_LIVE,"Phrase 1: Мама мыла раму, а па...",9,0,М,0.25633955001831055
phase4_step_14995_LIVE,"Phrase 1: Мама мыла раму, а па...",9,1,ам,0.1959761083126068
phase4_step_14995_LIVE,"Phrase 1: Мама мыла раму, а па...",9,2,а,0.3166908621788025
phase4_step_14995_LIVE,"Phrase 1: Мама мыла раму, а па...",9,3,сти,0.7002100348472595
phase4_step_14995_LIVE,"Phrase 1: Мама мыла раму, а па...",9,4,ла,0.537365198135376
phase4_step_14995_LIVE,"Phrase 1: Мама мыла раму, а па...",9,5, compos,0.9575791954994202
phase4_step_14995_LIVE,"Phrase 1: Мама мыла раму, а па...",9,6,у,0.3156134784221649
phase4_step_14995_LIVE,"Phrase 1: Мама мыла раму, а па...",9,7,",",0.5679075717926025
phase4_step_14995_LIVE,"Phrase 1: Мама мыла раму, а па...",9,8, а,0.27101394534111023
phase4_step_14995_LIVE,"Phrase 1: Мама мыла раму, а па...",9,9, п,0.3998810052871704
phase4_step_14995_LIVE,"Phrase 1: Мама мыла раму, а па...",9,10,ап,0.6948131918907166
phase4_step_14995_LIVE,"Phrase 1: Мама мыла раму, а па...",9,11,а,0.29863277077674866
phase4_step_14995_LIVE,"Phrase 1: Мама мыла раму, а па...",9,12, ч,0.4351767897605896
phase4_step_14995_LIVE,"Phrase 1: Мама мыла раму, а па...",9,13,ин,0.33162370324134827
phase4_step_14995_LIVE,"Phrase 1: Мама мыла раму, а па...",9,14,ил,0.5361263751983643
phase4_step_14995_LIVE,"Phrase 1: Мама мыла раму, а па...",9,15, т,0.09226686507463455
phase4_step_14995_LIVE,"Phrase 1: Мама мыла раму, а па...",9,16,ел,0.1119222417473793
phase4_step_14995_LIVE,"Phrase 1: Мама мыла раму, а па...",9,17,од,0.6710765361785889
phase4_step_14995_LIVE,"Phrase 1: Мама мыла раму, а па...",9,18,из,0.5030109882354736
phase4_step_14995_LIVE,"Phrase 1: Мама мыла раму, а па...",9,19,ор,0.08851081132888794
phase4_step_14995_LIVE,"Phrase 1: Мама мыла раму, а па...",9,20,.,0.06063138693571091
phase4_step_14995_LIVE,Phrase 2: Quantum computing is...,9,0,Quant,0.2846043109893799
phase4_step_14995_LIVE,Phrase 2: Quantum computing is...,9,1,.,0.7839173078536987
phase4_step_14995_LIVE,Phrase 2: Quantum computing is...,9,2, making,0.6644433736801147
phase4_step_14995_LIVE,Phrase 2: Quantum computing is...,9,3, is,0.3121396005153656
phase4_step_14995_LIVE,Phrase 2: Quantum computing is...,9,4, a,0.3577641248703003
phase4_step_14995_LIVE,Phrase 2: Quantum computing is...,9,5, often,0.6688393950462341
phase4_step_14995_LIVE,Phrase 2: Quantum computing is...,9,6,-em,0.42065688967704773
phase4_step_14995_LIVE,Phrase 2: Quantum computing is...,9,7,erging,0.3373637795448303
phase4_step_14995_LIVE,Phrase 2: Quantum computing is...,9,8,",",1.01179039478302
phase4_step_14995_LIVE,Phrase 2: Quantum computing is...,9,9, that,0.06285326927900314
phase4_step_14995_LIVE,Phrase 2: Quantum computing is...,9,10, harness,0.4077044725418091
phase4_step_14995_LIVE,Phrase 2: Quantum computing is...,9,11,es,0.18383511900901794
phase4_step_14995_LIVE,Phrase 2: Quantum computing is...,9,12, the,0.538853645324707
phase4_step_14995_LIVE,Phrase 2: Quantum computing is...,9,13, laws,0.19761551916599274
phase4_step_14995_LIVE,Phrase 2: Quantum computing is...,9,14, of,0.5552711486816406
phase4_step_14995_LIVE,Phrase 2: Quantum computing is...,9,15, graph,0.6937814950942993
phase4_step_14995_LIVE,Phrase 2: Quantum computing is...,9,16, mechanics,0.5525661110877991
phase4_step_14995_LIVE,Phrase 2: Quantum computing is...,9,17, to,0.06131940707564354
phase4_step_14995_LIVE,Phrase 2: Quantum computing is...,9,18, solve,0.36757707595825195
phase4_step_14995_LIVE,Phrase 2: Quantum computing is...,9,19,Example,0.6383159756660461
phase4_step_14995_LIVE,Phrase 2: Quantum computing is...,9,20,.,1.0195201635360718
phase4_step_14995_LIVE,Phrase 2: Quantum computing is...,9,21, complex,0.6359980702400208
phase4_step_14995_LIVE,Phrase 2: Quantum computing is...,9,22, for,0.06502777338027954
phase4_step_14995_LIVE,Phrase 2: Quantum computing is...,9,23, classic,0.4570484757423401
phase4_step_14995_LIVE,Phrase 2: Quantum computing is...,9,24, computers,0.2665856182575226
phase4_step_14995_LIVE,Phrase 2: Quantum computing is...,9,25,.,0.06242295727133751
phase4_step_14995_LIVE,Phrase 0: The quick brown fox ...,10,0,The,0.3157995939254761
phase4_step_14995_LIVE,Phrase 0: The quick brown fox ...,10,1, lazy,0.6594080924987793
phase4_step_14995_LIVE,Phrase 0: The quick brown fox ...,10,2, red,0.3905780613422394
phase4_step_14995_LIVE,Phrase 0: The quick brown fox ...,10,3, hour,0.9211689829826355
phase4_step_14995_LIVE,Phrase 0: The quick brown fox ...,10,4, jumps,0.21310918033123016
phase4_step_14995_LIVE,Phrase 0: The quick brown fox ...,10,5, o,0.5090129971504211
phase4_step_14995_LIVE,Phrase 0: The quick brown fox ...,10,6, the,0.5001468062400818
phase4_step_14995_LIVE,Phrase 0: The quick brown fox ...,10,7, lazy,0.5175016522407532
phase4_step_14995_LIVE,Phrase 0: The quick brown fox ...,10,8, dog,0.2166088968515396
phase4_step_14995_LIVE,Phrase 0: The quick brown fox ...,10,9,2,0.8782984018325806
phase4_step_14995_LIVE,"Phrase 1: Мама мыла раму, а па...",10,0,М,0.25000301003456116
phase4_step_14995_LIVE,"Phrase 1: Мама мыла раму, а па...",10,1,ам,0.18998190760612488
phase4_step_14995_LIVE,"Phrase 1: Мама мыла раму, а па...",10,2,а,0.2983129918575287
phase4_step_14995_LIVE,"Phrase 1: Мама мыла раму, а па...",10,3,сти,0.6913738250732422
phase4_step_14995_LIVE,"Phrase 1: Мама мыла раму, а па...",10,4,ла,0.5192344784736633
phase4_step_14995_LIVE,"Phrase 1: Мама мыла раму, а па...",10,5, compos,0.952862560749054
phase4_step_14995_LIVE,"Phrase 1: Мама мыла раму, а па...",10,6,у,0.2978820204734802
phase4_step_14995_LIVE,"Phrase 1: Мама мыла раму, а па...",10,7,",",0.5348939895629883
phase4_step_14995_LIVE,"Phrase 1: Мама мыла раму, а па...",10,8, а,0.2583259642124176
phase4_step_14995_LIVE,"Phrase 1: Мама мыла раму, а па...",10,9, п,0.37925001978874207
phase4_step_14995_LIVE,"Phrase 1: Мама мыла раму, а па...",10,10,ап,0.6786625981330872
phase4_step_14995_LIVE,"Phrase 1: Мама мыла раму, а па...",10,11,а,0.2814374268054962
phase4_step_14995_LIVE,"Phrase 1: Мама мыла раму, а па...",10,12, ч,0.42247211933135986
phase4_step_14995_LIVE,"Phrase 1: Мама мыла раму, а па...",10,13,ин,0.31672999262809753
phase4_step_14995_LIVE,"Phrase 1: Мама мыла раму, а па...",10,14,ил,0.5143740177154541
phase4_step_14995_LIVE,"Phrase 1: Мама мыла раму, а па...",10,15, т,0.09535624086856842
phase4_step_14995_LIVE,"Phrase 1: Мама мыла раму, а па...",10,16,ел,0.11733129620552063
phase4_step_14995_LIVE,"Phrase 1: Мама мыла раму, а па...",10,17,од,0.6532325744628906
phase4_step_14995_LIVE,"Phrase 1: Мама мыла раму, а па...",10,18,из,0.4886760413646698
phase4_step_14995_LIVE,"Phrase 1: Мама мыла раму, а па...",10,19,ор,0.09038610011339188
phase4_step_14995_LIVE,"Phrase 1: Мама мыла раму, а па...",10,20,.,0.057390324771404266
phase4_step_14995_LIVE,Phrase 2: Quantum computing is...,10,0,Quant,0.2967516779899597
phase4_step_14995_LIVE,Phrase 2: Quantum computing is...,10,1,.,0.78844153881073
phase4_step_14995_LIVE,Phrase 2: Quantum computing is...,10,2, making,0.6551990509033203
phase4_step_14995_LIVE,Phrase 2: Quantum computing is...,10,3, is,0.29304349422454834
phase4_step_14995_LIVE,Phrase 2: Quantum computing is...,10,4, a,0.33604687452316284
phase4_step_14995_LIVE,Phrase 2: Quantum computing is...,10,5, often,0.6595591902732849
phase4_step_14995_LIVE,Phrase 2: Quantum computing is...,10,6,-em,0.4165986180305481
phase4_step_14995_LIVE,Phrase 2: Quantum computing is...,10,7,erging,0.34356874227523804
phase4_step_14995_LIVE,Phrase 2: Quantum computing is...,10,8,",",1.0152983665466309
phase4_step_14995_LIVE,Phrase 2: Quantum computing is...,10,9, that,0.059786368161439896
phase4_step_14995_LIVE,Phrase 2: Quantum computing is...,10,10, harness,0.4109188914299011
phase4_step_14995_LIVE,Phrase 2: Quantum computing is...,10,11,es,0.18232819437980652
phase4_step_14995_LIVE,Phrase 2: Quantum computing is...,10,12, the,0.5073500275611877
phase4_step_14995_LIVE,Phrase 2: Quantum computing is...,10,13, laws,0.21414843201637268
phase4_step_14995_LIVE,Phrase 2: Quantum computing is...,10,14, of,0.5230255722999573
phase4_step_14995_LIVE,Phrase 2: Quantum computing is...,10,15, graph,0.6866524815559387
phase4_step_14995_LIVE,Phrase 2: Quantum computing is...,10,16, mechanics,0.5439487099647522
phase4_step_14995_LIVE,Phrase 2: Quantum computing is...,10,17, to,0.05789182335138321
phase4_step_14995_LIVE,Phrase 2: Quantum computing is...,10,18, solve,0.3487071990966797
phase4_step_14995_LIVE,Phrase 2: Quantum computing is...,10,19,Example,0.6251206994056702
phase4_step_14995_LIVE,Phrase 2: Quantum computing is...,10,20,",",1.022647500038147
phase4_step_14995_LIVE,Phrase 2: Quantum computing is...,10,21, complex,0.626189649105072
phase4_step_14995_LIVE,Phrase 2: Quantum computing is...,10,22, for,0.06241559237241745
phase4_step_14995_LIVE,Phrase 2: Quantum computing is...,10,23, general,0.4579700529575348
phase4_step_14995_LIVE,Phrase 2: Quantum computing is...,10,24, computers,0.27298057079315186
phase4_step_14995_LIVE,Phrase 2: Quantum computing is...,10,25,.,0.0591292642056942
phase4_step_14995_LIVE,Phrase 0: The quick brown fox ...,11,0,The,0.30198201537132263
phase4_step_14995_LIVE,Phrase 0: The quick brown fox ...,11,1, lazy,0.655129611492157
phase4_step_14995_LIVE,Phrase 0: The quick brown fox ...,11,2, brown,0.3931819200515747
phase4_step_14995_LIVE,Phrase 0: The quick brown fox ...,11,3, hour,0.9153285026550293
phase4_step_14995_LIVE,Phrase 0: The quick brown fox ...,11,4, jumps,0.22856274247169495
phase4_step_14995_LIVE,Phrase 0: The quick brown fox ...,11,5, o,0.4886714518070221
phase4_step_14995_LIVE,Phrase 0: The quick brown fox ...,11,6, the,0.4707029461860657
phase4_step_14995_LIVE,Phrase 0: The quick brown fox ...,11,7, lazy,0.514941394329071
phase4_step_14995_LIVE,Phrase 0: The quick brown fox ...,11,8, dog,0.2325078845024109
phase4_step_14995_LIVE,Phrase 0: The quick brown fox ...,11,9,2,0.8680902719497681
phase4_step_14995_LIVE,"Phrase 1: Мама мыла раму, а па...",11,0,М,0.2451266348361969
phase4_step_14995_LIVE,"Phrase 1: Мама мыла раму, а па...",11,1,ам,0.18498727679252625
phase4_step_14995_LIVE,"Phrase 1: Мама мыла раму, а па...",11,2,а,0.28115585446357727
phase4_step_14995_LIVE,"Phrase 1: Мама мыла раму, а па...",11,3,сти,0.6836878061294556
phase4_step_14995_LIVE,"Phrase 1: Мама мыла раму, а па...",11,4,ла,0.502736508846283
phase4_step_14995_LIVE,"Phrase 1: Мама мыла раму, а па...",11,5, compos,0.9485955834388733
phase4_step_14995_LIVE,"Phrase 1: Мама мыла раму, а па...",11,6,у,0.2813391387462616
phase4_step_14995_LIVE,"Phrase 1: Мама мыла раму, а па...",11,7,",",0.5033757090568542
phase4_step_14995_LIVE,"Phrase 1: Мама мыла раму, а па...",11,8, а,0.2468036711215973
phase4_step_14995_LIVE,"Phrase 1: Мама мыла раму, а па...",11,9, п,0.36009612679481506
phase4_step_14995_LIVE,"Phrase 1: Мама мыла раму, а па...",11,10,ап,0.6640853881835938
phase4_step_14995_LIVE,"Phrase 1: Мама мыла раму, а па...",11,11,а,0.26539739966392517
phase4_step_14995_LIVE,"Phrase 1: Мама мыла раму, а па...",11,12, ч,0.411312997341156
phase4_step_14995_LIVE,"Phrase 1: Мама мыла раму, а па...",11,13,ин,0.30308231711387634
phase4_step_14995_LIVE,"Phrase 1: Мама мыла раму, а па...",11,14,ил,0.4941699802875519
phase4_step_14995_LIVE,"Phrase 1: Мама мыла раму, а па...",11,15, т,0.09869544208049774
phase4_step_14995_LIVE,"Phrase 1: Мама мыла раму, а па...",11,16,ел,0.12282813340425491
phase4_step_14995_LIVE,"Phrase 1: Мама мыла раму, а па...",11,17,од,0.6363896727561951
phase4_step_14995_LIVE,"Phrase 1: Мама мыла раму, а па...",11,18,из,0.47587504982948303
phase4_step_14995_LIVE,"Phrase 1: Мама мыла раму, а па...",11,19,ор,0.09255411475896835
phase4_step_14995_LIVE,"Phrase 1: Мама мыла раму, а па...",11,20,.,0.05444455146789551
phase4_step_14995_LIVE,Phrase 2: Quantum computing is...,11,0,Quant,0.3091709315776825
phase4_step_14995_LIVE,Phrase 2: Quantum computing is...,11,1,.,0.7930759191513062
phase4_step_14995_LIVE,Phrase 2: Quantum computing is...,11,2, making,0.6473063230514526
phase4_step_14995_LIVE,Phrase 2: Quantum computing is...,11,3, is,0.2751150131225586
phase4_step_14995_LIVE,Phrase 2: Quantum computing is...,11,4, a,0.3156285583972931
phase4_step_14995_LIVE,Phrase 2: Quantum computing is...,11,5, read,0.6516798734664917
phase4_step_14995_LIVE,Phrase 2: Quantum computing is...,11,6,-em,0.41405558586120605
phase4_step_14995_LIVE,Phrase 2: Quantum computing is...,11,7,erging,0.3508974611759186
phase4_step_14995_LIVE,Phrase 2: Quantum computing is...,11,8,",",1.0186432600021362
phase4_step_14995_LIVE,Phrase 2: Quantum computing is...,11,9, that,0.05696599930524826
phase4_step_14995_LIVE,Phrase 2: Quantum computing is...,11,10, harness,0.4154907166957855
phase4_step_14995_LIVE,Phrase 2: Quantum computing is...,11,11,es,0.18181748688220978
phase4_step_14995_LIVE,Phrase 2: Quantum computing is...,11,12, the,0.47738465666770935
phase4_step_14995_LIVE,Phrase 2: Quantum computing is...,11,13, laws,0.23018184304237366
phase4_step_14995_LIVE,Phrase 2: Quantum computing is...,11,14, of,0.4922870099544525
phase4_step_14995_LIVE,Phrase 2: Quantum computing is...,11,15, graph,0.6806812882423401
phase4_step_14995_LIVE,Phrase 2: Quantum computing is...,11,16, mechanics,0.5363878607749939
phase4_step_14995_LIVE,Phrase 2: Quantum computing is...,11,17, to,0.05471663549542427
phase4_step_14995_LIVE,Phrase 2: Quantum computing is...,11,18, solve,0.33146241307258606
phase4_step_14995_LIVE,Phrase 2: Quantum computing is...,11,19,Example,0.6132369041442871
phase4_step_14995_LIVE,Phrase 2: Quantum computing is...,11,20,",",1.025783896446228
phase4_step_14995_LIVE,Phrase 2: Quantum computing is...,11,21, complex,0.6174312829971313
phase4_step_14995_LIVE,Phrase 2: Quantum computing is...,11,22, for,0.06018885597586632
phase4_step_14995_LIVE,Phrase 2: Quantum computing is...,11,23, general,0.46016982197761536
phase4_step_14995_LIVE,Phrase 2: Quantum computing is...,11,24, computers,0.28025180101394653
phase4_step_14995_LIVE,Phrase 2: Quantum computing is...,11,25,.,0.056128449738025665
phase4_step_14995_LIVE,Phrase 0: The quick brown fox ...,12,0,The,0.2895581126213074
phase4_step_14995_LIVE,Phrase 0: The quick brown fox ...,12,1, lazy,0.6518546342849731
phase4_step_14995_LIVE,Phrase 0: The quick brown fox ...,12,2, brown,0.3967457413673401
phase4_step_14995_LIVE,Phrase 0: The quick brown fox ...,12,3, hour,0.9099900722503662
phase4_step_14995_LIVE,Phrase 0: The quick brown fox ...,12,4, jumps,0.24352626502513885
phase4_step_14995_LIVE,Phrase 0: The quick brown fox ...,12,5, o,0.46981990337371826
phase4_step_14995_LIVE,Phrase 0: The quick brown fox ...,12,6, the,0.44280263781547546
phase4_step_14995_LIVE,Phrase 0: The quick brown fox ...,12,7, lazy,0.5134761929512024
phase4_step_14995_LIVE,Phrase 0: The quick brown fox ...,12,8, dog,0.24791675806045532
phase4_step_14995_LIVE,Phrase 0: The quick brown fox ...,12,9,2,0.8586974143981934
phase4_step_14995_LIVE,"Phrase 1: Мама мыла раму, а па...",12,0,М,0.24161089956760406
phase4_step_14995_LIVE,"Phrase 1: Мама мыла раму, а па...",12,1,ам,0.1809215545654297
phase4_step_14995_LIVE,"Phrase 1: Мама мыла раму, а па...",12,2,а,0.2651568353176117
phase4_step_14995_LIVE,"Phrase 1: Мама мыла раму, а па...",12,3,сти,0.6770720481872559
phase4_step_14995_LIVE,"Phrase 1: Мама мыла раму, а па...",12,4,ла,0.48780494928359985
phase4_step_14995_LIVE,"Phrase 1: Мама мыла раму, а па...",12,5, compos,0.9447417259216309
phase4_step_14995_LIVE,"Phrase 1: Мама мыла раму, а па...",12,6,у,0.2659190893173218
phase4_step_14995_LIVE,"Phrase 1: Мама мыла раму, а па...",12,7,",",0.47339996695518494
phase4_step_14995_LIVE,"Phrase 1: Мама мыла раму, а па...",12,8, а,0.23638412356376648
phase4_step_14995_LIVE,"Phrase 1: Мама мыла раму, а па...",12,9, п,0.34235984086990356
phase4_step_14995_LIVE,"Phrase 1: Мама мыла раму, а па...",12,10,ап,0.6510577201843262
phase4_step_14995_LIVE,"Phrase 1: Мама мыла раму, а па...",12,11,а,0.2504507005214691
phase4_step_14995_LIVE,"Phrase 1: Мама мыла раму, а па...",12,12, ч,0.4015987813472748
phase4_step_14995_LIVE,"Phrase 1: Мама мыла раму, а па...",12,13,ин,0.29061752557754517
phase4_step_14995_LIVE,"Phrase 1: Мама мыла раму, а па...",12,14,ил,0.4754951298236847
phase4_step_14995_LIVE,"Phrase 1: Мама мыла раму, а па...",12,15, т,0.1021767258644104
phase4_step_14995_LIVE,"Phrase 1: Мама мыла раму, а па...",12,16,ел,0.12832313776016235
phase4_step_14995_LIVE,"Phrase 1: Мама мыла раму, а па...",12,17,од,0.6205944418907166
phase4_step_14995_LIVE,"Phrase 1: Мама мыла раму, а па...",12,18,из,0.46452558040618896
phase4_step_14995_LIVE,"Phrase 1: Мама мыла раму, а па...",12,19,ор,0.09491685777902603
phase4_step_14995_LIVE,"Phrase 1: Мама мыла раму, а па...",12,20,.,0.0517788790166378
phase4_step_14995_LIVE,Phrase 2: Quantum computing is...,12,0,Quant,0.3216955363750458
phase4_step_14995_LIVE,Phrase 2: Quantum computing is...,12,1,.,0.7981587052345276
phase4_step_14995_LIVE,Phrase 2: Quantum computing is...,12,2, making,0.6405588388442993
phase4_step_14995_LIVE,Phrase 2: Quantum computing is...,12,3, is,0.25826358795166016
phase4_step_14995_LIVE,Phrase 2: Quantum computing is...,12,4, a,0.2964436113834381
phase4_step_14995_LIVE,Phrase 2: Quantum computing is...,12,5, read,0.6448386907577515
phase4_step_14995_LIVE,Phrase 2: Quantum computing is...,12,6,-em,0.41274234652519226
phase4_step_14995_LIVE,Phrase 2: Quantum computing is...,12,7,erging,0.35887107253074646
phase4_step_14995_LIVE,Phrase 2: Quantum computing is...,12,8,",",1.0217911005020142
phase4_step_14995_LIVE,Phrase 2: Quantum computing is...,12,9, that,0.05441877990961075
phase4_step_14995_LIVE,Phrase 2: Quantum computing is...,12,10, harness,0.42088842391967773
phase4_step_14995_LIVE,Phrase 2: Quantum computing is...,12,11,es,0.18189410865306854
phase4_step_14995_LIVE,Phrase 2: Quantum computing is...,12,12, the,0.44896847009658813
phase4_step_14995_LIVE,Phrase 2: Quantum computing is...,12,13, laws,0.24564781785011292
phase4_step_14995_LIVE,Phrase 2: Quantum computing is...,12,14, of,0.463072806596756
phase4_step_14995_LIVE,Phrase 2: Quantum computing is...,12,15, graph,0.6756855249404907
phase4_step_14995_LIVE,Phrase 2: Quantum computing is...,12,16, mechanics,0.5299496054649353
phase4_step_14995_LIVE,Phrase 2: Quantum computing is...,12,17, to,0.051820892840623856
phase4_step_14995_LIVE,Phrase 2: Quantum computing is...,12,18, solve,0.3154619634151459
phase4_step_14995_LIVE,Phrase 2: Quantum computing is...,12,19, examples,0.6026878952980042
phase4_step_14995_LIVE,Phrase 2: Quantum computing is...,12,20,",",1.0287383794784546
phase4_step_14995_LIVE,Phrase 2: Quantum computing is...,12,21, complex,0.6098113059997559
phase4_step_14995_LIVE,Phrase 2: Quantum computing is...,12,22, for,0.058237191289663315
phase4_step_14995_LIVE,Phrase 2: Quantum computing is...,12,23, general,0.46308499574661255
phase4_step_14995_LIVE,Phrase 2: Quantum computing is...,12,24, computers,0.28804469108581543
phase4_step_14995_LIVE,Phrase 2: Quantum computing is...,12,25,.,0.053402189165353775
phase4_step_14995_LIVE,Phrase 0: The quick brown fox ...,13,0, The,0.278469443321228
phase4_step_14995_LIVE,Phrase 0: The quick brown fox ...,13,1, lazy,0.6494840383529663
phase4_step_14995_LIVE,Phrase 0: The quick brown fox ...,13,2, brown,0.40108951926231384
phase4_step_14995_LIVE,Phrase 0: The quick brown fox ...,13,3, hour,0.9051225781440735
phase4_step_14995_LIVE,Phrase 0: The quick brown fox ...,13,4, jumps,0.2579757273197174
phase4_step_14995_LIVE,Phrase 0: The quick brown fox ...,13,5, over,0.45242664217948914
phase4_step_14995_LIVE,Phrase 0: The quick brown fox ...,13,6, the,0.41643160581588745
phase4_step_14995_LIVE,Phrase 0: The quick brown fox ...,13,7, lazy,0.5129650235176086
phase4_step_14995_LIVE,Phrase 0: The quick brown fox ...,13,8, dog,0.2628020942211151
phase4_step_14995_LIVE,Phrase 0: The quick brown fox ...,13,9,",",0.850092887878418
phase4_step_14995_LIVE,"Phrase 1: Мама мыла раму, а па...",13,0,М,0.23934748768806458
phase4_step_14995_LIVE,"Phrase 1: Мама мыла раму, а па...",13,1,ам,0.17771074175834656
phase4_step_14995_LIVE,"Phrase 1: Мама мыла раму, а па...",13,2,а,0.25025424361228943
phase4_step_14995_LIVE,"Phrase 1: Мама мыла раму, а па...",13,3,сти,0.671442985534668
phase4_step_14995_LIVE,"Phrase 1: Мама мыла раму, а па...",13,4,ла,0.47436249256134033
phase4_step_14995_LIVE,"Phrase 1: Мама мыла раму, а па...",13,5, compos,0.9412721395492554
phase4_step_14995_LIVE,"Phrase 1: Мама мыла раму, а па...",13,6,у,0.25155943632125854
phase4_step_14995_LIVE,"Phrase 1: Мама мыла раму, а па...",13,7,",",0.44498172402381897
phase4_step_14995_LIVE,"Phrase 1: Мама мыла раму, а па...",13,8, а,0.22700436413288116
phase4_step_14995_LIVE,"Phrase 1: Мама мыла раму, а па...",13,9, п,0.32597675919532776
phase4_step_14995_LIVE,"Phrase 1: Мама мыла раму, а па...",13,10,ап,0.6395288109779358
phase4_step_14995_LIVE,"Phrase 1: Мама мыла раму, а па...",13,11,а,0.23653708398342133
phase4_step_14995_LIVE,"Phrase 1: Мама мыла раму, а па...",13,12, ч,0.3932212293148041
phase4_step_14995_LIVE,"Phrase 1: Мама мыла раму, а па...",13,13,ин,0.279266893863678
phase4_step_14995_LIVE,"Phrase 1: Мама мыла раму, а па...",13,14,ил,0.4583061933517456
phase4_step_14995_LIVE,"Phrase 1: Мама мыла раму, а па...",13,15, т,0.10571742057800293
phase4_step_14995_LIVE,"Phrase 1: Мама мыла раму, а па...",13,16,ел,0.13375000655651093
phase4_step_14995_LIVE,"Phrase 1: Мама мыла раму, а па...",13,17,од,0.605868399143219
phase4_step_14995_LIVE,"Phrase 1: Мама мыла раму, а па...",13,18,из,0.45453697443008423
phase4_step_14995_LIVE,"Phrase 1: Мама мыла раму, а па...",13,19,ор,0.09739730507135391
phase4_step_14995_LIVE,"Phrase 1: Мама мыла раму, а па...",13,20,.,0.04937778040766716
phase4_step_14995_LIVE,Phrase 2: Quantum computing is...,13,0,Quant,0.33420997858047485
phase4_step_14995_LIVE,Phrase 2: Quantum computing is...,13,1,.,0.8035356998443604
phase4_step_14995_LIVE,Phrase 2: Quantum computing is...,13,2, making,0.6347436904907227
phase4_step_14995_LIVE,Phrase 2: Quantum computing is...,13,3, is,0.2424478530883789
phase4_step_14995_LIVE,Phrase 2: Quantum computing is...,13,4, a,0.2784264385700226
phase4_step_14995_LIVE,Phrase 2: Quantum computing is...,13,5, very,0.6390591859817505
phase4_step_14995_LIVE,Phrase 2: Quantum computing is...,13,6,-em,0.4126167297363281
phase4_step_14995_LIVE,Phrase 2: Quantum computing is...,13,7,erging,0.36727064847946167
phase4_step_14995_LIVE,Phrase 2: Quantum computing is...,13,8,",",1.0247849225997925
phase4_step_14995_LIVE,Phrase 2: Quantum computing is...,13,9, that,0.05212845653295517
phase4_step_14995_LIVE,Phrase 2: Quantum computing is...,13,10, harness,0.42695921659469604
phase4_step_14995_LIVE,Phrase 2: Quantum computing is...,13,11,es,0.18265564739704132
phase4_step_14995_LIVE,Phrase 2: Quantum computing is...,13,12, the,0.42209312319755554
phase4_step_14995_LIVE,Phrase 2: Quantum computing is...,13,13, laws,0.2605403959751129
phase4_step_14995_LIVE,Phrase 2: Quantum computing is...,13,14, of,0.43540921807289124
phase4_step_14995_LIVE,Phrase 2: Quantum computing is...,13,15, graph,0.6716054677963257
phase4_step_14995_LIVE,Phrase 2: Quantum computing is...,13,16, mechanics,0.5246312022209167
phase4_step_14995_LIVE,Phrase 2: Quantum computing is...,13,17, to,0.04917117953300476
phase4_step_14995_LIVE,Phrase 2: Quantum computing is...,13,18, solve,0.300718754529953
phase4_step_14995_LIVE,Phrase 2: Quantum computing is...,13,19, examples,0.5933728218078613
phase4_step_14995_LIVE,Phrase 2: Quantum computing is...,13,20,",",1.0315197706222534
phase4_step_14995_LIVE,Phrase 2: Quantum computing is...,13,21, complex,0.6032394170761108
phase4_step_14995_LIVE,Phrase 2: Quantum computing is...,13,22, for,0.05659152939915657
phase4_step_14995_LIVE,Phrase 2: Quantum computing is...,13,23, general,0.46672293543815613
phase4_step_14995_LIVE,Phrase 2: Quantum computing is...,13,24, computers,0.2961602807044983
phase4_step_14995_LIVE,Phrase 2: Quantum computing is...,13,25,.,0.050936006009578705
phase4_step_14995_LIVE,Phrase 0: The quick brown fox ...,14,0, The,0.2686527371406555
phase4_step_14995_LIVE,Phrase 0: The quick brown fox ...,14,1, lazy,0.6479145884513855
phase4_step_14995_LIVE,Phrase 0: The quick brown fox ...,14,2, brown,0.4060583710670471
phase4_step_14995_LIVE,Phrase 0: The quick brown fox ...,14,3, hour,0.9006986618041992
phase4_step_14995_LIVE,Phrase 0: The quick brown fox ...,14,4, jumps,0.27190038561820984
phase4_step_14995_LIVE,Phrase 0: The quick brown fox ...,14,5, over,0.43644052743911743
phase4_step_14995_LIVE,Phrase 0: The quick brown fox ...,14,6, the,0.39155545830726624
phase4_step_14995_LIVE,Phrase 0: The quick brown fox ...,14,7, lazy,0.5132757425308228
phase4_step_14995_LIVE,Phrase 0: The quick brown fox ...,14,8, dog,0.277147114276886
phase4_step_14995_LIVE,Phrase 0: The quick brown fox ...,14,9,",",0.8422371745109558
phase4_step_14995_LIVE,"Phrase 1: Мама мыла раму, а па...",14,0,М,0.23822106420993805
phase4_step_14995_LIVE,"Phrase 1: Мама мыла раму, а па...",14,1,ам,0.17527633905410767
phase4_step_14995_LIVE,"Phrase 1: Мама мыла раму, а па...",14,2,а,0.23639041185379028
phase4_step_14995_LIVE,"Phrase 1: Мама мыла раму, а па...",14,3,сти,0.6667168736457825
phase4_step_14995_LIVE,"Phrase 1: Мама мыла раму, а па...",14,4,ла,0.4623241722583771
phase4_step_14995_LIVE,"Phrase 1: Мама мыла раму, а па...",14,5, compos,0.938163161277771
phase4_step_14995_LIVE,"Phrase 1: Мама мыла раму, а па...",14,6,у,0.23820094764232635
phase4_step_14995_LIVE,"Phrase 1: Мама мыла раму, а па...",14,7,",",0.4181096851825714
phase4_step_14995_LIVE,"Phrase 1: Мама мыла раму, а па...",14,8, а,0.2186000496149063
phase4_step_14995_LIVE,"Phrase 1: Мама мыла раму, а па...",14,9, п,0.3108809292316437
phase4_step_14995_LIVE,"Phrase 1: Мама мыла раму, а па...",14,10,ап,0.6294319033622742
phase4_step_14995_LIVE,"Phrase 1: Мама мыла раму, а па...",14,11,а,0.2236010581254959
phase4_step_14995_LIVE,"Phrase 1: Мама мыла раму, а па...",14,12, ч,0.3860691785812378
phase4_step_14995_LIVE,"Phrase 1: Мама мыла раму, а па...",14,13,ин,0.26896268129348755
phase4_step_14995_LIVE,"Phrase 1: Мама мыла раму, а па...",14,14,ил,0.4425469636917114
phase4_step_14995_LIVE,"Phrase 1: Мама мыла раму, а па...",14,15, т,0.10925482213497162
phase4_step_14995_LIVE,"Phrase 1: Мама мыла раму, а па...",14,16,ел,0.13906320929527283
phase4_step_14995_LIVE,"Phrase 1: Мама мыла раму, а па...",14,17,од,0.59220290184021
phase4_step_14995_LIVE,"Phrase 1: Мама мыла раму, а па...",14,18,из,0.44581103324890137
phase4_step_14995_LIVE,"Phrase 1: Мама мыла раму, а па...",14,19,ор,0.0999358519911766
phase4_step_14995_LIVE,"Phrase 1: Мама мыла раму, а па...",14,20,.,0.047224145382642746
phase4_step_14995_LIVE,Phrase 2: Quantum computing is...,14,0,Quant,0.3465157151222229
phase4_step_14995_LIVE,Phrase 2: Quantum computing is...,14,1,.,0.8093071579933167
phase4_step_14995_LIVE,Phrase 2: Quantum computing is...,14,2, making,0.6299393177032471
phase4_step_14995_LIVE,Phrase 2: Quantum computing is...,14,3, is,0.22759626805782318
phase4_step_14995_LIVE,Phrase 2: Quantum computing is...,14,4, a,0.26151028275489807
phase4_step_14995_LIVE,Phrase 2: Quantum computing is...,14,5, fast,0.6341719627380371
phase4_step_14995_LIVE,Phrase 2: Quantum computing is...,14,6,-em,0.4134087860584259
phase4_step_14995_LIVE,Phrase 2: Quantum computing is...,14,7,erging,0.3759560286998749
phase4_step_14995_LIVE,Phrase 2: Quantum computing is...,14,8,",",1.027596354484558
phase4_step_14995_LIVE,Phrase 2: Quantum computing is...,14,9, that,0.05007173866033554
phase4_step_14995_LIVE,Phrase 2: Quantum computing is...,14,10, harness,0.43355080485343933
phase4_step_14995_LIVE,Phrase 2: Quantum computing is...,14,11,es,0.18385297060012817
phase4_step_14995_LIVE,Phrase 2: Quantum computing is...,14,12, the,0.39673054218292236
phase4_step_14995_LIVE,Phrase 2: Quantum computing is...,14,13, laws,0.2748068869113922
phase4_step_14995_LIVE,Phrase 2: Quantum computing is...,14,14, of,0.40926259756088257
phase4_step_14995_LIVE,Phrase 2: Quantum computing is...,14,15, graph,0.6683609485626221
phase4_step_14995_LIVE,Phrase 2: Quantum computing is...,14,16, mechanics,0.5203481316566467
phase4_step_14995_LIVE,Phrase 2: Quantum computing is...,14,17, to,0.04674607887864113
phase4_step_14995_LIVE,Phrase 2: Quantum computing is...,14,18, solve,0.2870948314666748
phase4_step_14995_LIVE,Phrase 2: Quantum computing is...,14,19, examples,0.5852051377296448
phase4_step_14995_LIVE,Phrase 2: Quantum computing is...,14,20,",",1.0341172218322754
phase4_step_14995_LIVE,Phrase 2: Quantum computing is...,14,21, complex,0.5976642370223999
phase4_step_14995_LIVE,Phrase 2: Quantum computing is...,14,22, for,0.05517268553376198
phase4_step_14995_LIVE,Phrase 2: Quantum computing is...,14,23, general,0.4708576202392578
phase4_step_14995_LIVE,Phrase 2: Quantum computing is...,14,24, computers,0.30448809266090393
phase4_step_14995_LIVE,Phrase 2: Quantum computing is...,14,25,.,0.04870027303695679
phase4_step_14995_LIVE,Phrase 0: The quick brown fox ...,15,0, The,0.2600421905517578
phase4_step_14995_LIVE,Phrase 0: The quick brown fox ...,15,1, lazy,0.6470452547073364
phase4_step_14995_LIVE,Phrase 0: The quick brown fox ...,15,2, brown,0.4115215241909027
phase4_step_14995_LIVE,Phrase 0: The quick brown fox ...,15,3, mar,0.8966923356056213
phase4_step_14995_LIVE,Phrase 0: The quick brown fox ...,15,4, jumps,0.2852973937988281
phase4_step_14995_LIVE,Phrase 0: The quick brown fox ...,15,5, over,0.4218001365661621
phase4_step_14995_LIVE,Phrase 0: The quick brown fox ...,15,6, the,0.36812594532966614
phase4_step_14995_LIVE,Phrase 0: The quick brown fox ...,15,7, lazy,0.5142871737480164
phase4_step_14995_LIVE,Phrase 0: The quick brown fox ...,15,8, dog,0.29094865918159485
phase4_step_14995_LIVE,Phrase 0: The quick brown fox ...,15,9,",",0.8350903391838074
phase4_step_14995_LIVE,"Phrase 1: Мама мыла раму, а па...",15,0,М,0.23811528086662292
phase4_step_14995_LIVE,"Phrase 1: Мама мыла раму, а па...",15,1,ам,0.1735404133796692
phase4_step_14995_LIVE,"Phrase 1: Мама мыла раму, а па...",15,2,а,0.22350971400737762
phase4_step_14995_LIVE,"Phrase 1: Мама мыла раму, а па...",15,3,tsy,0.6628099679946899
phase4_step_14995_LIVE,"Phrase 1: Мама мыла раму, а па...",15,4,ла,0.4515990614891052
phase4_step_14995_LIVE,"Phrase 1: Мама мыла раму, а па...",15,5, compos,0.9353920817375183
phase4_step_14995_LIVE,"Phrase 1: Мама мыла раму, а па...",15,6,у,0.22578886151313782
phase4_step_14995_LIVE,"Phrase 1: Мама мыла раму, а па...",15,7,",",0.3927513360977173
phase4_step_14995_LIVE,"Phrase 1: Мама мыла раму, а па...",15,8, а,0.21110719442367554
phase4_step_14995_LIVE,"Phrase 1: Мама мыла раму, а па...",15,9, п,0.29700586199760437
phase4_step_14995_LIVE,"Phrase 1: Мама мыла раму, а па...",15,10,аб,0.6206879615783691
phase4_step_14995_LIVE,"Phrase 1: Мама мыла раму, а па...",15,11,а,0.21158942580223083
phase4_step_14995_LIVE,"Phrase 1: Мама мыла раму, а па...",15,12, ч,0.38003167510032654
phase4_step_14995_LIVE,"Phrase 1: Мама мыла раму, а па...",15,13,ин,0.2596389353275299
phase4_step_14995_LIVE,"Phrase 1: Мама мыла раму, а па...",15,14,ил,0.42815300822257996
phase4_step_14995_LIVE,"Phrase 1: Мама мыла раму, а па...",15,15, т,0.11274303495883942
phase4_step_14995_LIVE,"Phrase 1: Мама мыла раму, а па...",15,16,ел,0.14423006772994995
phase4_step_14995_LIVE,"Phrase 1: Мама мыла раму, а па...",15,17,еп,0.5795721411705017
phase4_step_14995_LIVE,"Phrase 1: Мама мыла раму, а па...",15,18,из,0.43824687600135803
phase4_step_14995_LIVE,"Phrase 1: Мама мыла раму, а па...",15,19,ор,0.10248611122369766
phase4_step_14995_LIVE,"Phrase 1: Мама мыла раму, а па...",15,20,.,0.04530033469200134
phase4_step_14995_LIVE,Phrase 2: Quantum computing is...,15,0,Quant,0.3585645258426666
phase4_step_14995_LIVE,Phrase 2: Quantum computing is...,15,1,.,0.8152889013290405
phase4_step_14995_LIVE,Phrase 2: Quantum computing is...,15,2, making,0.6260395646095276
phase4_step_14995_LIVE,Phrase 2: Quantum computing is...,15,3, is,0.21365919709205627
phase4_step_14995_LIVE,Phrase 2: Quantum computing is...,15,4, a,0.24563108384609222
phase4_step_14995_LIVE,Phrase 2: Quantum computing is...,15,5, fast,0.6301148533821106
phase4_step_14995_LIVE,Phrase 2: Quantum computing is...,15,6,-em,0.41502901911735535
phase4_step_14995_LIVE,Phrase 2: Quantum computing is...,15,7,erging,0.38478779792785645
phase4_step_14995_LIVE,Phrase 2: Quantum computing is...,15,8,",",1.0302411317825317
phase4_step_14995_LIVE,Phrase 2: Quantum computing is...,15,9, that,0.04823129251599312
phase4_step_14995_LIVE,Phrase 2: Quantum computing is...,15,10, harness,0.4405367970466614
phase4_step_14995_LIVE,Phrase 2: Quantum computing is...,15,11,es,0.18544551730155945
phase4_step_14995_LIVE,Phrase 2: Quantum computing is...,15,12, the,0.37283238768577576
phase4_step_14995_LIVE,Phrase 2: Quantum computing is...,15,13, laws,0.2884681522846222
phase4_step_14995_LIVE,Phrase 2: Quantum computing is...,15,14, of,0.3845977187156677
phase4_step_14995_LIVE,Phrase 2: Quantum computing is...,15,15, graph,0.6658693552017212
phase4_step_14995_LIVE,Phrase 2: Quantum computing is...,15,16, mechanics,0.5169841051101685
phase4_step_14995_LIVE,Phrase 2: Quantum computing is...,15,17, to,0.04453006014227867
phase4_step_14995_LIVE,Phrase 2: Quantum computing is...,15,18, solve,0.2745600938796997
phase4_step_14995_LIVE,Phrase 2: Quantum computing is...,15,19, examples,0.5781663656234741
phase4_step_14995_LIVE,Phrase 2: Quantum computing is...,15,20,",",1.036535382270813
phase4_step_14995_LIVE,Phrase 2: Quantum computing is...,15,21, complex,0.5929673910140991
phase4_step_14995_LIVE,Phrase 2: Quantum computing is...,15,22, for,0.0539725087583065
phase4_step_14995_LIVE,Phrase 2: Quantum computing is...,15,23, general,0.4754176437854767
phase4_step_14995_LIVE,Phrase 2: Quantum computing is...,15,24, computers,0.31290388107299805
phase4_step_14995_LIVE,Phrase 2: Quantum computing is...,15,25,.,0.046686556190252304
phase4_step_14995_LIVE,Phrase 0: The quick brown fox ...,16,0, The,0.25256720185279846
phase4_step_14995_LIVE,Phrase 0: The quick brown fox ...,16,1, lazy,0.6467803120613098
phase4_step_14995_LIVE,Phrase 0: The quick brown fox ...,16,2, brown,0.41736945509910583
phase4_step_14995_LIVE,Phrase 0: The quick brown fox ...,16,3, radius,0.893077552318573
phase4_step_14995_LIVE,Phrase 0: The quick brown fox ...,16,4, jumps,0.2981741726398468
phase4_step_14995_LIVE,Phrase 0: The quick brown fox ...,16,5, over,0.4084373414516449
phase4_step_14995_LIVE,Phrase 0: The quick brown fox ...,16,6, the,0.34608548879623413
phase4_step_14995_LIVE,Phrase 0: The quick brown fox ...,16,7, lazy,0.5158891677856445
phase4_step_14995_LIVE,Phrase 0: The quick brown fox ...,16,8, dog,0.30421409010887146
phase4_step_14995_LIVE,Phrase 0: The quick brown fox ...,16,9,",",0.8286145329475403
phase4_step_14995_LIVE,"Phrase 1: Мама мыла раму, а па...",16,0,М,0.23891574144363403
phase4_step_14995_LIVE,"Phrase 1: Мама мыла раму, а па...",16,1,ам,0.17242802679538727
phase4_step_14995_LIVE,"Phrase 1: Мама мыла раму, а па...",16,2,а,0.21155987679958344
phase4_step_14995_LIVE,"Phrase 1: Мама мыла раму, а па...",16,3,tsy,0.659640371799469
phase4_step_14995_LIVE,"Phrase 1: Мама мыла раму, а па...",16,4,ла,0.4420938789844513
phase4_step_14995_LIVE,"Phrase 1: Мама мыла раму, а па...",16,5, compos,0.9329361319541931
phase4_step_14995_LIVE,"Phrase 1: Мама мыла раму, а па...",16,6,у,0.21427243947982788
phase4_step_14995_LIVE,"Phrase 1: Мама мыла раму, а па...",16,7,",",0.3688586950302124
phase4_step_14995_LIVE,"Phrase 1: Мама мыла раму, а па...",16,8, а,0.20446281135082245
phase4_step_14995_LIVE,"Phrase 1: Мама мыла раму, а па...",16,9, п,0.2842870354652405
phase4_step_14995_LIVE,"Phrase 1: Мама мыла раму, а па...",16,10,аб,0.6132083535194397
phase4_step_14995_LIVE,"Phrase 1: Мама мыла раму, а па...",16,11,а,0.20045293867588043
phase4_step_14995_LIVE,"Phrase 1: Мама мыла раму, а па...",16,12, ч,0.37500157952308655
phase4_step_14995_LIVE,"Phrase 1: Мама мыла раму, а па...",16,13,ин,0.2512323558330536
phase4_step_14995_LIVE,"Phrase 1: Мама мыла раму, а па...",16,14,ил,0.41505372524261475
phase4_step_14995_LIVE,"Phrase 1: Мама мыла раму, а па...",16,15, т,0.11615059524774551
phase4_step_14995_LIVE,"Phrase 1: Мама мыла раму, а па...",16,16,ел,0.14923185110092163
phase4_step_14995_LIVE,"Phrase 1: Мама мыла раму, а па...",16,17,еп,0.5679415464401245
phase4_step_14995_LIVE,"Phrase 1: Мама мыла раму, а па...",16,18,из,0.43174490332603455
phase4_step_14995_LIVE,"Phrase 1: Мама мыла раму, а па...",16,19,ор,0.1050172671675682
phase4_step_14995_LIVE,"Phrase 1: Мама мыла раму, а па...",16,20,.,0.04359622299671173
phase4_step_14995_LIVE,Phrase 2: Quantum computing is...,16,0,Quant,0.3703099489212036
phase4_step_14995_LIVE,Phrase 2: Quantum computing is...,16,1,.,0.8214083313941956
phase4_step_14995_LIVE,Phrase 2: Quantum computing is...,16,2, making,0.6229667663574219
phase4_step_14995_LIVE,Phrase 2: Quantum computing is...,16,3, is,0.20058509707450867
phase4_step_14995_LIVE,Phrase 2: Quantum computing is...,16,4, a,0.230727419257164
phase4_step_14995_LIVE,Phrase 2: Quantum computing is...,16,5, fast,0.6268132925033569
phase4_step_14995_LIVE,Phrase 2: Quantum computing is...,16,6,-em,0.4173584580421448
phase4_step_14995_LIVE,Phrase 2: Quantum computing is...,16,7,erging,0.39368605613708496
phase4_step_14995_LIVE,Phrase 2: Quantum computing is...,16,8,",",1.0327194929122925
phase4_step_14995_LIVE,Phrase 2: Quantum computing is...,16,9, that,0.04660206660628319
phase4_step_14995_LIVE,Phrase 2: Quantum computing is...,16,10, harness,0.4478119909763336
phase4_step_14995_LIVE,Phrase 2: Quantum computing is...,16,11,es,0.18736016750335693
phase4_step_14995_LIVE,Phrase 2: Quantum computing is...,16,12, the,0.3503413200378418
phase4_step_14995_LIVE,Phrase 2: Quantum computing is...,16,13, laws,0.3015424907207489
phase4_step_14995_LIVE,Phrase 2: Quantum computing is...,16,14, of,0.3613627552986145
phase4_step_14995_LIVE,Phrase 2: Quantum computing is...,16,15, graph,0.6640501618385315
phase4_step_14995_LIVE,Phrase 2: Quantum computing is...,16,16, mechanics,0.5144319534301758
phase4_step_14995_LIVE,Phrase 2: Quantum computing is...,16,17, to,0.04251138120889664
phase4_step_14995_LIVE,Phrase 2: Quantum computing is...,16,18, solve,0.26306793093681335
phase4_step_14995_LIVE,Phrase 2: Quantum computing is...,16,19, problems,0.572224497795105
phase4_step_14995_LIVE,Phrase 2: Quantum computing is...,16,20,",",1.038781762123108
phase4_step_14995_LIVE,Phrase 2: Quantum computing is...,16,21, complex,0.5890465974807739
phase4_step_14995_LIVE,Phrase 2: Quantum computing is...,16,22, for,0.05297887697815895
phase4_step_14995_LIVE,Phrase 2: Quantum computing is...,16,23, general,0.48030519485473633
phase4_step_14995_LIVE,Phrase 2: Quantum computing is...,16,24, computers,0.3213233947753906
phase4_step_14995_LIVE,Phrase 2: Quantum computing is...,16,25,.,0.044879961758852005
phase4_step_14995_LIVE,Phrase 0: The quick brown fox ...,17,0, The,0.24615587294101715
phase4_step_14995_LIVE,Phrase 0: The quick brown fox ...,17,1, lazy,0.6470323801040649
phase4_step_14995_LIVE,Phrase 0: The quick brown fox ...,17,2, brown,0.4235096573829651
phase4_step_14995_LIVE,Phrase 0: The quick brown fox ...,17,3, radius,0.8898284435272217
phase4_step_14995_LIVE,Phrase 0: The quick brown fox ...,17,4, jumps,0.3105453848838806
phase4_step_14995_LIVE,Phrase 0: The quick brown fox ...,17,5, over,0.3962811231613159
phase4_step_14995_LIVE,Phrase 0: The quick brown fox ...,17,6, the,0.3253713846206665
phase4_step_14995_LIVE,Phrase 0: The quick brown fox ...,17,7, lazy,0.5179829597473145
phase4_step_14995_LIVE,Phrase 0: The quick brown fox ...,17,8, dog,0.31695857644081116
phase4_step_14995_LIVE,Phrase 0: The quick brown fox ...,17,9,",",0.8227709531784058
phase4_step_14995_LIVE,"Phrase 1: Мама мыла раму, а па...",17,0,М,0.24051308631896973
phase4_step_14995_LIVE,"Phrase 1: Мама мыла раму, а па...",17,1,ам,0.17186863720417023
phase4_step_14995_LIVE,"Phrase 1: Мама мыла раму, а па...",17,2,а,0.20049139857292175
phase4_step_14995_LIVE,"Phrase 1: Мама мыла раму, а па...",17,3,tsy,0.6571308970451355
phase4_step_14995_LIVE,"Phrase 1: Мама мыла раму, а па...",17,4,ла,0.4337155520915985
phase4_step_14995_LIVE,"Phrase 1: Мама мыла раму, а па...",17,5,един,0.9307726621627808
phase4_step_14995_LIVE,"Phrase 1: Мама мыла раму, а па...",17,6,у,0.20360122621059418
phase4_step_14995_LIVE,"Phrase 1: Мама мыла раму, а па...",17,7,",",0.346373975276947
phase4_step_14995_LIVE,"Phrase 1: Мама мыла раму, а па...",17,8, а,0.19860582053661346
phase4_step_14995_LIVE,"Phrase 1: Мама мыла раму, а па...",17,9, п,0.27266088128089905
phase4_step_14995_LIVE,"Phrase 1: Мама мыла раму, а па...",17,10,аб,0.606898844242096
phase4_step_14995_LIVE,"Phrase 1: Мама мыла раму, а па...",17,11,а,0.19014431536197662
phase4_step_14995_LIVE,"Phrase 1: Мама мыла раму, а па...",17,12, ч,0.37087687849998474
phase4_step_14995_LIVE,"Phrase 1: Мама мыла раму, а па...",17,13,ин,0.24368174374103546
phase4_step_14995_LIVE,"Phrase 1: Мама мыла раму, а па...",17,14,ил,0.40317562222480774
phase4_step_14995_LIVE,"Phrase 1: Мама мыла раму, а па...",17,15, т,0.11945756524801254
phase4_step_14995_LIVE,"Phrase 1: Мама мыла раму, а па...",17,16,ел,0.15405651926994324
phase4_step_14995_LIVE,"Phrase 1: Мама мыла раму, а па...",17,17,еп,0.5572716593742371
phase4_step_14995_LIVE,"Phrase 1: Мама мыла раму, а па...",17,18,из,0.42620930075645447
phase4_step_14995_LIVE,"Phrase 1: Мама мыла раму, а па...",17,19,ор,0.10750380903482437
phase4_step_14995_LIVE,"Phrase 1: Мама мыла раму, а па...",17,20,.,0.042091913521289825
phase4_step_14995_LIVE,Phrase 2: Quantum computing is...,17,0,Quant,0.381717324256897
phase4_step_14995_LIVE,Phrase 2: Quantum computing is...,17,1,.,0.8276063799858093
phase4_step_14995_LIVE,Phrase 2: Quantum computing is...,17,2, computing,0.6206398010253906
phase4_step_14995_LIVE,Phrase 2: Quantum computing is...,17,3, is,0.18832328915596008
phase4_step_14995_LIVE,Phrase 2: Quantum computing is...,17,4, a,0.21674223244190216
phase4_step_14995_LIVE,Phrase 2: Quantum computing is...,17,5, fast,0.6241952776908875
phase4_step_14995_LIVE,Phrase 2: Quantum computing is...,17,6,-em,0.4202786982059479
phase4_step_14995_LIVE,Phrase 2: Quantum computing is...,17,7,generation,0.4025813937187195
phase4_step_14995_LIVE,Phrase 2: Quantum computing is...,17,8,",",1.0350332260131836
phase4_step_14995_LIVE,Phrase 2: Quantum computing is...,17,9, that,0.045170459896326065
phase4_step_14995_LIVE,Phrase 2: Quantum computing is...,17,10, harness,0.4552849531173706
phase4_step_14995_LIVE,Phrase 2: Quantum computing is...,17,11,es,0.1895291656255722
phase4_step_14995_LIVE,Phrase 2: Quantum computing is...,17,12, the,0.3291950821876526
phase4_step_14995_LIVE,Phrase 2: Quantum computing is...,17,13, laws,0.3140469491481781
phase4_step_14995_LIVE,Phrase 2: Quantum computing is...,17,14, of,0.3394976258277893
phase4_step_14995_LIVE,Phrase 2: Quantum computing is...,17,15, graph,0.6628308892250061
phase4_step_14995_LIVE,Phrase 2: Quantum computing is...,17,16, mechanics,0.5125958323478699
phase4_step_14995_LIVE,Phrase 2: Quantum computing is...,17,17, to,0.04068012535572052
phase4_step_14995_LIVE,Phrase 2: Quantum computing is...,17,18, solve,0.25256219506263733
phase4_step_14995_LIVE,Phrase 2: Quantum computing is...,17,19, problems,0.5672990083694458
phase4_step_14995_LIVE,Phrase 2: Quantum computing is...,17,20,",",1.0408614873886108
phase4_step_14995_LIVE,Phrase 2: Quantum computing is...,17,21, complex,0.585817277431488
phase4_step_14995_LIVE,Phrase 2: Quantum computing is...,17,22, for,0.05217483267188072
phase4_step_14995_LIVE,Phrase 2: Quantum computing is...,17,23, general,0.4854367673397064
phase4_step_14995_LIVE,Phrase 2: Quantum computing is...,17,24, computers,0.32968273758888245
phase4_step_14995_LIVE,Phrase 2: Quantum computing is...,17,25,.,0.043268367648124695
phase4_step_14995_LIVE,Phrase 0: The quick brown fox ...,18,0, The,0.2407321184873581
phase4_step_14995_LIVE,Phrase 0: The quick brown fox ...,18,1, lazy,0.647723376750946
phase4_step_14995_LIVE,Phrase 0: The quick brown fox ...,18,2, brown,0.42986351251602173
phase4_step_14995_LIVE,Phrase 0: The quick brown fox ...,18,3, radius,0.886920154094696
phase4_step_14995_LIVE,Phrase 0: The quick brown fox ...,18,4, jumps,0.32243019342422485
phase4_step_14995_LIVE,Phrase 0: The quick brown fox ...,18,5, over,0.38525789976119995
phase4_step_14995_LIVE,Phrase 0: The quick brown fox ...,18,6, the,0.30591893196105957
phase4_step_14995_LIVE,Phrase 0: The quick brown fox ...,18,7, lazy,0.5204817652702332
phase4_step_14995_LIVE,Phrase 0: The quick brown fox ...,18,8, dog,0.329201340675354
phase4_step_14995_LIVE,Phrase 0: The quick brown fox ...,18,9,",",0.8175174593925476
phase4_step_14995_LIVE,"Phrase 1: Мама мыла раму, а па...",18,0,М,0.24280399084091187
phase4_step_14995_LIVE,"Phrase 1: Мама мыла раму, а па...",18,1,ам,0.17179462313652039
phase4_step_14995_LIVE,"Phrase 1: Мама мыла раму, а па...",18,2,а,0.19025740027427673
phase4_step_14995_LIVE,"Phrase 1: Мама мыла раму, а па...",18,3,tsy,0.655209481716156
phase4_step_14995_LIVE,"Phrase 1: Мама мыла раму, а па...",18,4,ла,0.42637187242507935
phase4_step_14995_LIVE,"Phrase 1: Мама мыла раму, а па...",18,5,един,0.9288797378540039
phase4_step_14995_LIVE,"Phrase 1: Мама мыла раму, а па...",18,6,у,0.1937284618616104
phase4_step_14995_LIVE,"Phrase 1: Мама мыла раму, а па...",18,7,",",0.3252331018447876
phase4_step_14995_LIVE,"Phrase 1: Мама мыла раму, а па...",18,8, а,0.19347476959228516
phase4_step_14995_LIVE,"Phrase 1: Мама мыла раму, а па...",18,9, п,0.2620666027069092
phase4_step_14995_LIVE,"Phrase 1: Мама мыла раму, а па...",18,10,аб,0.6016634702682495
phase4_step_14995_LIVE,"Phrase 1: Мама мыла раму, а па...",18,11,а,0.180618554353714
phase4_step_14995_LIVE,"Phrase 1: Мама мыла раму, а па...",18,12, ч,0.367561936378479
phase4_step_14995_LIVE,"Phrase 1: Мама мыла раму, а па...",18,13,ин,0.2369266301393509
phase4_step_14995_LIVE,"Phrase 1: Мама мыла раму, а па...",18,14,ил,0.3924436867237091
phase4_step_14995_LIVE,"Phrase 1: Мама мыла раму, а па...",18,15, т,0.12265226989984512
phase4_step_14995_LIVE,"Phrase 1: Мама мыла раму, а па...",18,16,ел,0.1587001532316208
phase4_step_14995_LIVE,"Phrase 1: Мама мыла раму, а па...",18,17,еп,0.5475203990936279
phase4_step_14995_LIVE,"Phrase 1: Мама мыла раму, а па...",18,18,из,0.4215490221977234
phase4_step_14995_LIVE,"Phrase 1: Мама мыла раму, а па...",18,19,ор,0.10993220657110214
phase4_step_14995_LIVE,"Phrase 1: Мама мыла раму, а па...",18,20,.,0.04077271744608879
phase4_step_14995_LIVE,Phrase 2: Quantum computing is...,18,0,Quant,0.39276495575904846
phase4_step_14995_LIVE,Phrase 2: Quantum computing is...,18,1,.,0.8338325023651123
phase4_step_14995_LIVE,Phrase 2: Quantum computing is...,18,2, computing,0.6189786791801453
phase4_step_14995_LIVE,Phrase 2: Quantum computing is...,18,3, is,0.17682722210884094
phase4_step_14995_LIVE,Phrase 2: Quantum computing is...,18,4, a,0.2036210149526596
phase4_step_14995_LIVE,Phrase 2: Quantum computing is...,18,5, fast,0.6221913695335388
phase4_step_14995_LIVE,Phrase 2: Quantum computing is...,18,6,EM,0.4236847758293152
phase4_step_14995_LIVE,Phrase 2: Quantum computing is...,18,7,generation,0.4114181399345398
phase4_step_14995_LIVE,Phrase 2: Quantum computing is...,18,8,",",1.037186622619629
phase4_step_14995_LIVE,Phrase 2: Quantum computing is...,18,9, that,0.043919432908296585
phase4_step_14995_LIVE,Phrase 2: Quantum computing is...,18,10, harness,0.46287989616394043
phase4_step_14995_LIVE,Phrase 2: Quantum computing is...,18,11,es,0.19189299643039703
phase4_step_14995_LIVE,Phrase 2: Quantum computing is...,18,12, the,0.3093278706073761
phase4_step_14995_LIVE,Phrase 2: Quantum computing is...,18,13, laws,0.3260027766227722
phase4_step_14995_LIVE,Phrase 2: Quantum computing is...,18,14, of,0.3189384639263153
phase4_step_14995_LIVE,Phrase 2: Quantum computing is...,18,15, graph,0.6621431112289429
phase4_step_14995_LIVE,Phrase 2: Quantum computing is...,18,16, mechanics,0.5113873481750488
phase4_step_14995_LIVE,Phrase 2: Quantum computing is...,18,17, to,0.039027318358421326
phase4_step_14995_LIVE,Phrase 2: Quantum computing is...,18,18, solve,0.24298691749572754
phase4_step_14995_LIVE,Phrase 2: Quantum computing is...,18,19, problems,0.5633043646812439
phase4_step_14995_LIVE,Phrase 2: Quantum computing is...,18,20,",",1.042781114578247
phase4_step_14995_LIVE,Phrase 2: Quantum computing is...,18,21, complex,0.5832011699676514
phase4_step_14995_LIVE,Phrase 2: Quantum computing is...,18,22, for,0.05153872072696686
phase4_step_14995_LIVE,Phrase 2: Quantum computing is...,18,23, general,0.4907425045967102
phase4_step_14995_LIVE,Phrase 2: Quantum computing is...,18,24, computers,0.3379327356815338
phase4_step_14995_LIVE,Phrase 2: Quantum computing is...,18,25,.,0.04183844476938248
phase4_step_14995_LIVE,Phrase 0: The quick brown fox ...,19,0, The,0.23621979355812073
phase4_step_14995_LIVE,Phrase 0: The quick brown fox ...,19,1, lazy,0.6487856507301331
phase4_step_14995_LIVE,Phrase 0: The quick brown fox ...,19,2, brown,0.43636444211006165
phase4_step_14995_LIVE,Phrase 0: The quick brown fox ...,19,3, radius,0.8843293190002441
phase4_step_14995_LIVE,Phrase 0: The quick brown fox ...,19,4, jumps,0.33385223150253296
phase4_step_14995_LIVE,Phrase 0: The quick brown fox ...,19,5, over,0.3752933144569397
phase4_step_14995_LIVE,Phrase 0: The quick brown fox ...,19,6, the,0.2876628339290619
phase4_step_14995_LIVE,Phrase 0: The quick brown fox ...,19,7, lazy,0.5233103632926941
phase4_step_14995_LIVE,Phrase 0: The quick brown fox ...,19,8, dog,0.3409637212753296
phase4_step_14995_LIVE,Phrase 0: The quick brown fox ...,19,9,",",0.8128083348274231
phase4_step_14995_LIVE,"Phrase 1: Мама мыла раму, а па...",19,0,М,0.24569176137447357
phase4_step_14995_LIVE,"Phrase 1: Мама мыла раму, а па...",19,1,ам,0.17214584350585938
phase4_step_14995_LIVE,"Phrase 1: Мама мыла раму, а па...",19,2,а,0.18081286549568176
phase4_step_14995_LIVE,"Phrase 1: Мама мыла раму, а па...",19,3,tsy,0.6538099050521851
phase4_step_14995_LIVE,"Phrase 1: Мама мыла раму, а па...",19,4,ла,0.41997337341308594
phase4_step_14995_LIVE,"Phrase 1: Мама мыла раму, а па...",19,5,един,0.9272357821464539
phase4_step_14995_LIVE,"Phrase 1: Мама мыла раму, а па...",19,6,у,0.18460996448993683
phase4_step_14995_LIVE,"Phrase 1: Мама мыла раму, а па...",19,7,",",0.3053692877292633
phase4_step_14995_LIVE,"Phrase 1: Мама мыла раму, а па...",19,8, а,0.1890101283788681
phase4_step_14995_LIVE,"Phrase 1: Мама мыла раму, а па...",19,9, п,0.25244325399398804
phase4_step_14995_LIVE,"Phrase 1: Мама мыла раму, а па...",19,10,аб,0.5974060893058777
phase4_step_14995_LIVE,"Phrase 1: Мама мыла раму, а па...",19,11,а,0.171834334731102
phase4_step_14995_LIVE,"Phrase 1: Мама мыла раму, а па...",19,12, ч,0.3649677336215973
phase4_step_14995_LIVE,"Phrase 1: Мама мыла раму, а па...",19,13,ин,0.23090843856334686
phase4_step_14995_LIVE,"Phrase 1: Мама мыла раму, а па...",19,14,ил,0.38278207182884216
phase4_step_14995_LIVE,"Phrase 1: Мама мыла раму, а па...",19,15, т,0.12572893500328064
phase4_step_14995_LIVE,"Phrase 1: Мама мыла раму, а па...",19,16,ел,0.16316336393356323
phase4_step_14995_LIVE,"Phrase 1: Мама мыла раму, а па...",19,17,еп,0.5386430025100708
phase4_step_14995_LIVE,"Phrase 1: Мама мыла раму, а па...",19,18,из,0.41767871379852295
phase4_step_14995_LIVE,"Phrase 1: Мама мыла раму, а па...",19,19,ор,0.11229197680950165
phase4_step_14995_LIVE,"Phrase 1: Мама мыла раму, а па...",19,20,.,0.03962599113583565
phase4_step_14995_LIVE,Phrase 2: Quantum computing is...,19,0,Quant,0.40344321727752686
phase4_step_14995_LIVE,Phrase 2: Quantum computing is...,19,1,.,0.8400430083274841
phase4_step_14995_LIVE,Phrase 2: Quantum computing is...,19,2, computing,0.6179080605506897
phase4_step_14995_LIVE,Phrase 2: Quantum computing is...,19,3, is,0.16605128347873688
phase4_step_14995_LIVE,Phrase 2: Quantum computing is...,19,4, a,0.1913144439458847
phase4_step_14995_LIVE,Phrase 2: Quantum computing is...,19,5, fast,0.6207351684570312
phase4_step_14995_LIVE,Phrase 2: Quantum computing is...,19,6,EM,0.42748475074768066
phase4_step_14995_LIVE,Phrase 2: Quantum computing is...,19,7,generation,0.42015236616134644
phase4_step_14995_LIVE,Phrase 2: Quantum computing is...,19,8,",",1.0391854047775269
phase4_step_14995_LIVE,Phrase 2: Quantum computing is...,19,9, that,0.04283824935555458
phase4_step_14995_LIVE,Phrase 2: Quantum computing is...,19,10, harness,0.4705359637737274
phase4_step_14995_LIVE,Phrase 2: Quantum computing is...,19,11,es,0.194401815533638
phase4_step_14995_LIVE,Phrase 2: Quantum computing is...,19,12, the,0.29067397117614746
phase4_step_14995_LIVE,Phrase 2: Quantum computing is...,19,13, laws,0.33743539452552795
phase4_step_14995_LIVE,Phrase 2: Quantum computing is...,19,14, of,0.29961904883384705
phase4_step_14995_LIVE,Phrase 2: Quantum computing is...,19,15, graph,0.6619221568107605
phase4_step_14995_LIVE,Phrase 2: Quantum computing is...,19,16, mechanics,0.5107259154319763
phase4_step_14995_LIVE,Phrase 2: Quantum computing is...,19,17, to,0.03757454454898834
phase4_step_14995_LIVE,Phrase 2: Quantum computing is...,19,18, solve,0.2342873364686966
phase4_step_14995_LIVE,Phrase 2: Quantum computing is...,19,19, problems,0.5601629018783569
phase4_step_14995_LIVE,Phrase 2: Quantum computing is...,19,20,",",1.0445493459701538
phase4_step_14995_LIVE,Phrase 2: Quantum computing is...,19,21, complex,0.5811238288879395
phase4_step_14995_LIVE,Phrase 2: Quantum computing is...,19,22, for,0.051056455820798874
phase4_step_14995_LIVE,Phrase 2: Quantum computing is...,19,23, general,0.4961623251438141
phase4_step_14995_LIVE,Phrase 2: Quantum computing is...,19,24, computers,0.3460366725921631
phase4_step_14995_LIVE,Phrase 2: Quantum computing is...,19,25,.,0.04057897627353668
phase4_step_14995_LIVE,Phrase 0: The quick brown fox ...,20,0, The,0.23254071176052094
phase4_step_14995_LIVE,Phrase 0: The quick brown fox ...,20,1, lazy,0.6501597762107849
phase4_step_14995_LIVE,Phrase 0: The quick brown fox ...,20,2, brown,0.44295603036880493
phase4_step_14995_LIVE,Phrase 0: The quick brown fox ...,20,3, radius,0.8820335268974304
phase4_step_14995_LIVE,Phrase 0: The quick brown fox ...,20,4, jumps,0.34483602643013
phase4_step_14995_LIVE,Phrase 0: The quick brown fox ...,20,5, over,0.3663143515586853
phase4_step_14995_LIVE,Phrase 0: The quick brown fox ...,20,6, the,0.2705385982990265
phase4_step_14995_LIVE,Phrase 0: The quick brown fox ...,20,7, lazy,0.5264042615890503
phase4_step_14995_LIVE,Phrase 0: The quick brown fox ...,20,8, dog,0.3522679805755615
phase4_step_14995_LIVE,Phrase 0: The quick brown fox ...,20,9,",",0.8085967898368835
phase4_step_14995_LIVE,"Phrase 1: Мама мыла раму, а па...",20,0,М,0.24908749759197235
phase4_step_14995_LIVE,"Phrase 1: Мама мыла раму, а па...",20,1,ам,0.17286643385887146
phase4_step_14995_LIVE,"Phrase 1: Мама мыла раму, а па...",20,2,а,0.17211557924747467
phase4_step_14995_LIVE,"Phrase 1: Мама мыла раму, а па...",20,3,tsy,0.6528715491294861
phase4_step_14995_LIVE,"Phrase 1: Мама мыла раму, а па...",20,4,ла,0.4144335389137268
phase4_step_14995_LIVE,"Phrase 1: Мама мыла раму, а па...",20,5,един,0.9258201122283936
phase4_step_14995_LIVE,"Phrase 1: Мама мыла раму, а па...",20,6,у,0.17620202898979187
phase4_step_14995_LIVE,"Phrase 1: Мама мыла раму, а па...",20,7,",",0.28671568632125854
phase4_step_14995_LIVE,"Phrase 1: Мама мыла раму, а па...",20,8, а,0.18515396118164062
phase4_step_14995_LIVE,"Phrase 1: Мама мыла раму, а па...",20,9, п,0.24373234808444977
phase4_step_14995_LIVE,"Phrase 1: Мама мыла раму, а па...",20,10,аб,0.5940333604812622
phase4_step_14995_LIVE,"Phrase 1: Мама мыла раму, а па...",20,11,а,0.16375000774860382
phase4_step_14995_LIVE,"Phrase 1: Мама мыла раму, а па...",20,12, ч,0.3630117177963257
phase4_step_14995_LIVE,"Phrase 1: Мама мыла раму, а па...",20,13,ин,0.22556902468204498
phase4_step_14995_LIVE,"Phrase 1: Мама мыла раму, а па...",20,14,ил,0.3741163909435272
phase4_step_14995_LIVE,"Phrase 1: Мама мыла раму, а па...",20,15, т,0.1286846548318863
phase4_step_14995_LIVE,"Phrase 1: Мама мыла раму, а па...",20,16,ел,0.16744911670684814
phase4_step_14995_LIVE,"Phrase 1: Мама мыла раму, а па...",20,17,еп,0.5305925011634827
phase4_step_14995_LIVE,"Phrase 1: Мама мыла раму, а па...",20,18,из,0.41451865434646606
phase4_step_14995_LIVE,"Phrase 1: Мама мыла раму, а па...",20,19,ор,0.11457716673612595
phase4_step_14995_LIVE,"Phrase 1: Мама мыла раму, а па...",20,20,.,0.03864641487598419
phase4_step_14995_LIVE,Phrase 2: Quantum computing is...,20,0,Quant,0.41375109553337097
phase4_step_14995_LIVE,Phrase 2: Quantum computing is...,20,1,.,0.8461998701095581
phase4_step_14995_LIVE,Phrase 2: Quantum computing is...,20,2, computing,0.6173558831214905
phase4_step_14995_LIVE,Phrase 2: Quantum computing is...,20,3, is,0.15595518052577972
phase4_step_14995_LIVE,Phrase 2: Quantum computing is...,20,4, a,0.17977403104305267
phase4_step_14995_LIVE,Phrase 2: Quantum computing is...,20,5, fast,0.6197629570960999
phase4_step_14995_LIVE,Phrase 2: Quantum computing is...,20,6,EM,0.4316006302833557
phase4_step_14995_LIVE,Phrase 2: Quantum computing is...,20,7,generation,0.4287489056587219
phase4_step_14995_LIVE,Phrase 2: Quantum computing is...,20,8,",",1.0410373210906982
phase4_step_14995_LIVE,Phrase 2: Quantum computing is...,20,9, that,0.04191291704773903
phase4_step_14995_LIVE,Phrase 2: Quantum computing is...,20,10, harness,0.47820329666137695
phase4_step_14995_LIVE,Phrase 2: Quantum computing is...,20,11,es,0.19701774418354034
phase4_step_14995_LIVE,Phrase 2: Quantum computing is...,20,12, the,0.2731681764125824
phase4_step_14995_LIVE,Phrase 2: Quantum computing is...,20,13, laws,0.34837251901626587
phase4_step_14995_LIVE,Phrase 2: Quantum computing is...,20,14, of,0.2814728021621704
phase4_step_14995_LIVE,Phrase 2: Quantum computing is...,20,15, graph,0.6621078252792358
phase4_step_14995_LIVE,Phrase 2: Quantum computing is...,20,16, mechanics,0.5105374455451965
phase4_step_14995_LIVE,Phrase 2: Quantum computing is...,20,17, to,0.03631847724318504
phase4_step_14995_LIVE,Phrase 2: Quantum computing is...,20,18, solve,0.2264113873243332
phase4_step_14995_LIVE,Phrase 2: Quantum computing is...,20,19, problems,0.5578036308288574
phase4_step_14995_LIVE,Phrase 2: Quantum computing is...,20,20,",",1.0461758375167847
phase4_step_14995_LIVE,Phrase 2: Quantum computing is...,20,21, complex,0.5795166492462158
phase4_step_14995_LIVE,Phrase 2: Quantum computing is...,20,22, for,0.05071333050727844
phase4_step_14995_LIVE,Phrase 2: Quantum computing is...,20,23, general,0.5016465783119202
phase4_step_14995_LIVE,Phrase 2: Quantum computing is...,20,24, computers,0.35396650433540344
phase4_step_14995_LIVE,Phrase 2: Quantum computing is...,20,25,.,0.03947564214468002
phase4_step_14995_LIVE,Phrase 0: The quick brown fox ...,21,0, The,0.22961801290512085
phase4_step_14995_LIVE,Phrase 0: The quick brown fox ...,21,1, lazy,0.6517932415008545
phase4_step_14995_LIVE,Phrase 0: The quick brown fox ...,21,2, brown,0.44959157705307007
phase4_step_14995_LIVE,Phrase 0: The quick brown fox ...,21,3, radius,0.8800109624862671
phase4_step_14995_LIVE,Phrase 0: The quick brown fox ...,21,4, jumps,0.3554070293903351
phase4_step_14995_LIVE,Phrase 0: The quick brown fox ...,21,5, over,0.3582499325275421
phase4_step_14995_LIVE,Phrase 0: The quick brown fox ...,21,6, the,0.25448504090309143
phase4_step_14995_LIVE,Phrase 0: The quick brown fox ...,21,7, lazy,0.5297091603279114
phase4_step_14995_LIVE,Phrase 0: The quick brown fox ...,21,8, dog,0.36313605308532715
phase4_step_14995_LIVE,Phrase 0: The quick brown fox ...,21,9,",",0.8048370480537415
phase4_step_14995_LIVE,"Phrase 1: Мама мыла раму, а па...",21,0,М,0.2529102861881256
phase4_step_14995_LIVE,"Phrase 1: Мама мыла раму, а па...",21,1,ам,0.17390704154968262
phase4_step_14995_LIVE,"Phrase 1: Мама мыла раму, а па...",21,2,а,0.16412518918514252
phase4_step_14995_LIVE,"Phrase 1: Мама мыла раму, а па...",21,3,tsy,0.6523393392562866
phase4_step_14995_LIVE,"Phrase 1: Мама мыла раму, а па...",21,4,ла,0.40967100858688354
phase4_step_14995_LIVE,"Phrase 1: Мама мыла раму, а па...",21,5,един,0.9246129393577576
phase4_step_14995_LIVE,"Phrase 1: Мама мыла раму, а па...",21,6,у,0.16846391558647156
phase4_step_14995_LIVE,"Phrase 1: Мама мыла раму, а па...",21,7,",",0.26920604705810547
phase4_step_14995_LIVE,"Phrase 1: Мама мыла раму, а па...",21,8, а,0.18184927105903625
phase4_step_14995_LIVE,"Phrase 1: Мама мыла раму, а па...",21,9, п,0.23587651550769806
phase4_step_14995_LIVE,"Phrase 1: Мама мыла раму, а па...",21,10,аб,0.5914561152458191
phase4_step_14995_LIVE,"Phrase 1: Мама мыла раму, а па...",21,11,а,0.15632866322994232
phase4_step_14995_LIVE,"Phrase 1: Мама мыла раму, а па...",21,12, ч,0.3616188168525696
phase4_step_14995_LIVE,"Phrase 1: Мама мыла раму, а па...",21,13,ин,0.22085243463516235
phase4_step_14995_LIVE,"Phrase 1: Мама мыла раму, а па...",21,14,ил,0.3663727045059204
phase4_step_14995_LIVE,"Phrase 1: Мама мыла раму, а па...",21,15, т,0.13151900470256805
phase4_step_14995_LIVE,"Phrase 1: Мама мыла раму, а па...",21,16,ел,0.17156274616718292
phase4_step_14995_LIVE,"Phrase 1: Мама мыла раму, а па...",21,17,еп,0.5233196020126343
phase4_step_14995_LIVE,"Phrase 1: Мама мыла раму, а па...",21,18,из,0.4119943678379059
phase4_step_14995_LIVE,"Phrase 1: Мама мыла раму, а па...",21,19,ор,0.11678465455770493
phase4_step_14995_LIVE,"Phrase 1: Мама мыла раму, а па...",21,20,.,0.03782523050904274
phase4_step_14995_LIVE,Phrase 2: Quantum computing is...,21,0,Quant,0.4236905574798584
phase4_step_14995_LIVE,Phrase 2: Quantum computing is...,21,1,.,0.8522706627845764
phase4_step_14995_LIVE,Phrase 2: Quantum computing is...,21,2, computing,0.6172543168067932
phase4_step_14995_LIVE,Phrase 2: Quantum computing is...,21,3, is,0.14649899303913116
phase4_step_14995_LIVE,Phrase 2: Quantum computing is...,21,4, a,0.16895504295825958
phase4_step_14995_LIVE,Phrase 2: Quantum computing is...,21,5, fast,0.6192148923873901
phase4_step_14995_LIVE,Phrase 2: Quantum computing is...,21,6,EM,0.4359623193740845
phase4_step_14995_LIVE,Phrase 2: Quantum computing is...,21,7,generation,0.437177836894989
phase4_step_14995_LIVE,Phrase 2: Quantum computing is...,21,8,",",1.0427502393722534
phase4_step_14995_LIVE,Phrase 2: Quantum computing is...,21,9, that,0.041124556213617325
phase4_step_14995_LIVE,Phrase 2: Quantum computing is...,21,10, harness,0.48583853244781494
phase4_step_14995_LIVE,Phrase 2: Quantum computing is...,21,11,es,0.19970601797103882
phase4_step_14995_LIVE,Phrase 2: Quantum computing is...,21,12, the,0.2567463219165802
phase4_step_14995_LIVE,Phrase 2: Quantum computing is...,21,13, laws,0.358840674161911
phase4_step_14995_LIVE,Phrase 2: Quantum computing is...,21,14, of,0.2644353210926056
phase4_step_14995_LIVE,Phrase 2: Quantum computing is...,21,15, graph,0.6626447439193726
phase4_step_14995_LIVE,Phrase 2: Quantum computing is...,21,16, mechanics,0.5107556581497192
phase4_step_14995_LIVE,Phrase 2: Quantum computing is...,21,17, to,0.03522663563489914
phase4_step_14995_LIVE,Phrase 2: Quantum computing is...,21,18, solve,0.21930664777755737
phase4_step_14995_LIVE,Phrase 2: Quantum computing is...,21,19, problems,0.5561525225639343
phase4_step_14995_LIVE,Phrase 2: Quantum computing is...,21,20,",",1.047669529914856
phase4_step_14995_LIVE,Phrase 2: Quantum computing is...,21,21, complex,0.5783224105834961
phase4_step_14995_LIVE,Phrase 2: Quantum computing is...,21,22, for,0.050492070615291595
phase4_step_14995_LIVE,Phrase 2: Quantum computing is...,21,23, general,0.5071542859077454
phase4_step_14995_LIVE,Phrase 2: Quantum computing is...,21,24, computers,0.36170053482055664
phase4_step_14995_LIVE,Phrase 2: Quantum computing is...,21,25,.,0.038529276847839355
phase4_step_14995_LIVE,Phrase 0: The quick brown fox ...,22,0, The,0.22737617790699005
phase4_step_14995_LIVE,Phrase 0: The quick brown fox ...,22,1, lazy,0.6536404490470886
phase4_step_14995_LIVE,Phrase 0: The quick brown fox ...,22,2, brown,0.4562323987483978
phase4_step_14995_LIVE,Phrase 0: The quick brown fox ...,22,3, radius,0.8782399296760559
phase4_step_14995_LIVE,Phrase 0: The quick brown fox ...,22,4, jumps,0.3655901849269867
phase4_step_14995_LIVE,Phrase 0: The quick brown fox ...,22,5, over,0.3510313332080841
phase4_step_14995_LIVE,Phrase 0: The quick brown fox ...,22,6, the,0.2394421398639679
phase4_step_14995_LIVE,Phrase 0: The quick brown fox ...,22,7, lazy,0.5331790447235107
phase4_step_14995_LIVE,Phrase 0: The quick brown fox ...,22,8, dog,0.373590350151062
phase4_step_14995_LIVE,Phrase 0: The quick brown fox ...,22,9,",",0.801485538482666
phase4_step_14995_LIVE,"Phrase 1: Мама мыла раму, а па...",22,0,М,0.2570880055427551
phase4_step_14995_LIVE,"Phrase 1: Мама мыла раму, а па...",22,1,ам,0.17522454261779785
phase4_step_14995_LIVE,"Phrase 1: Мама мыла раму, а па...",22,2,а,0.15680231153964996
phase4_step_14995_LIVE,"Phrase 1: Мама мыла раму, а па...",22,3,tsy,0.6521632075309753
phase4_step_14995_LIVE,"Phrase 1: Мама мыла раму, а па...",22,4,ла,0.40560925006866455
phase4_step_14995_LIVE,"Phrase 1: Мама мыла раму, а па...",22,5,един,0.9235953688621521
phase4_step_14995_LIVE,"Phrase 1: Мама мыла раму, а па...",22,6,у,0.16135570406913757
phase4_step_14995_LIVE,"Phrase 1: Мама мыла раму, а па...",22,7,",",0.25277745723724365
phase4_step_14995_LIVE,"Phrase 1: Мама мыла раму, а па...",22,8, а,0.17904184758663177
phase4_step_14995_LIVE,"Phrase 1: Мама мыла раму, а па...",22,9, п,0.228818878531456
phase4_step_14995_LIVE,"Phrase 1: Мама мыла раму, а па...",22,10,аб,0.5895899534225464
phase4_step_14995_LIVE,"Phrase 1: Мама мыла раму, а па...",22,11,а,0.1495324820280075
phase4_step_14995_LIVE,"Phrase 1: Мама мыла раму, а па...",22,12, ч,0.3607206642627716
phase4_step_14995_LIVE,"Phrase 1: Мама мыла раму, а па...",22,13,ин,0.2167048305273056
phase4_step_14995_LIVE,"Phrase 1: Мама мыла раму, а па...",22,14,ил,0.35947927832603455
phase4_step_14995_LIVE,"Phrase 1: Мама мыла раму, а па...",22,15, т,0.13423366844654083
phase4_step_14995_LIVE,"Phrase 1: Мама мыла раму, а па...",22,16,ел,0.17551195621490479
phase4_step_14995_LIVE,"Phrase 1: Мама мыла раму, а па...",22,17,еп,0.5167739987373352
phase4_step_14995_LIVE,"Phrase 1: Мама мыла раму, а па...",22,18,из,0.41003715991973877
phase4_step_14995_LIVE,"Phrase 1: Мама мыла раму, а па...",22,19,ор,0.11891322582960129
phase4_step_14995_LIVE,"Phrase 1: Мама мыла раму, а па...",22,20,.,0.03713974729180336
phase4_step_14995_LIVE,Phrase 2: Quantum computing is...,22,0,Quant,0.4332694411277771
phase4_step_14995_LIVE,Phrase 2: Quantum computing is...,22,1,.,0.8582230806350708
phase4_step_14995_LIVE,Phrase 2: Quantum computing is...,22,2, computing,0.6175380349159241
phase4_step_14995_LIVE,Phrase 2: Quantum computing is...,22,3, is,0.13764691352844238
phase4_step_14995_LIVE,Phrase 2: Quantum computing is...,22,4, a,0.15881700813770294
phase4_step_14995_LIVE,Phrase 2: Quantum computing is...,22,5, very,0.6190388202667236
phase4_step_14995_LIVE,Phrase 2: Quantum computing is...,22,6,EM,0.44050896167755127
phase4_step_14995_LIVE,Phrase 2: Quantum computing is...,22,7,generation,0.44541269540786743
phase4_step_14995_LIVE,Phrase 2: Quantum computing is...,22,8,",",1.044333815574646
phase4_step_14995_LIVE,Phrase 2: Quantum computing is...,22,9, that,0.040459662675857544
phase4_step_14995_LIVE,Phrase 2: Quantum computing is...,22,10, harness,0.49340301752090454
phase4_step_14995_LIVE,Phrase 2: Quantum computing is...,22,11,es,0.20244517922401428
phase4_step_14995_LIVE,Phrase 2: Quantum computing is...,22,12, the,0.2413494735956192
phase4_step_14995_LIVE,Phrase 2: Quantum computing is...,22,13, laws,0.3688649535179138
phase4_step_14995_LIVE,Phrase 2: Quantum computing is...,22,14, of,0.24844464659690857
phase4_step_14995_LIVE,Phrase 2: Quantum computing is...,22,15, graph,0.6634865999221802
phase4_step_14995_LIVE,Phrase 2: Quantum computing is...,22,16, mechanics,0.5113214254379272
phase4_step_14995_LIVE,Phrase 2: Quantum computing is...,22,17, to,0.03427450358867645
phase4_step_14995_LIVE,Phrase 2: Quantum computing is...,22,18, solve,0.21291807293891907
phase4_step_14995_LIVE,Phrase 2: Quantum computing is...,22,19, problems,0.5551304221153259
phase4_step_14995_LIVE,Phrase 2: Quantum computing is...,22,20,",",1.049038290977478
phase4_step_14995_LIVE,Phrase 2: Quantum computing is...,22,21, complex,0.5774881839752197
phase4_step_14995_LIVE,Phrase 2: Quantum computing is...,22,22, for,0.05037987604737282
phase4_step_14995_LIVE,Phrase 2: Quantum computing is...,22,23, general,0.5126520395278931
phase4_step_14995_LIVE,Phrase 2: Quantum computing is...,22,24, computers,0.36922192573547363
phase4_step_14995_LIVE,Phrase 2: Quantum computing is...,22,25,.,0.0377298928797245
phase4_step_14995_LIVE,Phrase 0: The quick brown fox ...,23,0, The,0.22574099898338318
phase4_step_14995_LIVE,Phrase 0: The quick brown fox ...,23,1, lazy,0.6556605100631714
phase4_step_14995_LIVE,Phrase 0: The quick brown fox ...,23,2, brown,0.46284759044647217
phase4_step_14995_LIVE,Phrase 0: The quick brown fox ...,23,3, radius,0.8766999840736389
phase4_step_14995_LIVE,Phrase 0: The quick brown fox ...,23,4, jumps,0.3754092752933502
phase4_step_14995_LIVE,Phrase 0: The quick brown fox ...,23,5, over,0.3445933163166046
phase4_step_14995_LIVE,Phrase 0: The quick brown fox ...,23,6, the,0.22535325586795807
phase4_step_14995_LIVE,Phrase 0: The quick brown fox ...,23,7, lazy,0.5367748141288757
phase4_step_14995_LIVE,Phrase 0: The quick brown fox ...,23,8, dog,0.3836522400379181
phase4_step_14995_LIVE,Phrase 0: The quick brown fox ...,23,9,",",0.7985015511512756
phase4_step_14995_LIVE,"Phrase 1: Мама мыла раму, а па...",23,0,М,0.26155683398246765
phase4_step_14995_LIVE,"Phrase 1: Мама мыла раму, а па...",23,1,ам,0.1767796128988266
phase4_step_14995_LIVE,"Phrase 1: Мама мыла раму, а па...",23,2,а,0.1501101851463318
phase4_step_14995_LIVE,"Phrase 1: Мама мыла раму, а па...",23,3,tsy,0.6522979736328125
phase4_step_14995_LIVE,"Phrase 1: Мама мыла раму, а па...",23,4,ла,0.4021778404712677
phase4_step_14995_LIVE,"Phrase 1: Мама мыла раму, а па...",23,5,един,0.9227496981620789
phase4_step_14995_LIVE,"Phrase 1: Мама мыла раму, а па...",23,6,у,0.15484042465686798
phase4_step_14995_LIVE,"Phrase 1: Мама мыла раму, а па...",23,7,",",0.23736774921417236
phase4_step_14995_LIVE,"Phrase 1: Мама мыла раму, а па...",23,8, а,0.17668046057224274
phase4_step_14995_LIVE,"Phrase 1: Мама мыла раму, а па...",23,9, п,0.22250483930110931
phase4_step_14995_LIVE,"Phrase 1: Мама мыла раму, а па...",23,10,аб,0.5883557200431824
phase4_step_14995_LIVE,"Phrase 1: Мама мыла раму, а па...",23,11,а,0.14332638680934906
phase4_step_14995_LIVE,"Phrase 1: Мама мыла раму, а па...",23,12, ч,0.3602561950683594
phase4_step_14995_LIVE,"Phrase 1: Мама мыла раму, а па...",23,13,ин,0.21307465434074402
phase4_step_14995_LIVE,"Phrase 1: Мама мыла раму, а па...",23,14,ил,0.35336726903915405
phase4_step_14995_LIVE,"Phrase 1: Мама мыла раму, а па...",23,15, т,0.13683144748210907
phase4_step_14995_LIVE,"Phrase 1: Мама мыла раму, а па...",23,16,ел,0.17930471897125244
phase4_step_14995_LIVE,"Phrase 1: Мама мыла раму, а па...",23,17,еп,0.5109053254127502
phase4_step_14995_LIVE,"Phrase 1: Мама мыла раму, а па...",23,18,из,0.4085840880870819
phase4_step_14995_LIVE,"Phrase 1: Мама мыла раму, а па...",23,19,ор,0.12096461653709412
phase4_step_14995_LIVE,"Phrase 1: Мама мыла раму, а па...",23,20,.,0.03657049685716629
phase4_step_14995_LIVE,Phrase 2: Quantum computing is...,23,0,Quant,0.4424971342086792
phase4_step_14995_LIVE,Phrase 2: Quantum computing is...,23,1,.,0.8640280961990356
phase4_step_14995_LIVE,Phrase 2: Quantum computing is...,23,2, computing,0.618150532245636
phase4_step_14995_LIVE,Phrase 2: Quantum computing is...,23,3, is,0.1293642371892929
phase4_step_14995_LIVE,Phrase 2: Quantum computing is...,23,4, a,0.1493210345506668
phase4_step_14995_LIVE,Phrase 2: Quantum computing is...,23,5, very,0.619186282157898
phase4_step_14995_LIVE,Phrase 2: Quantum computing is...,23,6,EM,0.4451867341995239
phase4_step_14995_LIVE,Phrase 2: Quantum computing is...,23,7,generation,0.45343101024627686
phase4_step_14995_LIVE,Phrase 2: Quantum computing is...,23,8,",",1.0457990169525146
phase4_step_14995_LIVE,Phrase 2: Quantum computing is...,23,9, that,0.03990016132593155
phase4_step_14995_LIVE,Phrase 2: Quantum computing is...,23,10, harness,0.5008765459060669
phase4_step_14995_LIVE,Phrase 2: Quantum computing is...,23,11,es,0.20522964000701904
phase4_step_14995_LIVE,Phrase 2: Quantum computing is...,23,12, the,0.22691935300827026
phase4_step_14995_LIVE,Phrase 2: Quantum computing is...,23,13, laws,0.3784671425819397
phase4_step_14995_LIVE,Phrase 2: Quantum computing is...,23,14, of,0.23344305157661438
phase4_step_14995_LIVE,Phrase 2: Quantum computing is...,23,15, graph,0.6645978689193726
phase4_step_14995_LIVE,Phrase 2: Quantum computing is...,23,16, mechanics,0.5121920108795166
phase4_step_14995_LIVE,Phrase 2: Quantum computing is...,23,17, to,0.033436425030231476
phase4_step_14995_LIVE,Phrase 2: Quantum computing is...,23,18, solve,0.207199364900589
phase4_step_14995_LIVE,Phrase 2: Quantum computing is...,23,19, problems,0.5546591877937317
phase4_step_14995_LIVE,Phrase 2: Quantum computing is...,23,20,",",1.0502945184707642
phase4_step_14995_LIVE,Phrase 2: Quantum computing is...,23,21, complex,0.5769487023353577
phase4_step_14995_LIVE,Phrase 2: Quantum computing is...,23,22, for,0.050351548939943314
phase4_step_14995_LIVE,Phrase 2: Quantum computing is...,23,23, general,0.518114447593689
phase4_step_14995_LIVE,Phrase 2: Quantum computing is...,23,24, computers,0.37653031945228577
phase4_step_14995_LIVE,Phrase 2: Quantum computing is...,23,25,.,0.037059612572193146
phase4_step_14995_LIVE,Phrase 0: The quick brown fox ...,24,0, The,0.22464250028133392
phase4_step_14995_LIVE,Phrase 0: The quick brown fox ...,24,1, lazy,0.6578177213668823
phase4_step_14995_LIVE,Phrase 0: The quick brown fox ...,24,2, brown,0.4694124460220337
phase4_step_14995_LIVE,Phrase 0: The quick brown fox ...,24,3, radius,0.8753712773323059
phase4_step_14995_LIVE,Phrase 0: The quick brown fox ...,24,4, jumps,0.38488686084747314
phase4_step_14995_LIVE,Phrase 0: The quick brown fox ...,24,5, over,0.3388734459877014
phase4_step_14995_LIVE,Phrase 0: The quick brown fox ...,24,6, the,0.2121654897928238
phase4_step_14995_LIVE,Phrase 0: The quick brown fox ...,24,7, lazy,0.5404639840126038
phase4_step_14995_LIVE,Phrase 0: The quick brown fox ...,24,8, dog,0.39334210753440857
phase4_step_14995_LIVE,Phrase 0: The quick brown fox ...,24,9,",",0.7958474159240723
phase4_step_14995_LIVE,"Phrase 1: Мама мыла раму, а па...",24,0,М,0.2662612199783325
phase4_step_14995_LIVE,"Phrase 1: Мама мыла раму, а па...",24,1,ам,0.17853927612304688
phase4_step_14995_LIVE,"Phrase 1: Мама мыла раму, а па...",24,2,а,0.14401164650917053
phase4_step_14995_LIVE,"Phrase 1: Мама мыла раму, а па...",24,3,tsy,0.6527026891708374
phase4_step_14995_LIVE,"Phrase 1: Мама мыла раму, а па...",24,4,ла,0.39931175112724304
phase4_step_14995_LIVE,"Phrase 1: Мама мыла раму, а па...",24,5,един,0.9220589399337769
phase4_step_14995_LIVE,"Phrase 1: Мама мыла раму, а па...",24,6,у,0.14888201653957367
phase4_step_14995_LIVE,"Phrase 1: Мама мыла раму, а па...",24,7,",",0.22291968762874603
phase4_step_14995_LIVE,"Phrase 1: Мама мыла раму, а па...",24,8, а,0.17471618950366974
phase4_step_14995_LIVE,"Phrase 1: Мама мыла раму, а па...",24,9, п,0.21688082814216614
phase4_step_14995_LIVE,"Phrase 1: Мама мыла раму, а па...",24,10,аб,0.5876803994178772
phase4_step_14995_LIVE,"Phrase 1: Мама мыла раму, а па...",24,11,а,0.1376759111881256
phase4_step_14995_LIVE,"Phrase 1: Мама мыла раму, а па...",24,12, ч,0.3601702153682709
phase4_step_14995_LIVE,"Phrase 1: Мама мыла раму, а па...",24,13,ин,0.2099132239818573
phase4_step_14995_LIVE,"Phrase 1: Мама мыла раму, а па...",24,14,ил,0.3479698598384857
phase4_step_14995_LIVE,"Phrase 1: Мама мыла раму, а па...",24,15, т,0.1393168866634369
phase4_step_14995_LIVE,"Phrase 1: Мама мыла раму, а па...",24,16,ел,0.18294839560985565
phase4_step_14995_LIVE,"Phrase 1: Мама мыла раму, а па...",24,17,еп,0.5056639909744263
phase4_step_14995_LIVE,"Phrase 1: Мама мыла раму, а па...",24,18,из,0.40757766366004944
phase4_step_14995_LIVE,"Phrase 1: Мама мыла раму, а па...",24,19,ор,0.12293950468301773
phase4_step_14995_LIVE,"Phrase 1: Мама мыла раму, а па...",24,20,.,0.03609819710254669
phase4_step_14995_LIVE,Phrase 2: Quantum computing is...,24,0,Quant,0.4513722062110901
phase4_step_14995_LIVE,Phrase 2: Quantum computing is...,24,1,.,0.8696836233139038
phase4_step_14995_LIVE,Phrase 2: Quantum computing is...,24,2, computing,0.6190593242645264
phase4_step_14995_LIVE,Phrase 2: Quantum computing is...,24,3, is,0.12162023037672043
phase4_step_14995_LIVE,Phrase 2: Quantum computing is...,24,4, a,0.14042975008487701
phase4_step_14995_LIVE,Phrase 2: Quantum computing is...,24,5, very,0.6196157932281494
phase4_step_14995_LIVE,Phrase 2: Quantum computing is...,24,6,EM,0.4499432444572449
phase4_step_14995_LIVE,Phrase 2: Quantum computing is...,24,7,generation,0.4612331688404083
phase4_step_14995_LIVE,Phrase 2: Quantum computing is...,24,8,",",1.0471516847610474
phase4_step_14995_LIVE,Phrase 2: Quantum computing is...,24,9, that,0.03943520411849022
phase4_step_14995_LIVE,Phrase 2: Quantum computing is...,24,10, harness,0.5082535743713379
phase4_step_14995_LIVE,Phrase 2: Quantum computing is...,24,11,es,0.20804347097873688
phase4_step_14995_LIVE,Phrase 2: Quantum computing is...,24,12, the,0.21340398490428925
phase4_step_14995_LIVE,Phrase 2: Quantum computing is...,24,13, laws,0.3876684606075287
phase4_step_14995_LIVE,Phrase 2: Quantum computing is...,24,14, of,0.21937304735183716
phase4_step_14995_LIVE,Phrase 2: Quantum computing is...,24,15, graph,0.6659421920776367
phase4_step_14995_LIVE,Phrase 2: Quantum computing is...,24,16, mechanics,0.5133357048034668
phase4_step_14995_LIVE,Phrase 2: Quantum computing is...,24,17, to,0.03269381448626518
phase4_step_14995_LIVE,Phrase 2: Quantum computing is...,24,18, solve,0.20211531221866608
phase4_step_14995_LIVE,Phrase 2: Quantum computing is...,24,19, problems,0.5546737313270569
phase4_step_14995_LIVE,Phrase 2: Quantum computing is...,24,20,",",1.0514525175094604
phase4_step_14995_LIVE,Phrase 2: Quantum computing is...,24,21, complex,0.576668381690979
phase4_step_14995_LIVE,Phrase 2: Quantum computing is...,24,22, for,0.05038035660982132
phase4_step_14995_LIVE,Phrase 2: Quantum computing is...,24,23, general,0.52352374792099
phase4_step_14995_LIVE,Phrase 2: Quantum computing is...,24,24, computers,0.38363420963287354
phase4_step_14995_LIVE,Phrase 2: Quantum computing is...,24,25,.,0.036498382687568665
phase4_step_14995_LIVE,Phrase 0: The quick brown fox ...,25,0, The,0.22401373088359833
phase4_step_14995_LIVE,Phrase 0: The quick brown fox ...,25,1, block,0.6600812673568726
phase4_step_14995_LIVE,Phrase 0: The quick brown fox ...,25,2, brown,0.4759070575237274
phase4_step_14995_LIVE,Phrase 0: The quick brown fox ...,25,3, radius,0.874235212802887
phase4_step_14995_LIVE,Phrase 0: The quick brown fox ...,25,4, jumps,0.3940444886684418
phase4_step_14995_LIVE,Phrase 0: The quick brown fox ...,25,5, over,0.3338116705417633
phase4_step_14995_LIVE,Phrase 0: The quick brown fox ...,25,6, the,0.19982783496379852
phase4_step_14995_LIVE,Phrase 0: The quick brown fox ...,25,7, lazy,0.5442193746566772
phase4_step_14995_LIVE,Phrase 0: The quick brown fox ...,25,8, dog,0.40268009901046753
phase4_step_14995_LIVE,Phrase 0: The quick brown fox ...,25,9,",",0.7934885621070862
phase4_step_14995_LIVE,"Phrase 1: Мама мыла раму, а па...",25,0,М,0.2711527645587921
phase4_step_14995_LIVE,"Phrase 1: Мама мыла раму, а па...",25,1,ам,0.1804746836423874
phase4_step_14995_LIVE,"Phrase 1: Мама мыла раму, а па...",25,2,а,0.13847224414348602
phase4_step_14995_LIVE,"Phrase 1: Мама мыла раму, а па...",25,3,tsy,0.6533412337303162
phase4_step_14995_LIVE,"Phrase 1: Мама мыла раму, а па...",25,4,ла,0.3969520628452301
phase4_step_14995_LIVE,"Phrase 1: Мама мыла раму, а па...",25,5,един,0.9215076565742493
phase4_step_14995_LIVE,"Phrase 1: Мама мыла раму, а па...",25,6,у,0.14344581961631775
phase4_step_14995_LIVE,"Phrase 1: Мама мыла раму, а па...",25,7,",",0.20937876403331757
phase4_step_14995_LIVE,"Phrase 1: Мама мыла раму, а па...",25,8, а,0.17310422658920288
phase4_step_14995_LIVE,"Phrase 1: Мама мыла раму, а па...",25,9, п,0.21189472079277039
phase4_step_14995_LIVE,"Phrase 1: Мама мыла раму, а па...",25,10,аб,0.5874965190887451
phase4_step_14995_LIVE,"Phrase 1: Мама мыла раму, а па...",25,11,а,0.13254691660404205
phase4_step_14995_LIVE,"Phrase 1: Мама мыла раму, а па...",25,12, ч,0.36041393876075745
phase4_step_14995_LIVE,"Phrase 1: Мама мыла раму, а па...",25,13,ин,0.20717550814151764
phase4_step_14995_LIVE,"Phrase 1: Мама мыла раму, а па...",25,14,ил,0.3432243764400482
phase4_step_14995_LIVE,"Phrase 1: Мама мыла раму, а па...",25,15, т,0.14169223606586456
phase4_step_14995_LIVE,"Phrase 1: Мама мыла раму, а па...",25,16,ел,0.18645215034484863
phase4_step_14995_LIVE,"Phrase 1: Мама мыла раму, а па...",25,17,еп,0.5010020136833191
phase4_step_14995_LIVE,"Phrase 1: Мама мыла раму, а па...",25,18,из,0.40696579217910767
phase4_step_14995_LIVE,"Phrase 1: Мама мыла раму, а па...",25,19,ор,0.12484128028154373
phase4_step_14995_LIVE,"Phrase 1: Мама мыла раму, а па...",25,20,.,0.0357077419757843
phase4_step_14995_LIVE,Phrase 2: Quantum computing is...,25,0,Quant,0.4599030911922455
phase4_step_14995_LIVE,Phrase 2: Quantum computing is...,25,1,».,0.8751882314682007
phase4_step_14995_LIVE,Phrase 2: Quantum computing is...,25,2, computing,0.6202309727668762
phase4_step_14995_LIVE,Phrase 2: Quantum computing is...,25,3, is,0.11438410729169846
phase4_step_14995_LIVE,Phrase 2: Quantum computing is...,25,4, a,0.1321089267730713
phase4_step_14995_LIVE,Phrase 2: Quantum computing is...,25,5, very,0.620301365852356
phase4_step_14995_LIVE,Phrase 2: Quantum computing is...,25,6,EM,0.4547387659549713
phase4_step_14995_LIVE,Phrase 2: Quantum computing is...,25,7,generation,0.4688183665275574
phase4_step_14995_LIVE,Phrase 2: Quantum computing is...,25,8,",",1.0483959913253784
phase4_step_14995_LIVE,Phrase 2: Quantum computing is...,25,9, that,0.03906198963522911
phase4_step_14995_LIVE,Phrase 2: Quantum computing is...,25,10, harness,0.5155280828475952
phase4_step_14995_LIVE,Phrase 2: Quantum computing is...,25,11,es,0.21086671948432922
phase4_step_14995_LIVE,Phrase 2: Quantum computing is...,25,12, the,0.2007492333650589
phase4_step_14995_LIVE,Phrase 2: Quantum computing is...,25,13, laws,0.39649486541748047
phase4_step_14995_LIVE,Phrase 2: Quantum computing is...,25,14, of,0.2061799317598343
phase4_step_14995_LIVE,Phrase 2: Quantum computing is...,25,15, graph,0.6674869060516357
phase4_step_14995_LIVE,Phrase 2: Quantum computing is...,25,16, mechanics,0.5147151947021484
phase4_step_14995_LIVE,Phrase 2: Quantum computing is...,25,17, to,0.03203973546624184
phase4_step_14995_LIVE,Phrase 2: Quantum computing is...,25,18, solve,0.1976228654384613
phase4_step_14995_LIVE,Phrase 2: Quantum computing is...,25,19, problems,0.5551332831382751
phase4_step_14995_LIVE,Phrase 2: Quantum computing is...,25,20,",",1.0525182485580444
phase4_step_14995_LIVE,Phrase 2: Quantum computing is...,25,21, complex,0.5766110420227051
phase4_step_14995_LIVE,Phrase 2: Quantum computing is...,25,22, for,0.05045374110341072
phase4_step_14995_LIVE,Phrase 2: Quantum computing is...,25,23, general,0.5288717150688171
phase4_step_14995_LIVE,Phrase 2: Quantum computing is...,25,24, computers,0.3905334174633026
phase4_step_14995_LIVE,Phrase 2: Quantum computing is...,25,25,.,0.03603050857782364
phase4_step_14995_EMA,Phrase 0: The quick brown fox ...,0,0,The,0.4322272837162018
phase4_step_14995_EMA,Phrase 0: The quick brown fox ...,0,1, z,1.0
phase4_step_14995_EMA,Phrase 0: The quick brown fox ...,0,2, red,0.46187764406204224
phase4_step_14995_EMA,Phrase 0: The quick brown fox ...,0,3, fox,0.23847681283950806
phase4_step_14995_EMA,Phrase 0: The quick brown fox ...,0,4, ,0.8931176662445068
phase4_step_14995_EMA,Phrase 0: The quick brown fox ...,0,5, over,0.10000000149011612
phase4_step_14995_EMA,Phrase 0: The quick brown fox ...,0,6, the,0.3300677537918091
phase4_step_14995_EMA,Phrase 0: The quick brown fox ...,0,7, lazy,0.3010023534297943
phase4_step_14995_EMA,Phrase 0: The quick brown fox ...,0,8, dog,0.23809966444969177
phase4_step_14995_EMA,Phrase 0: The quick brown fox ...,0,9,.,0.35626092553138733
phase4_step_14995_EMA,"Phrase 1: Мама мыла раму, а па...",0,0, might,0.7347492575645447
phase4_step_14995_EMA,"Phrase 1: Мама мыла раму, а па...",0,1,ам,0.7783221006393433
phase4_step_14995_EMA,"Phrase 1: Мама мыла раму, а па...",0,2,а,0.5104774236679077
phase4_step_14995_EMA,"Phrase 1: Мама мыла раму, а па...",0,3, мы,0.38464999198913574
phase4_step_14995_EMA,"Phrase 1: Мама мыла раму, а па...",0,4, об,1.0
phase4_step_14995_EMA,"Phrase 1: Мама мыла раму, а па...",0,5, Form,0.7611677050590515
phase4_step_14995_EMA,"Phrase 1: Мама мыла раму, а па...",0,6,у,0.38063034415245056
phase4_step_14995_EMA,"Phrase 1: Мама мыла раму, а па...",0,7,.,0.7151424288749695
phase4_step_14995_EMA,"Phrase 1: Мама мыла раму, а па...",0,8, а,0.4719739556312561
phase4_step_14995_EMA,"Phrase 1: Мама мыла раму, а па...",0,9, п,0.3488706052303314
phase4_step_14995_EMA,"Phrase 1: Мама мыла раму, а па...",0,10,ап,0.10000000149011612
phase4_step_14995_EMA,"Phrase 1: Мама мыла раму, а па...",0,11,а,0.22595040500164032
phase4_step_14995_EMA,"Phrase 1: Мама мыла раму, а па...",0,12, ч,0.26508814096450806
phase4_step_14995_EMA,"Phrase 1: Мама мыла раму, а па...",0,13, [,0.5240671634674072
phase4_step_14995_EMA,"Phrase 1: Мама мыла раму, а па...",0,14, c,1.0
phase4_step_14995_EMA,"Phrase 1: Мама мыла раму, а па...",0,15, т,0.10000000149011612
phase4_step_14995_EMA,"Phrase 1: Мама мыла раму, а па...",0,16,ел,0.10000000149011612
phase4_step_14995_EMA,"Phrase 1: Мама мыла раму, а па...",0,17,ев,0.10000000149011612
phase4_step_14995_EMA,"Phrase 1: Мама мыла раму, а па...",0,18,из,0.21517616510391235
phase4_step_14995_EMA,"Phrase 1: Мама мыла раму, а па...",0,19,ор,0.23204420506954193
phase4_step_14995_EMA,"Phrase 1: Мама мыла раму, а па...",0,20,.,0.4924732446670532
phase4_step_14995_EMA,Phrase 2: Quantum computing is...,0,0, chess,0.6446508765220642
phase4_step_14995_EMA,Phrase 2: Quantum computing is...,0,1,",",0.7399703860282898
phase4_step_14995_EMA,Phrase 2: Quantum computing is...,0,2,3,0.5137366652488708
phase4_step_14995_EMA,Phrase 2: Quantum computing is...,0,3, is,0.6218384504318237
phase4_step_14995_EMA,Phrase 2: Quantum computing is...,0,4, a,0.5599609017372131
phase4_step_14995_EMA,Phrase 2: Quantum computing is...,0,5,ation,0.5651344060897827
phase4_step_14995_EMA,Phrase 2: Quantum computing is...,0,6, not,0.7701448798179626
phase4_step_14995_EMA,Phrase 2: Quantum computing is...,0,7, All,0.10000000149011612
phase4_step_14995_EMA,Phrase 2: Quantum computing is...,0,8, technology,0.28889787197113037
phase4_step_14995_EMA,Phrase 2: Quantum computing is...,0,9, which,0.7284330129623413
phase4_step_14995_EMA,Phrase 2: Quantum computing is...,0,10, harness,0.10000000149011612
phase4_step_14995_EMA,Phrase 2: Quantum computing is...,0,11,es,0.10000000149011612
phase4_step_14995_EMA,Phrase 2: Quantum computing is...,0,12,:,0.8830932378768921
phase4_step_14995_EMA,Phrase 2: Quantum computing is...,0,13,č,0.10000000149011612
phase4_step_14995_EMA,Phrase 2: Quantum computing is...,0,14, ,1.0
phase4_step_14995_EMA,Phrase 2: Quantum computing is...,0,15,0,0.6106060147285461
phase4_step_14995_EMA,Phrase 2: Quantum computing is...,0,16, split,0.7923760414123535
phase4_step_14995_EMA,Phrase 2: Quantum computing is...,0,17, to,0.3143557608127594
phase4_step_14995_EMA,Phrase 2: Quantum computing is...,0,18, which,0.2631227374076843
phase4_step_14995_EMA,Phrase 2: Quantum computing is...,0,19, two,0.5737053751945496
phase4_step_14995_EMA,Phrase 2: Quantum computing is...,0,20, too,0.10000000149011612
phase4_step_14995_EMA,Phrase 2: Quantum computing is...,0,21, multiple,0.20264500379562378
phase4_step_14995_EMA,Phrase 2: Quantum computing is...,0,22, for,0.31132155656814575
phase4_step_14995_EMA,Phrase 2: Quantum computing is...,0,23, no,0.6122087240219116
phase4_step_14995_EMA,Phrase 2: Quantum computing is...,0,24,zi,1.0
phase4_step_14995_EMA,Phrase 2: Quantum computing is...,0,25,ity,0.8214981555938721
phase4_step_14995_EMA,Phrase 0: The quick brown fox ...,1,0,The,0.4282377064228058
phase4_step_14995_EMA,Phrase 0: The quick brown fox ...,1,1, z,0.9972992539405823
phase4_step_14995_EMA,Phrase 0: The quick brown fox ...,1,2, red,0.4636520743370056
phase4_step_14995_EMA,Phrase 0: The quick brown fox ...,1,3, fox,0.23526616394519806
phase4_step_14995_EMA,Phrase 0: The quick brown fox ...,1,4, ,0.8800223469734192
phase4_step_14995_EMA,Phrase 0: The quick brown fox ...,1,5, over,0.10038750618696213
phase4_step_14995_EMA,Phrase 0: The quick brown fox ...,1,6, the,0.32932090759277344
phase4_step_14995_EMA,Phrase 0: The quick brown fox ...,1,7, lazy,0.3004515767097473
phase4_step_14995_EMA,Phrase 0: The quick brown fox ...,1,8, dog,0.23672880232334137
phase4_step_14995_EMA,Phrase 0: The quick brown fox ...,1,9,.,0.3622991740703583
phase4_step_14995_EMA,"Phrase 1: Мама мыла раму, а па...",1,0, might,0.7377524375915527
phase4_step_14995_EMA,"Phrase 1: Мама мыла раму, а па...",1,1,ам,0.8071305751800537
phase4_step_14995_EMA,"Phrase 1: Мама мыла раму, а па...",1,2,а,0.504349946975708
phase4_step_14995_EMA,"Phrase 1: Мама мыла раму, а па...",1,3, мы,0.38437891006469727
phase4_step_14995_EMA,"Phrase 1: Мама мыла раму, а па...",1,4, об,1.0097354650497437
phase4_step_14995_EMA,"Phrase 1: Мама мыла раму, а па...",1,5, Form,0.7632715106010437
phase4_step_14995_EMA,"Phrase 1: Мама мыла раму, а па...",1,6,у,0.3755384385585785
phase4_step_14995_EMA,"Phrase 1: Мама мыла раму, а па...",1,7,.,0.7331604957580566
phase4_step_14995_EMA,"Phrase 1: Мама мыла раму, а па...",1,8, а,0.45334336161613464
phase4_step_14995_EMA,"Phrase 1: Мама мыла раму, а па...",1,9, п,0.34226176142692566
phase4_step_14995_EMA,"Phrase 1: Мама мыла раму, а па...",1,10,ап,0.09913607686758041
phase4_step_14995_EMA,"Phrase 1: Мама мыла раму, а па...",1,11,а,0.22282631695270538
phase4_step_14995_EMA,"Phrase 1: Мама мыла раму, а па...",1,12, ч,0.26816076040267944
phase4_step_14995_EMA,"Phrase 1: Мама мыла раму, а па...",1,13, [,0.5186129212379456
phase4_step_14995_EMA,"Phrase 1: Мама мыла раму, а па...",1,14, c,0.9721278548240662
phase4_step_14995_EMA,"Phrase 1: Мама мыла раму, а па...",1,15, т,0.09937237948179245
phase4_step_14995_EMA,"Phrase 1: Мама мыла раму, а па...",1,16,ел,0.10028016567230225
phase4_step_14995_EMA,"Phrase 1: Мама мыла раму, а па...",1,17,ев,0.10031015425920486
phase4_step_14995_EMA,"Phrase 1: Мама мыла раму, а па...",1,18,из,0.21548987925052643
phase4_step_14995_EMA,"Phrase 1: Мама мыла раму, а па...",1,19,ор,0.22317881882190704
phase4_step_14995_EMA,"Phrase 1: Мама мыла раму, а па...",1,20,.,0.46725279092788696
phase4_step_14995_EMA,Phrase 2: Quantum computing is...,1,0, chess,0.6720097064971924
phase4_step_14995_EMA,Phrase 2: Quantum computing is...,1,1,",",0.7488447427749634
phase4_step_14995_EMA,Phrase 2: Quantum computing is...,1,2,3,0.5214889645576477
phase4_step_14995_EMA,Phrase 2: Quantum computing is...,1,3, is,0.6278112530708313
phase4_step_14995_EMA,Phrase 2: Quantum computing is...,1,4, a,0.5445671081542969
phase4_step_14995_EMA,Phrase 2: Quantum computing is...,1,5,ation,0.5477830171585083
phase4_step_14995_EMA,Phrase 2: Quantum computing is...,1,6, not,0.785121738910675
phase4_step_14995_EMA,Phrase 2: Quantum computing is...,1,7, All,0.09944753348827362
phase4_step_14995_EMA,Phrase 2: Quantum computing is...,1,8, technology,0.2874142825603485
phase4_step_14995_EMA,Phrase 2: Quantum computing is...,1,9, which,0.7101618051528931
phase4_step_14995_EMA,Phrase 2: Quantum computing is...,1,10, harness,0.10037276893854141
phase4_step_14995_EMA,Phrase 2: Quantum computing is...,1,11,es,0.10062379390001297
phase4_step_14995_EMA,Phrase 2: Quantum computing is...,1,12,:,0.8444380164146423
phase4_step_14995_EMA,Phrase 2: Quantum computing is...,1,13,č,0.09987588226795197
phase4_step_14995_EMA,Phrase 2: Quantum computing is...,1,14, ,0.9921479225158691
phase4_step_14995_EMA,Phrase 2: Quantum computing is...,1,15,0,0.6138378977775574
phase4_step_14995_EMA,Phrase 2: Quantum computing is...,1,16, split,0.7861441373825073
phase4_step_14995_EMA,Phrase 2: Quantum computing is...,1,17, to,0.3162625730037689
phase4_step_14995_EMA,Phrase 2: Quantum computing is...,1,18, which,0.26384416222572327
phase4_step_14995_EMA,Phrase 2: Quantum computing is...,1,19, two,0.5663738250732422
phase4_step_14995_EMA,Phrase 2: Quantum computing is...,1,20, too,0.0991392508149147
phase4_step_14995_EMA,Phrase 2: Quantum computing is...,1,21, multiple,0.2054721564054489
phase4_step_14995_EMA,Phrase 2: Quantum computing is...,1,22, for,0.3158486783504486
phase4_step_14995_EMA,Phrase 2: Quantum computing is...,1,23, no,0.6085465550422668
phase4_step_14995_EMA,Phrase 2: Quantum computing is...,1,24,zi,1.0092943906784058
phase4_step_14995_EMA,Phrase 2: Quantum computing is...,1,25,ity,0.8293042182922363
phase4_step_14995_EMA,Phrase 0: The quick brown fox ...,2,0, The,0.4032931327819824
phase4_step_14995_EMA,Phrase 0: The quick brown fox ...,2,1, stars,0.9876081943511963
phase4_step_14995_EMA,Phrase 0: The quick brown fox ...,2,2, red,0.44802653789520264
phase4_step_14995_EMA,Phrase 0: The quick brown fox ...,2,3, fox,0.22786526381969452
phase4_step_14995_EMA,Phrase 0: The quick brown fox ...,2,4, ,0.8648312091827393
phase4_step_14995_EMA,Phrase 0: The quick brown fox ...,2,5, over,0.09584702551364899
phase4_step_14995_EMA,Phrase 0: The quick brown fox ...,2,6, the,0.30915865302085876
phase4_step_14995_EMA,Phrase 0: The quick brown fox ...,2,7, lazy,0.2894894480705261
phase4_step_14995_EMA,Phrase 0: The quick brown fox ...,2,8, dog,0.22816000878810883
phase4_step_14995_EMA,Phrase 0: The quick brown fox ...,2,9,.,0.34024283289909363
phase4_step_14995_EMA,"Phrase 1: Мама мыла раму, а па...",2,0,М,0.7061007022857666
phase4_step_14995_EMA,"Phrase 1: Мама мыла раму, а па...",2,1,ам,0.7730212211608887
phase4_step_14995_EMA,"Phrase 1: Мама мыла раму, а па...",2,2,а,0.47454631328582764
phase4_step_14995_EMA,"Phrase 1: Мама мыла раму, а па...",2,3, мы,0.36528104543685913
phase4_step_14995_EMA,"Phrase 1: Мама мыла раму, а па...",2,4, об,0.9955369830131531
phase4_step_14995_EMA,"Phrase 1: Мама мыла раму, а па...",2,5, год,0.7448577284812927
phase4_step_14995_EMA,"Phrase 1: Мама мыла раму, а па...",2,6,у,0.3533013164997101
phase4_step_14995_EMA,"Phrase 1: Мама мыла раму, а па...",2,7,.,0.6950140595436096
phase4_step_14995_EMA,"Phrase 1: Мама мыла раму, а па...",2,8, а,0.4272395372390747
phase4_step_14995_EMA,"Phrase 1: Мама мыла раму, а па...",2,9, п,0.32260504364967346
phase4_step_14995_EMA,"Phrase 1: Мама мыла раму, а па...",2,10,ап,0.09584980458021164
phase4_step_14995_EMA,"Phrase 1: Мама мыла раму, а па...",2,11,а,0.20951159298419952
phase4_step_14995_EMA,"Phrase 1: Мама мыла раму, а па...",2,12, ч,0.2544228434562683
phase4_step_14995_EMA,"Phrase 1: Мама мыла раму, а па...",2,13, [,0.4900653064250946
phase4_step_14995_EMA,"Phrase 1: Мама мыла раму, а па...",2,14,},0.9642192125320435
phase4_step_14995_EMA,"Phrase 1: Мама мыла раму, а па...",2,15, т,0.09393935650587082
phase4_step_14995_EMA,"Phrase 1: Мама мыла раму, а па...",2,16,ел,0.0956195741891861
phase4_step_14995_EMA,"Phrase 1: Мама мыла раму, а па...",2,17,ев,0.09618090093135834
phase4_step_14995_EMA,"Phrase 1: Мама мыла раму, а па...",2,18,из,0.20442542433738708
phase4_step_14995_EMA,"Phrase 1: Мама мыла раму, а па...",2,19,ор,0.21006563305854797
phase4_step_14995_EMA,"Phrase 1: Мама мыла раму, а па...",2,20,.,0.4392848610877991
phase4_step_14995_EMA,Phrase 2: Quantum computing is...,2,0, graph,0.6519362330436707
phase4_step_14995_EMA,Phrase 2: Quantum computing is...,2,1,",",0.7250763773918152
phase4_step_14995_EMA,Phrase 2: Quantum computing is...,2,2,3,0.4990244507789612
phase4_step_14995_EMA,Phrase 2: Quantum computing is...,2,3, is,0.5925353169441223
phase4_step_14995_EMA,Phrase 2: Quantum computing is...,2,4, a,0.5126304030418396
phase4_step_14995_EMA,Phrase 2: Quantum computing is...,2,5,azy,0.5286622643470764
phase4_step_14995_EMA,Phrase 2: Quantum computing is...,2,6, ne,0.766061007976532
phase4_step_14995_EMA,Phrase 2: Quantum computing is...,2,7, All,0.09895265847444534
phase4_step_14995_EMA,Phrase 2: Quantum computing is...,2,8, technology,0.27478837966918945
phase4_step_14995_EMA,Phrase 2: Quantum computing is...,2,9, which,0.6725776791572571
phase4_step_14995_EMA,Phrase 2: Quantum computing is...,2,10, harness,0.10062645375728607
phase4_step_14995_EMA,Phrase 2: Quantum computing is...,2,11,es,0.09658822417259216
phase4_step_14995_EMA,Phrase 2: Quantum computing is...,2,12,.,0.8049356341362
phase4_step_14995_EMA,Phrase 2: Quantum computing is...,2,13, law,0.09948751330375671
phase4_step_14995_EMA,Phrase 2: Quantum computing is...,2,14, ,0.9698430895805359
phase4_step_14995_EMA,Phrase 2: Quantum computing is...,2,15,0,0.5933128595352173
phase4_step_14995_EMA,Phrase 2: Quantum computing is...,2,16, split,0.7664235234260559
phase4_step_14995_EMA,Phrase 2: Quantum computing is...,2,17, to,0.2968718707561493
phase4_step_14995_EMA,Phrase 2: Quantum computing is...,2,18,},0.24792784452438354
phase4_step_14995_EMA,Phrase 2: Quantum computing is...,2,19, to,0.5382524728775024
phase4_step_14995_EMA,Phrase 2: Quantum computing is...,2,20, too,0.09713251143693924
phase4_step_14995_EMA,Phrase 2: Quantum computing is...,2,21, multiple,0.19659779965877533
phase4_step_14995_EMA,Phrase 2: Quantum computing is...,2,22, for,0.2966182231903076
phase4_step_14995_EMA,Phrase 2: Quantum computing is...,2,23, can,0.5875957012176514
phase4_step_14995_EMA,Phrase 2: Quantum computing is...,2,24, t,0.9951875805854797
phase4_step_14995_EMA,Phrase 2: Quantum computing is...,2,25,:,0.7899159789085388
phase4_step_14995_EMA,Phrase 0: The quick brown fox ...,3,0, The,0.38010725378990173
phase4_step_14995_EMA,Phrase 0: The quick brown fox ...,3,1, stars,0.9786556959152222
phase4_step_14995_EMA,Phrase 0: The quick brown fox ...,3,2, red,0.4353781044483185
phase4_step_14995_EMA,Phrase 0: The quick brown fox ...,3,3, fox,0.22457826137542725
phase4_step_14995_EMA,Phrase 0: The quick brown fox ...,3,4, is,0.850612461566925
phase4_step_14995_EMA,Phrase 0: The quick brown fox ...,3,5, over,0.09368764609098434
phase4_step_14995_EMA,Phrase 0: The quick brown fox ...,3,6, the,0.29022422432899475
phase4_step_14995_EMA,Phrase 0: The quick brown fox ...,3,7, lazy,0.28248652815818787
phase4_step_14995_EMA,Phrase 0: The quick brown fox ...,3,8, dog,0.2234516739845276
phase4_step_14995_EMA,Phrase 0: The quick brown fox ...,3,9,.,0.31950700283050537
phase4_step_14995_EMA,"Phrase 1: Мама мыла раму, а па...",3,0,М,0.675603449344635
phase4_step_14995_EMA,"Phrase 1: Мама мыла раму, а па...",3,1,ам,0.7390941977500916
phase4_step_14995_EMA,"Phrase 1: Мама мыла раму, а па...",3,2,а,0.446316123008728
phase4_step_14995_EMA,"Phrase 1: Мама мыла раму, а па...",3,3, мы,0.34830766916275024
phase4_step_14995_EMA,"Phrase 1: Мама мыла раму, а па...",3,4, раз,0.9812971949577332
phase4_step_14995_EMA,"Phrase 1: Мама мыла раму, а па...",3,5, год,0.728043258190155
phase4_step_14995_EMA,"Phrase 1: Мама мыла раму, а па...",3,6,у,0.332478404045105
phase4_step_14995_EMA,"Phrase 1: Мама мыла раму, а па...",3,7,.,0.6577139496803284
phase4_step_14995_EMA,"Phrase 1: Мама мыла раму, а па...",3,8, а,0.40282100439071655
phase4_step_14995_EMA,"Phrase 1: Мама мыла раму, а па...",3,9, п,0.30447810888290405
phase4_step_14995_EMA,"Phrase 1: Мама мыла раму, а па...",3,10,ап,0.09691181778907776
phase4_step_14995_EMA,"Phrase 1: Мама мыла раму, а па...",3,11,а,0.19712884724140167
phase4_step_14995_EMA,"Phrase 1: Мама мыла раму, а па...",3,12, ч,0.2431543469429016
phase4_step_14995_EMA,"Phrase 1: Мама мыла раму, а па...",3,13, [,0.46315422654151917
phase4_step_14995_EMA,"Phrase 1: Мама мыла раму, а па...",3,14,ными,0.9574184417724609
phase4_step_14995_EMA,"Phrase 1: Мама мыла раму, а па...",3,15, т,0.09004785120487213
phase4_step_14995_EMA,"Phrase 1: Мама мыла раму, а па...",3,16,ел,0.09327294677495956
phase4_step_14995_EMA,"Phrase 1: Мама мыла раму, а па...",3,17,ев,0.09419786930084229
phase4_step_14995_EMA,"Phrase 1: Мама мыла раму, а па...",3,18,из,0.19572310149669647
phase4_step_14995_EMA,"Phrase 1: Мама мыла раму, а па...",3,19,ор,0.19820338487625122
phase4_step_14995_EMA,"Phrase 1: Мама мыла раму, а па...",3,20,.,0.4128478765487671
phase4_step_14995_EMA,Phrase 2: Quantum computing is...,3,0, graph,0.6334900856018066
phase4_step_14995_EMA,Phrase 2: Quantum computing is...,3,1,",",0.7024009823799133
phase4_step_14995_EMA,Phrase 2: Quantum computing is...,3,2,3,0.4785832464694977
phase4_step_14995_EMA,Phrase 2: Quantum computing is...,3,3, is,0.55857253074646
phase4_step_14995_EMA,Phrase 2: Quantum computing is...,3,4, a,0.4822123944759369
phase4_step_14995_EMA,Phrase 2: Quantum computing is...,3,5,azy,0.5118082165718079
phase4_step_14995_EMA,Phrase 2: Quantum computing is...,3,6, ne,0.747597873210907
phase4_step_14995_EMA,Phrase 2: Quantum computing is...,3,7, All,0.10566046833992004
phase4_step_14995_EMA,Phrase 2: Quantum computing is...,3,8, technology,0.26576292514801025
phase4_step_14995_EMA,Phrase 2: Quantum computing is...,3,9, which,0.6359508037567139
phase4_step_14995_EMA,Phrase 2: Quantum computing is...,3,10, harness,0.10873343050479889
phase4_step_14995_EMA,Phrase 2: Quantum computing is...,3,11,es,0.09502766281366348
phase4_step_14995_EMA,Phrase 2: Quantum computing is...,3,12, the,0.7657802104949951
phase4_step_14995_EMA,Phrase 2: Quantum computing is...,3,13, law,0.10604380816221237
phase4_step_14995_EMA,Phrase 2: Quantum computing is...,3,14, ,0.9469593167304993
phase4_step_14995_EMA,Phrase 2: Quantum computing is...,3,15, matrix,0.5747268795967102
phase4_step_14995_EMA,Phrase 2: Quantum computing is...,3,16, split,0.7482314705848694
phase4_step_14995_EMA,Phrase 2: Quantum computing is...,3,17, to,0.2786576747894287
phase4_step_14995_EMA,Phrase 2: Quantum computing is...,3,18,},0.23329217731952667
phase4_step_14995_EMA,Phrase 2: Quantum computing is...,3,19, to,0.5121992230415344
phase4_step_14995_EMA,Phrase 2: Quantum computing is...,3,20, too,0.10120456665754318
phase4_step_14995_EMA,Phrase 2: Quantum computing is...,3,21, multiple,0.1910892128944397
phase4_step_14995_EMA,Phrase 2: Quantum computing is...,3,22, for,0.2785603702068329
phase4_step_14995_EMA,Phrase 2: Quantum computing is...,3,23, can,0.5685351490974426
phase4_step_14995_EMA,Phrase 2: Quantum computing is...,3,24,"
",0.9807499051094055
phase4_step_14995_EMA,Phrase 2: Quantum computing is...,3,25,:,0.7509477138519287
phase4_step_14995_EMA,Phrase 0: The quick brown fox ...,4,0, The,0.35863131284713745
phase4_step_14995_EMA,Phrase 0: The quick brown fox ...,4,1, stars,0.9705414772033691
phase4_step_14995_EMA,Phrase 0: The quick brown fox ...,4,2, brown,0.42553219199180603
phase4_step_14995_EMA,Phrase 0: The quick brown fox ...,4,3, fox,0.22495326399803162
phase4_step_14995_EMA,Phrase 0: The quick brown fox ...,4,4, is,0.8382824659347534
phase4_step_14995_EMA,Phrase 0: The quick brown fox ...,4,5, over,0.09369488805532455
phase4_step_14995_EMA,Phrase 0: The quick brown fox ...,4,6, the,0.2724513113498688
phase4_step_14995_EMA,Phrase 0: The quick brown fox ...,4,7, lazy,0.2791065573692322
phase4_step_14995_EMA,Phrase 0: The quick brown fox ...,4,8, dog,0.2222926765680313
phase4_step_14995_EMA,Phrase 0: The quick brown fox ...,4,9,.,0.3000246286392212
phase4_step_14995_EMA,"Phrase 1: Мама мыла раму, а па...",4,0,М,0.6464613080024719
phase4_step_14995_EMA,"Phrase 1: Мама мыла раму, а па...",4,1,ам,0.7057253122329712
phase4_step_14995_EMA,"Phrase 1: Мама мыла раму, а па...",4,2,а,0.41965818405151367
phase4_step_14995_EMA,"Phrase 1: Мама мыла раму, а па...",4,3, мы,0.3334038257598877
phase4_step_14995_EMA,"Phrase 1: Мама мыла раму, а па...",4,4,méd,0.9672409892082214
phase4_step_14995_EMA,"Phrase 1: Мама мыла раму, а па...",4,5, год,0.7128708362579346
phase4_step_14995_EMA,"Phrase 1: Мама мыла раму, а па...",4,6,у,0.3130045235157013
phase4_step_14995_EMA,"Phrase 1: Мама мыла раму, а па...",4,7,.,0.6214435696601868
phase4_step_14995_EMA,"Phrase 1: Мама мыла раму, а па...",4,8, а,0.38004571199417114
phase4_step_14995_EMA,"Phrase 1: Мама мыла раму, а па...",4,9, п,0.2878197431564331
phase4_step_14995_EMA,"Phrase 1: Мама мыла раму, а па...",4,10,ап,0.10155107080936432
phase4_step_14995_EMA,"Phrase 1: Мама мыла раму, а па...",4,11,а,0.18562749028205872
phase4_step_14995_EMA,"Phrase 1: Мама мыла раму, а па...",4,12, ч,0.23424428701400757
phase4_step_14995_EMA,"Phrase 1: Мама мыла раму, а па...",4,13,ин,0.4378800392150879
phase4_step_14995_EMA,"Phrase 1: Мама мыла раму, а па...",4,14,ной,0.951361358165741
phase4_step_14995_EMA,"Phrase 1: Мама мыла раму, а па...",4,15, т,0.08760041743516922
phase4_step_14995_EMA,"Phrase 1: Мама мыла раму, а па...",4,16,ел,0.09300380945205688
phase4_step_14995_EMA,"Phrase 1: Мама мыла раму, а па...",4,17,ев,0.09412989765405655
phase4_step_14995_EMA,"Phrase 1: Мама мыла раму, а па...",4,18,из,0.18927699327468872
phase4_step_14995_EMA,"Phrase 1: Мама мыла раму, а па...",4,19,ор,0.18753275275230408
phase4_step_14995_EMA,"Phrase 1: Мама мыла раму, а па...",4,20,.,0.387905478477478
phase4_step_14995_EMA,Phrase 2: Quantum computing is...,4,0, graph,0.6168100237846375
phase4_step_14995_EMA,Phrase 2: Quantum computing is...,4,1,",",0.681146502494812
phase4_step_14995_EMA,Phrase 2: Quantum computing is...,4,2,3,0.4601975977420807
phase4_step_14995_EMA,Phrase 2: Quantum computing is...,4,3, is,0.5260336995124817
phase4_step_14995_EMA,Phrase 2: Quantum computing is...,4,4, a,0.4533383548259735
phase4_step_14995_EMA,Phrase 2: Quantum computing is...,4,5,azy,0.4972260594367981
phase4_step_14995_EMA,Phrase 2: Quantum computing is...,4,6, ex,0.7301307916641235
phase4_step_14995_EMA,Phrase 2: Quantum computing is...,4,7, All,0.11749352514743805
phase4_step_14995_EMA,Phrase 2: Quantum computing is...,4,8, technology,0.2600870728492737
phase4_step_14995_EMA,Phrase 2: Quantum computing is...,4,9, which,0.6004577875137329
phase4_step_14995_EMA,Phrase 2: Quantum computing is...,4,10, harness,0.1222837045788765
phase4_step_14995_EMA,Phrase 2: Quantum computing is...,4,11,es,0.09563605487346649
phase4_step_14995_EMA,Phrase 2: Quantum computing is...,4,12, the,0.7271405458450317
phase4_step_14995_EMA,Phrase 2: Quantum computing is...,4,13, law,0.11757228523492813
phase4_step_14995_EMA,Phrase 2: Quantum computing is...,4,14, ,0.9278771281242371
phase4_step_14995_EMA,Phrase 2: Quantum computing is...,4,15, matrix,0.5581746697425842
phase4_step_14995_EMA,Phrase 2: Quantum computing is...,4,16, split,0.7316133379936218
phase4_step_14995_EMA,Phrase 2: Quantum computing is...,4,17, to,0.26155486702919006
phase4_step_14995_EMA,Phrase 2: Quantum computing is...,4,18, this,0.21988680958747864
phase4_step_14995_EMA,Phrase 2: Quantum computing is...,4,19, to,0.48830005526542664
phase4_step_14995_EMA,Phrase 2: Quantum computing is...,4,20, too,0.10996069014072418
phase4_step_14995_EMA,Phrase 2: Quantum computing is...,4,21, multiple,0.18868975341320038
phase4_step_14995_EMA,Phrase 2: Quantum computing is...,4,22, for,0.2616114616394043
phase4_step_14995_EMA,Phrase 2: Quantum computing is...,4,23, can,0.551438570022583
phase4_step_14995_EMA,Phrase 2: Quantum computing is...,4,24,z,0.9663215279579163
phase4_step_14995_EMA,Phrase 2: Quantum computing is...,4,25,.,0.7125678658485413
phase4_step_14995_EMA,Phrase 0: The quick brown fox ...,5,0, The,0.3388049602508545
phase4_step_14995_EMA,Phrase 0: The quick brown fox ...,5,1, stars,0.9630612134933472
phase4_step_14995_EMA,Phrase 0: The quick brown fox ...,5,2, brown,0.4183097183704376
phase4_step_14995_EMA,Phrase 0: The quick brown fox ...,5,3, fox,0.2284216582775116
phase4_step_14995_EMA,Phrase 0: The quick brown fox ...,5,4, fits,0.8274899125099182
phase4_step_14995_EMA,Phrase 0: The quick brown fox ...,5,5, over,0.09553838521242142
phase4_step_14995_EMA,Phrase 0: The quick brown fox ...,5,6, the,0.25577792525291443
phase4_step_14995_EMA,Phrase 0: The quick brown fox ...,5,7, lazy,0.27890169620513916
phase4_step_14995_EMA,Phrase 0: The quick brown fox ...,5,8, dog,0.2242308259010315
phase4_step_14995_EMA,Phrase 0: The quick brown fox ...,5,9,.,0.28172847628593445
phase4_step_14995_EMA,"Phrase 1: Мама мыла раму, а па...",5,0,М,0.6188227534294128
phase4_step_14995_EMA,"Phrase 1: Мама мыла раму, а па...",5,1,ам,0.6731597185134888
phase4_step_14995_EMA,"Phrase 1: Мама мыла раму, а па...",5,2,а,0.39454665780067444
phase4_step_14995_EMA,"Phrase 1: Мама мыла раму, а па...",5,3, мы,0.3204789161682129
phase4_step_14995_EMA,"Phrase 1: Мама мыла раму, а па...",5,4, WF,0.9536983370780945
phase4_step_14995_EMA,"Phrase 1: Мама мыла раму, а па...",5,5, гор,0.6993199586868286
phase4_step_14995_EMA,"Phrase 1: Мама мыла раму, а па...",5,6,у,0.29481950402259827
phase4_step_14995_EMA,"Phrase 1: Мама мыла раму, а па...",5,7,.,0.5863696932792664
phase4_step_14995_EMA,"Phrase 1: Мама мыла раму, а па...",5,8, а,0.3588651120662689
phase4_step_14995_EMA,"Phrase 1: Мама мыла раму, а па...",5,9, п,0.272566020488739
phase4_step_14995_EMA,"Phrase 1: Мама мыла раму, а па...",5,10,ап,0.10878588259220123
phase4_step_14995_EMA,"Phrase 1: Мама мыла раму, а па...",5,11,а,0.1749616116285324
phase4_step_14995_EMA,"Phrase 1: Мама мыла раму, а па...",5,12, ч,0.22754140198230743
phase4_step_14995_EMA,"Phrase 1: Мама мыла раму, а па...",5,13,ин,0.41421279311180115
phase4_step_14995_EMA,"Phrase 1: Мама мыла раму, а па...",5,14,ной,0.9458939433097839
phase4_step_14995_EMA,"Phrase 1: Мама мыла раму, а па...",5,15, т,0.08645237237215042
phase4_step_14995_EMA,"Phrase 1: Мама мыла раму, а па...",5,16,ел,0.09447544068098068
phase4_step_14995_EMA,"Phrase 1: Мама мыла раму, а па...",5,17,ев,0.09566596895456314
phase4_step_14995_EMA,"Phrase 1: Мама мыла раму, а па...",5,18,из,0.18493801355361938
phase4_step_14995_EMA,"Phrase 1: Мама мыла раму, а па...",5,19,ор,0.17799806594848633
phase4_step_14995_EMA,"Phrase 1: Мама мыла раму, а па...",5,20,.,0.36440685391426086
phase4_step_14995_EMA,Phrase 2: Quantum computing is...,5,0, graph,0.601975679397583
phase4_step_14995_EMA,Phrase 2: Quantum computing is...,5,1,",",0.6615315079689026
phase4_step_14995_EMA,Phrase 2: Quantum computing is...,5,2, computing,0.4438369572162628
phase4_step_14995_EMA,Phrase 2: Quantum computing is...,5,3, is,0.49499258399009705
phase4_step_14995_EMA,Phrase 2: Quantum computing is...,5,4, a,0.4260062575340271
phase4_step_14995_EMA,Phrase 2: Quantum computing is...,5,5,azy,0.48484137654304504
phase4_step_14995_EMA,Phrase 2: Quantum computing is...,5,6, techn,0.7138584852218628
phase4_step_14995_EMA,Phrase 2: Quantum computing is...,5,7,ирования,0.13242992758750916
phase4_step_14995_EMA,Phrase 2: Quantum computing is...,5,8, technology,0.25743842124938965
phase4_step_14995_EMA,Phrase 2: Quantum computing is...,5,9, which,0.5662495493888855
phase4_step_14995_EMA,Phrase 2: Quantum computing is...,5,10, harness,0.1390220671892166
phase4_step_14995_EMA,Phrase 2: Quantum computing is...,5,11,es,0.09800843149423599
phase4_step_14995_EMA,Phrase 2: Quantum computing is...,5,12, the,0.6891985535621643
phase4_step_14995_EMA,Phrase 2: Quantum computing is...,5,13, law,0.13210837543010712
phase4_step_14995_EMA,Phrase 2: Quantum computing is...,5,14, ,0.9179454445838928
phase4_step_14995_EMA,Phrase 2: Quantum computing is...,5,15, geometric,0.5436664819717407
phase4_step_14995_EMA,Phrase 2: Quantum computing is...,5,16, split,0.7166218161582947
phase4_step_14995_EMA,Phrase 2: Quantum computing is...,5,17, to,0.2455040067434311
phase4_step_14995_EMA,Phrase 2: Quantum computing is...,5,18, this,0.20767837762832642
phase4_step_14995_EMA,Phrase 2: Quantum computing is...,5,19,2,0.4666036069393158
phase4_step_14995_EMA,Phrase 2: Quantum computing is...,5,20, too,0.12182530015707016
phase4_step_14995_EMA,Phrase 2: Quantum computing is...,5,21, complex,0.18902038037776947
phase4_step_14995_EMA,Phrase 2: Quantum computing is...,5,22, for,0.24571122229099274
phase4_step_14995_EMA,Phrase 2: Quantum computing is...,5,23, can,0.5363078713417053
phase4_step_14995_EMA,Phrase 2: Quantum computing is...,5,24, plot,0.9526164531707764
phase4_step_14995_EMA,Phrase 2: Quantum computing is...,5,25,.,0.6749594807624817
phase4_step_14995_EMA,Phrase 0: The quick brown fox ...,6,0, The,0.3205731213092804
phase4_step_14995_EMA,Phrase 0: The quick brown fox ...,6,1, stars,0.956037700176239
phase4_step_14995_EMA,Phrase 0: The quick brown fox ...,6,2, brown,0.413489431142807
phase4_step_14995_EMA,Phrase 0: The quick brown fox ...,6,3, fox,0.23438023030757904
phase4_step_14995_EMA,Phrase 0: The quick brown fox ...,6,4, fits,0.8179976344108582
phase4_step_14995_EMA,Phrase 0: The quick brown fox ...,6,5, over,0.09882314503192902
phase4_step_14995_EMA,Phrase 0: The quick brown fox ...,6,6, the,0.24014219641685486
phase4_step_14995_EMA,Phrase 0: The quick brown fox ...,6,7, lazy,0.28140610456466675
phase4_step_14995_EMA,Phrase 0: The quick brown fox ...,6,8, dog,0.22874626517295837
phase4_step_14995_EMA,Phrase 0: The quick brown fox ...,6,9,.,0.2645527422428131
phase4_step_14995_EMA,"Phrase 1: Мама мыла раму, а па...",6,0,М,0.5927953124046326
phase4_step_14995_EMA,"Phrase 1: Мама мыла раму, а па...",6,1,ам,0.6415860652923584
phase4_step_14995_EMA,"Phrase 1: Мама мыла раму, а па...",6,2,а,0.37093839049339294
phase4_step_14995_EMA,"Phrase 1: Мама мыла раму, а па...",6,3, мы,0.30942225456237793
phase4_step_14995_EMA,"Phrase 1: Мама мыла раму, а па...",6,4, WF,0.9410430788993835
phase4_step_14995_EMA,"Phrase 1: Мама мыла раму, а па...",6,5, гор,0.6873424053192139
phase4_step_14995_EMA,"Phrase 1: Мама мыла раму, а па...",6,6,у,0.27786633372306824
phase4_step_14995_EMA,"Phrase 1: Мама мыла раму, а па...",6,7,.,0.5526314973831177
phase4_step_14995_EMA,"Phrase 1: Мама мыла раму, а па...",6,8, а,0.33922669291496277
phase4_step_14995_EMA,"Phrase 1: Мама мыла раму, а па...",6,9, п,0.2586522400379181
phase4_step_14995_EMA,"Phrase 1: Мама мыла раму, а па...",6,10,ап,0.11770734190940857
phase4_step_14995_EMA,"Phrase 1: Мама мыла раму, а па...",6,11,а,0.1650877296924591
phase4_step_14995_EMA,"Phrase 1: Мама мыла раму, а па...",6,12, ч,0.22285950183868408
phase4_step_14995_EMA,"Phrase 1: Мама мыла раму, а па...",6,13,ин,0.3921079635620117
phase4_step_14995_EMA,"Phrase 1: Мама мыла раму, а па...",6,14,ного,0.9409193992614746
phase4_step_14995_EMA,"Phrase 1: Мама мыла раму, а па...",6,15, т,0.08642686903476715
phase4_step_14995_EMA,"Phrase 1: Мама мыла раму, а па...",6,16,ел,0.0973106250166893
phase4_step_14995_EMA,"Phrase 1: Мама мыла раму, а па...",6,17,ев,0.09847106784582138
phase4_step_14995_EMA,"Phrase 1: Мама мыла раму, а па...",6,18,из,0.18250110745429993
phase4_step_14995_EMA,"Phrase 1: Мама мыла раму, а па...",6,19,ор,0.169546440243721
phase4_step_14995_EMA,"Phrase 1: Мама мыла раму, а па...",6,20,.,0.3422931730747223
phase4_step_14995_EMA,Phrase 2: Quantum computing is...,6,0, graph,0.5890428423881531
phase4_step_14995_EMA,Phrase 2: Quantum computing is...,6,1,um,0.6437898278236389
phase4_step_14995_EMA,Phrase 2: Quantum computing is...,6,2, computing,0.429431289434433
phase4_step_14995_EMA,Phrase 2: Quantum computing is...,6,3, is,0.4654879868030548
phase4_step_14995_EMA,Phrase 2: Quantum computing is...,6,4, a,0.40018972754478455
phase4_step_14995_EMA,Phrase 2: Quantum computing is...,6,5,azy,0.4745579659938812
phase4_step_14995_EMA,Phrase 2: Quantum computing is...,6,6, techn,0.6989043951034546
phase4_step_14995_EMA,Phrase 2: Quantum computing is...,6,7,ирования,0.14901000261306763
phase4_step_14995_EMA,Phrase 2: Quantum computing is...,6,8, technology,0.2574421763420105
phase4_step_14995_EMA,Phrase 2: Quantum computing is...,6,9, which,0.5334454774856567
phase4_step_14995_EMA,Phrase 2: Quantum computing is...,6,10, harness,0.15738454461097717
phase4_step_14995_EMA,Phrase 2: Quantum computing is...,6,11,es,0.10170932859182358
phase4_step_14995_EMA,Phrase 2: Quantum computing is...,6,12, the,0.6521399617195129
phase4_step_14995_EMA,Phrase 2: Quantum computing is...,6,13, law,0.14821410179138184
phase4_step_14995_EMA,Phrase 2: Quantum computing is...,6,14, ,0.9132158160209656
phase4_step_14995_EMA,Phrase 2: Quantum computing is...,6,15, geometric,0.5311570167541504
phase4_step_14995_EMA,Phrase 2: Quantum computing is...,6,16, mist,0.7033665776252747
phase4_step_14995_EMA,Phrase 2: Quantum computing is...,6,17, to,0.2304440587759018
phase4_step_14995_EMA,Phrase 2: Quantum computing is...,6,18, this,0.1966191679239273
phase4_step_14995_EMA,Phrase 2: Quantum computing is...,6,19,2,0.44711777567863464
phase4_step_14995_EMA,Phrase 2: Quantum computing is...,6,20, too,0.13553303480148315
phase4_step_14995_EMA,Phrase 2: Quantum computing is...,6,21, complex,0.19161789119243622
phase4_step_14995_EMA,Phrase 2: Quantum computing is...,6,22, for,0.23080158233642578
phase4_step_14995_EMA,Phrase 2: Quantum computing is...,6,23, simple,0.5231229066848755
phase4_step_14995_EMA,Phrase 2: Quantum computing is...,6,24, sort,0.9412964582443237
phase4_step_14995_EMA,Phrase 2: Quantum computing is...,6,25,.,0.6383068561553955
phase4_step_14995_EMA,Phrase 0: The quick brown fox ...,7,0, The,0.3038788437843323
phase4_step_14995_EMA,Phrase 0: The quick brown fox ...,7,1, stars,0.949395477771759
phase4_step_14995_EMA,Phrase 0: The quick brown fox ...,7,2, brown,0.4108257293701172
phase4_step_14995_EMA,Phrase 0: The quick brown fox ...,7,3, fox,0.24225524067878723
phase4_step_14995_EMA,Phrase 0: The quick brown fox ...,7,4, fits,0.8096714019775391
phase4_step_14995_EMA,Phrase 0: The quick brown fox ...,7,5, over,0.1031658947467804
phase4_step_14995_EMA,Phrase 0: The quick brown fox ...,7,6, the,0.22548633813858032
phase4_step_14995_EMA,Phrase 0: The quick brown fox ...,7,7, lazy,0.2861443758010864
phase4_step_14995_EMA,Phrase 0: The quick brown fox ...,7,8, dog,0.23530755937099457
phase4_step_14995_EMA,Phrase 0: The quick brown fox ...,7,9,.,0.2484336644411087
phase4_step_14995_EMA,"Phrase 1: Мама мыла раму, а па...",7,0,М,0.5684792399406433
phase4_step_14995_EMA,"Phrase 1: Мама мыла раму, а па...",7,1,ам,0.6111670732498169
phase4_step_14995_EMA,"Phrase 1: Мама мыла раму, а па...",7,2,а,0.34877830743789673
phase4_step_14995_EMA,"Phrase 1: Мама мыла раму, а па...",7,3, мы,0.30012306571006775
phase4_step_14995_EMA,"Phrase 1: Мама мыла раму, а па...",7,4, WF,0.9293640851974487
phase4_step_14995_EMA,"Phrase 1: Мама мыла раму, а па...",7,5, гор,0.6768959164619446
phase4_step_14995_EMA,"Phrase 1: Мама мыла раму, а па...",7,6,у,0.26208269596099854
phase4_step_14995_EMA,"Phrase 1: Мама мыла раму, а па...",7,7,.,0.5203335881233215
phase4_step_14995_EMA,"Phrase 1: Мама мыла раму, а па...",7,8, а,0.32107263803482056
phase4_step_14995_EMA,"Phrase 1: Мама мыла раму, а па...",7,9, п,0.24601182341575623
phase4_step_14995_EMA,"Phrase 1: Мама мыла раму, а па...",7,10,ап,0.1276131123304367
phase4_step_14995_EMA,"Phrase 1: Мама мыла раму, а па...",7,11,а,0.15596596896648407
phase4_step_14995_EMA,"Phrase 1: Мама мыла раму, а па...",7,12, ч,0.21999113261699677
phase4_step_14995_EMA,"Phrase 1: Мама мыла раму, а па...",7,13,ин,0.37151849269866943
phase4_step_14995_EMA,"Phrase 1: Мама мыла раму, а па...",7,14,ного,0.9363739490509033
phase4_step_14995_EMA,"Phrase 1: Мама мыла раму, а па...",7,15, т,0.08732778578996658
phase4_step_14995_EMA,"Phrase 1: Мама мыла раму, а па...",7,16,ел,0.10114990174770355
phase4_step_14995_EMA,"Phrase 1: Мама мыла раму, а па...",7,17,ев,0.10222134739160538
phase4_step_14995_EMA,"Phrase 1: Мама мыла раму, а па...",7,18,из,0.18172506988048553
phase4_step_14995_EMA,"Phrase 1: Мама мыла раму, а па...",7,19,ор,0.16212189197540283
phase4_step_14995_EMA,"Phrase 1: Мама мыла раму, а па...",7,20,.,0.3215007483959198
phase4_step_14995_EMA,Phrase 2: Quantum computing is...,7,0, graph,0.577964723110199
phase4_step_14995_EMA,Phrase 2: Quantum computing is...,7,1,um,0.62806236743927
phase4_step_14995_EMA,Phrase 2: Quantum computing is...,7,2, computing,0.4169100224971771
phase4_step_14995_EMA,Phrase 2: Quantum computing is...,7,3, is,0.43752703070640564
phase4_step_14995_EMA,Phrase 2: Quantum computing is...,7,4, a,0.37584492564201355
phase4_step_14995_EMA,Phrase 2: Quantum computing is...,7,5,azy,0.4662642478942871
phase4_step_14995_EMA,Phrase 2: Quantum computing is...,7,6, techn,0.6853151321411133
phase4_step_14995_EMA,Phrase 2: Quantum computing is...,7,7,ирования,0.16629110276699066
phase4_step_14995_EMA,Phrase 2: Quantum computing is...,7,8, technology,0.2597005367279053
phase4_step_14995_EMA,Phrase 2: Quantum computing is...,7,9, which,0.5021287798881531
phase4_step_14995_EMA,Phrase 2: Quantum computing is...,7,10, harness,0.17640048265457153
phase4_step_14995_EMA,Phrase 2: Quantum computing is...,7,11,es,0.10635962337255478
phase4_step_14995_EMA,Phrase 2: Quantum computing is...,7,12, the,0.6161450147628784
phase4_step_14995_EMA,Phrase 2: Quantum computing is...,7,13, laws,0.16498780250549316
phase4_step_14995_EMA,Phrase 2: Quantum computing is...,7,14, ,0.9101529717445374
phase4_step_14995_EMA,Phrase 2: Quantum computing is...,7,15, geometric,0.5205790996551514
phase4_step_14995_EMA,Phrase 2: Quantum computing is...,7,16, mist,0.6918723583221436
phase4_step_14995_EMA,Phrase 2: Quantum computing is...,7,17, to,0.21631421148777008
phase4_step_14995_EMA,Phrase 2: Quantum computing is...,7,18, solve,0.18665720522403717
phase4_step_14995_EMA,Phrase 2: Quantum computing is...,7,19, ,0.4297940731048584
phase4_step_14995_EMA,Phrase 2: Quantum computing is...,7,20, too,0.150188148021698
phase4_step_14995_EMA,Phrase 2: Quantum computing is...,7,21, complex,0.1960352063179016
phase4_step_14995_EMA,Phrase 2: Quantum computing is...,7,22, for,0.21682743728160858
phase4_step_14995_EMA,Phrase 2: Quantum computing is...,7,23, simple,0.5118339657783508
phase4_step_14995_EMA,Phrase 2: Quantum computing is...,7,24, sort,0.933049201965332
phase4_step_14995_EMA,Phrase 2: Quantum computing is...,7,25,.,0.6027839183807373
phase4_step_14995_EMA,Phrase 0: The quick brown fox ...,8,0, The,0.2886624336242676
phase4_step_14995_EMA,Phrase 0: The quick brown fox ...,8,1, stars,0.9431129097938538
phase4_step_14995_EMA,Phrase 0: The quick brown fox ...,8,2, brown,0.41006016731262207
phase4_step_14995_EMA,Phrase 0: The quick brown fox ...,8,3, fox,0.25153714418411255
phase4_step_14995_EMA,Phrase 0: The quick brown fox ...,8,4, fits,0.8024209141731262
phase4_step_14995_EMA,Phrase 0: The quick brown fox ...,8,5, over,0.10823915153741837
phase4_step_14995_EMA,Phrase 0: The quick brown fox ...,8,6, the,0.21175462007522583
phase4_step_14995_EMA,Phrase 0: The quick brown fox ...,8,7, lazy,0.292659729719162
phase4_step_14995_EMA,Phrase 0: The quick brown fox ...,8,8, dog,0.2434196025133133
phase4_step_14995_EMA,Phrase 0: The quick brown fox ...,8,9,.,0.23331113159656525
phase4_step_14995_EMA,"Phrase 1: Мама мыла раму, а па...",8,0,М,0.5459594130516052
phase4_step_14995_EMA,"Phrase 1: Мама мыла раму, а па...",8,1,ам,0.5820387005805969
phase4_step_14995_EMA,"Phrase 1: Мама мыла раму, а па...",8,2,а,0.32800552248954773
phase4_step_14995_EMA,"Phrase 1: Мама мыла раму, а па...",8,3, мы,0.292469322681427
phase4_step_14995_EMA,"Phrase 1: Мама мыла раму, а па...",8,4, WF,0.9184609651565552
phase4_step_14995_EMA,"Phrase 1: Мама мыла раму, а па...",8,5, гор,0.6679230332374573
phase4_step_14995_EMA,"Phrase 1: Мама мыла раму, а па...",8,6,у,0.24740593135356903
phase4_step_14995_EMA,"Phrase 1: Мама мыла раму, а па...",8,7,",",0.48954346776008606
phase4_step_14995_EMA,"Phrase 1: Мама мыла раму, а па...",8,8, а,0.3043360412120819
phase4_step_14995_EMA,"Phrase 1: Мама мыла раму, а па...",8,9, п,0.23457922041416168
phase4_step_14995_EMA,"Phrase 1: Мама мыла раму, а па...",8,10,ап,0.13800902664661407
phase4_step_14995_EMA,"Phrase 1: Мама мыла раму, а па...",8,11,а,0.14755694568157196
phase4_step_14995_EMA,"Phrase 1: Мама мыла раму, а па...",8,12, ч,0.21872319281101227
phase4_step_14995_EMA,"Phrase 1: Мама мыла раму, а па...",8,13,ин,0.35239115357398987
phase4_step_14995_EMA,"Phrase 1: Мама мыла раму, а па...",8,14,ного,0.9322254061698914
phase4_step_14995_EMA,"Phrase 1: Мама мыла раму, а па...",8,15, т,0.08895818889141083
phase4_step_14995_EMA,"Phrase 1: Мама мыла раму, а па...",8,16,ел,0.10568711161613464
phase4_step_14995_EMA,"Phrase 1: Мама мыла раму, а па...",8,17,ев,0.10662990808486938
phase4_step_14995_EMA,"Phrase 1: Мама мыла раму, а па...",8,18,из,0.18236029148101807
phase4_step_14995_EMA,"Phrase 1: Мама мыла раму, а па...",8,19,ор,0.1556638926267624
phase4_step_14995_EMA,"Phrase 1: Мама мыла раму, а па...",8,20,.,0.3019632399082184
phase4_step_14995_EMA,Phrase 2: Quantum computing is...,8,0,Graph,0.5686590075492859
phase4_step_14995_EMA,Phrase 2: Quantum computing is...,8,1,um,0.6143763661384583
phase4_step_14995_EMA,Phrase 2: Quantum computing is...,8,2, computing,0.4061679542064667
phase4_step_14995_EMA,Phrase 2: Quantum computing is...,8,3, is,0.41109126806259155
phase4_step_14995_EMA,Phrase 2: Quantum computing is...,8,4, a,0.35291677713394165
phase4_step_14995_EMA,Phrase 2: Quantum computing is...,8,5,azy,0.4598007798194885
phase4_step_14995_EMA,Phrase 2: Quantum computing is...,8,6, techn,0.6730959415435791
phase4_step_14995_EMA,Phrase 2: Quantum computing is...,8,7,ирования,0.1836947649717331
phase4_step_14995_EMA,Phrase 2: Quantum computing is...,8,8, technology,0.2638092041015625
phase4_step_14995_EMA,Phrase 2: Quantum computing is...,8,9, which,0.472345769405365
phase4_step_14995_EMA,Phrase 2: Quantum computing is...,8,10, harness,0.19549500942230225
phase4_step_14995_EMA,Phrase 2: Quantum computing is...,8,11,es,0.11164507269859314
phase4_step_14995_EMA,Phrase 2: Quantum computing is...,8,12, the,0.5813761353492737
phase4_step_14995_EMA,Phrase 2: Quantum computing is...,8,13, laws,0.1818697303533554
phase4_step_14995_EMA,Phrase 2: Quantum computing is...,8,14, ,0.908014178276062
phase4_step_14995_EMA,Phrase 2: Quantum computing is...,8,15, geometric,0.5118217468261719
phase4_step_14995_EMA,Phrase 2: Quantum computing is...,8,16,nit,0.6821171045303345
phase4_step_14995_EMA,Phrase 2: Quantum computing is...,8,17, to,0.203059583902359
phase4_step_14995_EMA,Phrase 2: Quantum computing is...,8,18, solve,0.17774267494678497
phase4_step_14995_EMA,Phrase 2: Quantum computing is...,8,19, ,0.41455787420272827
phase4_step_14995_EMA,Phrase 2: Quantum computing is...,8,20, too,0.1652214527130127
phase4_step_14995_EMA,Phrase 2: Quantum computing is...,8,21, complex,0.2018473595380783
phase4_step_14995_EMA,Phrase 2: Quantum computing is...,8,22, for,0.20373505353927612
phase4_step_14995_EMA,Phrase 2: Quantum computing is...,8,23, simple,0.5023415684700012
phase4_step_14995_EMA,Phrase 2: Quantum computing is...,8,24, sort,0.9263339042663574
phase4_step_14995_EMA,Phrase 2: Quantum computing is...,8,25,.,0.568541407585144
phase4_step_14995_EMA,Phrase 0: The quick brown fox ...,9,0, The,0.27486175298690796
phase4_step_14995_EMA,Phrase 0: The quick brown fox ...,9,1, stars,0.93719482421875
phase4_step_14995_EMA,Phrase 0: The quick brown fox ...,9,2, brown,0.4109349250793457
phase4_step_14995_EMA,Phrase 0: The quick brown fox ...,9,3, fox,0.2617979645729065
phase4_step_14995_EMA,Phrase 0: The quick brown fox ...,9,4, stars,0.7961724400520325
phase4_step_14995_EMA,Phrase 0: The quick brown fox ...,9,5, over,0.1137780174612999
phase4_step_14995_EMA,Phrase 0: The quick brown fox ...,9,6, the,0.19889479875564575
phase4_step_14995_EMA,Phrase 0: The quick brown fox ...,9,7, lazy,0.30053871870040894
phase4_step_14995_EMA,Phrase 0: The quick brown fox ...,9,8, dog,0.2526501715183258
phase4_step_14995_EMA,Phrase 0: The quick brown fox ...,9,9,.,0.21912725269794464
phase4_step_14995_EMA,"Phrase 1: Мама мыла раму, а па...",9,0,М,0.5252795815467834
phase4_step_14995_EMA,"Phrase 1: Мама мыла раму, а па...",9,1,ам,0.5543044209480286
phase4_step_14995_EMA,"Phrase 1: Мама мыла раму, а па...",9,2,а,0.3085537552833557
phase4_step_14995_EMA,"Phrase 1: Мама мыла раму, а па...",9,3, мы,0.28633275628089905
phase4_step_14995_EMA,"Phrase 1: Мама мыла раму, а па...",9,4, WF,0.9082207083702087
phase4_step_14995_EMA,"Phrase 1: Мама мыла раму, а па...",9,5, гор,0.6603466868400574
phase4_step_14995_EMA,"Phrase 1: Мама мыла раму, а па...",9,6,у,0.2337740808725357
phase4_step_14995_EMA,"Phrase 1: Мама мыла раму, а па...",9,7,",",0.4602935314178467
phase4_step_14995_EMA,"Phrase 1: Мама мыла раму, а па...",9,8, а,0.2889510989189148
phase4_step_14995_EMA,"Phrase 1: Мама мыла раму, а па...",9,9, п,0.22428879141807556
phase4_step_14995_EMA,"Phrase 1: Мама мыла раму, а па...",9,10,ап,0.14856138825416565
phase4_step_14995_EMA,"Phrase 1: Мама мыла раму, а па...",9,11,а,0.13982373476028442
phase4_step_14995_EMA,"Phrase 1: Мама мыла раму, а па...",9,12, ч,0.2188430279493332
phase4_step_14995_EMA,"Phrase 1: Мама мыла раму, а па...",9,13,ин,0.33466869592666626
phase4_step_14995_EMA,"Phrase 1: Мама мыла раму, а па...",9,14,ного,0.9284630417823792
phase4_step_14995_EMA,"Phrase 1: Мама мыла раму, а па...",9,15, т,0.09113653749227524
phase4_step_14995_EMA,"Phrase 1: Мама мыла раму, а па...",9,16,ел,0.11067483574151993
phase4_step_14995_EMA,"Phrase 1: Мама мыла раму, а па...",9,17,ев,0.11146964877843857
phase4_step_14995_EMA,"Phrase 1: Мама мыла раму, а па...",9,18,из,0.18416157364845276
phase4_step_14995_EMA,"Phrase 1: Мама мыла раму, а па...",9,19,ор,0.15010857582092285
phase4_step_14995_EMA,"Phrase 1: Мама мыла раму, а па...",9,20,.,0.2836139500141144
phase4_step_14995_EMA,Phrase 2: Quantum computing is...,9,0,Graph,0.5610179901123047
phase4_step_14995_EMA,Phrase 2: Quantum computing is...,9,1,um,0.6027163863182068
phase4_step_14995_EMA,Phrase 2: Quantum computing is...,9,2, computing,0.3970825672149658
phase4_step_14995_EMA,Phrase 2: Quantum computing is...,9,3, is,0.38614320755004883
phase4_step_14995_EMA,Phrase 2: Quantum computing is...,9,4, a,0.3313430845737457
phase4_step_14995_EMA,Phrase 2: Quantum computing is...,9,5,azy,0.45499566197395325
phase4_step_14995_EMA,Phrase 2: Quantum computing is...,9,6, ener,0.6622205972671509
phase4_step_14995_EMA,Phrase 2: Quantum computing is...,9,7,ирования,0.20088034868240356
phase4_step_14995_EMA,Phrase 2: Quantum computing is...,9,8, technology,0.2693805694580078
phase4_step_14995_EMA,Phrase 2: Quantum computing is...,9,9, that,0.4441104829311371
phase4_step_14995_EMA,Phrase 2: Quantum computing is...,9,10, harness,0.21433125436306
phase4_step_14995_EMA,Phrase 2: Quantum computing is...,9,11,es,0.11731743067502975
phase4_step_14995_EMA,Phrase 2: Quantum computing is...,9,12, the,0.5479665994644165
phase4_step_14995_EMA,Phrase 2: Quantum computing is...,9,13, laws,0.19852608442306519
phase4_step_14995_EMA,Phrase 2: Quantum computing is...,9,14, ,0.9065479636192322
phase4_step_14995_EMA,Phrase 2: Quantum computing is...,9,15, geometric,0.5047510862350464
phase4_step_14995_EMA,Phrase 2: Quantum computing is...,9,16,nit,0.6740318536758423
phase4_step_14995_EMA,Phrase 2: Quantum computing is...,9,17, to,0.19062884151935577
phase4_step_14995_EMA,Phrase 2: Quantum computing is...,9,18, solve,0.1698254942893982
phase4_step_14995_EMA,Phrase 2: Quantum computing is...,9,19, ,0.4013117849826813
phase4_step_14995_EMA,Phrase 2: Quantum computing is...,9,20, too,0.180278941988945
phase4_step_14995_EMA,Phrase 2: Quantum computing is...,9,21, complex,0.20867815613746643
phase4_step_14995_EMA,Phrase 2: Quantum computing is...,9,22, for,0.19147461652755737
phase4_step_14995_EMA,Phrase 2: Quantum computing is...,9,23, simple,0.49452242255210876
phase4_step_14995_EMA,Phrase 2: Quantum computing is...,9,24, sort,0.9205870032310486
phase4_step_14995_EMA,Phrase 2: Quantum computing is...,9,25,.,0.5356985926628113
phase4_step_14995_EMA,Phrase 0: The quick brown fox ...,10,0, The,0.2624140977859497
phase4_step_14995_EMA,Phrase 0: The quick brown fox ...,10,1, stars,0.931652843952179
phase4_step_14995_EMA,Phrase 0: The quick brown fox ...,10,2, brown,0.41320183873176575
phase4_step_14995_EMA,Phrase 0: The quick brown fox ...,10,3, fox,0.2726934254169464
phase4_step_14995_EMA,Phrase 0: The quick brown fox ...,10,4, stars,0.7908575534820557
phase4_step_14995_EMA,Phrase 0: The quick brown fox ...,10,5, over,0.11958564817905426
phase4_step_14995_EMA,Phrase 0: The quick brown fox ...,10,6, the,0.1868574619293213
phase4_step_14995_EMA,Phrase 0: The quick brown fox ...,10,7, lazy,0.30942168831825256
phase4_step_14995_EMA,Phrase 0: The quick brown fox ...,10,8, dog,0.2626413404941559
phase4_step_14995_EMA,Phrase 0: The quick brown fox ...,10,9,.,0.20582765340805054
phase4_step_14995_EMA,"Phrase 1: Мама мыла раму, а па...",10,0,М,0.5064336061477661
phase4_step_14995_EMA,"Phrase 1: Мама мыла раму, а па...",10,1,ам,0.528064489364624
phase4_step_14995_EMA,"Phrase 1: Мама мыла раму, а па...",10,2,а,0.29035088419914246
phase4_step_14995_EMA,"Phrase 1: Мама мыла раму, а па...",10,3, мы,0.2815700173377991
phase4_step_14995_EMA,"Phrase 1: Мама мыла раму, а па...",10,4, WF,0.8987107872962952
phase4_step_14995_EMA,"Phrase 1: Мама мыла раму, а па...",10,5, гор,0.654137372970581
phase4_step_14995_EMA,"Phrase 1: Мама мыла раму, а па...",10,6,у,0.22115914523601532
phase4_step_14995_EMA,"Phrase 1: Мама мыла раму, а па...",10,7,",",0.4325859844684601
phase4_step_14995_EMA,"Phrase 1: Мама мыла раму, а па...",10,8, а,0.27486827969551086
phase4_step_14995_EMA,"Phrase 1: Мама мыла раму, а па...",10,9, п,0.21505671739578247
phase4_step_14995_EMA,"Phrase 1: Мама мыла раму, а па...",10,10,ап,0.15908482670783997
phase4_step_14995_EMA,"Phrase 1: Мама мыла раму, а па...",10,11,а,0.13273145258426666
phase4_step_14995_EMA,"Phrase 1: Мама мыла раму, а па...",10,12, ч,0.2201555222272873
phase4_step_14995_EMA,"Phrase 1: Мама мыла раму, а па...",10,13,ин,0.3182809352874756
phase4_step_14995_EMA,"Phrase 1: Мама мыла раму, а па...",10,14,ного,0.9250661134719849
phase4_step_14995_EMA,"Phrase 1: Мама мыла раму, а па...",10,15, т,0.09368505328893661
phase4_step_14995_EMA,"Phrase 1: Мама мыла раму, а па...",10,16,ел,0.11596515029668808
phase4_step_14995_EMA,"Phrase 1: Мама мыла раму, а па...",10,17,ев,0.1165543720126152
phase4_step_14995_EMA,"Phrase 1: Мама мыла раму, а па...",10,18,из,0.18691226840019226
phase4_step_14995_EMA,"Phrase 1: Мама мыла раму, а па...",10,19,ор,0.14538489282131195
phase4_step_14995_EMA,"Phrase 1: Мама мыла раму, а па...",10,20,.,0.26638734340667725
phase4_step_14995_EMA,Phrase 2: Quantum computing is...,10,0, Algorithm,0.5549181699752808
phase4_step_14995_EMA,Phrase 2: Quantum computing is...,10,1,um,0.5930275321006775
phase4_step_14995_EMA,Phrase 2: Quantum computing is...,10,2, computing,0.38952547311782837
phase4_step_14995_EMA,Phrase 2: Quantum computing is...,10,3, is,0.36263176798820496
phase4_step_14995_EMA,Phrase 2: Quantum computing is...,10,4, a,0.31105777621269226
phase4_step_14995_EMA,Phrase 2: Quantum computing is...,10,5,azy,0.4516737461090088
phase4_step_14995_EMA,Phrase 2: Quantum computing is...,10,6, ener,0.6526376605033875
phase4_step_14995_EMA,Phrase 2: Quantum computing is...,10,7,erging,0.21764983236789703
phase4_step_14995_EMA,Phrase 2: Quantum computing is...,10,8, technology,0.2760665714740753
phase4_step_14995_EMA,Phrase 2: Quantum computing is...,10,9, that,0.4174099862575531
phase4_step_14995_EMA,Phrase 2: Quantum computing is...,10,10, harness,0.23271337151527405
phase4_step_14995_EMA,Phrase 2: Quantum computing is...,10,11,es,0.12319232523441315
phase4_step_14995_EMA,Phrase 2: Quantum computing is...,10,12, the,0.516014575958252
phase4_step_14995_EMA,Phrase 2: Quantum computing is...,10,13, laws,0.21476227045059204
phase4_step_14995_EMA,Phrase 2: Quantum computing is...,10,14,<|endoftext|>,0.9056062698364258
phase4_step_14995_EMA,Phrase 2: Quantum computing is...,10,15, geometric,0.4992239773273468
phase4_step_14995_EMA,Phrase 2: Quantum computing is...,10,16, way,0.667518138885498
phase4_step_14995_EMA,Phrase 2: Quantum computing is...,10,17, to,0.1789722591638565
phase4_step_14995_EMA,Phrase 2: Quantum computing is...,10,18, solve,0.16285353899002075
phase4_step_14995_EMA,Phrase 2: Quantum computing is...,10,19, problem,0.3899407684803009
phase4_step_14995_EMA,Phrase 2: Quantum computing is...,10,20, too,0.1951422095298767
phase4_step_14995_EMA,Phrase 2: Quantum computing is...,10,21, complex,0.2162151336669922
phase4_step_14995_EMA,Phrase 2: Quantum computing is...,10,22, for,0.179998978972435
phase4_step_14995_EMA,Phrase 2: Quantum computing is...,10,23, classical,0.48824018239974976
phase4_step_14995_EMA,Phrase 2: Quantum computing is...,10,24, rational,0.9156177043914795
phase4_step_14995_EMA,Phrase 2: Quantum computing is...,10,25,.,0.5043389797210693
phase4_step_14995_EMA,Phrase 0: The quick brown fox ...,11,0, The,0.25125476717948914
phase4_step_14995_EMA,Phrase 0: The quick brown fox ...,11,1, stars,0.9264970421791077
phase4_step_14995_EMA,Phrase 0: The quick brown fox ...,11,2, brown,0.41663050651550293
phase4_step_14995_EMA,Phrase 0: The quick brown fox ...,11,3, fox,0.2839537560939789
phase4_step_14995_EMA,Phrase 0: The quick brown fox ...,11,4, stars,0.7864086627960205
phase4_step_14995_EMA,Phrase 0: The quick brown fox ...,11,5, over,0.12551312148571014
phase4_step_14995_EMA,Phrase 0: The quick brown fox ...,11,6, the,0.1755959838628769
phase4_step_14995_EMA,Phrase 0: The quick brown fox ...,11,7, lazy,0.3190082907676697
phase4_step_14995_EMA,Phrase 0: The quick brown fox ...,11,8, dog,0.27310657501220703
phase4_step_14995_EMA,Phrase 0: The quick brown fox ...,11,9,.,0.19336088001728058
phase4_step_14995_EMA,"Phrase 1: Мама мыла раму, а па...",11,0,М,0.48939794301986694
phase4_step_14995_EMA,"Phrase 1: Мама мыла раму, а па...",11,1,ам,0.5032970905303955
phase4_step_14995_EMA,"Phrase 1: Мама мыла раму, а па...",11,2,а,0.27331021428108215
phase4_step_14995_EMA,"Phrase 1: Мама мыла раму, а па...",11,3, мы,0.2781328856945038
phase4_step_14995_EMA,"Phrase 1: Мама мыла раму, а па...",11,4, WF,0.8900021314620972
phase4_step_14995_EMA,"Phrase 1: Мама мыла раму, а па...",11,5, гор,0.6489049792289734
phase4_step_14995_EMA,"Phrase 1: Мама мыла раму, а па...",11,6,у,0.20945240557193756
phase4_step_14995_EMA,"Phrase 1: Мама мыла раму, а па...",11,7,",",0.4063977599143982
phase4_step_14995_EMA,"Phrase 1: Мама мыла раму, а па...",11,8, а,0.2620168924331665
phase4_step_14995_EMA,"Phrase 1: Мама мыла раму, а па...",11,9, п,0.20684672892093658
phase4_step_14995_EMA,"Phrase 1: Мама мыла раму, а па...",11,10,ап,0.1693859100341797
phase4_step_14995_EMA,"Phrase 1: Мама мыла раму, а па...",11,11,а,0.12618336081504822
phase4_step_14995_EMA,"Phrase 1: Мама мыла раму, а па...",11,12, ч,0.222544863820076
phase4_step_14995_EMA,"Phrase 1: Мама мыла раму, а па...",11,13,ин,0.3031066656112671
phase4_step_14995_EMA,"Phrase 1: Мама мыла раму, а па...",11,14,ного,0.9219328165054321
phase4_step_14995_EMA,"Phrase 1: Мама мыла раму, а па...",11,15, т,0.0964314341545105
phase4_step_14995_EMA,"Phrase 1: Мама мыла раму, а па...",11,16,ел,0.12136377394199371
phase4_step_14995_EMA,"Phrase 1: Мама мыла раму, а па...",11,17,ев,0.1217191144824028
phase4_step_14995_EMA,"Phrase 1: Мама мыла раму, а па...",11,18,из,0.19035981595516205
phase4_step_14995_EMA,"Phrase 1: Мама мыла раму, а па...",11,19,ор,0.14143364131450653
phase4_step_14995_EMA,"Phrase 1: Мама мыла раму, а па...",11,20,.,0.25021976232528687
phase4_step_14995_EMA,Phrase 2: Quantum computing is...,11,0, Algorithm,0.5502256751060486
phase4_step_14995_EMA,Phrase 2: Quantum computing is...,11,1,um,0.5852214097976685
phase4_step_14995_EMA,Phrase 2: Quantum computing is...,11,2, computing,0.3833644688129425
phase4_step_14995_EMA,Phrase 2: Quantum computing is...,11,3, is,0.3404978811740875
phase4_step_14995_EMA,Phrase 2: Quantum computing is...,11,4, a,0.29199403524398804
phase4_step_14995_EMA,Phrase 2: Quantum computing is...,11,5,azy,0.44966188073158264
phase4_step_14995_EMA,Phrase 2: Quantum computing is...,11,6, ener,0.6442784667015076
phase4_step_14995_EMA,Phrase 2: Quantum computing is...,11,7,erging,0.23389042913913727
phase4_step_14995_EMA,Phrase 2: Quantum computing is...,11,8, technology,0.28356724977493286
phase4_step_14995_EMA,Phrase 2: Quantum computing is...,11,9, that,0.39221063256263733
phase4_step_14995_EMA,Phrase 2: Quantum computing is...,11,10, harness,0.2505306005477905
phase4_step_14995_EMA,Phrase 2: Quantum computing is...,11,11,es,0.1291355937719345
phase4_step_14995_EMA,Phrase 2: Quantum computing is...,11,12, the,0.4855821132659912
phase4_step_14995_EMA,Phrase 2: Quantum computing is...,11,13, laws,0.23046550154685974
phase4_step_14995_EMA,Phrase 2: Quantum computing is...,11,14,<|endoftext|>,0.9050869941711426
phase4_step_14995_EMA,Phrase 2: Quantum computing is...,11,15, geometric,0.49509188532829285
phase4_step_14995_EMA,Phrase 2: Quantum computing is...,11,16,M,0.6624609231948853
phase4_step_14995_EMA,Phrase 2: Quantum computing is...,11,17, to,0.1680445373058319
phase4_step_14995_EMA,Phrase 2: Quantum computing is...,11,18, solve,0.15677228569984436
phase4_step_14995_EMA,Phrase 2: Quantum computing is...,11,19, problem,0.38031619787216187
phase4_step_14995_EMA,Phrase 2: Quantum computing is...,11,20, too,0.2096795290708542
phase4_step_14995_EMA,Phrase 2: Quantum computing is...,11,21, complex,0.22420676052570343
phase4_step_14995_EMA,Phrase 2: Quantum computing is...,11,22, for,0.16926464438438416
phase4_step_14995_EMA,Phrase 2: Quantum computing is...,11,23, classical,0.4833514392375946
phase4_step_14995_EMA,Phrase 2: Quantum computing is...,11,24, rational,0.9113282561302185
phase4_step_14995_EMA,Phrase 2: Quantum computing is...,11,25,.,0.47450926899909973
phase4_step_14995_EMA,Phrase 0: The quick brown fox ...,12,0, The,0.24131768941879272
phase4_step_14995_EMA,Phrase 0: The quick brown fox ...,12,1, stars,0.92173171043396
phase4_step_14995_EMA,Phrase 0: The quick brown fox ...,12,2, brown,0.4210118055343628
phase4_step_14995_EMA,Phrase 0: The quick brown fox ...,12,3, fox,0.2953740358352661
phase4_step_14995_EMA,Phrase 0: The quick brown fox ...,12,4, stars,0.7827578783035278
phase4_step_14995_EMA,Phrase 0: The quick brown fox ...,12,5, over,0.1314590573310852
phase4_step_14995_EMA,Phrase 0: The quick brown fox ...,12,6, the,0.16506627202033997
phase4_step_14995_EMA,Phrase 0: The quick brown fox ...,12,7, lazy,0.32905441522598267
phase4_step_14995_EMA,Phrase 0: The quick brown fox ...,12,8, dog,0.28382372856140137
phase4_step_14995_EMA,Phrase 0: The quick brown fox ...,12,9,.,0.18167869746685028
phase4_step_14995_EMA,"Phrase 1: Мама мыла раму, а па...",12,0,М,0.47415995597839355
phase4_step_14995_EMA,"Phrase 1: Мама мыла раму, а па...",12,1,ам,0.4800407886505127
phase4_step_14995_EMA,"Phrase 1: Мама мыла раму, а па...",12,2,а,0.25739550590515137
phase4_step_14995_EMA,"Phrase 1: Мама мыла раму, а па...",12,3, мы,0.2757842242717743
phase4_step_14995_EMA,"Phrase 1: Мама мыла раму, а па...",12,4, WF,0.8820092082023621
phase4_step_14995_EMA,"Phrase 1: Мама мыла раму, а па...",12,5, гор,0.6447692513465881
phase4_step_14995_EMA,"Phrase 1: Мама мыла раму, а па...",12,6,у,0.19863004982471466
phase4_step_14995_EMA,"Phrase 1: Мама мыла раму, а па...",12,7,",",0.3816891014575958
phase4_step_14995_EMA,"Phrase 1: Мама мыла раму, а па...",12,8, а,0.2503242790699005
phase4_step_14995_EMA,"Phrase 1: Мама мыла раму, а па...",12,9, п,0.19957758486270905
phase4_step_14995_EMA,"Phrase 1: Мама мыла раму, а па...",12,10,ап,0.1794208437204361
phase4_step_14995_EMA,"Phrase 1: Мама мыла раму, а па...",12,11,а,0.12020806968212128
phase4_step_14995_EMA,"Phrase 1: Мама мыла раму, а па...",12,12, ч,0.22572799026966095
phase4_step_14995_EMA,"Phrase 1: Мама мыла раму, а па...",12,13,ин,0.28914254903793335
phase4_step_14995_EMA,"Phrase 1: Мама мыла раму, а па...",12,14,ного,0.9191508293151855
phase4_step_14995_EMA,"Phrase 1: Мама мыла раму, а па...",12,15, т,0.09933942556381226
phase4_step_14995_EMA,"Phrase 1: Мама мыла раму, а па...",12,16,ел,0.12680120766162872
phase4_step_14995_EMA,"Phrase 1: Мама мыла раму, а па...",12,17,ев,0.1269296407699585
phase4_step_14995_EMA,"Phrase 1: Мама мыла раму, а па...",12,18,из,0.1943630576133728
phase4_step_14995_EMA,"Phrase 1: Мама мыла раму, а па...",12,19,ор,0.13818392157554626
phase4_step_14995_EMA,"Phrase 1: Мама мыла раму, а па...",12,20,.,0.2350510209798813
phase4_step_14995_EMA,Phrase 2: Quantum computing is...,12,0, Algorithm,0.5468024015426636
phase4_step_14995_EMA,Phrase 2: Quantum computing is...,12,1,um,0.5791853070259094
phase4_step_14995_EMA,Phrase 2: Quantum computing is...,12,2, computing,0.37846681475639343
phase4_step_14995_EMA,Phrase 2: Quantum computing is...,12,3, is,0.31967663764953613
phase4_step_14995_EMA,Phrase 2: Quantum computing is...,12,4, a,0.27408459782600403
phase4_step_14995_EMA,Phrase 2: Quantum computing is...,12,5,azy,0.4487929940223694
phase4_step_14995_EMA,Phrase 2: Quantum computing is...,12,6, ener,0.6370638012886047
phase4_step_14995_EMA,Phrase 2: Quantum computing is...,12,7,erging,0.24954341351985931
phase4_step_14995_EMA,Phrase 2: Quantum computing is...,12,8, technology,0.291633665561676
phase4_step_14995_EMA,Phrase 2: Quantum computing is...,12,9, that,0.3684644401073456
phase4_step_14995_EMA,Phrase 2: Quantum computing is...,12,10, harness,0.26772499084472656
phase4_step_14995_EMA,Phrase 2: Quantum computing is...,12,11,es,0.13505449891090393
phase4_step_14995_EMA,Phrase 2: Quantum computing is...,12,12, the,0.4566960632801056
phase4_step_14995_EMA,Phrase 2: Quantum computing is...,12,13, laws,0.24557481706142426
phase4_step_14995_EMA,Phrase 2: Quantum computing is...,12,14,<|endoftext|>,0.9049213528633118
phase4_step_14995_EMA,Phrase 2: Quantum computing is...,12,15, geometric,0.4922071397304535
phase4_step_14995_EMA,Phrase 2: Quantum computing is...,12,16,m,0.6587387323379517
phase4_step_14995_EMA,Phrase 2: Quantum computing is...,12,17, to,0.1578020602464676
phase4_step_14995_EMA,Phrase 2: Quantum computing is...,12,18, solve,0.15152426064014435
phase4_step_14995_EMA,Phrase 2: Quantum computing is...,12,19, problem,0.37230080366134644
phase4_step_14995_EMA,Phrase 2: Quantum computing is...,12,20, too,0.22381216287612915
phase4_step_14995_EMA,Phrase 2: Quantum computing is...,12,21, complex,0.23245549201965332
phase4_step_14995_EMA,Phrase 2: Quantum computing is...,12,22, for,0.15923036634922028
phase4_step_14995_EMA,Phrase 2: Quantum computing is...,12,23, classical,0.4797121584415436
phase4_step_14995_EMA,Phrase 2: Quantum computing is...,12,24, random,0.9076516628265381
phase4_step_14995_EMA,Phrase 2: Quantum computing is...,12,25,.,0.4462243318557739
phase4_step_14995_EMA,Phrase 0: The quick brown fox ...,13,0, The,0.2325347661972046
phase4_step_14995_EMA,Phrase 0: The quick brown fox ...,13,1, stars,0.9173557162284851
phase4_step_14995_EMA,Phrase 0: The quick brown fox ...,13,2, brown,0.42616036534309387
phase4_step_14995_EMA,Phrase 0: The quick brown fox ...,13,3, fox,0.3068005442619324
phase4_step_14995_EMA,Phrase 0: The quick brown fox ...,13,4, stars,0.7798368334770203
phase4_step_14995_EMA,Phrase 0: The quick brown fox ...,13,5, over,0.13734926283359528
phase4_step_14995_EMA,Phrase 0: The quick brown fox ...,13,6, the,0.15522895753383636
phase4_step_14995_EMA,Phrase 0: The quick brown fox ...,13,7, lazy,0.3393649160861969
phase4_step_14995_EMA,Phrase 0: The quick brown fox ...,13,8, dog,0.29462358355522156
phase4_step_14995_EMA,Phrase 0: The quick brown fox ...,13,9,.,0.17073531448841095
phase4_step_14995_EMA,"Phrase 1: Мама мыла раму, а па...",13,0,М,0.46065405011177063
phase4_step_14995_EMA,"Phrase 1: Мама мыла раму, а па...",13,1,ам,0.4582754671573639
phase4_step_14995_EMA,"Phrase 1: Мама мыла раму, а па...",13,2,а,0.24254481494426727
phase4_step_14995_EMA,"Phrase 1: Мама мыла раму, а па...",13,3, мы,0.27439048886299133
phase4_step_14995_EMA,"Phrase 1: Мама мыла раму, а па...",13,4, WF,0.8746827244758606
phase4_step_14995_EMA,"Phrase 1: Мама мыла раму, а па...",13,5, гор,0.6416036486625671
phase4_step_14995_EMA,"Phrase 1: Мама мыла раму, а па...",13,6,у,0.1886388063430786
phase4_step_14995_EMA,"Phrase 1: Мама мыла раму, а па...",13,7,",",0.35840755701065063
phase4_step_14995_EMA,"Phrase 1: Мама мыла раму, а па...",13,8, а,0.2397240847349167
phase4_step_14995_EMA,"Phrase 1: Мама мыла раму, а па...",13,9, п,0.19318673014640808
phase4_step_14995_EMA,"Phrase 1: Мама мыла раму, а па...",13,10,ап,0.189125657081604
phase4_step_14995_EMA,"Phrase 1: Мама мыла раму, а па...",13,11,а,0.11477033793926239
phase4_step_14995_EMA,"Phrase 1: Мама мыла раму, а па...",13,12, ч,0.2295411080121994
phase4_step_14995_EMA,"Phrase 1: Мама мыла раму, а па...",13,13,ин,0.2763206660747528
phase4_step_14995_EMA,"Phrase 1: Мама мыла раму, а па...",13,14,ного,0.9167121052742004
phase4_step_14995_EMA,"Phrase 1: Мама мыла раму, а па...",13,15, т,0.10232904553413391
phase4_step_14995_EMA,"Phrase 1: Мама мыла раму, а па...",13,16,ел,0.13220244646072388
phase4_step_14995_EMA,"Phrase 1: Мама мыла раму, а па...",13,17,ев,0.13211223483085632
phase4_step_14995_EMA,"Phrase 1: Мама мыла раму, а па...",13,18,из,0.19877216219902039
phase4_step_14995_EMA,"Phrase 1: Мама мыла раму, а па...",13,19,ор,0.13556841015815735
phase4_step_14995_EMA,"Phrase 1: Мама мыла раму, а па...",13,20,.,0.22082319855690002
phase4_step_14995_EMA,Phrase 2: Quantum computing is...,13,0, Algorithm,0.5445099472999573
phase4_step_14995_EMA,Phrase 2: Quantum computing is...,13,1,um,0.5747904777526855
phase4_step_14995_EMA,Phrase 2: Quantum computing is...,13,2, computing,0.3747023046016693
phase4_step_14995_EMA,Phrase 2: Quantum computing is...,13,3, is,0.3001019358634949
phase4_step_14995_EMA,Phrase 2: Quantum computing is...,13,4, a,0.25726497173309326
phase4_step_14995_EMA,Phrase 2: Quantum computing is...,13,5,azy,0.44890934228897095
phase4_step_14995_EMA,Phrase 2: Quantum computing is...,13,6, ener,0.6309085488319397
phase4_step_14995_EMA,Phrase 2: Quantum computing is...,13,7,erging,0.2645828127861023
phase4_step_14995_EMA,Phrase 2: Quantum computing is...,13,8, technology,0.30006399750709534
phase4_step_14995_EMA,Phrase 2: Quantum computing is...,13,9, that,0.3461136519908905
phase4_step_14995_EMA,Phrase 2: Quantum computing is...,13,10, harness,0.2842712998390198
phase4_step_14995_EMA,Phrase 2: Quantum computing is...,13,11,es,0.14088322222232819
phase4_step_14995_EMA,Phrase 2: Quantum computing is...,13,12, the,0.4293547570705414
phase4_step_14995_EMA,Phrase 2: Quantum computing is...,13,13, laws,0.26006320118904114
phase4_step_14995_EMA,Phrase 2: Quantum computing is...,13,14,<|endoftext|>,0.9050592184066772
phase4_step_14995_EMA,Phrase 2: Quantum computing is...,13,15, geometric,0.4904261827468872
phase4_step_14995_EMA,Phrase 2: Quantum computing is...,13,16,m,0.656227171421051
phase4_step_14995_EMA,Phrase 2: Quantum computing is...,13,17, to,0.14820489287376404
phase4_step_14995_EMA,Phrase 2: Quantum computing is...,13,18, solve,0.1470511108636856
phase4_step_14995_EMA,Phrase 2: Quantum computing is...,13,19, problem,0.36575156450271606
phase4_step_14995_EMA,Phrase 2: Quantum computing is...,13,20, too,0.23749646544456482
phase4_step_14995_EMA,Phrase 2: Quantum computing is...,13,21, complex,0.240810826420784
phase4_step_14995_EMA,Phrase 2: Quantum computing is...,13,22, for,0.14985740184783936
phase4_step_14995_EMA,Phrase 2: Quantum computing is...,13,23, classical,0.47718125581741333
phase4_step_14995_EMA,Phrase 2: Quantum computing is...,13,24, random,0.9045339822769165
phase4_step_14995_EMA,Phrase 2: Quantum computing is...,13,25,.,0.4194720685482025
phase4_step_14995_EMA,Phrase 0: The quick brown fox ...,14,0, The,0.22483600676059723
phase4_step_14995_EMA,Phrase 0: The quick brown fox ...,14,1, stars,0.9133626818656921
phase4_step_14995_EMA,Phrase 0: The quick brown fox ...,14,2, brown,0.43191421031951904
phase4_step_14995_EMA,Phrase 0: The quick brown fox ...,14,3, fox,0.31812021136283875
phase4_step_14995_EMA,Phrase 0: The quick brown fox ...,14,4, stars,0.7775776982307434
phase4_step_14995_EMA,Phrase 0: The quick brown fox ...,14,5, over,0.14313553273677826
phase4_step_14995_EMA,Phrase 0: The quick brown fox ...,14,6, the,0.14604346454143524
phase4_step_14995_EMA,Phrase 0: The quick brown fox ...,14,7, lazy,0.3497883975505829
phase4_step_14995_EMA,Phrase 0: The quick brown fox ...,14,8, dog,0.3053792417049408
phase4_step_14995_EMA,Phrase 0: The quick brown fox ...,14,9,.,0.16048750281333923
phase4_step_14995_EMA,"Phrase 1: Мама мыла раму, а па...",14,0,М,0.4487987458705902
phase4_step_14995_EMA,"Phrase 1: Мама мыла раму, а па...",14,1,ам,0.4379728436470032
phase4_step_14995_EMA,"Phrase 1: Мама мыла раму, а па...",14,2,а,0.22870062291622162
phase4_step_14995_EMA,"Phrase 1: Мама мыла раму, а па...",14,3, мы,0.27383026480674744
phase4_step_14995_EMA,"Phrase 1: Мама мыла раму, а па...",14,4,-Cs,0.8680025935173035
phase4_step_14995_EMA,"Phrase 1: Мама мыла раму, а па...",14,5, гор,0.6393077969551086
phase4_step_14995_EMA,"Phrase 1: Мама мыла раму, а па...",14,6,у,0.17942999303340912
phase4_step_14995_EMA,"Phrase 1: Мама мыла раму, а па...",14,7,",",0.33649158477783203
phase4_step_14995_EMA,"Phrase 1: Мама мыла раму, а па...",14,8, а,0.230152428150177
phase4_step_14995_EMA,"Phrase 1: Мама мыла раму, а па...",14,9, п,0.1876125931739807
phase4_step_14995_EMA,"Phrase 1: Мама мыла раму, а па...",14,10,ап,0.19846929609775543
phase4_step_14995_EMA,"Phrase 1: Мама мыла раму, а па...",14,11,а,0.10983742773532867
phase4_step_14995_EMA,"Phrase 1: Мама мыла раму, а па...",14,12, ч,0.23383982479572296
phase4_step_14995_EMA,"Phrase 1: Мама мыла раму, а па...",14,13,ин,0.264583557844162
phase4_step_14995_EMA,"Phrase 1: Мама мыла раму, а па...",14,14,ного,0.9145978689193726
phase4_step_14995_EMA,"Phrase 1: Мама мыла раму, а па...",14,15, т,0.10534603148698807
phase4_step_14995_EMA,"Phrase 1: Мама мыла раму, а па...",14,16,ел,0.13751843571662903
phase4_step_14995_EMA,"Phrase 1: Мама мыла раму, а па...",14,17,ев,0.13721804320812225
phase4_step_14995_EMA,"Phrase 1: Мама мыла раму, а па...",14,18,из,0.20345865190029144
phase4_step_14995_EMA,"Phrase 1: Мама мыла раму, а па...",14,19,ор,0.1335200071334839
phase4_step_14995_EMA,"Phrase 1: Мама мыла раму, а па...",14,20,.,0.20748162269592285
phase4_step_14995_EMA,Phrase 2: Quantum computing is...,14,0, Algorithm,0.5432146191596985
phase4_step_14995_EMA,Phrase 2: Quantum computing is...,14,1,um,0.5718987584114075
phase4_step_14995_EMA,Phrase 2: Quantum computing is...,14,2, computing,0.37194502353668213
phase4_step_14995_EMA,Phrase 2: Quantum computing is...,14,3, is,0.2817072868347168
phase4_step_14995_EMA,Phrase 2: Quantum computing is...,14,4, a,0.24147237837314606
phase4_step_14995_EMA,Phrase 2: Quantum computing is...,14,5,azy,0.4498644769191742
phase4_step_14995_EMA,Phrase 2: Quantum computing is...,14,6, ener,0.625724732875824
phase4_step_14995_EMA,Phrase 2: Quantum computing is...,14,7,erging,0.2790038287639618
phase4_step_14995_EMA,Phrase 2: Quantum computing is...,14,8, technology,0.30869680643081665
phase4_step_14995_EMA,Phrase 2: Quantum computing is...,14,9, that,0.32509472966194153
phase4_step_14995_EMA,Phrase 2: Quantum computing is...,14,10, harness,0.3001661002635956
phase4_step_14995_EMA,Phrase 2: Quantum computing is...,14,11,es,0.1465783268213272
phase4_step_14995_EMA,Phrase 2: Quantum computing is...,14,12, the,0.40353307127952576
phase4_step_14995_EMA,Phrase 2: Quantum computing is...,14,13, laws,0.27392280101776123
phase4_step_14995_EMA,Phrase 2: Quantum computing is...,14,14, for,0.9054600596427917
phase4_step_14995_EMA,Phrase 2: Quantum computing is...,14,15, geometric,0.48961320519447327
phase4_step_14995_EMA,Phrase 2: Quantum computing is...,14,16,m,0.6548032164573669
phase4_step_14995_EMA,Phrase 2: Quantum computing is...,14,17, to,0.13921388983726501
phase4_step_14995_EMA,Phrase 2: Quantum computing is...,14,18, solve,0.14329323172569275
phase4_step_14995_EMA,Phrase 2: Quantum computing is...,14,19, problem,0.36052387952804565
phase4_step_14995_EMA,Phrase 2: Quantum computing is...,14,20, too,0.2507113218307495
phase4_step_14995_EMA,Phrase 2: Quantum computing is...,14,21, complex,0.24915944039821625
phase4_step_14995_EMA,Phrase 2: Quantum computing is...,14,22, for,0.14110985398292542
phase4_step_14995_EMA,Phrase 2: Quantum computing is...,14,23, classical,0.47562384605407715
phase4_step_14995_EMA,Phrase 2: Quantum computing is...,14,24, random,0.9019284248352051
phase4_step_14995_EMA,Phrase 2: Quantum computing is...,14,25,.,0.3942195177078247
phase4_step_14995_EMA,Phrase 0: The quick brown fox ...,15,0, The,0.21814943850040436
phase4_step_14995_EMA,Phrase 0: The quick brown fox ...,15,1, stars,0.9097421765327454
phase4_step_14995_EMA,Phrase 0: The quick brown fox ...,15,2, brown,0.4381343126296997
phase4_step_14995_EMA,Phrase 0: The quick brown fox ...,15,3, fox,0.3292524814605713
phase4_step_14995_EMA,Phrase 0: The quick brown fox ...,15,4, stars,0.7759146690368652
phase4_step_14995_EMA,Phrase 0: The quick brown fox ...,15,5, over,0.14878571033477783
phase4_step_14995_EMA,Phrase 0: The quick brown fox ...,15,6, the,0.13747505843639374
phase4_step_14995_EMA,Phrase 0: The quick brown fox ...,15,7, lazy,0.3602070212364197
phase4_step_14995_EMA,Phrase 0: The quick brown fox ...,15,8, dog,0.31599822640419006
phase4_step_14995_EMA,Phrase 0: The quick brown fox ...,15,9,.,0.15089529752731323
phase4_step_14995_EMA,"Phrase 1: Мама мыла раму, а па...",15,0,М,0.4385043978691101
phase4_step_14995_EMA,"Phrase 1: Мама мыла раму, а па...",15,1,ам,0.4190891981124878
phase4_step_14995_EMA,"Phrase 1: Мама мыла раму, а па...",15,2,а,0.2158089280128479
phase4_step_14995_EMA,"Phrase 1: Мама мыла раму, а па...",15,3, мы,0.2739858627319336
phase4_step_14995_EMA,"Phrase 1: Мама мыла раму, а па...",15,4,-Cs,0.8619364500045776
phase4_step_14995_EMA,"Phrase 1: Мама мыла раму, а па...",15,5, гор,0.6377812623977661
phase4_step_14995_EMA,"Phrase 1: Мама мыла раму, а па...",15,6,у,0.17095711827278137
phase4_step_14995_EMA,"Phrase 1: Мама мыла раму, а па...",15,7,",",0.3158765137195587
phase4_step_14995_EMA,"Phrase 1: Мама мыла раму, а па...",15,8, а,0.22154724597930908
phase4_step_14995_EMA,"Phrase 1: Мама мыла раму, а па...",15,9, п,0.18279249966144562
phase4_step_14995_EMA,"Phrase 1: Мама мыла раму, а па...",15,10,ап,0.20743657648563385
phase4_step_14995_EMA,"Phrase 1: Мама мыла раму, а па...",15,11,а,0.10538081079721451
phase4_step_14995_EMA,"Phrase 1: Мама мыла раму, а па...",15,12, ч,0.23850390315055847
phase4_step_14995_EMA,"Phrase 1: Мама мыла раму, а па...",15,13,ин,0.2538706958293915
phase4_step_14995_EMA,"Phrase 1: Мама мыла раму, а па...",15,14,ного,0.9127892255783081
phase4_step_14995_EMA,"Phrase 1: Мама мыла раму, а па...",15,15, т,0.10834607481956482
phase4_step_14995_EMA,"Phrase 1: Мама мыла раму, а па...",15,16,ел,0.14271198213100433
phase4_step_14995_EMA,"Phrase 1: Мама мыла раму, а па...",15,17,ев,0.1422116607427597
phase4_step_14995_EMA,"Phrase 1: Мама мыла раму, а па...",15,18,из,0.2083200216293335
phase4_step_14995_EMA,"Phrase 1: Мама мыла раму, а па...",15,19,ор,0.1319749653339386
phase4_step_14995_EMA,"Phrase 1: Мама мыла раму, а па...",15,20,.,0.19497427344322205
phase4_step_14995_EMA,Phrase 2: Quantum computing is...,15,0, Algorithm,0.54278963804245
phase4_step_14995_EMA,Phrase 2: Quantum computing is...,15,1,um,0.5703685283660889
phase4_step_14995_EMA,Phrase 2: Quantum computing is...,15,2, computing,0.370076060295105
phase4_step_14995_EMA,Phrase 2: Quantum computing is...,15,3, is,0.26442769169807434
phase4_step_14995_EMA,Phrase 2: Quantum computing is...,15,4, a,0.22664710879325867
phase4_step_14995_EMA,Phrase 2: Quantum computing is...,15,5,azy,0.45152559876441956
phase4_step_14995_EMA,Phrase 2: Quantum computing is...,15,6, ener,0.6214242577552795
phase4_step_14995_EMA,Phrase 2: Quantum computing is...,15,7,erging,0.29281502962112427
phase4_step_14995_EMA,Phrase 2: Quantum computing is...,15,8, technology,0.3174061179161072
phase4_step_14995_EMA,Phrase 2: Quantum computing is...,15,9, that,0.30534234642982483
phase4_step_14995_EMA,Phrase 2: Quantum computing is...,15,10, harness,0.315418004989624
phase4_step_14995_EMA,Phrase 2: Quantum computing is...,15,11,es,0.15211154520511627
phase4_step_14995_EMA,Phrase 2: Quantum computing is...,15,12, the,0.37918874621391296
phase4_step_14995_EMA,Phrase 2: Quantum computing is...,15,13, laws,0.2871600389480591
phase4_step_14995_EMA,Phrase 2: Quantum computing is...,15,14, for,0.9060888290405273
phase4_step_14995_EMA,Phrase 2: Quantum computing is...,15,15, geometric,0.4896409809589386
phase4_step_14995_EMA,Phrase 2: Quantum computing is...,15,16,m,0.6543464660644531
phase4_step_14995_EMA,Phrase 2: Quantum computing is...,15,17, to,0.13079409301280975
phase4_step_14995_EMA,Phrase 2: Quantum computing is...,15,18, solve,0.14018934965133667
phase4_step_14995_EMA,Phrase 2: Quantum computing is...,15,19, problem,0.35647526383399963
phase4_step_14995_EMA,Phrase 2: Quantum computing is...,15,20, too,0.2634495198726654
phase4_step_14995_EMA,Phrase 2: Quantum computing is...,15,21, complex,0.2574172019958496
phase4_step_14995_EMA,Phrase 2: Quantum computing is...,15,22, for,0.1329534649848938
phase4_step_14995_EMA,Phrase 2: Quantum computing is...,15,23, classical,0.47491392493247986
phase4_step_14995_EMA,Phrase 2: Quantum computing is...,15,24, random,0.8997920751571655
phase4_step_14995_EMA,Phrase 2: Quantum computing is...,15,25,.,0.3704190254211426
phase4_step_14995_EMA,Phrase 0: The quick brown fox ...,16,0, The,0.2124021202325821
phase4_step_14995_EMA,Phrase 0: The quick brown fox ...,16,1, balls,0.906480073928833
phase4_step_14995_EMA,Phrase 0: The quick brown fox ...,16,2, brown,0.44470325112342834
phase4_step_14995_EMA,Phrase 0: The quick brown fox ...,16,3, fox,0.3401401937007904
phase4_step_14995_EMA,Phrase 0: The quick brown fox ...,16,4, stars,0.7747844457626343
phase4_step_14995_EMA,Phrase 0: The quick brown fox ...,16,5, over,0.15427882969379425
phase4_step_14995_EMA,Phrase 0: The quick brown fox ...,16,6, the,0.1294890195131302
phase4_step_14995_EMA,Phrase 0: The quick brown fox ...,16,7, lazy,0.3705325126647949
phase4_step_14995_EMA,Phrase 0: The quick brown fox ...,16,8, dog,0.3264138102531433
phase4_step_14995_EMA,Phrase 0: The quick brown fox ...,16,9,.,0.141921728849411
phase4_step_14995_EMA,"Phrase 1: Мама мыла раму, а па...",16,0,М,0.4296749234199524
phase4_step_14995_EMA,"Phrase 1: Мама мыла раму, а па...",16,1,ам,0.4015726149082184
phase4_step_14995_EMA,"Phrase 1: Мама мыла раму, а па...",16,2,а,0.20381873846054077
phase4_step_14995_EMA,"Phrase 1: Мама мыла раму, а па...",16,3, мы,0.27474793791770935
phase4_step_14995_EMA,"Phrase 1: Мама мыла раму, а па...",16,4,-Cs,0.8564543724060059
phase4_step_14995_EMA,"Phrase 1: Мама мыла раму, а па...",16,5, гор,0.6369286179542542
phase4_step_14995_EMA,"Phrase 1: Мама мыла раму, а па...",16,6,у,0.16317413747310638
phase4_step_14995_EMA,"Phrase 1: Мама мыла раму, а па...",16,7,",",0.2964961528778076
phase4_step_14995_EMA,"Phrase 1: Мама мыла раму, а па...",16,8, а,0.21384623646736145
phase4_step_14995_EMA,"Phrase 1: Мама мыла раму, а па...",16,9, п,0.1786644011735916
phase4_step_14995_EMA,"Phrase 1: Мама мыла раму, а па...",16,10,ап,0.21602244675159454
phase4_step_14995_EMA,"Phrase 1: Мама мыла раму, а па...",16,11,а,0.10137006640434265
phase4_step_14995_EMA,"Phrase 1: Мама мыла раму, а па...",16,12, ч,0.2434329241514206
phase4_step_14995_EMA,"Phrase 1: Мама мыла раму, а па...",16,13,ин,0.24412259459495544
phase4_step_14995_EMA,"Phrase 1: Мама мыла раму, а па...",16,14,ного,0.9112648367881775
phase4_step_14995_EMA,"Phrase 1: Мама мыла раму, а па...",16,15, т,0.11129874736070633
phase4_step_14995_EMA,"Phrase 1: Мама мыла раму, а па...",16,16,ел,0.147760808467865
phase4_step_14995_EMA,"Phrase 1: Мама мыла раму, а па...",16,17,ев,0.14707084000110626
phase4_step_14995_EMA,"Phrase 1: Мама мыла раму, а па...",16,18,из,0.21327625215053558
phase4_step_14995_EMA,"Phrase 1: Мама мыла раму, а па...",16,19,ор,0.1308697760105133
phase4_step_14995_EMA,"Phrase 1: Мама мыла раму, а па...",16,20,.,0.18325231969356537
phase4_step_14995_EMA,Phrase 2: Quantum computing is...,16,0, Algorithm,0.5431172847747803
phase4_step_14995_EMA,Phrase 2: Quantum computing is...,16,1,um,0.5700585842132568
phase4_step_14995_EMA,Phrase 2: Quantum computing is...,16,2, computing,0.36898383498191833
phase4_step_14995_EMA,Phrase 2: Quantum computing is...,16,3, is,0.24819974601268768
phase4_step_14995_EMA,Phrase 2: Quantum computing is...,16,4, a,0.21273256838321686
phase4_step_14995_EMA,Phrase 2: Quantum computing is...,16,5,azy,0.45377346873283386
phase4_step_14995_EMA,Phrase 2: Quantum computing is...,16,6, ener,0.6179212927818298
phase4_step_14995_EMA,Phrase 2: Quantum computing is...,16,7,erging,0.30603259801864624
phase4_step_14995_EMA,Phrase 2: Quantum computing is...,16,8, technology,0.3260950744152069
phase4_step_14995_EMA,Phrase 2: Quantum computing is...,16,9, that,0.28678950667381287
phase4_step_14995_EMA,Phrase 2: Quantum computing is...,16,10, harness,0.3300444483757019
phase4_step_14995_EMA,Phrase 2: Quantum computing is...,16,11,es,0.15746624767780304
phase4_step_14995_EMA,Phrase 2: Quantum computing is...,16,12, the,0.3562679588794708
phase4_step_14995_EMA,Phrase 2: Quantum computing is...,16,13, laws,0.2997899353504181
phase4_step_14995_EMA,Phrase 2: Quantum computing is...,16,14, for,0.9069138765335083
phase4_step_14995_EMA,Phrase 2: Quantum computing is...,16,15, geometric,0.49039265513420105
phase4_step_14995_EMA,Phrase 2: Quantum computing is...,16,16,m,0.6547413468360901
phase4_step_14995_EMA,Phrase 2: Quantum computing is...,16,17, to,0.12291201204061508
phase4_step_14995_EMA,Phrase 2: Quantum computing is...,16,18, solve,0.1376771479845047
phase4_step_14995_EMA,Phrase 2: Quantum computing is...,16,19, problem,0.35346725583076477
phase4_step_14995_EMA,Phrase 2: Quantum computing is...,16,20, too,0.27571433782577515
phase4_step_14995_EMA,Phrase 2: Quantum computing is...,16,21, complex,0.2655237019062042
phase4_step_14995_EMA,Phrase 2: Quantum computing is...,16,22, for,0.12535668909549713
phase4_step_14995_EMA,Phrase 2: Quantum computing is...,16,23, classical,0.4749353229999542
phase4_step_14995_EMA,Phrase 2: Quantum computing is...,16,24, random,0.8980846405029297
phase4_step_14995_EMA,Phrase 2: Quantum computing is...,16,25,.,0.3480131924152374
phase4_step_14995_EMA,Phrase 0: The quick brown fox ...,17,0, The,0.20751942694187164
phase4_step_14995_EMA,Phrase 0: The quick brown fox ...,17,1, balls,0.9035601615905762
phase4_step_14995_EMA,Phrase 0: The quick brown fox ...,17,2, brown,0.4515218138694763
phase4_step_14995_EMA,Phrase 0: The quick brown fox ...,17,3, fox,0.3507440388202667
phase4_step_14995_EMA,Phrase 0: The quick brown fox ...,17,4, stars,0.774127185344696
phase4_step_14995_EMA,Phrase 0: The quick brown fox ...,17,5, over,0.159603551030159
phase4_step_14995_EMA,Phrase 0: The quick brown fox ...,17,6, the,0.12205412238836288
phase4_step_14995_EMA,Phrase 0: The quick brown fox ...,17,7, lazy,0.3806988000869751
phase4_step_14995_EMA,Phrase 0: The quick brown fox ...,17,8, dog,0.33657968044281006
phase4_step_14995_EMA,Phrase 0: The quick brown fox ...,17,9,.,0.13352985680103302
phase4_step_14995_EMA,"Phrase 1: Мама мыла раму, а па...",17,0,М,0.4222103953361511
phase4_step_14995_EMA,"Phrase 1: Мама мыла раму, а па...",17,1,ам,0.38536733388900757
phase4_step_14995_EMA,"Phrase 1: Мама мыла раму, а па...",17,2,а,0.1926809400320053
phase4_step_14995_EMA,"Phrase 1: Мама мыла раму, а па...",17,3, мы,0.2760184109210968
phase4_step_14995_EMA,"Phrase 1: Мама мыла раму, а па...",17,4,-Cs,0.8515260815620422
phase4_step_14995_EMA,"Phrase 1: Мама мыла раму, а па...",17,5, гор,0.6366649866104126
phase4_step_14995_EMA,"Phrase 1: Мама мыла раму, а па...",17,6,у,0.1560402512550354
phase4_step_14995_EMA,"Phrase 1: Мама мыла раму, а па...",17,7,",",0.27828332781791687
phase4_step_14995_EMA,"Phrase 1: Мама мыла раму, а па...",17,8, а,0.20698779821395874
phase4_step_14995_EMA,"Phrase 1: Мама мыла раму, а па...",17,9, п,0.17516562342643738
phase4_step_14995_EMA,"Phrase 1: Мама мыла раму, а па...",17,10,ап,0.22423061728477478
phase4_step_14995_EMA,"Phrase 1: Мама мыла раму, а па...",17,11,а,0.09777604043483734
phase4_step_14995_EMA,"Phrase 1: Мама мыла раму, а па...",17,12, ч,0.24854497611522675
phase4_step_14995_EMA,"Phrase 1: Мама мыла раму, а па...",17,13,ин,0.23528076708316803
phase4_step_14995_EMA,"Phrase 1: Мама мыла раму, а па...",17,14,ного,0.9100014567375183
phase4_step_14995_EMA,"Phrase 1: Мама мыла раму, а па...",17,15, т,0.11418052017688751
phase4_step_14995_EMA,"Phrase 1: Мама мыла раму, а па...",17,16,ел,0.15265154838562012
phase4_step_14995_EMA,"Phrase 1: Мама мыла раму, а па...",17,17,ев,0.1517799347639084
phase4_step_14995_EMA,"Phrase 1: Мама мыла раму, а па...",17,18,из,0.21826550364494324
phase4_step_14995_EMA,"Phrase 1: Мама мыла раму, а па...",17,19,ор,0.1301472783088684
phase4_step_14995_EMA,"Phrase 1: Мама мыла раму, а па...",17,20,.,0.1722705364227295
phase4_step_14995_EMA,Phrase 2: Quantum computing is...,17,0,Graph,0.544089674949646
phase4_step_14995_EMA,Phrase 2: Quantum computing is...,17,1,um,0.5708326101303101
phase4_step_14995_EMA,Phrase 2: Quantum computing is...,17,2, computing,0.36856627464294434
phase4_step_14995_EMA,Phrase 2: Quantum computing is...,17,3, is,0.23296324908733368
phase4_step_14995_EMA,Phrase 2: Quantum computing is...,17,4, a,0.19967465102672577
phase4_step_14995_EMA,Phrase 2: Quantum computing is...,17,5, quickly,0.45650216937065125
phase4_step_14995_EMA,Phrase 2: Quantum computing is...,17,6, ener,0.6151335835456848
phase4_step_14995_EMA,Phrase 2: Quantum computing is...,17,7,erging,0.3186780512332916
phase4_step_14995_EMA,Phrase 2: Quantum computing is...,17,8, technology,0.3346900939941406
phase4_step_14995_EMA,Phrase 2: Quantum computing is...,17,9, that,0.2693715989589691
phase4_step_14995_EMA,Phrase 2: Quantum computing is...,17,10, harness,0.34406840801239014
phase4_step_14995_EMA,Phrase 2: Quantum computing is...,17,11,es,0.16263294219970703
phase4_step_14995_EMA,Phrase 2: Quantum computing is...,17,12, the,0.33470961451530457
phase4_step_14995_EMA,Phrase 2: Quantum computing is...,17,13, laws,0.31183329224586487
phase4_step_14995_EMA,Phrase 2: Quantum computing is...,17,14, -,0.9079064726829529
phase4_step_14995_EMA,Phrase 2: Quantum computing is...,17,15, geometric,0.4917629063129425
phase4_step_14995_EMA,Phrase 2: Quantum computing is...,17,16,m,0.6558793783187866
phase4_step_14995_EMA,Phrase 2: Quantum computing is...,17,17, to,0.11553558707237244
phase4_step_14995_EMA,Phrase 2: Quantum computing is...,17,18, solve,0.13569726049900055
phase4_step_14995_EMA,Phrase 2: Quantum computing is...,17,19, problem,0.3513682782649994
phase4_step_14995_EMA,Phrase 2: Quantum computing is...,17,20, too,0.2875150442123413
phase4_step_14995_EMA,Phrase 2: Quantum computing is...,17,21, complex,0.27343636751174927
phase4_step_14995_EMA,Phrase 2: Quantum computing is...,17,22, for,0.11828921735286713
phase4_step_14995_EMA,Phrase 2: Quantum computing is...,17,23, classical,0.47558215260505676
phase4_step_14995_EMA,Phrase 2: Quantum computing is...,17,24, random,0.8967680335044861
phase4_step_14995_EMA,Phrase 2: Quantum computing is...,17,25,.,0.32693883776664734
phase4_step_14995_EMA,Phrase 0: The quick brown fox ...,18,0, The,0.20342737436294556
phase4_step_14995_EMA,Phrase 0: The quick brown fox ...,18,1, balls,0.900964081287384
phase4_step_14995_EMA,Phrase 0: The quick brown fox ...,18,2, baz,0.4585084617137909
phase4_step_14995_EMA,Phrase 0: The quick brown fox ...,18,3, fox,0.3610397279262543
phase4_step_14995_EMA,Phrase 0: The quick brown fox ...,18,4, stars,0.7738866806030273
phase4_step_14995_EMA,Phrase 0: The quick brown fox ...,18,5, over,0.164755180478096
phase4_step_14995_EMA,Phrase 0: The quick brown fox ...,18,6, the,0.11514008790254593
phase4_step_14995_EMA,Phrase 0: The quick brown fox ...,18,7, lazy,0.3906579911708832
phase4_step_14995_EMA,Phrase 0: The quick brown fox ...,18,8, dog,0.3464643061161041
phase4_step_14995_EMA,Phrase 0: The quick brown fox ...,18,9,.,0.12568695843219757
phase4_step_14995_EMA,"Phrase 1: Мама мыла раму, а па...",18,0,М,0.41600874066352844
phase4_step_14995_EMA,"Phrase 1: Мама мыла раму, а па...",18,1,ам,0.3704127073287964
phase4_step_14995_EMA,"Phrase 1: Мама мыла раму, а па...",18,2,а,0.18234926462173462
phase4_step_14995_EMA,"Phrase 1: Мама мыла раму, а па...",18,3, мы,0.27771127223968506
phase4_step_14995_EMA,"Phrase 1: Мама мыла раму, а па...",18,4,-Cs,0.8471205234527588
phase4_step_14995_EMA,"Phrase 1: Мама мыла раму, а па...",18,5, гор,0.6369178295135498
phase4_step_14995_EMA,"Phrase 1: Мама мыла раму, а па...",18,6,у,0.1495150327682495
phase4_step_14995_EMA,"Phrase 1: Мама мыла раму, а па...",18,7,",",0.26117169857025146
phase4_step_14995_EMA,"Phrase 1: Мама мыла раму, а па...",18,8, а,0.200909823179245
phase4_step_14995_EMA,"Phrase 1: Мама мыла раму, а па...",18,9, п,0.17223474383354187
phase4_step_14995_EMA,"Phrase 1: Мама мыла раму, а па...",18,10,ап,0.23207350075244904
phase4_step_14995_EMA,"Phrase 1: Мама мыла раму, а па...",18,11,а,0.09456932544708252
phase4_step_14995_EMA,"Phrase 1: Мама мыла раму, а па...",18,12, ч,0.25377440452575684
phase4_step_14995_EMA,"Phrase 1: Мама мыла раму, а па...",18,13,ин,0.22728899121284485
phase4_step_14995_EMA,"Phrase 1: Мама мыла раму, а па...",18,14,ный,0.9089747667312622
phase4_step_14995_EMA,"Phrase 1: Мама мыла раму, а па...",18,15, т,0.1169762909412384
phase4_step_14995_EMA,"Phrase 1: Мама мыла раму, а па...",18,16,ел,0.1573774218559265
phase4_step_14995_EMA,"Phrase 1: Мама мыла раму, а па...",18,17,ев,0.1563311517238617
phase4_step_14995_EMA,"Phrase 1: Мама мыла раму, а па...",18,18,из,0.22324034571647644
phase4_step_14995_EMA,"Phrase 1: Мама мыла раму, а па...",18,19,ор,0.12975531816482544
phase4_step_14995_EMA,"Phrase 1: Мама мыла раму, а па...",18,20,.,0.16198551654815674
phase4_step_14995_EMA,Phrase 2: Quantum computing is...,18,0,Graph,0.5456089973449707
phase4_step_14995_EMA,Phrase 2: Quantum computing is...,18,1,um,0.5725604891777039
phase4_step_14995_EMA,Phrase 2: Quantum computing is...,18,2, computing,0.3687295615673065
phase4_step_14995_EMA,Phrase 2: Quantum computing is...,18,3, is,0.21866056323051453
phase4_step_14995_EMA,Phrase 2: Quantum computing is...,18,4, a,0.1874232143163681
phase4_step_14995_EMA,Phrase 2: Quantum computing is...,18,5, quickly,0.4596188962459564
phase4_step_14995_EMA,Phrase 2: Quantum computing is...,18,6, ener,0.6129834055900574
phase4_step_14995_EMA,Phrase 2: Quantum computing is...,18,7,erging,0.3307764232158661
phase4_step_14995_EMA,Phrase 2: Quantum computing is...,18,8, technology,0.343136191368103
phase4_step_14995_EMA,Phrase 2: Quantum computing is...,18,9, that,0.2530253231525421
phase4_step_14995_EMA,Phrase 2: Quantum computing is...,18,10, harness,0.35751503705978394
phase4_step_14995_EMA,Phrase 2: Quantum computing is...,18,11,es,0.1676088571548462
phase4_step_14995_EMA,Phrase 2: Quantum computing is...,18,12, the,0.3144493103027344
phase4_step_14995_EMA,Phrase 2: Quantum computing is...,18,13, laws,0.32331350445747375
phase4_step_14995_EMA,Phrase 2: Quantum computing is...,18,14, -,0.9090403914451599
phase4_step_14995_EMA,Phrase 2: Quantum computing is...,18,15, geometric,0.4936564564704895
phase4_step_14995_EMA,Phrase 2: Quantum computing is...,18,16,m,0.6576591730117798
phase4_step_14995_EMA,Phrase 2: Quantum computing is...,18,17, to,0.10863582044839859
phase4_step_14995_EMA,Phrase 2: Quantum computing is...,18,18, solve,0.13419069349765778
phase4_step_14995_EMA,Phrase 2: Quantum computing is...,18,19, problem,0.35005509853363037
phase4_step_14995_EMA,Phrase 2: Quantum computing is...,18,20, too,0.29886412620544434
phase4_step_14995_EMA,Phrase 2: Quantum computing is...,18,21, complex,0.2811262011528015
phase4_step_14995_EMA,Phrase 2: Quantum computing is...,18,22, for,0.11172422021627426
phase4_step_14995_EMA,Phrase 2: Quantum computing is...,18,23, classical,0.47675973176956177
phase4_step_14995_EMA,Phrase 2: Quantum computing is...,18,24, random,0.8958064317703247
phase4_step_14995_EMA,Phrase 2: Quantum computing is...,18,25,.,0.3071303069591522
phase4_step_14995_EMA,Phrase 0: The quick brown fox ...,19,0, The,0.20005175471305847
phase4_step_14995_EMA,Phrase 0: The quick brown fox ...,19,1, balls,0.8986727595329285
phase4_step_14995_EMA,Phrase 0: The quick brown fox ...,19,2, baz,0.4655952453613281
phase4_step_14995_EMA,Phrase 0: The quick brown fox ...,19,3, fox,0.37101271748542786
phase4_step_14995_EMA,Phrase 0: The quick brown fox ...,19,4, stars,0.7740111351013184
phase4_step_14995_EMA,Phrase 0: The quick brown fox ...,19,5, over,0.1697332113981247
phase4_step_14995_EMA,Phrase 0: The quick brown fox ...,19,6, the,0.10872003436088562
phase4_step_14995_EMA,Phrase 0: The quick brown fox ...,19,7, lazy,0.400376558303833
phase4_step_14995_EMA,Phrase 0: The quick brown fox ...,19,8, dog,0.356048047542572
phase4_step_14995_EMA,Phrase 0: The quick brown fox ...,19,9,.,0.11836189776659012
phase4_step_14995_EMA,"Phrase 1: Мама мыла раму, а па...",19,0,М,0.41096583008766174
phase4_step_14995_EMA,"Phrase 1: Мама мыла раму, а па...",19,1,ам,0.3566476106643677
phase4_step_14995_EMA,"Phrase 1: Мама мыла раму, а па...",19,2,а,0.17277996242046356
phase4_step_14995_EMA,"Phrase 1: Мама мыла раму, а па...",19,3, мы,0.279750257730484
phase4_step_14995_EMA,"Phrase 1: Мама мыла раму, а па...",19,4,-Cs,0.8432047963142395
phase4_step_14995_EMA,"Phrase 1: Мама мыла раму, а па...",19,5, гор,0.6376173496246338
phase4_step_14995_EMA,"Phrase 1: Мама мыла раму, а па...",19,6,у,0.14356042444705963
phase4_step_14995_EMA,"Phrase 1: Мама мыла раму, а па...",19,7,",",0.24509753286838531
phase4_step_14995_EMA,"Phrase 1: Мама мыла раму, а па...",19,8, а,0.19555149972438812
phase4_step_14995_EMA,"Phrase 1: Мама мыла раму, а па...",19,9, п,0.16981425881385803
phase4_step_14995_EMA,"Phrase 1: Мама мыла раму, а па...",19,10,ап,0.23956234753131866
phase4_step_14995_EMA,"Phrase 1: Мама мыла раму, а па...",19,11,а,0.09172087907791138
phase4_step_14995_EMA,"Phrase 1: Мама мыла раму, а па...",19,12, ч,0.25906890630722046
phase4_step_14995_EMA,"Phrase 1: Мама мыла раму, а па...",19,13,ин,0.22009216248989105
phase4_step_14995_EMA,"Phrase 1: Мама мыла раму, а па...",19,14,ный,0.9081622362136841
phase4_step_14995_EMA,"Phrase 1: Мама мыла раму, а па...",19,15, т,0.11967603862285614
phase4_step_14995_EMA,"Phrase 1: Мама мыла раму, а па...",19,16,ел,0.16193607449531555
phase4_step_14995_EMA,"Phrase 1: Мама мыла раму, а па...",19,17,ев,0.16071996092796326
phase4_step_14995_EMA,"Phrase 1: Мама мыла раму, а па...",19,18,из,0.22816529870033264
phase4_step_14995_EMA,"Phrase 1: Мама мыла раму, а па...",19,19,ор,0.12964560091495514
phase4_step_14995_EMA,"Phrase 1: Мама мыла раму, а па...",19,20,.,0.15235713124275208
phase4_step_14995_EMA,Phrase 2: Quantum computing is...,19,0,Graph,0.547588050365448
phase4_step_14995_EMA,Phrase 2: Quantum computing is...,19,1,um,0.5751203298568726
phase4_step_14995_EMA,Phrase 2: Quantum computing is...,19,2, computing,0.3693895936012268
phase4_step_14995_EMA,Phrase 2: Quantum computing is...,19,3, is,0.20523753762245178
phase4_step_14995_EMA,Phrase 2: Quantum computing is...,19,4, a,0.17592991888523102
phase4_step_14995_EMA,Phrase 2: Quantum computing is...,19,5, quickly,0.4630436897277832
phase4_step_14995_EMA,Phrase 2: Quantum computing is...,19,6, ener,0.6113985180854797
phase4_step_14995_EMA,Phrase 2: Quantum computing is...,19,7,erging,0.3423534631729126
phase4_step_14995_EMA,Phrase 2: Quantum computing is...,19,8, technology,0.3513936400413513
phase4_step_14995_EMA,Phrase 2: Quantum computing is...,19,9, that,0.23768921196460724
phase4_step_14995_EMA,Phrase 2: Quantum computing is...,19,10, harness,0.37041160464286804
phase4_step_14995_EMA,Phrase 2: Quantum computing is...,19,11,es,0.17239469289779663
phase4_step_14995_EMA,Phrase 2: Quantum computing is...,19,12, the,0.29542064666748047
phase4_step_14995_EMA,Phrase 2: Quantum computing is...,19,13, laws,0.3342563807964325
phase4_step_14995_EMA,Phrase 2: Quantum computing is...,19,14, -,0.9102915525436401
phase4_step_14995_EMA,Phrase 2: Quantum computing is...,19,15, geometric,0.4959890842437744
phase4_step_14995_EMA,Phrase 2: Quantum computing is...,19,16,m,0.6599873304367065
phase4_step_14995_EMA,Phrase 2: Quantum computing is...,19,17, to,0.10218431800603867
phase4_step_14995_EMA,Phrase 2: Quantum computing is...,19,18, solve,0.13310053944587708
phase4_step_14995_EMA,Phrase 2: Quantum computing is...,19,19, problem,0.3494146764278412
phase4_step_14995_EMA,Phrase 2: Quantum computing is...,19,20, too,0.3097773790359497
phase4_step_14995_EMA,Phrase 2: Quantum computing is...,19,21, complex,0.28857457637786865
phase4_step_14995_EMA,Phrase 2: Quantum computing is...,19,22, for,0.10563427954912186
phase4_step_14995_EMA,Phrase 2: Quantum computing is...,19,23, classical,0.4783835709095001
phase4_step_14995_EMA,Phrase 2: Quantum computing is...,19,24, rabbits,0.895165741443634
phase4_step_14995_EMA,Phrase 2: Quantum computing is...,19,25,.,0.2885206937789917
phase4_step_14995_EMA,Phrase 0: The quick brown fox ...,20,0, The,0.19732028245925903
phase4_step_14995_EMA,Phrase 0: The quick brown fox ...,20,1, balls,0.8966664671897888
phase4_step_14995_EMA,Phrase 0: The quick brown fox ...,20,2, baz,0.472727507352829
phase4_step_14995_EMA,Phrase 0: The quick brown fox ...,20,3, fox,0.38065558671951294
phase4_step_14995_EMA,Phrase 0: The quick brown fox ...,20,4, stars,0.7744531035423279
phase4_step_14995_EMA,Phrase 0: The quick brown fox ...,20,5, over,0.17453953623771667
phase4_step_14995_EMA,Phrase 0: The quick brown fox ...,20,6, the,0.10276531428098679
phase4_step_14995_EMA,Phrase 0: The quick brown fox ...,20,7, lazy,0.4098314940929413
phase4_step_14995_EMA,Phrase 0: The quick brown fox ...,20,8, dog,0.3653200566768646
phase4_step_14995_EMA,Phrase 0: The quick brown fox ...,20,9,.,0.11152452975511551
phase4_step_14995_EMA,"Phrase 1: Мама мыла раму, а па...",20,0,М,0.40697941184043884
phase4_step_14995_EMA,"Phrase 1: Мама мыла раму, а па...",20,1,ам,0.3440089225769043
phase4_step_14995_EMA,"Phrase 1: Мама мыла раму, а па...",20,2,а,0.16393204033374786
phase4_step_14995_EMA,"Phrase 1: Мама мыла раму, а па...",20,3, мы,0.28206825256347656
phase4_step_14995_EMA,"Phrase 1: Мама мыла раму, а па...",20,4,-Cs,0.8397437334060669
phase4_step_14995_EMA,"Phrase 1: Мама мыла раму, а па...",20,5, гор,0.6386962532997131
phase4_step_14995_EMA,"Phrase 1: Мама мыла раму, а па...",20,6,у,0.13813723623752594
phase4_step_14995_EMA,"Phrase 1: Мама мыла раму, а па...",20,7,",",0.23000186681747437
phase4_step_14995_EMA,"Phrase 1: Мама мыла раму, а па...",20,8, а,0.19085575640201569
phase4_step_14995_EMA,"Phrase 1: Мама мыла раму, а па...",20,9, п,0.16784852743148804
phase4_step_14995_EMA,"Phrase 1: Мама мыла раму, а па...",20,10,ап,0.24671052396297455
phase4_step_14995_EMA,"Phrase 1: Мама мыла раму, а па...",20,11,а,0.08920495212078094
phase4_step_14995_EMA,"Phrase 1: Мама мыла раму, а па...",20,12, ч,0.2643882930278778
phase4_step_14995_EMA,"Phrase 1: Мама мыла раму, а па...",20,13,ин,0.21363650262355804
phase4_step_14995_EMA,"Phrase 1: Мама мыла раму, а па...",20,14,ный,0.9075433611869812
phase4_step_14995_EMA,"Phrase 1: Мама мыла раму, а па...",20,15, т,0.1222737655043602
phase4_step_14995_EMA,"Phrase 1: Мама мыла раму, а па...",20,16,ел,0.1663278341293335
phase4_step_14995_EMA,"Phrase 1: Мама мыла раму, а па...",20,17,ев,0.16494472324848175
phase4_step_14995_EMA,"Phrase 1: Мама мыла раму, а па...",20,18,из,0.2330140322446823
phase4_step_14995_EMA,"Phrase 1: Мама мыла раму, а па...",20,19,ор,0.1297750025987625
phase4_step_14995_EMA,"Phrase 1: Мама мыла раму, а па...",20,20,.,0.14334642887115479
phase4_step_14995_EMA,Phrase 2: Quantum computing is...,20,0, Graph,0.5499492287635803
phase4_step_14995_EMA,Phrase 2: Quantum computing is...,20,1,um,0.5783994197845459
phase4_step_14995_EMA,Phrase 2: Quantum computing is...,20,2, compute,0.37047141790390015
phase4_step_14995_EMA,Phrase 2: Quantum computing is...,20,3, is,0.19264261424541473
phase4_step_14995_EMA,Phrase 2: Quantum computing is...,20,4, a,0.1651504635810852
phase4_step_14995_EMA,Phrase 2: Quantum computing is...,20,5, quickly,0.4667070209980011
phase4_step_14995_EMA,Phrase 2: Quantum computing is...,20,6, ener,0.6103125810623169
phase4_step_14995_EMA,Phrase 2: Quantum computing is...,20,7,erging,0.35343608260154724
phase4_step_14995_EMA,Phrase 2: Quantum computing is...,20,8, technology,0.3594339191913605
phase4_step_14995_EMA,Phrase 2: Quantum computing is...,20,9, that,0.2233068346977234
phase4_step_14995_EMA,Phrase 2: Quantum computing is...,20,10, harness,0.3827853798866272
phase4_step_14995_EMA,Phrase 2: Quantum computing is...,20,11,es,0.17699430882930756
phase4_step_14995_EMA,Phrase 2: Quantum computing is...,20,12, the,0.27755793929100037
phase4_step_14995_EMA,Phrase 2: Quantum computing is...,20,13, laws,0.344688355922699
phase4_step_14995_EMA,Phrase 2: Quantum computing is...,20,14, -,0.9116384387016296
phase4_step_14995_EMA,Phrase 2: Quantum computing is...,20,15, geometric,0.4986867308616638
phase4_step_14995_EMA,Phrase 2: Quantum computing is...,20,16,m,0.6627790927886963
phase4_step_14995_EMA,Phrase 2: Quantum computing is...,20,17, to,0.09615493565797806
phase4_step_14995_EMA,Phrase 2: Quantum computing is...,20,18, solve,0.13237424194812775
phase4_step_14995_EMA,Phrase 2: Quantum computing is...,20,19, problem,0.34934329986572266
phase4_step_14995_EMA,Phrase 2: Quantum computing is...,20,20, too,0.32027214765548706
phase4_step_14995_EMA,Phrase 2: Quantum computing is...,20,21, complex,0.2957707941532135
phase4_step_14995_EMA,Phrase 2: Quantum computing is...,20,22, for,0.09999383985996246
phase4_step_14995_EMA,Phrase 2: Quantum computing is...,20,23, classical,0.4803790748119354
phase4_step_14995_EMA,Phrase 2: Quantum computing is...,20,24, rabbits,0.8948143124580383
phase4_step_14995_EMA,Phrase 2: Quantum computing is...,20,25,.,0.27104508876800537
phase4_step_14995_EMA,Phrase 0: The quick brown fox ...,21,0, The,0.19516335427761078
phase4_step_14995_EMA,Phrase 0: The quick brown fox ...,21,1, balls,0.8949254155158997
phase4_step_14995_EMA,Phrase 0: The quick brown fox ...,21,2, baz,0.4798606038093567
phase4_step_14995_EMA,Phrase 0: The quick brown fox ...,21,3, fox,0.3899676203727722
phase4_step_14995_EMA,Phrase 0: The quick brown fox ...,21,4, stars,0.7751693725585938
phase4_step_14995_EMA,Phrase 0: The quick brown fox ...,21,5, over,0.17917974293231964
phase4_step_14995_EMA,Phrase 0: The quick brown fox ...,21,6, the,0.09725278615951538
phase4_step_14995_EMA,Phrase 0: The quick brown fox ...,21,7, lazy,0.4190085530281067
phase4_step_14995_EMA,Phrase 0: The quick brown fox ...,21,8, dog,0.3742755949497223
phase4_step_14995_EMA,Phrase 0: The quick brown fox ...,21,9,.,0.10514774173498154
phase4_step_14995_EMA,"Phrase 1: Мама мыла раму, а па...",21,0,М,0.4039497673511505
phase4_step_14995_EMA,"Phrase 1: Мама мыла раму, а па...",21,1,ам,0.33243435621261597
phase4_step_14995_EMA,"Phrase 1: Мама мыла раму, а па...",21,2,а,0.15576763451099396
phase4_step_14995_EMA,"Phrase 1: Мама мыла раму, а па...",21,3, мы,0.28460800647735596
phase4_step_14995_EMA,"Phrase 1: Мама мыла раму, а па...",21,4,-Cs,0.8367025256156921
phase4_step_14995_EMA,"Phrase 1: Мама мыла раму, а па...",21,5, гор,0.6400952339172363
phase4_step_14995_EMA,"Phrase 1: Мама мыла раму, а па...",21,6,у,0.13320982456207275
phase4_step_14995_EMA,"Phrase 1: Мама мыла раму, а па...",21,7,",",0.21582810580730438
phase4_step_14995_EMA,"Phrase 1: Мама мыла раму, а па...",21,8, а,0.18676668405532837
phase4_step_14995_EMA,"Phrase 1: Мама мыла раму, а па...",21,9, п,0.16628625988960266
phase4_step_14995_EMA,"Phrase 1: Мама мыла раму, а па...",21,10,ап,0.25353193283081055
phase4_step_14995_EMA,"Phrase 1: Мама мыла раму, а па...",21,11,а,0.08699583262205124
phase4_step_14995_EMA,"Phrase 1: Мама мыла раму, а па...",21,12, ч,0.2697003185749054
phase4_step_14995_EMA,"Phrase 1: Мама мыла раму, а па...",21,13,ин,0.207869753241539
phase4_step_14995_EMA,"Phrase 1: Мама мыла раму, а па...",21,14,ный,0.9070978164672852
phase4_step_14995_EMA,"Phrase 1: Мама мыла раму, а па...",21,15, т,0.12476510554552078
phase4_step_14995_EMA,"Phrase 1: Мама мыла раму, а па...",21,16,ел,0.17055563628673553
phase4_step_14995_EMA,"Phrase 1: Мама мыла раму, а па...",21,17,ев,0.16900797188282013
phase4_step_14995_EMA,"Phrase 1: Мама мыла раму, а па...",21,18,из,0.23776701092720032
phase4_step_14995_EMA,"Phrase 1: Мама мыла раму, а па...",21,19,ор,0.13010410964488983
phase4_step_14995_EMA,"Phrase 1: Мама мыла раму, а па...",21,20,.,0.13491836190223694
phase4_step_14995_EMA,Phrase 2: Quantum computing is...,21,0, Graph,0.5526247024536133
phase4_step_14995_EMA,Phrase 2: Quantum computing is...,21,1,um,0.5822944641113281
phase4_step_14995_EMA,Phrase 2: Quantum computing is...,21,2, compute,0.3719083368778229
phase4_step_14995_EMA,Phrase 2: Quantum computing is...,21,3, is,0.1808270663022995
phase4_step_14995_EMA,Phrase 2: Quantum computing is...,21,4, a,0.1550421267747879
phase4_step_14995_EMA,Phrase 2: Quantum computing is...,21,5, quickly,0.4705501198768616
phase4_step_14995_EMA,Phrase 2: Quantum computing is...,21,6, ener,0.6096644997596741
phase4_step_14995_EMA,Phrase 2: Quantum computing is...,21,7,erging,0.36405080556869507
phase4_step_14995_EMA,Phrase 2: Quantum computing is...,21,8, technology,0.36723801493644714
phase4_step_14995_EMA,Phrase 2: Quantum computing is...,21,9, that,0.20982296764850616
phase4_step_14995_EMA,Phrase 2: Quantum computing is...,21,10, harness,0.39466404914855957
phase4_step_14995_EMA,Phrase 2: Quantum computing is...,21,11,es,0.1814136654138565
phase4_step_14995_EMA,Phrase 2: Quantum computing is...,21,12, the,0.26079803705215454
phase4_step_14995_EMA,Phrase 2: Quantum computing is...,21,13, laws,0.35463592410087585
phase4_step_14995_EMA,Phrase 2: Quantum computing is...,21,14, -,0.9130614995956421
phase4_step_14995_EMA,Phrase 2: Quantum computing is...,21,15, geometric,0.5016847848892212
phase4_step_14995_EMA,Phrase 2: Quantum computing is...,21,16,m,0.6659573912620544
phase4_step_14995_EMA,Phrase 2: Quantum computing is...,21,17, to,0.09052356332540512
phase4_step_14995_EMA,Phrase 2: Quantum computing is...,21,18, solve,0.13196298480033875
phase4_step_14995_EMA,Phrase 2: Quantum computing is...,21,19, problem,0.349748432636261
phase4_step_14995_EMA,Phrase 2: Quantum computing is...,21,20, too,0.3303655982017517
phase4_step_14995_EMA,Phrase 2: Quantum computing is...,21,21, complex,0.30270978808403015
phase4_step_14995_EMA,Phrase 2: Quantum computing is...,21,22, for,0.09478214383125305
phase4_step_14995_EMA,Phrase 2: Quantum computing is...,21,23, classical,0.4826815128326416
phase4_step_14995_EMA,Phrase 2: Quantum computing is...,21,24, rabbits,0.8947224020957947
phase4_step_14995_EMA,Phrase 2: Quantum computing is...,21,25,.,0.254640132188797
phase4_step_14995_EMA,Phrase 0: The quick brown fox ...,22,0, The,0.19351471960544586
phase4_step_14995_EMA,Phrase 0: The quick brown fox ...,22,1,_deg,0.8934301733970642
phase4_step_14995_EMA,Phrase 0: The quick brown fox ...,22,2, baz,0.48695918917655945
phase4_step_14995_EMA,Phrase 0: The quick brown fox ...,22,3, fox,0.3989519476890564
phase4_step_14995_EMA,Phrase 0: The quick brown fox ...,22,4, стоит,0.7761209607124329
phase4_step_14995_EMA,Phrase 0: The quick brown fox ...,22,5, over,0.1836594194173813
phase4_step_14995_EMA,Phrase 0: The quick brown fox ...,22,6, the,0.09215803444385529
phase4_step_14995_EMA,Phrase 0: The quick brown fox ...,22,7, lazy,0.42789995670318604
phase4_step_14995_EMA,Phrase 0: The quick brown fox ...,22,8, dog,0.3829154074192047
phase4_step_14995_EMA,Phrase 0: The quick brown fox ...,22,9,.,0.09920503944158554
phase4_step_14995_EMA,"Phrase 1: Мама мыла раму, а па...",22,0,М,0.4017811417579651
phase4_step_14995_EMA,"Phrase 1: Мама мыла раму, а па...",22,1,ам,0.3218629062175751
phase4_step_14995_EMA,"Phrase 1: Мама мыла раму, а па...",22,2,а,0.14824962615966797
phase4_step_14995_EMA,"Phrase 1: Мама мыла раму, а па...",22,3, мы,0.28732118010520935
phase4_step_14995_EMA,"Phrase 1: Мама мыла раму, а па...",22,4,-Cs,0.8340475559234619
phase4_step_14995_EMA,"Phrase 1: Мама мыла раму, а па...",22,5, гар,0.641762375831604
phase4_step_14995_EMA,"Phrase 1: Мама мыла раму, а па...",22,6,у,0.12874284386634827
phase4_step_14995_EMA,"Phrase 1: Мама мыла раму, а па...",22,7,",",0.20252211391925812
phase4_step_14995_EMA,"Phrase 1: Мама мыла раму, а па...",22,8, а,0.18322959542274475
phase4_step_14995_EMA,"Phrase 1: Мама мыла раму, а па...",22,9, п,0.16508033871650696
phase4_step_14995_EMA,"Phrase 1: Мама мыла раму, а па...",22,10,ап,0.26004132628440857
phase4_step_14995_EMA,"Phrase 1: Мама мыла раму, а па...",22,11,а,0.0850682482123375
phase4_step_14995_EMA,"Phrase 1: Мама мыла раму, а па...",22,12, ч,0.2749810814857483
phase4_step_14995_EMA,"Phrase 1: Мама мыла раму, а па...",22,13,ин,0.2027415782213211
phase4_step_14995_EMA,"Phrase 1: Мама мыла раму, а па...",22,14,ный,0.9068059325218201
phase4_step_14995_EMA,"Phrase 1: Мама мыла раму, а па...",22,15, т,0.12715092301368713
phase4_step_14995_EMA,"Phrase 1: Мама мыла раму, а па...",22,16,ел,0.17462319135665894
phase4_step_14995_EMA,"Phrase 1: Мама мыла раму, а па...",22,17,ев,0.17291325330734253
phase4_step_14995_EMA,"Phrase 1: Мама мыла раму, а па...",22,18,из,0.24241098761558533
phase4_step_14995_EMA,"Phrase 1: Мама мыла раму, а па...",22,19,ор,0.1305990219116211
phase4_step_14995_EMA,"Phrase 1: Мама мыла раму, а па...",22,20,.,0.1270384043455124
phase4_step_14995_EMA,Phrase 2: Quantum computing is...,22,0, Graph,0.5555549263954163
phase4_step_14995_EMA,Phrase 2: Quantum computing is...,22,1,u,0.586711585521698
phase4_step_14995_EMA,Phrase 2: Quantum computing is...,22,2, compute,0.3736423850059509
phase4_step_14995_EMA,Phrase 2: Quantum computing is...,22,3, is,0.1697452962398529
phase4_step_14995_EMA,Phrase 2: Quantum computing is...,22,4, a,0.14556512236595154
phase4_step_14995_EMA,Phrase 2: Quantum computing is...,22,5, quickly,0.47452303767204285
phase4_step_14995_EMA,Phrase 2: Quantum computing is...,22,6, Em,0.6093995571136475
phase4_step_14995_EMA,Phrase 2: Quantum computing is...,22,7,erging,0.37422335147857666
phase4_step_14995_EMA,Phrase 2: Quantum computing is...,22,8, technology,0.37479400634765625
phase4_step_14995_EMA,Phrase 2: Quantum computing is...,22,9, that,0.19718536734580994
phase4_step_14995_EMA,Phrase 2: Quantum computing is...,22,10, harness,0.4060741662979126
phase4_step_14995_EMA,Phrase 2: Quantum computing is...,22,11,es,0.18565955758094788
phase4_step_14995_EMA,Phrase 2: Quantum computing is...,22,12, the,0.24507875740528107
phase4_step_14995_EMA,Phrase 2: Quantum computing is...,22,13, laws,0.3641255795955658
phase4_step_14995_EMA,Phrase 2: Quantum computing is...,22,14, for,0.9145431518554688
phase4_step_14995_EMA,Phrase 2: Quantum computing is...,22,15, geometric,0.504926860332489
phase4_step_14995_EMA,Phrase 2: Quantum computing is...,22,16,m,0.6694533824920654
phase4_step_14995_EMA,Phrase 2: Quantum computing is...,22,17, to,0.08526738733053207
phase4_step_14995_EMA,Phrase 2: Quantum computing is...,22,18, solve,0.13182112574577332
phase4_step_14995_EMA,Phrase 2: Quantum computing is...,22,19, problem,0.35054734349250793
phase4_step_14995_EMA,Phrase 2: Quantum computing is...,22,20, too,0.34007617831230164
phase4_step_14995_EMA,Phrase 2: Quantum computing is...,22,21, complex,0.3093913197517395
phase4_step_14995_EMA,Phrase 2: Quantum computing is...,22,22, for,0.0899737998843193
phase4_step_14995_EMA,Phrase 2: Quantum computing is...,22,23, classical,0.48523440957069397
phase4_step_14995_EMA,Phrase 2: Quantum computing is...,22,24, randomness,0.8948626518249512
phase4_step_14995_EMA,Phrase 2: Quantum computing is...,22,25,.,0.23924462497234344
phase4_step_14995_EMA,Phrase 0: The quick brown fox ...,23,0, The,0.19231191277503967
phase4_step_14995_EMA,Phrase 0: The quick brown fox ...,23,1,_deg,0.8921619057655334
phase4_step_14995_EMA,Phrase 0: The quick brown fox ...,23,2, baz,0.4939950406551361
phase4_step_14995_EMA,Phrase 0: The quick brown fox ...,23,3, fox,0.40761473774909973
phase4_step_14995_EMA,Phrase 0: The quick brown fox ...,23,4, стоит,0.7772730588912964
phase4_step_14995_EMA,Phrase 0: The quick brown fox ...,23,5, over,0.18798574805259705
phase4_step_14995_EMA,Phrase 0: The quick brown fox ...,23,6, the,0.08745922148227692
phase4_step_14995_EMA,Phrase 0: The quick brown fox ...,23,7, lazy,0.4365033209323883
phase4_step_14995_EMA,Phrase 0: The quick brown fox ...,23,8, dog,0.3912438154220581
phase4_step_14995_EMA,Phrase 0: The quick brown fox ...,23,9,.,0.09367263317108154
phase4_step_14995_EMA,"Phrase 1: Мама мыла раму, а па...",23,0,М,0.40038272738456726
phase4_step_14995_EMA,"Phrase 1: Мама мыла раму, а па...",23,1,ам,0.31223389506340027
phase4_step_14995_EMA,"Phrase 1: Мама мыла раму, а па...",23,2,а,0.141343891620636
phase4_step_14995_EMA,"Phrase 1: Мама мыла раму, а па...",23,3, мы,0.290166974067688
phase4_step_14995_EMA,"Phrase 1: Мама мыла раму, а па...",23,4,-Cs,0.8317466378211975
phase4_step_14995_EMA,"Phrase 1: Мама мыла раму, а па...",23,5, гар,0.6436527967453003
phase4_step_14995_EMA,"Phrase 1: Мама мыла раму, а па...",23,6,у,0.12470293045043945
phase4_step_14995_EMA,"Phrase 1: Мама мыла раму, а па...",23,7,",",0.19003286957740784
phase4_step_14995_EMA,"Phrase 1: Мама мыла раму, а па...",23,8, а,0.18019255995750427
phase4_step_14995_EMA,"Phrase 1: Мама мыла раму, а па...",23,9, п,0.16418634355068207
phase4_step_14995_EMA,"Phrase 1: Мама мыла раму, а па...",23,10,ап,0.2662540376186371
phase4_step_14995_EMA,"Phrase 1: Мама мыла раму, а па...",23,11,а,0.08339859545230865
phase4_step_14995_EMA,"Phrase 1: Мама мыла раму, а па...",23,12, ч,0.28021201491355896
phase4_step_14995_EMA,"Phrase 1: Мама мыла раму, а па...",23,13,ин,0.19820338487625122
phase4_step_14995_EMA,"Phrase 1: Мама мыла раму, а па...",23,14,ный,0.9066494703292847
phase4_step_14995_EMA,"Phrase 1: Мама мыла раму, а па...",23,15, т,0.12943002581596375
phase4_step_14995_EMA,"Phrase 1: Мама мыла раму, а па...",23,16,ел,0.1785374879837036
phase4_step_14995_EMA,"Phrase 1: Мама мыла раму, а па...",23,17,ев,0.17666538059711456
phase4_step_14995_EMA,"Phrase 1: Мама мыла раму, а па...",23,18,из,0.2469373345375061
phase4_step_14995_EMA,"Phrase 1: Мама мыла раму, а па...",23,19,ор,0.13123084604740143
phase4_step_14995_EMA,"Phrase 1: Мама мыла раму, а па...",23,20,.,0.11967562884092331
phase4_step_14995_EMA,Phrase 2: Quantum computing is...,23,0, Graph,0.5586885213851929
phase4_step_14995_EMA,Phrase 2: Quantum computing is...,23,1,u,0.5915665030479431
phase4_step_14995_EMA,Phrase 2: Quantum computing is...,23,2, compute,0.375622034072876
phase4_step_14995_EMA,Phrase 2: Quantum computing is...,23,3, is,0.1593548208475113
phase4_step_14995_EMA,Phrase 2: Quantum computing is...,23,4, a,0.13668209314346313
phase4_step_14995_EMA,Phrase 2: Quantum computing is...,23,5, quickly,0.478583961725235
phase4_step_14995_EMA,Phrase 2: Quantum computing is...,23,6, Em,0.6094682812690735
phase4_step_14995_EMA,Phrase 2: Quantum computing is...,23,7,erging,0.38397952914237976
phase4_step_14995_EMA,Phrase 2: Quantum computing is...,23,8, technology,0.38209542632102966
phase4_step_14995_EMA,Phrase 2: Quantum computing is...,23,9, that,0.18534573912620544
phase4_step_14995_EMA,Phrase 2: Quantum computing is...,23,10, harness,0.4170421361923218
phase4_step_14995_EMA,Phrase 2: Quantum computing is...,23,11,es,0.1897401660680771
phase4_step_14995_EMA,Phrase 2: Quantum computing is...,23,12, the,0.2303418219089508
phase4_step_14995_EMA,Phrase 2: Quantum computing is...,23,13, laws,0.3731828033924103
phase4_step_14995_EMA,Phrase 2: Quantum computing is...,23,14, for,0.9160679578781128
phase4_step_14995_EMA,Phrase 2: Quantum computing is...,23,15, geometric,0.5083645582199097
phase4_step_14995_EMA,Phrase 2: Quantum computing is...,23,16,m,0.673205554485321
phase4_step_14995_EMA,Phrase 2: Quantum computing is...,23,17, to,0.08036448806524277
phase4_step_14995_EMA,Phrase 2: Quantum computing is...,23,18, solve,0.13190858066082
phase4_step_14995_EMA,Phrase 2: Quantum computing is...,23,19, problem,0.35166773200035095
phase4_step_14995_EMA,Phrase 2: Quantum computing is...,23,20, too,0.34942179918289185
phase4_step_14995_EMA,Phrase 2: Quantum computing is...,23,21, complex,0.31581881642341614
phase4_step_14995_EMA,Phrase 2: Quantum computing is...,23,22, for,0.08554966002702713
phase4_step_14995_EMA,Phrase 2: Quantum computing is...,23,23, classical,0.4879893362522125
phase4_step_14995_EMA,Phrase 2: Quantum computing is...,23,24, randomness,0.8952098488807678
phase4_step_14995_EMA,Phrase 2: Quantum computing is...,23,25,.,0.224800243973732
phase4_step_14995_EMA,Phrase 0: The quick brown fox ...,24,0, The,0.19149650633335114
phase4_step_14995_EMA,Phrase 0: The quick brown fox ...,24,1,_deg,0.89110267162323
phase4_step_14995_EMA,Phrase 0: The quick brown fox ...,24,2, baz,0.5009459257125854
phase4_step_14995_EMA,Phrase 0: The quick brown fox ...,24,3, fox,0.41596418619155884
phase4_step_14995_EMA,Phrase 0: The quick brown fox ...,24,4, стоит,0.7785943150520325
phase4_step_14995_EMA,Phrase 0: The quick brown fox ...,24,5, over,0.19216671586036682
phase4_step_14995_EMA,Phrase 0: The quick brown fox ...,24,6, the,0.08313500136137009
phase4_step_14995_EMA,Phrase 0: The quick brown fox ...,24,7, lazy,0.44481992721557617
phase4_step_14995_EMA,Phrase 0: The quick brown fox ...,24,8, dog,0.39926689863204956
phase4_step_14995_EMA,Phrase 0: The quick brown fox ...,24,9,.,0.0885264202952385
phase4_step_14995_EMA,"Phrase 1: Мама мыла раму, а па...",24,0,М,0.39966824650764465
phase4_step_14995_EMA,"Phrase 1: Мама мыла раму, а па...",24,1,ам,0.3034883439540863
phase4_step_14995_EMA,"Phrase 1: Мама мыла раму, а па...",24,2,а,0.13501645624637604
phase4_step_14995_EMA,"Phrase 1: Мама мыла раму, а па...",24,3, мы,0.29311200976371765
phase4_step_14995_EMA,"Phrase 1: Мама мыла раму, а па...",24,4,-Cs,0.8297688364982605
phase4_step_14995_EMA,"Phrase 1: Мама мыла раму, а па...",24,5, гар,0.6457276344299316
phase4_step_14995_EMA,"Phrase 1: Мама мыла раму, а па...",24,6,у,0.12105920910835266
phase4_step_14995_EMA,"Phrase 1: Мама мыла раму, а па...",24,7,",",0.1783115416765213
phase4_step_14995_EMA,"Phrase 1: Мама мыла раму, а па...",24,8, а,0.17760547995567322
phase4_step_14995_EMA,"Phrase 1: Мама мыла раму, а па...",24,9, п,0.16356435418128967
phase4_step_14995_EMA,"Phrase 1: Мама мыла раму, а па...",24,10,ап,0.2721858620643616
phase4_step_14995_EMA,"Phrase 1: Мама мыла раму, а па...",24,11,а,0.08196322619915009
phase4_step_14995_EMA,"Phrase 1: Мама мыла раму, а па...",24,12, ч,0.28538012504577637
phase4_step_14995_EMA,"Phrase 1: Мама мыла раму, а па...",24,13,ин,0.19420824944972992
phase4_step_14995_EMA,"Phrase 1: Мама мыла раму, а па...",24,14,ный,0.9066110253334045
phase4_step_14995_EMA,"Phrase 1: Мама мыла раму, а па...",24,15, т,0.13160739839076996
phase4_step_14995_EMA,"Phrase 1: Мама мыла раму, а па...",24,16,ел,0.18230481445789337
phase4_step_14995_EMA,"Phrase 1: Мама мыла раму, а па...",24,17,ев,0.180270254611969
phase4_step_14995_EMA,"Phrase 1: Мама мыла раму, а па...",24,18,из,0.25134119391441345
phase4_step_14995_EMA,"Phrase 1: Мама мыла раму, а па...",24,19,ор,0.13197441399097443
phase4_step_14995_EMA,"Phrase 1: Мама мыла раму, а па...",24,20,.,0.11279988288879395
phase4_step_14995_EMA,Phrase 2: Quantum computing is...,24,0, Graph,0.5619807839393616
phase4_step_14995_EMA,Phrase 2: Quantum computing is...,24,1,u,0.5967829823493958
phase4_step_14995_EMA,Phrase 2: Quantum computing is...,24,2, compute,0.3778039813041687
phase4_step_14995_EMA,Phrase 2: Quantum computing is...,24,3, is,0.14961479604244232
phase4_step_14995_EMA,Phrase 2: Quantum computing is...,24,4, a,0.128358393907547
phase4_step_14995_EMA,Phrase 2: Quantum computing is...,24,5, quickly,0.48269811272621155
phase4_step_14995_EMA,Phrase 2: Quantum computing is...,24,6, Em,0.6098263263702393
phase4_step_14995_EMA,Phrase 2: Quantum computing is...,24,7,erging,0.39334309101104736
phase4_step_14995_EMA,Phrase 2: Quantum computing is...,24,8, technology,0.38913998007774353
phase4_step_14995_EMA,Phrase 2: Quantum computing is...,24,9, that,0.1742583066225052
phase4_step_14995_EMA,Phrase 2: Quantum computing is...,24,10, harness,0.42759305238723755
phase4_step_14995_EMA,Phrase 2: Quantum computing is...,24,11,es,0.19366398453712463
phase4_step_14995_EMA,Phrase 2: Quantum computing is...,24,12, the,0.21653075516223907
phase4_step_14995_EMA,Phrase 2: Quantum computing is...,24,13, laws,0.3818329870700836
phase4_step_14995_EMA,Phrase 2: Quantum computing is...,24,14, for,0.9176223874092102
phase4_step_14995_EMA,Phrase 2: Quantum computing is...,24,15, geometric,0.5119565725326538
phase4_step_14995_EMA,Phrase 2: Quantum computing is...,24,16,m,0.6771597862243652
phase4_step_14995_EMA,Phrase 2: Quantum computing is...,24,17, to,0.0757945105433464
phase4_step_14995_EMA,Phrase 2: Quantum computing is...,24,18, solve,0.13218864798545837
phase4_step_14995_EMA,Phrase 2: Quantum computing is...,24,19, problem,0.353045791387558
phase4_step_14995_EMA,Phrase 2: Quantum computing is...,24,20, too,0.35842031240463257
phase4_step_14995_EMA,Phrase 2: Quantum computing is...,24,21, complex,0.3219974935054779
phase4_step_14995_EMA,Phrase 2: Quantum computing is...,24,22, for,0.081488698720932
phase4_step_14995_EMA,Phrase 2: Quantum computing is...,24,23, classical,0.4909045994281769
phase4_step_14995_EMA,Phrase 2: Quantum computing is...,24,24, randomness,0.8957409262657166
phase4_step_14995_EMA,Phrase 2: Quantum computing is...,24,25,.,0.21125224232673645
phase4_step_14995_EMA,Phrase 0: The quick brown fox ...,25,0, The,0.19101502001285553
phase4_step_14995_EMA,Phrase 0: The quick brown fox ...,25,1,_deg,0.890235185623169
phase4_step_14995_EMA,Phrase 0: The quick brown fox ...,25,2, baz,0.5077953934669495
phase4_step_14995_EMA,Phrase 0: The quick brown fox ...,25,3, fox,0.42401033639907837
phase4_step_14995_EMA,Phrase 0: The quick brown fox ...,25,4, стоит,0.7800572514533997
phase4_step_14995_EMA,Phrase 0: The quick brown fox ...,25,5, over,0.19620977342128754
phase4_step_14995_EMA,Phrase 0: The quick brown fox ...,25,6, the,0.07916570454835892
phase4_step_14995_EMA,Phrase 0: The quick brown fox ...,25,7, lazy,0.4528539180755615
phase4_step_14995_EMA,Phrase 0: The quick brown fox ...,25,8, dog,0.4069936275482178
phase4_step_14995_EMA,Phrase 0: The quick brown fox ...,25,9,.,0.08374587446451187
phase4_step_14995_EMA,"Phrase 1: Мама мыла раму, а па...",25,0,К,0.39955782890319824
phase4_step_14995_EMA,"Phrase 1: Мама мыла раму, а па...",25,1,ам,0.2955685555934906
phase4_step_14995_EMA,"Phrase 1: Мама мыла раму, а па...",25,2,а,0.12923556566238403
phase4_step_14995_EMA,"Phrase 1: Мама мыла раму, а па...",25,3, мы,0.2961287498474121
phase4_step_14995_EMA,"Phrase 1: Мама мыла раму, а па...",25,4,-Cs,0.8280853629112244
phase4_step_14995_EMA,"Phrase 1: Мама мыла раму, а па...",25,5, гар,0.6479531526565552
phase4_step_14995_EMA,"Phrase 1: Мама мыла раму, а па...",25,6,у,0.11777976900339127
phase4_step_14995_EMA,"Phrase 1: Мама мыла раму, а па...",25,7,",",0.16731305420398712
phase4_step_14995_EMA,"Phrase 1: Мама мыла раму, а па...",25,8, а,0.1754213124513626
phase4_step_14995_EMA,"Phrase 1: Мама мыла раму, а па...",25,9, п,0.16317759454250336
phase4_step_14995_EMA,"Phrase 1: Мама мыла раму, а па...",25,10,ап,0.2778518795967102
phase4_step_14995_EMA,"Phrase 1: Мама мыла раму, а па...",25,11,а,0.08074095100164413
phase4_step_14995_EMA,"Phrase 1: Мама мыла раму, а па...",25,12, ч,0.29047614336013794
phase4_step_14995_EMA,"Phrase 1: Мама мыла раму, а па...",25,13,ин,0.19071127474308014
phase4_step_14995_EMA,"Phrase 1: Мама мыла раму, а па...",25,14,ный,0.9066749215126038
phase4_step_14995_EMA,"Phrase 1: Мама мыла раму, а па...",25,15, т,0.13368375599384308
phase4_step_14995_EMA,"Phrase 1: Мама мыла раму, а па...",25,16,ел,0.1859317570924759
phase4_step_14995_EMA,"Phrase 1: Мама мыла раму, а па...",25,17,ев,0.18373288214206696
phase4_step_14995_EMA,"Phrase 1: Мама мыла раму, а па...",25,18,из,0.25562047958374023
phase4_step_14995_EMA,"Phrase 1: Мама мыла раму, а па...",25,19,ор,0.1328086256980896
phase4_step_14995_EMA,"Phrase 1: Мама мыла раму, а па...",25,20,.,0.10638312250375748
phase4_step_14995_EMA,Phrase 2: Quantum computing is...,25,0, Graph,0.5653939247131348
phase4_step_14995_EMA,Phrase 2: Quantum computing is...,25,1,u,0.6022930145263672
phase4_step_14995_EMA,Phrase 2: Quantum computing is...,25,2, compute,0.38014963269233704
phase4_step_14995_EMA,Phrase 2: Quantum computing is...,25,3, is,0.1404869705438614
phase4_step_14995_EMA,Phrase 2: Quantum computing is...,25,4, a,0.12056032568216324
phase4_step_14995_EMA,Phrase 2: Quantum computing is...,25,5, quickly,0.48683658242225647
phase4_step_14995_EMA,Phrase 2: Quantum computing is...,25,6, Em,0.6104345321655273
phase4_step_14995_EMA,Phrase 2: Quantum computing is...,25,7,erging,0.4023374319076538
phase4_step_14995_EMA,Phrase 2: Quantum computing is...,25,8, technology,0.39592882990837097
phase4_step_14995_EMA,Phrase 2: Quantum computing is...,25,9, that,0.16387973725795746
phase4_step_14995_EMA,Phrase 2: Quantum computing is...,25,10, harness,0.43775051832199097
phase4_step_14995_EMA,Phrase 2: Quantum computing is...,25,11,es,0.19743968546390533
phase4_step_14995_EMA,Phrase 2: Quantum computing is...,25,12, the,0.20359376072883606
phase4_step_14995_EMA,Phrase 2: Quantum computing is...,25,13, laws,0.39010006189346313
phase4_step_14995_EMA,Phrase 2: Quantum computing is...,25,14, because,0.919194221496582
phase4_step_14995_EMA,Phrase 2: Quantum computing is...,25,15, geometric,0.5156673192977905
phase4_step_14995_EMA,Phrase 2: Quantum computing is...,25,16,m,0.6812680959701538
phase4_step_14995_EMA,Phrase 2: Quantum computing is...,25,17, to,0.0715387612581253
phase4_step_14995_EMA,Phrase 2: Quantum computing is...,25,18, solve,0.1326291263103485
phase4_step_14995_EMA,Phrase 2: Quantum computing is...,25,19, problem,0.35462686419487
phase4_step_14995_EMA,Phrase 2: Quantum computing is...,25,20, too,0.3670887351036072
phase4_step_14995_EMA,Phrase 2: Quantum computing is...,25,21, complex,0.3279346823692322
phase4_step_14995_EMA,Phrase 2: Quantum computing is...,25,22, for,0.0777706727385521
phase4_step_14995_EMA,Phrase 2: Quantum computing is...,25,23, classical,0.49394503235816956
phase4_step_14995_EMA,Phrase 2: Quantum computing is...,25,24, randomness,0.8964349031448364
phase4_step_14995_EMA,Phrase 2: Quantum computing is...,25,25,.,0.1985483318567276
phase4_step_29995_LIVE,Phrase 0: The quick brown fox ...,0,0,1,0.6870356798171997
phase4_step_29995_LIVE,Phrase 0: The quick brown fox ...,0,1,2,0.7898591756820679
phase4_step_29995_LIVE,Phrase 0: The quick brown fox ...,0,2, brown,0.10000000149011612
phase4_step_29995_LIVE,Phrase 0: The quick brown fox ...,0,3, ,1.0
phase4_step_29995_LIVE,Phrase 0: The quick brown fox ...,0,4, jumps,0.4387434124946594
phase4_step_29995_LIVE,Phrase 0: The quick brown fox ...,0,5,",",0.544226884841919
phase4_step_29995_LIVE,Phrase 0: The quick brown fox ...,0,6, ,0.6940553784370422
phase4_step_29995_LIVE,Phrase 0: The quick brown fox ...,0,7, lazy,0.5489936470985413
phase4_step_29995_LIVE,Phrase 0: The quick brown fox ...,0,8, dog,0.10000000149011612
phase4_step_29995_LIVE,Phrase 0: The quick brown fox ...,0,9,2,0.40880104899406433
phase4_step_29995_LIVE,"Phrase 1: Мама мыла раму, а па...",0,0,М,0.4270417094230652
phase4_step_29995_LIVE,"Phrase 1: Мама мыла раму, а па...",0,1,ам,0.2918574810028076
phase4_step_29995_LIVE,"Phrase 1: Мама мыла раму, а па...",0,2,а,0.10000000149011612
phase4_step_29995_LIVE,"Phrase 1: Мама мыла раму, а па...",0,3, мы,0.49120932817459106
phase4_step_29995_LIVE,"Phrase 1: Мама мыла раму, а па...",0,4,ла,0.10000000149011612
phase4_step_29995_LIVE,"Phrase 1: Мама мыла раму, а па...",0,5, рам,0.3594287037849426
phase4_step_29995_LIVE,"Phrase 1: Мама мыла раму, а па...",0,6,�,0.8610572218894958
phase4_step_29995_LIVE,"Phrase 1: Мама мыла раму, а па...",0,7,",",0.4627985954284668
phase4_step_29995_LIVE,"Phrase 1: Мама мыла раму, а па...",0,8, а,0.6585211157798767
phase4_step_29995_LIVE,"Phrase 1: Мама мыла раму, а па...",0,9, п,0.7026937007904053
phase4_step_29995_LIVE,"Phrase 1: Мама мыла раму, а па...",0,10,apor,0.5041868090629578
phase4_step_29995_LIVE,"Phrase 1: Мама мыла раму, а па...",0,11,ат,0.8746239542961121
phase4_step_29995_LIVE,"Phrase 1: Мама мыла раму, а па...",0,12,2,1.0
phase4_step_29995_LIVE,"Phrase 1: Мама мыла раму, а па...",0,13,ин,0.2620197534561157
phase4_step_29995_LIVE,"Phrase 1: Мама мыла раму, а па...",0,14,ил,0.613387405872345
phase4_step_29995_LIVE,"Phrase 1: Мама мыла раму, а па...",0,15, -,1.0
phase4_step_29995_LIVE,"Phrase 1: Мама мыла раму, а па...",0,16,ел,0.10000000149011612
phase4_step_29995_LIVE,"Phrase 1: Мама мыла раму, а па...",0,17, ved,0.8448159694671631
phase4_step_29995_LIVE,"Phrase 1: Мама мыла раму, а па...",0,18,из,0.2708536386489868
phase4_step_29995_LIVE,"Phrase 1: Мама мыла раму, а па...",0,19,р,0.7959399223327637
phase4_step_29995_LIVE,"Phrase 1: Мама мыла раму, а па...",0,20,.,0.27243098616600037
phase4_step_29995_LIVE,Phrase 2: Quantum computing is...,0,0,um,1.0
phase4_step_29995_LIVE,Phrase 2: Quantum computing is...,0,1,ix,0.8104192018508911
phase4_step_29995_LIVE,Phrase 2: Quantum computing is...,0,2, and,0.6236847043037415
phase4_step_29995_LIVE,Phrase 2: Quantum computing is...,0,3, is,0.34151601791381836
phase4_step_29995_LIVE,Phrase 2: Quantum computing is...,0,4, graph,1.0
phase4_step_29995_LIVE,Phrase 2: Quantum computing is...,0,5, rapidly,0.10000000149011612
phase4_step_29995_LIVE,Phrase 2: Quantum computing is...,0,6, to,0.7462198734283447
phase4_step_29995_LIVE,Phrase 2: Quantum computing is...,0,7, sides,0.8989359140396118
phase4_step_29995_LIVE,Phrase 2: Quantum computing is...,0,8, numbers,0.8264127969741821
phase4_step_29995_LIVE,Phrase 2: Quantum computing is...,0,9, and,0.7056901454925537
phase4_step_29995_LIVE,Phrase 2: Quantum computing is...,0,10, harness,0.10000000149011612
phase4_step_29995_LIVE,Phrase 2: Quantum computing is...,0,11,es,0.10000000149011612
phase4_step_29995_LIVE,Phrase 2: Quantum computing is...,0,12, the,0.3404234051704407
phase4_step_29995_LIVE,Phrase 2: Quantum computing is...,0,13, part,0.5279210805892944
phase4_step_29995_LIVE,Phrase 2: Quantum computing is...,0,14, of,0.571182906627655
phase4_step_29995_LIVE,Phrase 2: Quantum computing is...,0,15, quantum,0.10000000149011612
phase4_step_29995_LIVE,Phrase 2: Quantum computing is...,0,16,ials,0.44676047563552856
phase4_step_29995_LIVE,Phrase 2: Quantum computing is...,0,17, to,0.36929184198379517
phase4_step_29995_LIVE,Phrase 2: Quantum computing is...,0,18, solve,0.47893887758255005
phase4_step_29995_LIVE,Phrase 2: Quantum computing is...,0,19, ,0.6677600145339966
phase4_step_29995_LIVE,Phrase 2: Quantum computing is...,0,20, which,0.6387494206428528
phase4_step_29995_LIVE,Phrase 2: Quantum computing is...,0,21, complex,0.3159825801849365
phase4_step_29995_LIVE,Phrase 2: Quantum computing is...,0,22, for,0.10000000149011612
phase4_step_29995_LIVE,Phrase 2: Quantum computing is...,0,23, either,0.6861490607261658
phase4_step_29995_LIVE,Phrase 2: Quantum computing is...,0,24, -,0.6222952604293823
phase4_step_29995_LIVE,Phrase 2: Quantum computing is...,0,25,ch,0.7441940307617188
phase4_step_29995_LIVE,Phrase 0: The quick brown fox ...,1,0,1,0.7149531841278076
phase4_step_29995_LIVE,Phrase 0: The quick brown fox ...,1,1,2,0.7940754890441895
phase4_step_29995_LIVE,Phrase 0: The quick brown fox ...,1,2, brown,0.10019231587648392
phase4_step_29995_LIVE,Phrase 0: The quick brown fox ...,1,3, ,0.9876711368560791
phase4_step_29995_LIVE,Phrase 0: The quick brown fox ...,1,4, jumps,0.4424002766609192
phase4_step_29995_LIVE,Phrase 0: The quick brown fox ...,1,5,",",0.5242362022399902
phase4_step_29995_LIVE,Phrase 0: The quick brown fox ...,1,6, ,0.6944734454154968
phase4_step_29995_LIVE,Phrase 0: The quick brown fox ...,1,7, lazy,0.558083713054657
phase4_step_29995_LIVE,Phrase 0: The quick brown fox ...,1,8, dog,0.09909618645906448
phase4_step_29995_LIVE,Phrase 0: The quick brown fox ...,1,9,2,0.405431866645813
phase4_step_29995_LIVE,"Phrase 1: Мама мыла раму, а па...",1,0,М,0.4167567193508148
phase4_step_29995_LIVE,"Phrase 1: Мама мыла раму, а па...",1,1,ам,0.2917230725288391
phase4_step_29995_LIVE,"Phrase 1: Мама мыла раму, а па...",1,2,а,0.09892299026250839
phase4_step_29995_LIVE,"Phrase 1: Мама мыла раму, а па...",1,3, мы,0.48865312337875366
phase4_step_29995_LIVE,"Phrase 1: Мама мыла раму, а па...",1,4,ла,0.09957525879144669
phase4_step_29995_LIVE,"Phrase 1: Мама мыла раму, а па...",1,5, рам,0.3630419671535492
phase4_step_29995_LIVE,"Phrase 1: Мама мыла раму, а па...",1,6,�,0.8572272658348083
phase4_step_29995_LIVE,"Phrase 1: Мама мыла раму, а па...",1,7,",",0.4528152644634247
phase4_step_29995_LIVE,"Phrase 1: Мама мыла раму, а па...",1,8, а,0.6385492086410522
phase4_step_29995_LIVE,"Phrase 1: Мама мыла раму, а па...",1,9, п,0.6915643811225891
phase4_step_29995_LIVE,"Phrase 1: Мама мыла раму, а па...",1,10,apor,0.5010966062545776
phase4_step_29995_LIVE,"Phrase 1: Мама мыла раму, а па...",1,11,ат,0.8941027522087097
phase4_step_29995_LIVE,"Phrase 1: Мама мыла раму, а па...",1,12,2,0.9664508104324341
phase4_step_29995_LIVE,"Phrase 1: Мама мыла раму, а па...",1,13,ин,0.25714921951293945
phase4_step_29995_LIVE,"Phrase 1: Мама мыла раму, а па...",1,14,ил,0.6255748867988586
phase4_step_29995_LIVE,"Phrase 1: Мама мыла раму, а па...",1,15, -,0.9629144668579102
phase4_step_29995_LIVE,"Phrase 1: Мама мыла раму, а па...",1,16,ел,0.0999419167637825
phase4_step_29995_LIVE,"Phrase 1: Мама мыла раму, а па...",1,17, ved,0.8266929984092712
phase4_step_29995_LIVE,"Phrase 1: Мама мыла раму, а па...",1,18,из,0.27479276061058044
phase4_step_29995_LIVE,"Phrase 1: Мама мыла раму, а па...",1,19,р,0.8091340661048889
phase4_step_29995_LIVE,"Phrase 1: Мама мыла раму, а па...",1,20,.,0.27807414531707764
phase4_step_29995_LIVE,Phrase 2: Quantum computing is...,1,0,um,1.0124527215957642
phase4_step_29995_LIVE,Phrase 2: Quantum computing is...,1,1,ix,0.8021453022956848
phase4_step_29995_LIVE,Phrase 2: Quantum computing is...,1,2, and,0.6389169692993164
phase4_step_29995_LIVE,Phrase 2: Quantum computing is...,1,3, is,0.3311743438243866
phase4_step_29995_LIVE,Phrase 2: Quantum computing is...,1,4, graph,1.0076171159744263
phase4_step_29995_LIVE,Phrase 2: Quantum computing is...,1,5, rapidly,0.10067681223154068
phase4_step_29995_LIVE,Phrase 2: Quantum computing is...,1,6, to,0.7609836459159851
phase4_step_29995_LIVE,Phrase 2: Quantum computing is...,1,7, sides,0.8789816498756409
phase4_step_29995_LIVE,Phrase 2: Quantum computing is...,1,8, numbers,0.856150209903717
phase4_step_29995_LIVE,Phrase 2: Quantum computing is...,1,9, and,0.7061097621917725
phase4_step_29995_LIVE,Phrase 2: Quantum computing is...,1,10, harness,0.10059389472007751
phase4_step_29995_LIVE,Phrase 2: Quantum computing is...,1,11,es,0.10075943171977997
phase4_step_29995_LIVE,Phrase 2: Quantum computing is...,1,12, the,0.3416385352611542
phase4_step_29995_LIVE,Phrase 2: Quantum computing is...,1,13, part,0.4937291145324707
phase4_step_29995_LIVE,Phrase 2: Quantum computing is...,1,14, of,0.5788534879684448
phase4_step_29995_LIVE,Phrase 2: Quantum computing is...,1,15, quantum,0.09930890053510666
phase4_step_29995_LIVE,Phrase 2: Quantum computing is...,1,16,ials,0.45321837067604065
phase4_step_29995_LIVE,Phrase 2: Quantum computing is...,1,17, to,0.3724943995475769
phase4_step_29995_LIVE,Phrase 2: Quantum computing is...,1,18, solve,0.49241554737091064
phase4_step_29995_LIVE,Phrase 2: Quantum computing is...,1,19, ,0.672852098941803
phase4_step_29995_LIVE,Phrase 2: Quantum computing is...,1,20, which,0.6456983685493469
phase4_step_29995_LIVE,Phrase 2: Quantum computing is...,1,21, complex,0.3088468909263611
phase4_step_29995_LIVE,Phrase 2: Quantum computing is...,1,22, for,0.10065176337957382
phase4_step_29995_LIVE,Phrase 2: Quantum computing is...,1,23, either,0.6919650435447693
phase4_step_29995_LIVE,Phrase 2: Quantum computing is...,1,24, -,0.6232641935348511
phase4_step_29995_LIVE,Phrase 2: Quantum computing is...,1,25,ch,0.738944411277771
phase4_step_29995_LIVE,Phrase 0: The quick brown fox ...,2,0,1,0.67937171459198
phase4_step_29995_LIVE,Phrase 0: The quick brown fox ...,2,1,2,0.7783603668212891
phase4_step_29995_LIVE,Phrase 0: The quick brown fox ...,2,2, brown,0.09880498051643372
phase4_step_29995_LIVE,Phrase 0: The quick brown fox ...,2,3, ,0.9677137136459351
phase4_step_29995_LIVE,Phrase 0: The quick brown fox ...,2,4, jumps,0.42390963435173035
phase4_step_29995_LIVE,Phrase 0: The quick brown fox ...,2,5, over,0.49405598640441895
phase4_step_29995_LIVE,Phrase 0: The quick brown fox ...,2,6, ,0.6572723984718323
phase4_step_29995_LIVE,Phrase 0: The quick brown fox ...,2,7, lazy,0.5412277579307556
phase4_step_29995_LIVE,Phrase 0: The quick brown fox ...,2,8, dog,0.09773635119199753
phase4_step_29995_LIVE,Phrase 0: The quick brown fox ...,2,9,"
",0.38091155886650085
phase4_step_29995_LIVE,"Phrase 1: Мама мыла раму, а па...",2,0,М,0.39209726452827454
phase4_step_29995_LIVE,"Phrase 1: Мама мыла раму, а па...",2,1,ам,0.27404242753982544
phase4_step_29995_LIVE,"Phrase 1: Мама мыла раму, а па...",2,2,а,0.09267687797546387
phase4_step_29995_LIVE,"Phrase 1: Мама мыла раму, а па...",2,3, мы,0.462015837430954
phase4_step_29995_LIVE,"Phrase 1: Мама мыла раму, а па...",2,4,ла,0.09368894249200821
phase4_step_29995_LIVE,"Phrase 1: Мама мыла раму, а па...",2,5, рам,0.34800517559051514
phase4_step_29995_LIVE,"Phrase 1: Мама мыла раму, а па...",2,6,�,0.8278878927230835
phase4_step_29995_LIVE,"Phrase 1: Мама мыла раму, а па...",2,7,",",0.4255314767360687
phase4_step_29995_LIVE,"Phrase 1: Мама мыла раму, а па...",2,8, а,0.6033307313919067
phase4_step_29995_LIVE,"Phrase 1: Мама мыла раму, а па...",2,9, п,0.6551486253738403
phase4_step_29995_LIVE,"Phrase 1: Мама мыла раму, а па...",2,10,ап,0.4735792577266693
phase4_step_29995_LIVE,"Phrase 1: Мама мыла раму, а па...",2,11,ат,0.8574183583259583
phase4_step_29995_LIVE,"Phrase 1: Мама мыла раму, а па...",2,12, just,0.9571136832237244
phase4_step_29995_LIVE,"Phrase 1: Мама мыла раму, а па...",2,13,ин,0.24154727160930634
phase4_step_29995_LIVE,"Phrase 1: Мама мыла раму, а па...",2,14,ил,0.5917029976844788
phase4_step_29995_LIVE,"Phrase 1: Мама мыла раму, а па...",2,15, helpful,0.9474731683731079
phase4_step_29995_LIVE,"Phrase 1: Мама мыла раму, а па...",2,16,ел,0.09437298774719238
phase4_step_29995_LIVE,"Phrase 1: Мама мыла раму, а па...",2,17, ved,0.7901794910430908
phase4_step_29995_LIVE,"Phrase 1: Мама мыла раму, а па...",2,18,из,0.25854265689849854
phase4_step_29995_LIVE,"Phrase 1: Мама мыла раму, а па...",2,19,р,0.7708138823509216
phase4_step_29995_LIVE,"Phrase 1: Мама мыла раму, а па...",2,20,.,0.26099860668182373
phase4_step_29995_LIVE,Phrase 2: Quantum computing is...,2,0,um,1.001020908355713
phase4_step_29995_LIVE,Phrase 2: Quantum computing is...,2,1,uc,0.7793688774108887
phase4_step_29995_LIVE,Phrase 2: Quantum computing is...,2,2, computing,0.6116446852684021
phase4_step_29995_LIVE,Phrase 2: Quantum computing is...,2,3, is,0.31089290976524353
phase4_step_29995_LIVE,Phrase 2: Quantum computing is...,2,4,^,1.003097653388977
phase4_step_29995_LIVE,Phrase 2: Quantum computing is...,2,5, rapidly,0.09869715571403503
phase4_step_29995_LIVE,Phrase 2: Quantum computing is...,2,6, to,0.7428367733955383
phase4_step_29995_LIVE,Phrase 2: Quantum computing is...,2,7, sides,0.8615548014640808
phase4_step_29995_LIVE,Phrase 2: Quantum computing is...,2,8,ation,0.8392854332923889
phase4_step_29995_LIVE,Phrase 2: Quantum computing is...,2,9, and,0.6685595512390137
phase4_step_29995_LIVE,Phrase 2: Quantum computing is...,2,10, harness,0.10010439902544022
phase4_step_29995_LIVE,Phrase 2: Quantum computing is...,2,11,es,0.09447697550058365
phase4_step_29995_LIVE,Phrase 2: Quantum computing is...,2,12, the,0.3206494152545929
phase4_step_29995_LIVE,Phrase 2: Quantum computing is...,2,13, was,0.47125014662742615
phase4_step_29995_LIVE,Phrase 2: Quantum computing is...,2,14, of,0.5454297661781311
phase4_step_29995_LIVE,Phrase 2: Quantum computing is...,2,15, quantum,0.09770260006189346
phase4_step_29995_LIVE,Phrase 2: Quantum computing is...,2,16, mechanics,0.4331184923648834
phase4_step_29995_LIVE,Phrase 2: Quantum computing is...,2,17, to,0.3496646285057068
phase4_step_29995_LIVE,Phrase 2: Quantum computing is...,2,18, solve,0.4634794294834137
phase4_step_29995_LIVE,Phrase 2: Quantum computing is...,2,19, ,0.6406457424163818
phase4_step_29995_LIVE,Phrase 2: Quantum computing is...,2,20, which,0.6158533692359924
phase4_step_29995_LIVE,Phrase 2: Quantum computing is...,2,21, complex,0.2930079698562622
phase4_step_29995_LIVE,Phrase 2: Quantum computing is...,2,22, for,0.0943048819899559
phase4_step_29995_LIVE,Phrase 2: Quantum computing is...,2,23, either,0.6717975735664368
phase4_step_29995_LIVE,Phrase 2: Quantum computing is...,2,24, ,0.5985507965087891
phase4_step_29995_LIVE,Phrase 2: Quantum computing is...,2,25,ch,0.7007338404655457
phase4_step_29995_LIVE,Phrase 0: The quick brown fox ...,3,0, The,0.6447954773902893
phase4_step_29995_LIVE,Phrase 0: The quick brown fox ...,3,1,2,0.7639262676239014
phase4_step_29995_LIVE,Phrase 0: The quick brown fox ...,3,2, brown,0.10357104241847992
phase4_step_29995_LIVE,Phrase 0: The quick brown fox ...,3,3, ,0.9481669664382935
phase4_step_29995_LIVE,Phrase 0: The quick brown fox ...,3,4, jumps,0.4079257547855377
phase4_step_29995_LIVE,Phrase 0: The quick brown fox ...,3,5, over,0.4654589593410492
phase4_step_29995_LIVE,Phrase 0: The quick brown fox ...,3,6, ,0.6211065649986267
phase4_step_29995_LIVE,Phrase 0: The quick brown fox ...,3,7, lazy,0.5266212821006775
phase4_step_29995_LIVE,Phrase 0: The quick brown fox ...,3,8, dog,0.10163583606481552
phase4_step_29995_LIVE,Phrase 0: The quick brown fox ...,3,9,"
",0.35781651735305786
phase4_step_29995_LIVE,"Phrase 1: Мама мыла раму, а па...",3,0,М,0.36900052428245544
phase4_step_29995_LIVE,"Phrase 1: Мама мыла раму, а па...",3,1,ам,0.2575405240058899
phase4_step_29995_LIVE,"Phrase 1: Мама мыла раму, а па...",3,2,а,0.08691751956939697
phase4_step_29995_LIVE,"Phrase 1: Мама мыла раму, а па...",3,3, мы,0.4371417164802551
phase4_step_29995_LIVE,"Phrase 1: Мама мыла раму, а па...",3,4,ла,0.08908423781394958
phase4_step_29995_LIVE,"Phrase 1: Мама мыла раму, а па...",3,5, рам,0.33590078353881836
phase4_step_29995_LIVE,"Phrase 1: Мама мыла раму, а па...",3,6,�,0.7963305115699768
phase4_step_29995_LIVE,"Phrase 1: Мама мыла раму, а па...",3,7,",",0.39975857734680176
phase4_step_29995_LIVE,"Phrase 1: Мама мыла раму, а па...",3,8, а,0.569366455078125
phase4_step_29995_LIVE,"Phrase 1: Мама мыла раму, а па...",3,9, п,0.6197616457939148
phase4_step_29995_LIVE,"Phrase 1: Мама мыла раму, а па...",3,10,ап,0.4477676749229431
phase4_step_29995_LIVE,"Phrase 1: Мама мыла раму, а па...",3,11,ат,0.8183315992355347
phase4_step_29995_LIVE,"Phrase 1: Мама мыла раму, а па...",3,12, just,0.9465326070785522
phase4_step_29995_LIVE,"Phrase 1: Мама мыла раму, а па...",3,13,ин,0.22698348760604858
phase4_step_29995_LIVE,"Phrase 1: Мама мыла раму, а па...",3,14,ил,0.5591700077056885
phase4_step_29995_LIVE,"Phrase 1: Мама мыла раму, а па...",3,15, effective,0.933802604675293
phase4_step_29995_LIVE,"Phrase 1: Мама мыла раму, а па...",3,16,ел,0.0897623598575592
phase4_step_29995_LIVE,"Phrase 1: Мама мыла раму, а па...",3,17,ев,0.7536946535110474
phase4_step_29995_LIVE,"Phrase 1: Мама мыла раму, а па...",3,18,из,0.24373051524162292
phase4_step_29995_LIVE,"Phrase 1: Мама мыла раму, а па...",3,19,р,0.732856273651123
phase4_step_29995_LIVE,"Phrase 1: Мама мыла раму, а па...",3,20,.,0.24497142434120178
phase4_step_29995_LIVE,Phrase 2: Quantum computing is...,3,0, line,0.9885818362236023
phase4_step_29995_LIVE,Phrase 2: Quantum computing is...,3,1,uc,0.7589004635810852
phase4_step_29995_LIVE,Phrase 2: Quantum computing is...,3,2, computing,0.5860791802406311
phase4_step_29995_LIVE,Phrase 2: Quantum computing is...,3,3, is,0.29182934761047363
phase4_step_29995_LIVE,Phrase 2: Quantum computing is...,3,4,^,0.999571681022644
phase4_step_29995_LIVE,Phrase 2: Quantum computing is...,3,5, rapidly,0.10270320624113083
phase4_step_29995_LIVE,Phrase 2: Quantum computing is...,3,6, to,0.725721538066864
phase4_step_29995_LIVE,Phrase 2: Quantum computing is...,3,7, sides,0.8444483280181885
phase4_step_29995_LIVE,Phrase 2: Quantum computing is...,3,8,ation,0.8241023421287537
phase4_step_29995_LIVE,Phrase 2: Quantum computing is...,3,9, and,0.6319857835769653
phase4_step_29995_LIVE,Phrase 2: Quantum computing is...,3,10, harness,0.10685545951128006
phase4_step_29995_LIVE,Phrase 2: Quantum computing is...,3,11,es,0.08922098577022552
phase4_step_29995_LIVE,Phrase 2: Quantum computing is...,3,12, the,0.3009280860424042
phase4_step_29995_LIVE,Phrase 2: Quantum computing is...,3,13, rows,0.4511586129665375
phase4_step_29995_LIVE,Phrase 2: Quantum computing is...,3,14, of,0.5134670734405518
phase4_step_29995_LIVE,Phrase 2: Quantum computing is...,3,15, quantum,0.10240251570940018
phase4_step_29995_LIVE,Phrase 2: Quantum computing is...,3,16, mechanics,0.41549184918403625
phase4_step_29995_LIVE,Phrase 2: Quantum computing is...,3,17, to,0.32818442583084106
phase4_step_29995_LIVE,Phrase 2: Quantum computing is...,3,18, solve,0.43609321117401123
phase4_step_29995_LIVE,Phrase 2: Quantum computing is...,3,19, ,0.6095204949378967
phase4_step_29995_LIVE,Phrase 2: Quantum computing is...,3,20, that,0.5873737931251526
phase4_step_29995_LIVE,Phrase 2: Quantum computing is...,3,21, complex,0.2790449559688568
phase4_step_29995_LIVE,Phrase 2: Quantum computing is...,3,22, for,0.08840341866016388
phase4_step_29995_LIVE,Phrase 2: Quantum computing is...,3,23, either,0.6532379984855652
phase4_step_29995_LIVE,Phrase 2: Quantum computing is...,3,24, ,0.5756387114524841
phase4_step_29995_LIVE,Phrase 2: Quantum computing is...,3,25,2,0.6633446216583252
phase4_step_29995_LIVE,Phrase 0: The quick brown fox ...,4,0, The,0.6114404201507568
phase4_step_29995_LIVE,Phrase 0: The quick brown fox ...,4,1, red,0.7508243918418884
phase4_step_29995_LIVE,Phrase 0: The quick brown fox ...,4,2, brown,0.11301195621490479
phase4_step_29995_LIVE,Phrase 0: The quick brown fox ...,4,3, ,0.9291709065437317
phase4_step_29995_LIVE,Phrase 0: The quick brown fox ...,4,4, jumps,0.394405722618103
phase4_step_29995_LIVE,Phrase 0: The quick brown fox ...,4,5, over,0.4384584426879883
phase4_step_29995_LIVE,Phrase 0: The quick brown fox ...,4,6, ,0.5861436724662781
phase4_step_29995_LIVE,Phrase 0: The quick brown fox ...,4,7, lazy,0.5142269730567932
phase4_step_29995_LIVE,Phrase 0: The quick brown fox ...,4,8, dog,0.10952223837375641
phase4_step_29995_LIVE,Phrase 0: The quick brown fox ...,4,9,.,0.3360861539840698
phase4_step_29995_LIVE,"Phrase 1: Мама мыла раму, а па...",4,0,М,0.34741899371147156
phase4_step_29995_LIVE,"Phrase 1: Мама мыла раму, а па...",4,1,ам,0.2421533614397049
phase4_step_29995_LIVE,"Phrase 1: Мама мыла раму, а па...",4,2,а,0.08160720765590668
phase4_step_29995_LIVE,"Phrase 1: Мама мыла раму, а па...",4,3, мы,0.4140307903289795
phase4_step_29995_LIVE,"Phrase 1: Мама мыла раму, а па...",4,4,ла,0.08570218086242676
phase4_step_29995_LIVE,"Phrase 1: Мама мыла раму, а па...",4,5, рам,0.32657885551452637
phase4_step_29995_LIVE,"Phrase 1: Мама мыла раму, а па...",4,6,�,0.7627798914909363
phase4_step_29995_LIVE,"Phrase 1: Мама мыла раму, а па...",4,7,",",0.3754523694515228
phase4_step_29995_LIVE,"Phrase 1: Мама мыла раму, а па...",4,8, а,0.5367835760116577
phase4_step_29995_LIVE,"Phrase 1: Мама мыла раму, а па...",4,9, п,0.5855699777603149
phase4_step_29995_LIVE,"Phrase 1: Мама мыла раму, а па...",4,10,ап,0.423661470413208
phase4_step_29995_LIVE,"Phrase 1: Мама мыла раму, а па...",4,11,ат,0.7792766094207764
phase4_step_29995_LIVE,"Phrase 1: Мама мыла раму, а па...",4,12, just,0.9351470470428467
phase4_step_29995_LIVE,"Phrase 1: Мама мыла раму, а па...",4,13,ин,0.21339406073093414
phase4_step_29995_LIVE,"Phrase 1: Мама мыла раму, а па...",4,14,ил,0.5280907154083252
phase4_step_29995_LIVE,"Phrase 1: Мама мыла раму, а па...",4,15, effective,0.9222160577774048
phase4_step_29995_LIVE,"Phrase 1: Мама мыла раму, а па...",4,16,ел,0.08605458587408066
phase4_step_29995_LIVE,"Phrase 1: Мама мыла раму, а па...",4,17,ев,0.7175484299659729
phase4_step_29995_LIVE,"Phrase 1: Мама мыла раму, а па...",4,18,из,0.23030516505241394
phase4_step_29995_LIVE,"Phrase 1: Мама мыла раму, а па...",4,19,ол,0.6955081820487976
phase4_step_29995_LIVE,"Phrase 1: Мама мыла раму, а па...",4,20,.,0.22993284463882446
phase4_step_29995_LIVE,Phrase 2: Quantum computing is...,4,0, line,0.9758304357528687
phase4_step_29995_LIVE,Phrase 2: Quantum computing is...,4,1,uc,0.7411628365516663
phase4_step_29995_LIVE,Phrase 2: Quantum computing is...,4,2, computing,0.5623555779457092
phase4_step_29995_LIVE,Phrase 2: Quantum computing is...,4,3, is,0.2739178240299225
phase4_step_29995_LIVE,Phrase 2: Quantum computing is...,4,4,^,0.9968088269233704
phase4_step_29995_LIVE,Phrase 2: Quantum computing is...,4,5, rapidly,0.11127910763025284
phase4_step_29995_LIVE,Phrase 2: Quantum computing is...,4,6,",",0.709854006767273
phase4_step_29995_LIVE,Phrase 2: Quantum computing is...,4,7, sides,0.8281562924385071
phase4_step_29995_LIVE,Phrase 2: Quantum computing is...,4,8, nodes,0.8103048205375671
phase4_step_29995_LIVE,Phrase 2: Quantum computing is...,4,9, and,0.5965599417686462
phase4_step_29995_LIVE,Phrase 2: Quantum computing is...,4,10, harness,0.11876458674669266
phase4_step_29995_LIVE,Phrase 2: Quantum computing is...,4,11,es,0.08495566993951797
phase4_step_29995_LIVE,Phrase 2: Quantum computing is...,4,12, the,0.2824093699455261
phase4_step_29995_LIVE,Phrase 2: Quantum computing is...,4,13, rows,0.43344998359680176
phase4_step_29995_LIVE,Phrase 2: Quantum computing is...,4,14, of,0.4830252230167389
phase4_step_29995_LIVE,Phrase 2: Quantum computing is...,4,15, quantum,0.11180199682712555
phase4_step_29995_LIVE,Phrase 2: Quantum computing is...,4,16, mechanics,0.4002934992313385
phase4_step_29995_LIVE,Phrase 2: Quantum computing is...,4,17, to,0.30798718333244324
phase4_step_29995_LIVE,Phrase 2: Quantum computing is...,4,18, solve,0.41023775935173035
phase4_step_29995_LIVE,Phrase 2: Quantum computing is...,4,19, ,0.5797011256217957
phase4_step_29995_LIVE,Phrase 2: Quantum computing is...,4,20, that,0.5604193806648254
phase4_step_29995_LIVE,Phrase 2: Quantum computing is...,4,21, complex,0.26691314578056335
phase4_step_29995_LIVE,Phrase 2: Quantum computing is...,4,22, for,0.08292172104120255
phase4_step_29995_LIVE,Phrase 2: Quantum computing is...,4,23, either,0.6363577842712402
phase4_step_29995_LIVE,Phrase 2: Quantum computing is...,4,24, ,0.5546413660049438
phase4_step_29995_LIVE,Phrase 2: Quantum computing is...,4,25,.,0.626961350440979
phase4_step_29995_LIVE,Phrase 0: The quick brown fox ...,5,0, The,0.5794937610626221
phase4_step_29995_LIVE,Phrase 0: The quick brown fox ...,5,1, red,0.7391129732131958
phase4_step_29995_LIVE,Phrase 0: The quick brown fox ...,5,2, brown,0.12547340989112854
phase4_step_29995_LIVE,Phrase 0: The quick brown fox ...,5,3, ,0.9106737971305847
phase4_step_29995_LIVE,Phrase 0: The quick brown fox ...,5,4, jumps,0.3832800090312958
phase4_step_29995_LIVE,Phrase 0: The quick brown fox ...,5,5, over,0.41303229331970215
phase4_step_29995_LIVE,Phrase 0: The quick brown fox ...,5,6, ,0.5525225400924683
phase4_step_29995_LIVE,Phrase 0: The quick brown fox ...,5,7, lazy,0.5039731860160828
phase4_step_29995_LIVE,Phrase 0: The quick brown fox ...,5,8, dog,0.1200832799077034
phase4_step_29995_LIVE,Phrase 0: The quick brown fox ...,5,9,.,0.3156551122665405
phase4_step_29995_LIVE,"Phrase 1: Мама мыла раму, а па...",5,0,М,0.32730621099472046
phase4_step_29995_LIVE,"Phrase 1: Мама мыла раму, а па...",5,1,ам,0.22782009840011597
phase4_step_29995_LIVE,"Phrase 1: Мама мыла раму, а па...",5,2,а,0.0767204537987709
phase4_step_29995_LIVE,"Phrase 1: Мама мыла раму, а па...",5,3, мы,0.3926495313644409
phase4_step_29995_LIVE,"Phrase 1: Мама мыла раму, а па...",5,4,ла,0.08345232158899307
phase4_step_29995_LIVE,"Phrase 1: Мама мыла раму, а па...",5,5, рам,0.31983646750450134
phase4_step_29995_LIVE,"Phrase 1: Мама мыла раму, а па...",5,6,у,0.7279806733131409
phase4_step_29995_LIVE,"Phrase 1: Мама мыла раму, а па...",5,7,",",0.35255688428878784
phase4_step_29995_LIVE,"Phrase 1: Мама мыла раму, а па...",5,8, а,0.5056692957878113
phase4_step_29995_LIVE,"Phrase 1: Мама мыла раму, а па...",5,9, п,0.5527162551879883
phase4_step_29995_LIVE,"Phrase 1: Мама мыла раму, а па...",5,10,ап,0.4012312591075897
phase4_step_29995_LIVE,"Phrase 1: Мама мыла раму, а па...",5,11,ат,0.7406155467033386
phase4_step_29995_LIVE,"Phrase 1: Мама мыла раму, а па...",5,12, just,0.9241907596588135
phase4_step_29995_LIVE,"Phrase 1: Мама мыла раму, а па...",5,13,ин,0.20072953402996063
phase4_step_29995_LIVE,"Phrase 1: Мама мыла раму, а па...",5,14,ил,0.49853217601776123
phase4_step_29995_LIVE,"Phrase 1: Мама мыла раму, а па...",5,15, effective,0.912362813949585
phase4_step_29995_LIVE,"Phrase 1: Мама мыла раму, а па...",5,16,ел,0.08318249136209488
phase4_step_29995_LIVE,"Phrase 1: Мама мыла раму, а па...",5,17,ев,0.6820012927055359
phase4_step_29995_LIVE,"Phrase 1: Мама мыла раму, а па...",5,18,из,0.21821719408035278
phase4_step_29995_LIVE,"Phrase 1: Мама мыла раму, а па...",5,19,ол,0.6589869260787964
phase4_step_29995_LIVE,"Phrase 1: Мама мыла раму, а па...",5,20,.,0.2158251255750656
phase4_step_29995_LIVE,Phrase 2: Quantum computing is...,5,0, line,0.9634492993354797
phase4_step_29995_LIVE,Phrase 2: Quantum computing is...,5,1,uc,0.7261655926704407
phase4_step_29995_LIVE,Phrase 2: Quantum computing is...,5,2, computing,0.5405359268188477
phase4_step_29995_LIVE,Phrase 2: Quantum computing is...,5,3, is,0.25709304213523865
phase4_step_29995_LIVE,Phrase 2: Quantum computing is...,5,4, efficiently,0.9947875142097473
phase4_step_29995_LIVE,Phrase 2: Quantum computing is...,5,5, rapidly,0.1228582039475441
phase4_step_29995_LIVE,Phrase 2: Quantum computing is...,5,6,",",0.6953522562980652
phase4_step_29995_LIVE,Phrase 2: Quantum computing is...,5,7,quared,0.8128625154495239
phase4_step_29995_LIVE,Phrase 2: Quantum computing is...,5,8, nodes,0.797809898853302
phase4_step_29995_LIVE,Phrase 2: Quantum computing is...,5,9, and,0.5624315738677979
phase4_step_29995_LIVE,Phrase 2: Quantum computing is...,5,10, harness,0.13378657400608063
phase4_step_29995_LIVE,Phrase 2: Quantum computing is...,5,11,es,0.08163540065288544
phase4_step_29995_LIVE,Phrase 2: Quantum computing is...,5,12, the,0.2650262713432312
phase4_step_29995_LIVE,Phrase 2: Quantum computing is...,5,13, facts,0.41807880997657776
phase4_step_29995_LIVE,Phrase 2: Quantum computing is...,5,14, of,0.45412901043891907
phase4_step_29995_LIVE,Phrase 2: Quantum computing is...,5,15, quantum,0.1242046132683754
phase4_step_29995_LIVE,Phrase 2: Quantum computing is...,5,16, mechanics,0.3874439001083374
phase4_step_29995_LIVE,Phrase 2: Quantum computing is...,5,17, to,0.2890053391456604
phase4_step_29995_LIVE,Phrase 2: Quantum computing is...,5,18, solve,0.38587838411331177
phase4_step_29995_LIVE,Phrase 2: Quantum computing is...,5,19, ,0.5513421893119812
phase4_step_29995_LIVE,Phrase 2: Quantum computing is...,5,20, too,0.5350953936576843
phase4_step_29995_LIVE,Phrase 2: Quantum computing is...,5,21, complex,0.25654757022857666
phase4_step_29995_LIVE,Phrase 2: Quantum computing is...,5,22, for,0.07783789932727814
phase4_step_29995_LIVE,Phrase 2: Quantum computing is...,5,23, parallel,0.6211854815483093
phase4_step_29995_LIVE,Phrase 2: Quantum computing is...,5,24, ,0.5356214046478271
phase4_step_29995_LIVE,Phrase 2: Quantum computing is...,5,25,.,0.5917537808418274
phase4_step_29995_LIVE,Phrase 0: The quick brown fox ...,6,0, The,0.5490990877151489
phase4_step_29995_LIVE,Phrase 0: The quick brown fox ...,6,1, red,0.7287728786468506
phase4_step_29995_LIVE,Phrase 0: The quick brown fox ...,6,2, brown,0.1396714299917221
phase4_step_29995_LIVE,Phrase 0: The quick brown fox ...,6,3, bar,0.8927998542785645
phase4_step_29995_LIVE,Phrase 0: The quick brown fox ...,6,4, jumps,0.3744281530380249
phase4_step_29995_LIVE,Phrase 0: The quick brown fox ...,6,5, over,0.3891427516937256
phase4_step_29995_LIVE,Phrase 0: The quick brown fox ...,6,6,2,0.5203472375869751
phase4_step_29995_LIVE,Phrase 0: The quick brown fox ...,6,7, lazy,0.49574410915374756
phase4_step_29995_LIVE,Phrase 0: The quick brown fox ...,6,8, dog,0.13225765526294708
phase4_step_29995_LIVE,Phrase 0: The quick brown fox ...,6,9,.,0.2964566946029663
phase4_step_29995_LIVE,"Phrase 1: Мама мыла раму, а па...",6,0,М,0.3086071014404297
phase4_step_29995_LIVE,"Phrase 1: Мама мыла раму, а па...",6,1,ам,0.21448248624801636
phase4_step_29995_LIVE,"Phrase 1: Мама мыла раму, а па...",6,2,а,0.07223617285490036
phase4_step_29995_LIVE,"Phrase 1: Мама мыла раму, а па...",6,3, мы,0.37294408679008484
phase4_step_29995_LIVE,"Phrase 1: Мама мыла раму, а па...",6,4,ла,0.08222966641187668
phase4_step_29995_LIVE,"Phrase 1: Мама мыла раму, а па...",6,5, рам,0.31544241309165955
phase4_step_29995_LIVE,"Phrase 1: Мама мыла раму, а па...",6,6,у,0.6927589178085327
phase4_step_29995_LIVE,"Phrase 1: Мама мыла раму, а па...",6,7,",",0.33101019263267517
phase4_step_29995_LIVE,"Phrase 1: Мама мыла раму, а па...",6,8, а,0.47607457637786865
phase4_step_29995_LIVE,"Phrase 1: Мама мыла раму, а па...",6,9, п,0.5213019251823425
phase4_step_29995_LIVE,"Phrase 1: Мама мыла раму, а па...",6,10,ап,0.380432665348053
phase4_step_29995_LIVE,"Phrase 1: Мама мыла раму, а па...",6,11,а,0.7025670409202576
phase4_step_29995_LIVE,"Phrase 1: Мама мыла раму, а па...",6,12,uls,0.9145041704177856
phase4_step_29995_LIVE,"Phrase 1: Мама мыла раму, а па...",6,13,ин,0.18894965946674347
phase4_step_29995_LIVE,"Phrase 1: Мама мыла раму, а па...",6,14,ил,0.4705248773097992
phase4_step_29995_LIVE,"Phrase 1: Мама мыла раму, а па...",6,15, effective,0.9037814736366272
phase4_step_29995_LIVE,"Phrase 1: Мама мыла раму, а па...",6,16,ел,0.08106698840856552
phase4_step_29995_LIVE,"Phrase 1: Мама мыла раму, а па...",6,17,ев,0.6472762823104858
phase4_step_29995_LIVE,"Phrase 1: Мама мыла раму, а па...",6,18,из,0.20741191506385803
phase4_step_29995_LIVE,"Phrase 1: Мама мыла раму, а па...",6,19,ор,0.6234878897666931
phase4_step_29995_LIVE,"Phrase 1: Мама мыла раму, а па...",6,20,.,0.20259368419647217
phase4_step_29995_LIVE,Phrase 2: Quantum computing is...,6,0,ьер,0.9518529176712036
phase4_step_29995_LIVE,Phrase 2: Quantum computing is...,6,1,uc,0.713629424571991
phase4_step_29995_LIVE,Phrase 2: Quantum computing is...,6,2, computing,0.5206368565559387
phase4_step_29995_LIVE,Phrase 2: Quantum computing is...,6,3, is,0.24129246175289154
phase4_step_29995_LIVE,Phrase 2: Quantum computing is...,6,4, efficiently,0.9934302568435669
phase4_step_29995_LIVE,Phrase 2: Quantum computing is...,6,5, rapidly,0.13618554174900055
phase4_step_29995_LIVE,Phrase 2: Quantum computing is...,6,6, exp,0.6822698712348938
phase4_step_29995_LIVE,Phrase 2: Quantum computing is...,6,7,quared,0.7986221313476562
phase4_step_29995_LIVE,Phrase 2: Quantum computing is...,6,8, nodes,0.7865461707115173
phase4_step_29995_LIVE,Phrase 2: Quantum computing is...,6,9, that,0.5297170281410217
phase4_step_29995_LIVE,Phrase 2: Quantum computing is...,6,10, harness,0.1504470258951187
phase4_step_29995_LIVE,Phrase 2: Quantum computing is...,6,11,es,0.07920057326555252
phase4_step_29995_LIVE,Phrase 2: Quantum computing is...,6,12, the,0.24871650338172913
phase4_step_29995_LIVE,Phrase 2: Quantum computing is...,6,13, facts,0.40497738122940063
phase4_step_29995_LIVE,Phrase 2: Quantum computing is...,6,14, of,0.426774799823761
phase4_step_29995_LIVE,Phrase 2: Quantum computing is...,6,15, quantum,0.1383042186498642
phase4_step_29995_LIVE,Phrase 2: Quantum computing is...,6,16, mechanics,0.3768313527107239
phase4_step_29995_LIVE,Phrase 2: Quantum computing is...,6,17, to,0.27117305994033813
phase4_step_29995_LIVE,Phrase 2: Quantum computing is...,6,18, solve,0.36296752095222473
phase4_step_29995_LIVE,Phrase 2: Quantum computing is...,6,19, data,0.5245499014854431
phase4_step_29995_LIVE,Phrase 2: Quantum computing is...,6,20, too,0.511480450630188
phase4_step_29995_LIVE,Phrase 2: Quantum computing is...,6,21, complex,0.2478632926940918
phase4_step_29995_LIVE,Phrase 2: Quantum computing is...,6,22, for,0.07313182204961777
phase4_step_29995_LIVE,Phrase 2: Quantum computing is...,6,23, parallel,0.6077097654342651
phase4_step_29995_LIVE,Phrase 2: Quantum computing is...,6,24, ,0.5185806751251221
phase4_step_29995_LIVE,Phrase 2: Quantum computing is...,6,25,.,0.5578651428222656
phase4_step_29995_LIVE,Phrase 0: The quick brown fox ...,7,0, The,0.5203607082366943
phase4_step_29995_LIVE,Phrase 0: The quick brown fox ...,7,1, red,0.7197505831718445
phase4_step_29995_LIVE,Phrase 0: The quick brown fox ...,7,2, brown,0.1547524780035019
phase4_step_29995_LIVE,Phrase 0: The quick brown fox ...,7,3, bar,0.8756957650184631
phase4_step_29995_LIVE,Phrase 0: The quick brown fox ...,7,4, jumps,0.367697149515152
phase4_step_29995_LIVE,Phrase 0: The quick brown fox ...,7,5, over,0.3667433261871338
phase4_step_29995_LIVE,Phrase 0: The quick brown fox ...,7,6,2,0.4896850883960724
phase4_step_29995_LIVE,Phrase 0: The quick brown fox ...,7,7, lazy,0.4893895089626312
phase4_step_29995_LIVE,Phrase 0: The quick brown fox ...,7,8, dog,0.14530189335346222
phase4_step_29995_LIVE,Phrase 0: The quick brown fox ...,7,9,.,0.2784249186515808
phase4_step_29995_LIVE,"Phrase 1: Мама мыла раму, а па...",7,0,М,0.29126742482185364
phase4_step_29995_LIVE,"Phrase 1: Мама мыла раму, а па...",7,1,ам,0.20208844542503357
phase4_step_29995_LIVE,"Phrase 1: Мама мыла раму, а па...",7,2,а,0.06813053786754608
phase4_step_29995_LIVE,"Phrase 1: Мама мыла раму, а па...",7,3, мы,0.35485878586769104
phase4_step_29995_LIVE,"Phrase 1: Мама мыла раму, а па...",7,4,ла,0.08191267400979996
phase4_step_29995_LIVE,"Phrase 1: Мама мыла раму, а па...",7,5, рам,0.31315118074417114
phase4_step_29995_LIVE,"Phrase 1: Мама мыла раму, а па...",7,6,у,0.6577342748641968
phase4_step_29995_LIVE,"Phrase 1: Мама мыла раму, а па...",7,7,",",0.3107462525367737
phase4_step_29995_LIVE,"Phrase 1: Мама мыла раму, а па...",7,8, а,0.4480203688144684
phase4_step_29995_LIVE,"Phrase 1: Мама мыла раму, а па...",7,9, п,0.49138978123664856
phase4_step_29995_LIVE,"Phrase 1: Мама мыла раму, а па...",7,10,ап,0.36121293902397156
phase4_step_29995_LIVE,"Phrase 1: Мама мыла раму, а па...",7,11,а,0.665328860282898
phase4_step_29995_LIVE,"Phrase 1: Мама мыла раму, а па...",7,12,uls,0.9061410427093506
phase4_step_29995_LIVE,"Phrase 1: Мама мыла раму, а па...",7,13,ин,0.17801153659820557
phase4_step_29995_LIVE,"Phrase 1: Мама мыла раму, а па...",7,14,ил,0.44407156109809875
phase4_step_29995_LIVE,"Phrase 1: Мама мыла раму, а па...",7,15, neg,0.8961696028709412
phase4_step_29995_LIVE,"Phrase 1: Мама мыла раму, а па...",7,16,ел,0.07962997257709503
phase4_step_29995_LIVE,"Phrase 1: Мама мыла раму, а па...",7,17,ев,0.6135648488998413
phase4_step_29995_LIVE,"Phrase 1: Мама мыла раму, а па...",7,18,из,0.19783194363117218
phase4_step_29995_LIVE,"Phrase 1: Мама мыла раму, а па...",7,19,ор,0.589180588722229
phase4_step_29995_LIVE,"Phrase 1: Мама мыла раму, а па...",7,20,.,0.19018739461898804
phase4_step_29995_LIVE,Phrase 2: Quantum computing is...,7,0,ьер,0.9412444829940796
phase4_step_29995_LIVE,Phrase 2: Quantum computing is...,7,1,ik,0.7032365798950195
phase4_step_29995_LIVE,Phrase 2: Quantum computing is...,7,2, computing,0.5026320219039917
phase4_step_29995_LIVE,Phrase 2: Quantum computing is...,7,3, is,0.22645694017410278
phase4_step_29995_LIVE,Phrase 2: Quantum computing is...,7,4, divisible,0.992495059967041
phase4_step_29995_LIVE,Phrase 2: Quantum computing is...,7,5, rapidly,0.15040357410907745
phase4_step_29995_LIVE,Phrase 2: Quantum computing is...,7,6, exp,0.6706198453903198
phase4_step_29995_LIVE,Phrase 2: Quantum computing is...,7,7,quared,0.7854463458061218
phase4_step_29995_LIVE,Phrase 2: Quantum computing is...,7,8, nodes,0.7764390110969543
phase4_step_29995_LIVE,Phrase 2: Quantum computing is...,7,9, that,0.4984963536262512
phase4_step_29995_LIVE,Phrase 2: Quantum computing is...,7,10, harness,0.16780878603458405
phase4_step_29995_LIVE,Phrase 2: Quantum computing is...,7,11,es,0.07757487148046494
phase4_step_29995_LIVE,Phrase 2: Quantum computing is...,7,12, the,0.2334195375442505
phase4_step_29995_LIVE,Phrase 2: Quantum computing is...,7,13, facts,0.394051194190979
phase4_step_29995_LIVE,Phrase 2: Quantum computing is...,7,14, of,0.4009357988834381
phase4_step_29995_LIVE,Phrase 2: Quantum computing is...,7,15, quantum,0.15323714911937714
phase4_step_29995_LIVE,Phrase 2: Quantum computing is...,7,16, mechanics,0.36832165718078613
phase4_step_29995_LIVE,Phrase 2: Quantum computing is...,7,17, to,0.2544249892234802
phase4_step_29995_LIVE,Phrase 2: Quantum computing is...,7,18, solve,0.34144964814186096
phase4_step_29995_LIVE,Phrase 2: Quantum computing is...,7,19, data,0.49939242005348206
phase4_step_29995_LIVE,Phrase 2: Quantum computing is...,7,20, too,0.48962706327438354
phase4_step_29995_LIVE,Phrase 2: Quantum computing is...,7,21, complex,0.24076253175735474
phase4_step_29995_LIVE,Phrase 2: Quantum computing is...,7,22, for,0.06878532469272614
phase4_step_29995_LIVE,Phrase 2: Quantum computing is...,7,23, parallel,0.5958905816078186
phase4_step_29995_LIVE,Phrase 2: Quantum computing is...,7,24, ,0.5034763216972351
phase4_step_29995_LIVE,Phrase 2: Quantum computing is...,7,25,.,0.5254050493240356
phase4_step_29995_LIVE,Phrase 0: The quick brown fox ...,8,0, The,0.49334460496902466
phase4_step_29995_LIVE,Phrase 0: The quick brown fox ...,8,1, red,0.711976945400238
phase4_step_29995_LIVE,Phrase 0: The quick brown fox ...,8,2, brown,0.17018240690231323
phase4_step_29995_LIVE,Phrase 0: The quick brown fox ...,8,3, bar,0.8594643473625183
phase4_step_29995_LIVE,Phrase 0: The quick brown fox ...,8,4, jumps,0.36291512846946716
phase4_step_29995_LIVE,Phrase 0: The quick brown fox ...,8,5, over,0.3457798957824707
phase4_step_29995_LIVE,Phrase 0: The quick brown fox ...,8,6,2,0.46056807041168213
phase4_step_29995_LIVE,Phrase 0: The quick brown fox ...,8,7, lazy,0.48473942279815674
phase4_step_29995_LIVE,Phrase 0: The quick brown fox ...,8,8, dog,0.15872891247272491
phase4_step_29995_LIVE,Phrase 0: The quick brown fox ...,8,9,.,0.26149481534957886
phase4_step_29995_LIVE,"Phrase 1: Мама мыла раму, а па...",8,0,М,0.27523618936538696
phase4_step_29995_LIVE,"Phrase 1: Мама мыла раму, а па...",8,1,ам,0.19059297442436218
phase4_step_29995_LIVE,"Phrase 1: Мама мыла раму, а па...",8,2,а,0.06438754498958588
phase4_step_29995_LIVE,"Phrase 1: Мама мыла раму, а па...",8,3, мы,0.3383336067199707
phase4_step_29995_LIVE,"Phrase 1: Мама мыла раму, а па...",8,4,ла,0.0823674201965332
phase4_step_29995_LIVE,"Phrase 1: Мама мыла раму, а па...",8,5, рам,0.3127080500125885
phase4_step_29995_LIVE,"Phrase 1: Мама мыла раму, а па...",8,6,у,0.6233375072479248
phase4_step_29995_LIVE,"Phrase 1: Мама мыла раму, а па...",8,7,",",0.29169753193855286
phase4_step_29995_LIVE,"Phrase 1: Мама мыла раму, а па...",8,8, а,0.421500563621521
phase4_step_29995_LIVE,"Phrase 1: Мама мыла раму, а па...",8,9, п,0.4630086123943329
phase4_step_29995_LIVE,"Phrase 1: Мама мыла раму, а па...",8,10,ап,0.34351301193237305
phase4_step_29995_LIVE,"Phrase 1: Мама мыла раму, а па...",8,11,а,0.6290891170501709
phase4_step_29995_LIVE,"Phrase 1: Мама мыла раму, а па...",8,12,uls,0.8989670872688293
phase4_step_29995_LIVE,"Phrase 1: Мама мыла раму, а па...",8,13,ин,0.16787125170230865
phase4_step_29995_LIVE,"Phrase 1: Мама мыла раму, а па...",8,14,ил,0.41915363073349
phase4_step_29995_LIVE,"Phrase 1: Мама мыла раму, а па...",8,15, neg,0.8893594145774841
phase4_step_29995_LIVE,"Phrase 1: Мама мыла раму, а па...",8,16,ел,0.07878943532705307
phase4_step_29995_LIVE,"Phrase 1: Мама мыла раму, а па...",8,17,ев,0.5810266137123108
phase4_step_29995_LIVE,"Phrase 1: Мама мыла раму, а па...",8,18,из,0.18941736221313477
phase4_step_29995_LIVE,"Phrase 1: Мама мыла раму, а па...",8,19,ор,0.5562039613723755
phase4_step_29995_LIVE,"Phrase 1: Мама мыла раму, а па...",8,20,.,0.17855790257453918
phase4_step_29995_LIVE,Phrase 2: Quantum computing is...,8,0,ьер,0.9316994547843933
phase4_step_29995_LIVE,Phrase 2: Quantum computing is...,8,1,ik,0.6947208046913147
phase4_step_29995_LIVE,Phrase 2: Quantum computing is...,8,2, computing,0.48646706342697144
phase4_step_29995_LIVE,Phrase 2: Quantum computing is...,8,3, is,0.2125297635793686
phase4_step_29995_LIVE,Phrase 2: Quantum computing is...,8,4, divisible,0.9917721748352051
phase4_step_29995_LIVE,Phrase 2: Quantum computing is...,8,5, rapidly,0.16496455669403076
phase4_step_29995_LIVE,Phrase 2: Quantum computing is...,8,6, exp,0.6603791117668152
phase4_step_29995_LIVE,Phrase 2: Quantum computing is...,8,7,ving,0.7733278274536133
phase4_step_29995_LIVE,Phrase 2: Quantum computing is...,8,8, köz,0.7674278020858765
phase4_step_29995_LIVE,Phrase 2: Quantum computing is...,8,9, that,0.4688127040863037
phase4_step_29995_LIVE,Phrase 2: Quantum computing is...,8,10, harness,0.18530090153217316
phase4_step_29995_LIVE,Phrase 2: Quantum computing is...,8,11,es,0.07667119801044464
phase4_step_29995_LIVE,Phrase 2: Quantum computing is...,8,12, the,0.21907755732536316
phase4_step_29995_LIVE,Phrase 2: Quantum computing is...,8,13, facts,0.38517579436302185
phase4_step_29995_LIVE,Phrase 2: Quantum computing is...,8,14, of,0.37656834721565247
phase4_step_29995_LIVE,Phrase 2: Quantum computing is...,8,15, quantum,0.16845983266830444
phase4_step_29995_LIVE,Phrase 2: Quantum computing is...,8,16, mechanics,0.3617621660232544
phase4_step_29995_LIVE,Phrase 2: Quantum computing is...,8,17, to,0.2386993020772934
phase4_step_29995_LIVE,Phrase 2: Quantum computing is...,8,18, solve,0.3212658762931824
phase4_step_29995_LIVE,Phrase 2: Quantum computing is...,8,19, data,0.47590169310569763
phase4_step_29995_LIVE,Phrase 2: Quantum computing is...,8,20, too,0.46954411268234253
phase4_step_29995_LIVE,Phrase 2: Quantum computing is...,8,21, complex,0.23513774573802948
phase4_step_29995_LIVE,Phrase 2: Quantum computing is...,8,22, for,0.06477946788072586
phase4_step_29995_LIVE,Phrase 2: Quantum computing is...,8,23, parallel,0.5856642723083496
phase4_step_29995_LIVE,Phrase 2: Quantum computing is...,8,24, ,0.49023866653442383
phase4_step_29995_LIVE,Phrase 2: Quantum computing is...,8,25,.,0.49444660544395447
phase4_step_29995_LIVE,Phrase 0: The quick brown fox ...,9,0, The,0.4680818021297455
phase4_step_29995_LIVE,Phrase 0: The quick brown fox ...,9,1, red,0.7053734064102173
phase4_step_29995_LIVE,Phrase 0: The quick brown fox ...,9,2, brown,0.1856338083744049
phase4_step_29995_LIVE,Phrase 0: The quick brown fox ...,9,3, bar,0.844161868095398
phase4_step_29995_LIVE,Phrase 0: The quick brown fox ...,9,4, jumps,0.35990041494369507
phase4_step_29995_LIVE,Phrase 0: The quick brown fox ...,9,5, over,0.32619616389274597
phase4_step_29995_LIVE,Phrase 0: The quick brown fox ...,9,6, ,0.43299850821495056
phase4_step_29995_LIVE,Phrase 0: The quick brown fox ...,9,7, lazy,0.48161569237709045
phase4_step_29995_LIVE,Phrase 0: The quick brown fox ...,9,8, dog,0.17222778499126434
phase4_step_29995_LIVE,Phrase 0: The quick brown fox ...,9,9,.,0.2456035614013672
phase4_step_29995_LIVE,"Phrase 1: Мама мыла раму, а па...",9,0,М,0.26046544313430786
phase4_step_29995_LIVE,"Phrase 1: Мама мыла раму, а па...",9,1,ам,0.17995190620422363
phase4_step_29995_LIVE,"Phrase 1: Мама мыла раму, а па...",9,2,а,0.06098945438861847
phase4_step_29995_LIVE,"Phrase 1: Мама мыла раму, а па...",9,3, мы,0.32330265641212463
phase4_step_29995_LIVE,"Phrase 1: Мама мыла раму, а па...",9,4,ла,0.08345667272806168
phase4_step_29995_LIVE,"Phrase 1: Мама мыла раму, а па...",9,5, рам,0.31385737657546997
phase4_step_29995_LIVE,"Phrase 1: Мама мыла раму, а па...",9,6,у,0.5898674726486206
phase4_step_29995_LIVE,"Phrase 1: Мама мыла раму, а па...",9,7,",",0.27379781007766724
phase4_step_29995_LIVE,"Phrase 1: Мама мыла раму, а па...",9,8, а,0.39648765325546265
phase4_step_29995_LIVE,"Phrase 1: Мама мыла раму, а па...",9,9, п,0.43615856766700745
phase4_step_29995_LIVE,"Phrase 1: Мама мыла раму, а па...",9,10,ап,0.327271968126297
phase4_step_29995_LIVE,"Phrase 1: Мама мыла раму, а па...",9,11,а,0.5940188765525818
phase4_step_29995_LIVE,"Phrase 1: Мама мыла раму, а па...",9,12,ф,0.8928433656692505
phase4_step_29995_LIVE,"Phrase 1: Мама мыла раму, а па...",9,13,ин,0.1584857702255249
phase4_step_29995_LIVE,"Phrase 1: Мама мыла раму, а па...",9,14,ил,0.39573606848716736
phase4_step_29995_LIVE,"Phrase 1: Мама мыла раму, а па...",9,15, neg,0.883254885673523
phase4_step_29995_LIVE,"Phrase 1: Мама мыла раму, а па...",9,16,ел,0.07846417278051376
phase4_step_29995_LIVE,"Phrase 1: Мама мыла раму, а па...",9,17,ев,0.5497872829437256
phase4_step_29995_LIVE,"Phrase 1: Мама мыла раму, а па...",9,18,из,0.18210643529891968
phase4_step_29995_LIVE,"Phrase 1: Мама мыла раму, а па...",9,19,ор,0.5246623158454895
phase4_step_29995_LIVE,"Phrase 1: Мама мыла раму, а па...",9,20,.,0.16765928268432617
phase4_step_29995_LIVE,Phrase 2: Quantum computing is...,9,0,ьер,0.9231464862823486
phase4_step_29995_LIVE,Phrase 2: Quantum computing is...,9,1,ik,0.6878769993782043
phase4_step_29995_LIVE,Phrase 2: Quantum computing is...,9,2, computing,0.4720664620399475
phase4_step_29995_LIVE,Phrase 2: Quantum computing is...,9,3, is,0.1994573324918747
phase4_step_29995_LIVE,Phrase 2: Quantum computing is...,9,4, supplementary,0.991146445274353
phase4_step_29995_LIVE,Phrase 2: Quantum computing is...,9,5, rapidly,0.1795276403427124
phase4_step_29995_LIVE,Phrase 2: Quantum computing is...,9,6, exp,0.6515009999275208
phase4_step_29995_LIVE,Phrase 2: Quantum computing is...,9,7,ving,0.7622484564781189
phase4_step_29995_LIVE,Phrase 2: Quantum computing is...,9,8, köz,0.7594597935676575
phase4_step_29995_LIVE,Phrase 2: Quantum computing is...,9,9, that,0.44067710638046265
phase4_step_29995_LIVE,Phrase 2: Quantum computing is...,9,10, harness,0.20258289575576782
phase4_step_29995_LIVE,Phrase 2: Quantum computing is...,9,11,es,0.0763968825340271
phase4_step_29995_LIVE,Phrase 2: Quantum computing is...,9,12, the,0.20563754439353943
phase4_step_29995_LIVE,Phrase 2: Quantum computing is...,9,13, facts,0.37820500135421753
phase4_step_29995_LIVE,Phrase 2: Quantum computing is...,9,14, of,0.3536171019077301
phase4_step_29995_LIVE,Phrase 2: Quantum computing is...,9,15, quantum,0.18363513052463531
phase4_step_29995_LIVE,Phrase 2: Quantum computing is...,9,16, mechanics,0.35698646306991577
phase4_step_29995_LIVE,Phrase 2: Quantum computing is...,9,17, to,0.22393640875816345
phase4_step_29995_LIVE,Phrase 2: Quantum computing is...,9,18, solve,0.30235546827316284
phase4_step_29995_LIVE,Phrase 2: Quantum computing is...,9,19, functions,0.45407775044441223
phase4_step_29995_LIVE,Phrase 2: Quantum computing is...,9,20, too,0.45120587944984436
phase4_step_29995_LIVE,Phrase 2: Quantum computing is...,9,21, complex,0.23087100684642792
phase4_step_29995_LIVE,Phrase 2: Quantum computing is...,9,22, for,0.061101220548152924
phase4_step_29995_LIVE,Phrase 2: Quantum computing is...,9,23, parallel,0.5769466161727905
phase4_step_29995_LIVE,Phrase 2: Quantum computing is...,9,24, ,0.47877517342567444
phase4_step_29995_LIVE,Phrase 2: Quantum computing is...,9,25,.,0.4650270640850067
phase4_step_29995_LIVE,Phrase 0: The quick brown fox ...,10,0, The,0.44457316398620605
phase4_step_29995_LIVE,Phrase 0: The quick brown fox ...,10,1, red,0.6998560428619385
phase4_step_29995_LIVE,Phrase 0: The quick brown fox ...,10,2, brown,0.2009095698595047
phase4_step_29995_LIVE,Phrase 0: The quick brown fox ...,10,3, dog,0.8298221826553345
phase4_step_29995_LIVE,Phrase 0: The quick brown fox ...,10,4, jumps,0.3584632873535156
phase4_step_29995_LIVE,Phrase 0: The quick brown fox ...,10,5, over,0.3079339861869812
phase4_step_29995_LIVE,Phrase 0: The quick brown fox ...,10,6, ,0.4069543182849884
phase4_step_29995_LIVE,Phrase 0: The quick brown fox ...,10,7, lazy,0.47984039783477783
phase4_step_29995_LIVE,Phrase 0: The quick brown fox ...,10,8, dog,0.1856059581041336
phase4_step_29995_LIVE,Phrase 0: The quick brown fox ...,10,9,.,0.23069168627262115
phase4_step_29995_LIVE,"Phrase 1: Мама мыла раму, а па...",10,0,М,0.24690856039524078
phase4_step_29995_LIVE,"Phrase 1: Мама мыла раму, а па...",10,1,ам,0.17012536525726318
phase4_step_29995_LIVE,"Phrase 1: Мама мыла раму, а па...",10,2,а,0.057919811457395554
phase4_step_29995_LIVE,"Phrase 1: Мама мыла раму, а па...",10,3, мы,0.30969518423080444
phase4_step_29995_LIVE,"Phrase 1: Мама мыла раму, а па...",10,4,ла,0.08505287021398544
phase4_step_29995_LIVE,"Phrase 1: Мама мыла раму, а па...",10,5, рам,0.3163534700870514
phase4_step_29995_LIVE,"Phrase 1: Мама мыла раму, а па...",10,6,у,0.5575340390205383
phase4_step_29995_LIVE,"Phrase 1: Мама мыла раму, а па...",10,7,",",0.25698235630989075
phase4_step_29995_LIVE,"Phrase 1: Мама мыла раму, а па...",10,8, а,0.3729389011859894
phase4_step_29995_LIVE,"Phrase 1: Мама мыла раму, а па...",10,9, п,0.4108172357082367
phase4_step_29995_LIVE,"Phrase 1: Мама мыла раму, а па...",10,10,ап,0.31242653727531433
phase4_step_29995_LIVE,"Phrase 1: Мама мыла раму, а па...",10,11,а,0.5602615475654602
phase4_step_29995_LIVE,"Phrase 1: Мама мыла раму, а па...",10,12,ф,0.8876554369926453
phase4_step_29995_LIVE,"Phrase 1: Мама мыла раму, а па...",10,13,ин,0.14981624484062195
phase4_step_29995_LIVE,"Phrase 1: Мама мыла раму, а па...",10,14,ил,0.37377244234085083
phase4_step_29995_LIVE,"Phrase 1: Мама мыла раму, а па...",10,15, neg,0.8777949810028076
phase4_step_29995_LIVE,"Phrase 1: Мама мыла раму, а па...",10,16,ел,0.07857274264097214
phase4_step_29995_LIVE,"Phrase 1: Мама мыла раму, а па...",10,17,ев,0.5199372172355652
phase4_step_29995_LIVE,"Phrase 1: Мама мыла раму, а па...",10,18,из,0.1758354753255844
phase4_step_29995_LIVE,"Phrase 1: Мама мыла раму, а па...",10,19,ор,0.4946238696575165
phase4_step_29995_LIVE,"Phrase 1: Мама мыла раму, а па...",10,20,.,0.1574479639530182
phase4_step_29995_LIVE,Phrase 2: Quantum computing is...,10,0,ьер,0.9154704809188843
phase4_step_29995_LIVE,Phrase 2: Quantum computing is...,10,1,ik,0.682536244392395
phase4_step_29995_LIVE,Phrase 2: Quantum computing is...,10,2, computing,0.4593425691127777
phase4_step_29995_LIVE,Phrase 2: Quantum computing is...,10,3, is,0.1871889978647232
phase4_step_29995_LIVE,Phrase 2: Quantum computing is...,10,4, supplementary,0.9905528426170349
phase4_step_29995_LIVE,Phrase 2: Quantum computing is...,10,5, rapidly,0.1938820332288742
phase4_step_29995_LIVE,Phrase 2: Quantum computing is...,10,6, exp,0.6439210772514343
phase4_step_29995_LIVE,Phrase 2: Quantum computing is...,10,7,ving,0.7521792054176331
phase4_step_29995_LIVE,Phrase 2: Quantum computing is...,10,8, köz,0.752482533454895
phase4_step_29995_LIVE,Phrase 2: Quantum computing is...,10,9, that,0.41407474875450134
phase4_step_29995_LIVE,Phrase 2: Quantum computing is...,10,10, harness,0.2194558084011078
phase4_step_29995_LIVE,Phrase 2: Quantum computing is...,10,11,es,0.07665319740772247
phase4_step_29995_LIVE,Phrase 2: Quantum computing is...,10,12, the,0.1930464804172516
phase4_step_29995_LIVE,Phrase 2: Quantum computing is...,10,13, facts,0.3729785680770874
phase4_step_29995_LIVE,Phrase 2: Quantum computing is...,10,14, of,0.33201995491981506
phase4_step_29995_LIVE,Phrase 2: Quantum computing is...,10,15, quantum,0.19855773448944092
phase4_step_29995_LIVE,Phrase 2: Quantum computing is...,10,16, mechanics,0.3538210391998291
phase4_step_29995_LIVE,Phrase 2: Quantum computing is...,10,17, to,0.21007980406284332
phase4_step_29995_LIVE,Phrase 2: Quantum computing is...,10,18, solve,0.284657746553421
phase4_step_29995_LIVE,Phrase 2: Quantum computing is...,10,19, problems,0.43389660120010376
phase4_step_29995_LIVE,Phrase 2: Quantum computing is...,10,20, too,0.43456554412841797
phase4_step_29995_LIVE,Phrase 2: Quantum computing is...,10,21, complex,0.22783677279949188
phase4_step_29995_LIVE,Phrase 2: Quantum computing is...,10,22, for,0.05773365497589111
phase4_step_29995_LIVE,Phrase 2: Quantum computing is...,10,23, horizontal,0.5696406364440918
phase4_step_29995_LIVE,Phrase 2: Quantum computing is...,10,24, ,0.4689740538597107
phase4_step_29995_LIVE,Phrase 2: Quantum computing is...,10,25,.,0.43715304136276245
phase4_step_29995_LIVE,Phrase 0: The quick brown fox ...,11,0, The,0.42279645800590515
phase4_step_29995_LIVE,Phrase 0: The quick brown fox ...,11,1, rag,0.6953375935554504
phase4_step_29995_LIVE,Phrase 0: The quick brown fox ...,11,2, brown,0.21589085459709167
phase4_step_29995_LIVE,Phrase 0: The quick brown fox ...,11,3, dog,0.8164640665054321
phase4_step_29995_LIVE,Phrase 0: The quick brown fox ...,11,4, jumps,0.35841503739356995
phase4_step_29995_LIVE,Phrase 0: The quick brown fox ...,11,5, over,0.2909363806247711
phase4_step_29995_LIVE,Phrase 0: The quick brown fox ...,11,6, ,0.382395476102829
phase4_step_29995_LIVE,Phrase 0: The quick brown fox ...,11,7, lazy,0.479242205619812
phase4_step_29995_LIVE,Phrase 0: The quick brown fox ...,11,8, dog,0.19874276220798492
phase4_step_29995_LIVE,Phrase 0: The quick brown fox ...,11,9,.,0.2167026698589325
phase4_step_29995_LIVE,"Phrase 1: Мама мыла раму, а па...",11,0,М,0.2345212697982788
phase4_step_29995_LIVE,"Phrase 1: Мама мыла раму, а па...",11,1,ам,0.1610749065876007
phase4_step_29995_LIVE,"Phrase 1: Мама мыла раму, а па...",11,2,а,0.05516216531395912
phase4_step_29995_LIVE,"Phrase 1: Мама мыла раму, а па...",11,3, мы,0.2974356710910797
phase4_step_29995_LIVE,"Phrase 1: Мама мыла раму, а па...",11,4,ла,0.08703899383544922
phase4_step_29995_LIVE,"Phrase 1: Мама мыла раму, а па...",11,5, рам,0.3199666142463684
phase4_step_29995_LIVE,"Phrase 1: Мама мыла раму, а па...",11,6,у,0.5264821648597717
phase4_step_29995_LIVE,"Phrase 1: Мама мыла раму, а па...",11,7,",",0.24118928611278534
phase4_step_29995_LIVE,"Phrase 1: Мама мыла раму, а па...",11,8, а,0.35080066323280334
phase4_step_29995_LIVE,"Phrase 1: Мама мыла раму, а па...",11,9, п,0.3869447410106659
phase4_step_29995_LIVE,"Phrase 1: Мама мыла раму, а па...",11,10,ап,0.2989130914211273
phase4_step_29995_LIVE,"Phrase 1: Мама мыла раму, а па...",11,11,а,0.5279265642166138
phase4_step_29995_LIVE,"Phrase 1: Мама мыла раму, а па...",11,12,ф,0.8833176493644714
phase4_step_29995_LIVE,"Phrase 1: Мама мыла раму, а па...",11,13,ин,0.1418236792087555
phase4_step_29995_LIVE,"Phrase 1: Мама мыла раму, а па...",11,14,ил,0.35320743918418884
phase4_step_29995_LIVE,"Phrase 1: Мама мыла раму, а па...",11,15, neg,0.8729354739189148
phase4_step_29995_LIVE,"Phrase 1: Мама мыла раму, а па...",11,16,ел,0.07903894782066345
phase4_step_29995_LIVE,"Phrase 1: Мама мыла раму, а па...",11,17,ев,0.49153298139572144
phase4_step_29995_LIVE,"Phrase 1: Мама мыла раму, а па...",11,18,из,0.1705383062362671
phase4_step_29995_LIVE,"Phrase 1: Мама мыла раму, а па...",11,19,ор,0.4661228656768799
phase4_step_29995_LIVE,"Phrase 1: Мама мыла раму, а па...",11,20,.,0.14788447320461273
phase4_step_29995_LIVE,Phrase 2: Quantum computing is...,11,0,ьер,0.9085693955421448
phase4_step_29995_LIVE,Phrase 2: Quantum computing is...,11,1,ik,0.6785498261451721
phase4_step_29995_LIVE,Phrase 2: Quantum computing is...,11,2, computing,0.44819727540016174
phase4_step_29995_LIVE,Phrase 2: Quantum computing is...,11,3, is,0.17567718029022217
phase4_step_29995_LIVE,Phrase 2: Quantum computing is...,11,4, supplementary,0.9899733662605286
phase4_step_29995_LIVE,Phrase 2: Quantum computing is...,11,5, rapidly,0.20790134370326996
phase4_step_29995_LIVE,Phrase 2: Quantum computing is...,11,6, exp,0.6375600099563599
phase4_step_29995_LIVE,Phrase 2: Quantum computing is...,11,7,ving,0.7430800795555115
phase4_step_29995_LIVE,Phrase 2: Quantum computing is...,11,8, köz,0.7464407682418823
phase4_step_29995_LIVE,Phrase 2: Quantum computing is...,11,9, that,0.3889709413051605
phase4_step_29995_LIVE,Phrase 2: Quantum computing is...,11,10, harness,0.23580659925937653
phase4_step_29995_LIVE,Phrase 2: Quantum computing is...,11,11,es,0.07734852284193039
phase4_step_29995_LIVE,Phrase 2: Quantum computing is...,11,12, the,0.18125702440738678
phase4_step_29995_LIVE,Phrase 2: Quantum computing is...,11,13, facts,0.3693278133869171
phase4_step_29995_LIVE,Phrase 2: Quantum computing is...,11,14, of,0.31171098351478577
phase4_step_29995_LIVE,Phrase 2: Quantum computing is...,11,15, quantum,0.21310558915138245
phase4_step_29995_LIVE,Phrase 2: Quantum computing is...,11,16, mechanics,0.352091521024704
phase4_step_29995_LIVE,Phrase 2: Quantum computing is...,11,17, to,0.19707605242729187
phase4_step_29995_LIVE,Phrase 2: Quantum computing is...,11,18, solve,0.2681141793727875
phase4_step_29995_LIVE,Phrase 2: Quantum computing is...,11,19, problems,0.41531795263290405
phase4_step_29995_LIVE,Phrase 2: Quantum computing is...,11,20, too,0.4195609390735626
phase4_step_29995_LIVE,Phrase 2: Quantum computing is...,11,21, complex,0.22590433061122894
phase4_step_29995_LIVE,Phrase 2: Quantum computing is...,11,22, for,0.05466267839074135
phase4_step_29995_LIVE,Phrase 2: Quantum computing is...,11,23, horizontal,0.5636388659477234
phase4_step_29995_LIVE,Phrase 2: Quantum computing is...,11,24, computer,0.46070998907089233
phase4_step_29995_LIVE,Phrase 2: Quantum computing is...,11,25,.,0.4108056128025055
phase4_step_29995_LIVE,Phrase 0: The quick brown fox ...,12,0, The,0.4027107059955597
phase4_step_29995_LIVE,Phrase 0: The quick brown fox ...,12,1, rag,0.6917291283607483
phase4_step_29995_LIVE,Phrase 0: The quick brown fox ...,12,2, brown,0.23050782084465027
phase4_step_29995_LIVE,Phrase 0: The quick brown fox ...,12,3, dog,0.8040921092033386
phase4_step_29995_LIVE,Phrase 0: The quick brown fox ...,12,4, jumps,0.35957154631614685
phase4_step_29995_LIVE,Phrase 0: The quick brown fox ...,12,5, over,0.27514752745628357
phase4_step_29995_LIVE,Phrase 0: The quick brown fox ...,12,6, ,0.3592696487903595
phase4_step_29995_LIVE,Phrase 0: The quick brown fox ...,12,7, lazy,0.4796593189239502
phase4_step_29995_LIVE,Phrase 0: The quick brown fox ...,12,8, dog,0.21156524121761322
phase4_step_29995_LIVE,Phrase 0: The quick brown fox ...,12,9,.,0.2035820484161377
phase4_step_29995_LIVE,"Phrase 1: Мама мыла раму, а па...",12,0,М,0.2232605665922165
phase4_step_29995_LIVE,"Phrase 1: Мама мыла раму, а па...",12,1,ам,0.15276367962360382
phase4_step_29995_LIVE,"Phrase 1: Мама мыла раму, а па...",12,2,а,0.05269830301403999
phase4_step_29995_LIVE,"Phrase 1: Мама мыла раму, а па...",12,3, мы,0.28644639253616333
phase4_step_29995_LIVE,"Phrase 1: Мама мыла раму, а па...",12,4,ла,0.0893157348036766
phase4_step_29995_LIVE,"Phrase 1: Мама мыла раму, а па...",12,5, рам,0.32448941469192505
phase4_step_29995_LIVE,"Phrase 1: Мама мыла раму, а па...",12,6,у,0.4968056380748749
phase4_step_29995_LIVE,"Phrase 1: Мама мыла раму, а па...",12,7,",",0.22635908424854279
phase4_step_29995_LIVE,"Phrase 1: Мама мыла раму, а па...",12,8, а,0.3300135135650635
phase4_step_29995_LIVE,"Phrase 1: Мама мыла раму, а па...",12,9, п,0.36449068784713745
phase4_step_29995_LIVE,"Phrase 1: Мама мыла раму, а па...",12,10,ап,0.2866661846637726
phase4_step_29995_LIVE,"Phrase 1: Мама мыла раму, а па...",12,11,а,0.49708688259124756
phase4_step_29995_LIVE,"Phrase 1: Мама мыла раму, а па...",12,12,ф,0.879765510559082
phase4_step_29995_LIVE,"Phrase 1: Мама мыла раму, а па...",12,13,ин,0.1344735026359558
phase4_step_29995_LIVE,"Phrase 1: Мама мыла раму, а па...",12,14,ил,0.3339826166629791
phase4_step_29995_LIVE,"Phrase 1: Мама мыла раму, а па...",12,15, neg,0.8686386346817017
phase4_step_29995_LIVE,"Phrase 1: Мама мыла раму, а па...",12,16,ел,0.07979314029216766
phase4_step_29995_LIVE,"Phrase 1: Мама мыла раму, а па...",12,17,ев,0.4645999073982239
phase4_step_29995_LIVE,"Phrase 1: Мама мыла раму, а па...",12,18,из,0.1661454290151596
phase4_step_29995_LIVE,"Phrase 1: Мама мыла раму, а па...",12,19,ор,0.43916431069374084
phase4_step_29995_LIVE,"Phrase 1: Мама мыла раму, а па...",12,20,.,0.13892972469329834
phase4_step_29995_LIVE,Phrase 2: Quantum computing is...,12,0, Gaussian,0.9023600220680237
phase4_step_29995_LIVE,Phrase 2: Quantum computing is...,12,1,ik,0.6757787466049194
phase4_step_29995_LIVE,Phrase 2: Quantum computing is...,12,2, computing,0.43852499127388
phase4_step_29995_LIVE,Phrase 2: Quantum computing is...,12,3, is,0.16487731039524078
phase4_step_29995_LIVE,Phrase 2: Quantum computing is...,12,4, supplementary,0.9893996119499207
phase4_step_29995_LIVE,Phrase 2: Quantum computing is...,12,5, rapidly,0.22151051461696625
phase4_step_29995_LIVE,Phrase 2: Quantum computing is...,12,6, exp,0.6323304176330566
phase4_step_29995_LIVE,Phrase 2: Quantum computing is...,12,7,ving,0.7349048256874084
phase4_step_29995_LIVE,Phrase 2: Quantum computing is...,12,8, hotels,0.7412748336791992
phase4_step_29995_LIVE,Phrase 2: Quantum computing is...,12,9, that,0.36531591415405273
phase4_step_29995_LIVE,Phrase 2: Quantum computing is...,12,10, harness,0.2515745162963867
phase4_step_29995_LIVE,Phrase 2: Quantum computing is...,12,11,es,0.078395314514637
phase4_step_29995_LIVE,Phrase 2: Quantum computing is...,12,12, the,0.17022304236888885
phase4_step_29995_LIVE,Phrase 2: Quantum computing is...,12,13, facts,0.36708149313926697
phase4_step_29995_LIVE,Phrase 2: Quantum computing is...,12,14, of,0.29262304306030273
phase4_step_29995_LIVE,Phrase 2: Quantum computing is...,12,15, quantum,0.22721004486083984
phase4_step_29995_LIVE,Phrase 2: Quantum computing is...,12,16, mechanics,0.35162556171417236
phase4_step_29995_LIVE,Phrase 2: Quantum computing is...,12,17, to,0.18487480282783508
phase4_step_29995_LIVE,Phrase 2: Quantum computing is...,12,18, solve,0.2526691257953644
phase4_step_29995_LIVE,Phrase 2: Quantum computing is...,12,19, problems,0.3982897400856018
phase4_step_29995_LIVE,Phrase 2: Quantum computing is...,12,20, too,0.40611785650253296
phase4_step_29995_LIVE,Phrase 2: Quantum computing is...,12,21, complex,0.22494284808635712
phase4_step_29995_LIVE,Phrase 2: Quantum computing is...,12,22, for,0.0518740713596344
phase4_step_29995_LIVE,Phrase 2: Quantum computing is...,12,23, horizontal,0.5588293671607971
phase4_step_29995_LIVE,Phrase 2: Quantum computing is...,12,24, computer,0.4538511037826538
phase4_step_29995_LIVE,Phrase 2: Quantum computing is...,12,25,.,0.38594678044319153
phase4_step_29995_LIVE,Phrase 0: The quick brown fox ...,13,0, The,0.38426193594932556
phase4_step_29995_LIVE,Phrase 0: The quick brown fox ...,13,1, rag,0.688943088054657
phase4_step_29995_LIVE,Phrase 0: The quick brown fox ...,13,2, brown,0.24472211301326752
phase4_step_29995_LIVE,Phrase 0: The quick brown fox ...,13,3, dog,0.7926976084709167
phase4_step_29995_LIVE,Phrase 0: The quick brown fox ...,13,4, jumps,0.36175885796546936
phase4_step_29995_LIVE,Phrase 0: The quick brown fox ...,13,5, over,0.2605142891407013
phase4_step_29995_LIVE,Phrase 0: The quick brown fox ...,13,6, ,0.33751681447029114
phase4_step_29995_LIVE,Phrase 0: The quick brown fox ...,13,7, lazy,0.48094257712364197
phase4_step_29995_LIVE,Phrase 0: The quick brown fox ...,13,8, dog,0.22402969002723694
phase4_step_29995_LIVE,Phrase 0: The quick brown fox ...,13,9,.,0.1912798136472702
phase4_step_29995_LIVE,"Phrase 1: Мама мыла раму, а па...",13,0,М,0.2130856215953827
phase4_step_29995_LIVE,"Phrase 1: Мама мыла раму, а па...",13,1,ам,0.14515675604343414
phase4_step_29995_LIVE,"Phrase 1: Мама мыла раму, а па...",13,2,а,0.05051600933074951
phase4_step_29995_LIVE,"Phrase 1: Мама мыла раму, а па...",13,3, мы,0.27664920687675476
phase4_step_29995_LIVE,"Phrase 1: Мама мыла раму, а па...",13,4,ла,0.09179960936307907
phase4_step_29995_LIVE,"Phrase 1: Мама мыла раму, а па...",13,5, рам,0.3297383785247803
phase4_step_29995_LIVE,"Phrase 1: Мама мыла раму, а па...",13,6,у,0.46855539083480835
phase4_step_29995_LIVE,"Phrase 1: Мама мыла раму, а па...",13,7,",",0.21243688464164734
phase4_step_29995_LIVE,"Phrase 1: Мама мыла раму, а па...",13,8, а,0.3105139434337616
phase4_step_29995_LIVE,"Phrase 1: Мама мыла раму, а па...",13,9, п,0.3433975279331207
phase4_step_29995_LIVE,"Phrase 1: Мама мыла раму, а па...",13,10,ап,0.2756200134754181
phase4_step_29995_LIVE,"Phrase 1: Мама мыла раму, а па...",13,11,а,0.4677809178829193
phase4_step_29995_LIVE,"Phrase 1: Мама мыла раму, а па...",13,12,ф,0.8769466876983643
phase4_step_29995_LIVE,"Phrase 1: Мама мыла раму, а па...",13,13,ин,0.1277317851781845
phase4_step_29995_LIVE,"Phrase 1: Мама мыла раму, а па...",13,14,ил,0.3160375654697418
phase4_step_29995_LIVE,"Phrase 1: Мама мыла раму, а па...",13,15, neg,0.8648681044578552
phase4_step_29995_LIVE,"Phrase 1: Мама мыла раму, а па...",13,16,ел,0.08077334612607956
phase4_step_29995_LIVE,"Phrase 1: Мама мыла раму, а па...",13,17,ев,0.43913787603378296
phase4_step_29995_LIVE,"Phrase 1: Мама мыла раму, а па...",13,18,из,0.1625853180885315
phase4_step_29995_LIVE,"Phrase 1: Мама мыла раму, а па...",13,19,ор,0.4137283265590668
phase4_step_29995_LIVE,"Phrase 1: Мама мыла раму, а па...",13,20,.,0.13054928183555603
phase4_step_29995_LIVE,Phrase 2: Quantum computing is...,13,0, Gaussian,0.8967742323875427
phase4_step_29995_LIVE,Phrase 2: Quantum computing is...,13,1,ik,0.6740909218788147
phase4_step_29995_LIVE,Phrase 2: Quantum computing is...,13,2, computing,0.4302150011062622
phase4_step_29995_LIVE,Phrase 2: Quantum computing is...,13,3, is,0.15474633872509003
phase4_step_29995_LIVE,Phrase 2: Quantum computing is...,13,4, supplementary,0.9888255000114441
phase4_step_29995_LIVE,Phrase 2: Quantum computing is...,13,5, rapidly,0.23466810584068298
phase4_step_29995_LIVE,Phrase 2: Quantum computing is...,13,6, exp,0.6281402707099915
phase4_step_29995_LIVE,Phrase 2: Quantum computing is...,13,7,ving,0.7276015281677246
phase4_step_29995_LIVE,Phrase 2: Quantum computing is...,13,8, hotels,0.736922562122345
phase4_step_29995_LIVE,Phrase 2: Quantum computing is...,13,9, that,0.3430514335632324
phase4_step_29995_LIVE,Phrase 2: Quantum computing is...,13,10, harness,0.2667313516139984
phase4_step_29995_LIVE,Phrase 2: Quantum computing is...,13,11,es,0.07971630990505219
phase4_step_29995_LIVE,Phrase 2: Quantum computing is...,13,12, the,0.15990306437015533
phase4_step_29995_LIVE,Phrase 2: Quantum computing is...,13,13, facts,0.3660714626312256
phase4_step_29995_LIVE,Phrase 2: Quantum computing is...,13,14, of,0.2746896743774414
phase4_step_29995_LIVE,Phrase 2: Quantum computing is...,13,15, quantum,0.2408352941274643
phase4_step_29995_LIVE,Phrase 2: Quantum computing is...,13,16, mechanics,0.35225775837898254
phase4_step_29995_LIVE,Phrase 2: Quantum computing is...,13,17, to,0.17342889308929443
phase4_step_29995_LIVE,Phrase 2: Quantum computing is...,13,18, solve,0.23826903104782104
phase4_step_29995_LIVE,Phrase 2: Quantum computing is...,13,19, problems,0.38275083899497986
phase4_step_29995_LIVE,Phrase 2: Quantum computing is...,13,20, too,0.3941546082496643
phase4_step_29995_LIVE,Phrase 2: Quantum computing is...,13,21, complex,0.2248239368200302
phase4_step_29995_LIVE,Phrase 2: Quantum computing is...,13,22, for,0.04935573786497116
phase4_step_29995_LIVE,Phrase 2: Quantum computing is...,13,23, circular,0.5551006197929382
phase4_step_29995_LIVE,Phrase 2: Quantum computing is...,13,24, computer,0.4482639729976654
phase4_step_29995_LIVE,Phrase 2: Quantum computing is...,13,25,.,0.3625255525112152
phase4_step_29995_LIVE,Phrase 0: The quick brown fox ...,14,0, The,0.3673867881298065
phase4_step_29995_LIVE,Phrase 0: The quick brown fox ...,14,1, rag,0.686893880367279
phase4_step_29995_LIVE,Phrase 0: The quick brown fox ...,14,2, brown,0.25851473212242126
phase4_step_29995_LIVE,Phrase 0: The quick brown fox ...,14,3, dog,0.7822591066360474
phase4_step_29995_LIVE,Phrase 0: The quick brown fox ...,14,4, jumps,0.3648166060447693
phase4_step_29995_LIVE,Phrase 0: The quick brown fox ...,14,5, over,0.24698549509048462
phase4_step_29995_LIVE,Phrase 0: The quick brown fox ...,14,6, ,0.31707218289375305
phase4_step_29995_LIVE,Phrase 0: The quick brown fox ...,14,7, lazy,0.4829564094543457
phase4_step_29995_LIVE,Phrase 0: The quick brown fox ...,14,8, dog,0.23611228168010712
phase4_step_29995_LIVE,Phrase 0: The quick brown fox ...,14,9,.,0.17974719405174255
phase4_step_29995_LIVE,"Phrase 1: Мама мыла раму, а па...",14,0,М,0.20395663380622864
phase4_step_29995_LIVE,"Phrase 1: Мама мыла раму, а па...",14,1,ам,0.13821986317634583
phase4_step_29995_LIVE,"Phrase 1: Мама мыла раму, а па...",14,2,а,0.048594895750284195
phase4_step_29995_LIVE,"Phrase 1: Мама мыла раму, а па...",14,3, мы,0.26796823740005493
phase4_step_29995_LIVE,"Phrase 1: Мама мыла раму, а па...",14,4,ла,0.09442178159952164
phase4_step_29995_LIVE,"Phrase 1: Мама мыла раму, а па...",14,5, рам,0.3355556130409241
phase4_step_29995_LIVE,"Phrase 1: Мама мыла раму, а па...",14,6,у,0.44174817204475403
phase4_step_29995_LIVE,"Phrase 1: Мама мыла раму, а па...",14,7,",",0.19936904311180115
phase4_step_29995_LIVE,"Phrase 1: Мама мыла раму, а па...",14,8, а,0.29223740100860596
phase4_step_29995_LIVE,"Phrase 1: Мама мыла раму, а па...",14,9, п,0.3236042261123657
phase4_step_29995_LIVE,"Phrase 1: Мама мыла раму, а па...",14,10,ап,0.26570647954940796
phase4_step_29995_LIVE,"Phrase 1: Мама мыла раму, а па...",14,11,а,0.44001588225364685
phase4_step_29995_LIVE,"Phrase 1: Мама мыла раму, а па...",14,12,ф,0.8748142123222351
phase4_step_29995_LIVE,"Phrase 1: Мама мыла раму, а па...",14,13,ин,0.12156526744365692
phase4_step_29995_LIVE,"Phrase 1: Мама мыла раму, а па...",14,14,ил,0.2993130385875702
phase4_step_29995_LIVE,"Phrase 1: Мама мыла раму, а па...",14,15, neg,0.86158686876297
phase4_step_29995_LIVE,"Phrase 1: Мама мыла раму, а па...",14,16,ел,0.08192715793848038
phase4_step_29995_LIVE,"Phrase 1: Мама мыла раму, а па...",14,17,ев,0.4151262044906616
phase4_step_29995_LIVE,"Phrase 1: Мама мыла раму, а па...",14,18,из,0.15978285670280457
phase4_step_29995_LIVE,"Phrase 1: Мама мыла раму, а па...",14,19,ор,0.3897775411605835
phase4_step_29995_LIVE,"Phrase 1: Мама мыла раму, а па...",14,20,.,0.1227087453007698
phase4_step_29995_LIVE,Phrase 2: Quantum computing is...,14,0, Gaussian,0.8917552828788757
phase4_step_29995_LIVE,Phrase 2: Quantum computing is...,14,1,ik,0.6733609437942505
phase4_step_29995_LIVE,Phrase 2: Quantum computing is...,14,2, computing,0.4231545627117157
phase4_step_29995_LIVE,Phrase 2: Quantum computing is...,14,3, is,0.14524570107460022
phase4_step_29995_LIVE,Phrase 2: Quantum computing is...,14,4, supplementary,0.9882478713989258
phase4_step_29995_LIVE,Phrase 2: Quantum computing is...,14,5, rapidly,0.2473558634519577
phase4_step_29995_LIVE,Phrase 2: Quantum computing is...,14,6, exp,0.6248959302902222
phase4_step_29995_LIVE,Phrase 2: Quantum computing is...,14,7,ving,0.7211140394210815
phase4_step_29995_LIVE,Phrase 2: Quantum computing is...,14,8, hotels,0.733320415019989
phase4_step_29995_LIVE,Phrase 2: Quantum computing is...,14,9, that,0.32211369276046753
phase4_step_29995_LIVE,Phrase 2: Quantum computing is...,14,10, harness,0.2812696695327759
phase4_step_29995_LIVE,Phrase 2: Quantum computing is...,14,11,es,0.0812445878982544
phase4_step_29995_LIVE,Phrase 2: Quantum computing is...,14,12, the,0.15025565028190613
phase4_step_29995_LIVE,Phrase 2: Quantum computing is...,14,13, facts,0.36613649129867554
phase4_step_29995_LIVE,Phrase 2: Quantum computing is...,14,14, of,0.2578464448451996
phase4_step_29995_LIVE,Phrase 2: Quantum computing is...,14,15, quantum,0.25396662950515747
phase4_step_29995_LIVE,Phrase 2: Quantum computing is...,14,16, mechanics,0.3538333475589752
phase4_step_29995_LIVE,Phrase 2: Quantum computing is...,14,17, to,0.16269269585609436
phase4_step_29995_LIVE,Phrase 2: Quantum computing is...,14,18, solve,0.22486408054828644
phase4_step_29995_LIVE,Phrase 2: Quantum computing is...,14,19, problems,0.3686348497867584
phase4_step_29995_LIVE,Phrase 2: Quantum computing is...,14,20, too,0.3835829496383667
phase4_step_29995_LIVE,Phrase 2: Quantum computing is...,14,21, complex,0.22542572021484375
phase4_step_29995_LIVE,Phrase 2: Quantum computing is...,14,22, for,0.04709545522928238
phase4_step_29995_LIVE,Phrase 2: Quantum computing is...,14,23, standard,0.552343487739563
phase4_step_29995_LIVE,Phrase 2: Quantum computing is...,14,24, computer,0.4438175559043884
phase4_step_29995_LIVE,Phrase 2: Quantum computing is...,14,25,.,0.34048187732696533
phase4_step_29995_LIVE,Phrase 0: The quick brown fox ...,15,0, The,0.35201576352119446
phase4_step_29995_LIVE,Phrase 0: The quick brown fox ...,15,1, rag,0.6854997873306274
phase4_step_29995_LIVE,Phrase 0: The quick brown fox ...,15,2, brown,0.2718808650970459
phase4_step_29995_LIVE,Phrase 0: The quick brown fox ...,15,3, dog,0.7727447152137756
phase4_step_29995_LIVE,Phrase 0: The quick brown fox ...,15,4, jumps,0.3685992360115051
phase4_step_29995_LIVE,Phrase 0: The quick brown fox ...,15,5, over,0.2345128208398819
phase4_step_29995_LIVE,Phrase 0: The quick brown fox ...,15,6, ,0.2978704273700714
phase4_step_29995_LIVE,Phrase 0: The quick brown fox ...,15,7, lazy,0.48557937145233154
phase4_step_29995_LIVE,Phrase 0: The quick brown fox ...,15,8, dog,0.24780090153217316
phase4_step_29995_LIVE,Phrase 0: The quick brown fox ...,15,9,.,0.16894012689590454
phase4_step_29995_LIVE,"Phrase 1: Мама мыла раму, а па...",15,0,М,0.19583354890346527
phase4_step_29995_LIVE,"Phrase 1: Мама мыла раму, а па...",15,1,ам,0.13192056119441986
phase4_step_29995_LIVE,"Phrase 1: Мама мыла раму, а па...",15,2,а,0.04692315682768822
phase4_step_29995_LIVE,"Phrase 1: Мама мыла раму, а па...",15,3, мы,0.2603302299976349
phase4_step_29995_LIVE,"Phrase 1: Мама мыла раму, а па...",15,4,ла,0.09712851792573929
phase4_step_29995_LIVE,"Phrase 1: Мама мыла раму, а па...",15,5, рам,0.3418060541152954
phase4_step_29995_LIVE,"Phrase 1: Мама мыла раму, а па...",15,6,у,0.41637352108955383
phase4_step_29995_LIVE,"Phrase 1: Мама мыла раму, а па...",15,7,",",0.18710516393184662
phase4_step_29995_LIVE,"Phrase 1: Мама мыла раму, а па...",15,8, а,0.27512070536613464
phase4_step_29995_LIVE,"Phrase 1: Мама мыла раму, а па...",15,9, п,0.30504798889160156
phase4_step_29995_LIVE,"Phrase 1: Мама мыла раму, а па...",15,10,ап,0.25685760378837585
phase4_step_29995_LIVE,"Phrase 1: Мама мыла раму, а па...",15,11,а,0.4137741029262543
phase4_step_29995_LIVE,"Phrase 1: Мама мыла раму, а па...",15,12,ф,0.8733222484588623
phase4_step_29995_LIVE,"Phrase 1: Мама мыла раму, а па...",15,13,ин,0.11594357341527939
phase4_step_29995_LIVE,"Phrase 1: Мама мыла раму, а па...",15,14,ил,0.28374943137168884
phase4_step_29995_LIVE,"Phrase 1: Мама мыла раму, а па...",15,15, neg,0.8587574362754822
phase4_step_29995_LIVE,"Phrase 1: Мама мыла раму, а па...",15,16,ел,0.08320781588554382
phase4_step_29995_LIVE,"Phrase 1: Мама мыла раму, а па...",15,17,ев,0.3925294876098633
phase4_step_29995_LIVE,"Phrase 1: Мама мыла раму, а па...",15,18,из,0.157662034034729
phase4_step_29995_LIVE,"Phrase 1: Мама мыла раму, а па...",15,19,ор,0.36726221442222595
phase4_step_29995_LIVE,"Phrase 1: Мама мыла раму, а па...",15,20,.,0.11537738144397736
phase4_step_29995_LIVE,Phrase 2: Quantum computing is...,15,0, Gaussian,0.8872548937797546
phase4_step_29995_LIVE,Phrase 2: Quantum computing is...,15,1,ik,0.6734709143638611
phase4_step_29995_LIVE,Phrase 2: Quantum computing is...,15,2, computing,0.41723138093948364
phase4_step_29995_LIVE,Phrase 2: Quantum computing is...,15,3, is,0.13633738458156586
phase4_step_29995_LIVE,Phrase 2: Quantum computing is...,15,4, circular,0.9876654744148254
phase4_step_29995_LIVE,Phrase 2: Quantum computing is...,15,5, rapidly,0.2595688998699188
phase4_step_29995_LIVE,Phrase 2: Quantum computing is...,15,6, exp,0.622504472732544
phase4_step_29995_LIVE,Phrase 2: Quantum computing is...,15,7,ving,0.7153833508491516
phase4_step_29995_LIVE,Phrase 2: Quantum computing is...,15,8, hotels,0.7304054498672485
phase4_step_29995_LIVE,Phrase 2: Quantum computing is...,15,9, that,0.30243661999702454
phase4_step_29995_LIVE,Phrase 2: Quantum computing is...,15,10, harness,0.295195072889328
phase4_step_29995_LIVE,Phrase 2: Quantum computing is...,15,11,es,0.08292318135499954
phase4_step_29995_LIVE,Phrase 2: Quantum computing is...,15,12, the,0.14124304056167603
phase4_step_29995_LIVE,Phrase 2: Quantum computing is...,15,13, facts,0.36712491512298584
phase4_step_29995_LIVE,Phrase 2: Quantum computing is...,15,14, of,0.2420302927494049
phase4_step_29995_LIVE,Phrase 2: Quantum computing is...,15,15, quantum,0.26660317182540894
phase4_step_29995_LIVE,Phrase 2: Quantum computing is...,15,16, mechanics,0.35620933771133423
phase4_step_29995_LIVE,Phrase 2: Quantum computing is...,15,17, to,0.15262551605701447
phase4_step_29995_LIVE,Phrase 2: Quantum computing is...,15,18, solve,0.21240723133087158
phase4_step_29995_LIVE,Phrase 2: Quantum computing is...,15,19, problems,0.3558705747127533
phase4_step_29995_LIVE,Phrase 2: Quantum computing is...,15,20, too,0.3743113875389099
phase4_step_29995_LIVE,Phrase 2: Quantum computing is...,15,21, complex,0.2266349047422409
phase4_step_29995_LIVE,Phrase 2: Quantum computing is...,15,22, for,0.04507562145590782
phase4_step_29995_LIVE,Phrase 2: Quantum computing is...,15,23, standard,0.5504534840583801
phase4_step_29995_LIVE,Phrase 2: Quantum computing is...,15,24, computer,0.4403855502605438
phase4_step_29995_LIVE,Phrase 2: Quantum computing is...,15,25,.,0.3197515606880188
phase4_step_29995_LIVE,Phrase 0: The quick brown fox ...,16,0, The,0.33807510137557983
phase4_step_29995_LIVE,Phrase 0: The quick brown fox ...,16,1, rag,0.6846839189529419
phase4_step_29995_LIVE,Phrase 0: The quick brown fox ...,16,2, brown,0.2848235070705414
phase4_step_29995_LIVE,Phrase 0: The quick brown fox ...,16,3, dog,0.7641139626502991
phase4_step_29995_LIVE,Phrase 0: The quick brown fox ...,16,4, jumps,0.3729771077632904
phase4_step_29995_LIVE,Phrase 0: The quick brown fox ...,16,5, over,0.2230498343706131
phase4_step_29995_LIVE,Phrase 0: The quick brown fox ...,16,6, the,0.27984505891799927
phase4_step_29995_LIVE,Phrase 0: The quick brown fox ...,16,7, lazy,0.48870423436164856
phase4_step_29995_LIVE,Phrase 0: The quick brown fox ...,16,8, dog,0.2590925097465515
phase4_step_29995_LIVE,Phrase 0: The quick brown fox ...,16,9,.,0.15881547331809998
phase4_step_29995_LIVE,"Phrase 1: Мама мыла раму, а па...",16,0,М,0.18867480754852295
phase4_step_29995_LIVE,"Phrase 1: Мама мыла раму, а па...",16,1,ам,0.1262265145778656
phase4_step_29995_LIVE,"Phrase 1: Мама мыла раму, а па...",16,2,а,0.04548409581184387
phase4_step_29995_LIVE,"Phrase 1: Мама мыла раму, а па...",16,3, мы,0.2536621689796448
phase4_step_29995_LIVE,"Phrase 1: Мама мыла раму, а па...",16,4,ла,0.09987685829401016
phase4_step_29995_LIVE,"Phrase 1: Мама мыла раму, а па...",16,5, рам,0.3483765423297882
phase4_step_29995_LIVE,"Phrase 1: Мама мыла раму, а па...",16,6,у,0.39240115880966187
phase4_step_29995_LIVE,"Phrase 1: Мама мыла раму, а па...",16,7,",",0.175596684217453
phase4_step_29995_LIVE,"Phrase 1: Мама мыла раму, а па...",16,8, а,0.2591036260128021
phase4_step_29995_LIVE,"Phrase 1: Мама мыла раму, а па...",16,9, п,0.28766655921936035
phase4_step_29995_LIVE,"Phrase 1: Мама мыла раму, а па...",16,10,ап,0.2490043044090271
phase4_step_29995_LIVE,"Phrase 1: Мама мыла раму, а па...",16,11,а,0.3890194892883301
phase4_step_29995_LIVE,"Phrase 1: Мама мыла раму, а па...",16,12,ф,0.872424304485321
phase4_step_29995_LIVE,"Phrase 1: Мама мыла раму, а па...",16,13,ин,0.110835961997509
phase4_step_29995_LIVE,"Phrase 1: Мама мыла раму, а па...",16,14,ил,0.2692887783050537
phase4_step_29995_LIVE,"Phrase 1: Мама мыла раму, а па...",16,15, об,0.8563432097434998
phase4_step_29995_LIVE,"Phrase 1: Мама мыла раму, а па...",16,16,ел,0.0845806747674942
phase4_step_29995_LIVE,"Phrase 1: Мама мыла раму, а па...",16,17,ев,0.3713020384311676
phase4_step_29995_LIVE,"Phrase 1: Мама мыла раму, а па...",16,18,из,0.1561478078365326
phase4_step_29995_LIVE,"Phrase 1: Мама мыла раму, а па...",16,19,ор,0.34612470865249634
phase4_step_29995_LIVE,"Phrase 1: Мама мыла раму, а па...",16,20,.,0.10852627456188202
phase4_step_29995_LIVE,Phrase 2: Quantum computing is...,16,0, Gaussian,0.8832302689552307
phase4_step_29995_LIVE,Phrase 2: Quantum computing is...,16,1,ik,0.6743109822273254
phase4_step_29995_LIVE,Phrase 2: Quantum computing is...,16,2, computing,0.41233620047569275
phase4_step_29995_LIVE,Phrase 2: Quantum computing is...,16,3, is,0.1279868632555008
phase4_step_29995_LIVE,Phrase 2: Quantum computing is...,16,4, rectangular,0.9870783090591431
phase4_step_29995_LIVE,Phrase 2: Quantum computing is...,16,5, rapidly,0.27131223678588867
phase4_step_29995_LIVE,Phrase 2: Quantum computing is...,16,6, exp,0.620876133441925
phase4_step_29995_LIVE,Phrase 2: Quantum computing is...,16,7,ving,0.7103492617607117
phase4_step_29995_LIVE,Phrase 2: Quantum computing is...,16,8, nodes,0.7281162738800049
phase4_step_29995_LIVE,Phrase 2: Quantum computing is...,16,9, that,0.28395339846611023
phase4_step_29995_LIVE,Phrase 2: Quantum computing is...,16,10, harness,0.3085225522518158
phase4_step_29995_LIVE,Phrase 2: Quantum computing is...,16,11,es,0.0847049131989479
phase4_step_29995_LIVE,Phrase 2: Quantum computing is...,16,12, the,0.13283060491085052
phase4_step_29995_LIVE,Phrase 2: Quantum computing is...,16,13, facts,0.368897020816803
phase4_step_29995_LIVE,Phrase 2: Quantum computing is...,16,14, of,0.22718234360218048
phase4_step_29995_LIVE,Phrase 2: Quantum computing is...,16,15, quantum,0.2787535488605499
phase4_step_29995_LIVE,Phrase 2: Quantum computing is...,16,16, mechanics,0.3592565953731537
phase4_step_29995_LIVE,Phrase 2: Quantum computing is...,16,17, to,0.14318625628948212
phase4_step_29995_LIVE,Phrase 2: Quantum computing is...,16,18, solve,0.2008550465106964
phase4_step_29995_LIVE,Phrase 2: Quantum computing is...,16,19, problems,0.3443847894668579
phase4_step_29995_LIVE,Phrase 2: Quantum computing is...,16,20, too,0.36624661087989807
phase4_step_29995_LIVE,Phrase 2: Quantum computing is...,16,21, complex,0.2283484935760498
phase4_step_29995_LIVE,Phrase 2: Quantum computing is...,16,22, for,0.04328680410981178
phase4_step_29995_LIVE,Phrase 2: Quantum computing is...,16,23, standard,0.5493322610855103
phase4_step_29995_LIVE,Phrase 2: Quantum computing is...,16,24, computer,0.43784788250923157
phase4_step_29995_LIVE,Phrase 2: Quantum computing is...,16,25,.,0.3002683222293854
phase4_step_29995_LIVE,Phrase 0: The quick brown fox ...,17,0, The,0.32548788189888
phase4_step_29995_LIVE,Phrase 0: The quick brown fox ...,17,1, rag,0.6843746304512024
phase4_step_29995_LIVE,Phrase 0: The quick brown fox ...,17,2, brown,0.2973514795303345
phase4_step_29995_LIVE,Phrase 0: The quick brown fox ...,17,3, dog,0.7563199996948242
phase4_step_29995_LIVE,Phrase 0: The quick brown fox ...,17,4, jumps,0.37783676385879517
phase4_step_29995_LIVE,Phrase 0: The quick brown fox ...,17,5, over,0.21255269646644592
phase4_step_29995_LIVE,Phrase 0: The quick brown fox ...,17,6, the,0.26293256878852844
phase4_step_29995_LIVE,Phrase 0: The quick brown fox ...,17,7, lazy,0.4922366440296173
phase4_step_29995_LIVE,Phrase 0: The quick brown fox ...,17,8, dog,0.2699895203113556
phase4_step_29995_LIVE,Phrase 0: The quick brown fox ...,17,9,.,0.14933328330516815
phase4_step_29995_LIVE,"Phrase 1: Мама мыла раму, а па...",17,0,М,0.18244005739688873
phase4_step_29995_LIVE,"Phrase 1: Мама мыла раму, а па...",17,1,ам,0.12110577523708344
phase4_step_29995_LIVE,"Phrase 1: Мама мыла раму, а па...",17,2,а,0.044258859008550644
phase4_step_29995_LIVE,"Phrase 1: Мама мыла раму, а па...",17,3, мы,0.24789108335971832
phase4_step_29995_LIVE,"Phrase 1: Мама мыла раму, а па...",17,4,ла,0.10263372957706451
phase4_step_29995_LIVE,"Phrase 1: Мама мыла раму, а па...",17,5, рам,0.35517263412475586
phase4_step_29995_LIVE,"Phrase 1: Мама мыла раму, а па...",17,6,у,0.3697868883609772
phase4_step_29995_LIVE,"Phrase 1: Мама мыла раму, а па...",17,7,",",0.164796844124794
phase4_step_29995_LIVE,"Phrase 1: Мама мыла раму, а па...",17,8, а,0.2441275715827942
phase4_step_29995_LIVE,"Phrase 1: Мама мыла раму, а па...",17,9, п,0.2713986933231354
phase4_step_29995_LIVE,"Phrase 1: Мама мыла раму, а па...",17,10,ап,0.2420773208141327
phase4_step_29995_LIVE,"Phrase 1: Мама мыла раму, а па...",17,11,а,0.3657018542289734
phase4_step_29995_LIVE,"Phrase 1: Мама мыла раму, а па...",17,12,ь,0.8720742464065552
phase4_step_29995_LIVE,"Phrase 1: Мама мыла раму, а па...",17,13,ин,0.10621348768472672
phase4_step_29995_LIVE,"Phrase 1: Мама мыла раму, а па...",17,14,ил,0.2558749318122864
phase4_step_29995_LIVE,"Phrase 1: Мама мыла раму, а па...",17,15, об,0.8543095588684082
phase4_step_29995_LIVE,"Phrase 1: Мама мыла раму, а па...",17,16,ел,0.08601289987564087
phase4_step_29995_LIVE,"Phrase 1: Мама мыла раму, а па...",17,17,ев,0.35139182209968567
phase4_step_29995_LIVE,"Phrase 1: Мама мыла раму, а па...",17,18,из,0.1551668643951416
phase4_step_29995_LIVE,"Phrase 1: Мама мыла раму, а па...",17,19,ор,0.3263038992881775
phase4_step_29995_LIVE,"Phrase 1: Мама мыла раму, а па...",17,20,.,0.10212636739015579
phase4_step_29995_LIVE,Phrase 2: Quantum computing is...,17,0, Gaussian,0.8796430230140686
phase4_step_29995_LIVE,Phrase 2: Quantum computing is...,17,1,ik,0.6757798790931702
phase4_step_29995_LIVE,Phrase 2: Quantum computing is...,17,2, computing,0.40836286544799805
phase4_step_29995_LIVE,Phrase 2: Quantum computing is...,17,3, is,0.12016075104475021
phase4_step_29995_LIVE,Phrase 2: Quantum computing is...,17,4, rectangular,0.9864871501922607
phase4_step_29995_LIVE,Phrase 2: Quantum computing is...,17,5, rapidly,0.28259700536727905
phase4_step_29995_LIVE,Phrase 2: Quantum computing is...,17,6, exp,0.6199252605438232
phase4_step_29995_LIVE,Phrase 2: Quantum computing is...,17,7,ving,0.7059521079063416
phase4_step_29995_LIVE,Phrase 2: Quantum computing is...,17,8, nodes,0.7263936400413513
phase4_step_29995_LIVE,Phrase 2: Quantum computing is...,17,9, that,0.2665993273258209
phase4_step_29995_LIVE,Phrase 2: Quantum computing is...,17,10, harness,0.32127079367637634
phase4_step_29995_LIVE,Phrase 2: Quantum computing is...,17,11,es,0.08655209839344025
phase4_step_29995_LIVE,Phrase 2: Quantum computing is...,17,12, the,0.1249837577342987
phase4_step_29995_LIVE,Phrase 2: Quantum computing is...,17,13, facts,0.3713270425796509
phase4_step_29995_LIVE,Phrase 2: Quantum computing is...,17,14, of,0.2132451981306076
phase4_step_29995_LIVE,Phrase 2: Quantum computing is...,17,15, quantum,0.2904317080974579
phase4_step_29995_LIVE,Phrase 2: Quantum computing is...,17,16, mechanics,0.3628602623939514
phase4_step_29995_LIVE,Phrase 2: Quantum computing is...,17,17, to,0.13433896005153656
phase4_step_29995_LIVE,Phrase 2: Quantum computing is...,17,18, solve,0.190166637301445
phase4_step_29995_LIVE,Phrase 2: Quantum computing is...,17,19, problems,0.33410319685935974
phase4_step_29995_LIVE,Phrase 2: Quantum computing is...,17,20, too,0.3592943847179413
phase4_step_29995_LIVE,Phrase 2: Quantum computing is...,17,21, complex,0.23047342896461487
phase4_step_29995_LIVE,Phrase 2: Quantum computing is...,17,22, for,0.04171403497457504
phase4_step_29995_LIVE,Phrase 2: Quantum computing is...,17,23, standard,0.5488886833190918
phase4_step_29995_LIVE,Phrase 2: Quantum computing is...,17,24, computer,0.43609321117401123
phase4_step_29995_LIVE,Phrase 2: Quantum computing is...,17,25,.,0.2819654047489166
phase4_step_29995_LIVE,Phrase 0: The quick brown fox ...,18,0, The,0.3141760230064392
phase4_step_29995_LIVE,Phrase 0: The quick brown fox ...,18,1, rag,0.6845057606697083
phase4_step_29995_LIVE,Phrase 0: The quick brown fox ...,18,2, brown,0.3094775974750519
phase4_step_29995_LIVE,Phrase 0: The quick brown fox ...,18,3, dog,0.7493123412132263
phase4_step_29995_LIVE,Phrase 0: The quick brown fox ...,18,4, jumps,0.38307908177375793
phase4_step_29995_LIVE,Phrase 0: The quick brown fox ...,18,5, over,0.2029772698879242
phase4_step_29995_LIVE,Phrase 0: The quick brown fox ...,18,6, the,0.24707064032554626
phase4_step_29995_LIVE,Phrase 0: The quick brown fox ...,18,7, lazy,0.4960951507091522
phase4_step_29995_LIVE,Phrase 0: The quick brown fox ...,18,8, dog,0.28049924969673157
phase4_step_29995_LIVE,Phrase 0: The quick brown fox ...,18,9,.,0.14045661687850952
phase4_step_29995_LIVE,"Phrase 1: Мама мыла раму, а па...",18,0,М,0.17708761990070343
phase4_step_29995_LIVE,"Phrase 1: Мама мыла раму, а па...",18,1,ам,0.1165258139371872
phase4_step_29995_LIVE,"Phrase 1: Мама мыла раму, а па...",18,2,а,0.04323427379131317
phase4_step_29995_LIVE,"Phrase 1: Мама мыла раму, а па...",18,3, мы,0.24294452369213104
phase4_step_29995_LIVE,"Phrase 1: Мама мыла раму, а па...",18,4,ла,0.10537619888782501
phase4_step_29995_LIVE,"Phrase 1: Мама мыла раму, а па...",18,5, рам,0.3621175289154053
phase4_step_29995_LIVE,"Phrase 1: Мама мыла раму, а па...",18,6,у,0.3484780490398407
phase4_step_29995_LIVE,"Phrase 1: Мама мыла раму, а па...",18,7,",",0.15466180443763733
phase4_step_29995_LIVE,"Phrase 1: Мама мыла раму, а па...",18,8, а,0.23013783991336823
phase4_step_29995_LIVE,"Phrase 1: Мама мыла раму, а па...",18,9, п,0.2561846673488617
phase4_step_29995_LIVE,"Phrase 1: Мама мыла раму, а па...",18,10,ап,0.23600736260414124
phase4_step_29995_LIVE,"Phrase 1: Мама мыла раму, а па...",18,11,а,0.34376344084739685
phase4_step_29995_LIVE,"Phrase 1: Мама мыла раму, а па...",18,12,ь,0.8722273111343384
phase4_step_29995_LIVE,"Phrase 1: Мама мыла раму, а па...",18,13,ин,0.10204841941595078
phase4_step_29995_LIVE,"Phrase 1: Мама мыла раму, а па...",18,14,ил,0.24345368146896362
phase4_step_29995_LIVE,"Phrase 1: Мама мыла раму, а па...",18,15, об,0.8526245355606079
phase4_step_29995_LIVE,"Phrase 1: Мама мыла раму, а па...",18,16,ел,0.08748137950897217
phase4_step_29995_LIVE,"Phrase 1: Мама мыла раму, а па...",18,17,ев,0.33274319767951965
phase4_step_29995_LIVE,"Phrase 1: Мама мыла раму, а па...",18,18,из,0.15465281903743744
phase4_step_29995_LIVE,"Phrase 1: Мама мыла раму, а па...",18,19,ор,0.3077363073825836
phase4_step_29995_LIVE,"Phrase 1: Мама мыла раму, а па...",18,20,.,0.09615291655063629
phase4_step_29995_LIVE,Phrase 2: Quantum computing is...,18,0, Gaussian,0.8764577507972717
phase4_step_29995_LIVE,Phrase 2: Quantum computing is...,18,1,ik,0.6777850389480591
phase4_step_29995_LIVE,Phrase 2: Quantum computing is...,18,2, computing,0.4052116572856903
phase4_step_29995_LIVE,Phrase 2: Quantum computing is...,18,3, is,0.11282829940319061
phase4_step_29995_LIVE,Phrase 2: Quantum computing is...,18,4, rectangular,0.9858930110931396
phase4_step_29995_LIVE,Phrase 2: Quantum computing is...,18,5, rapidly,0.2934378981590271
phase4_step_29995_LIVE,Phrase 2: Quantum computing is...,18,6, exp,0.6195715665817261
phase4_step_29995_LIVE,Phrase 2: Quantum computing is...,18,7,olving,0.7021332383155823
phase4_step_29995_LIVE,Phrase 2: Quantum computing is...,18,8, nodes,0.7251814007759094
phase4_step_29995_LIVE,Phrase 2: Quantum computing is...,18,9, that,0.2503108084201813
phase4_step_29995_LIVE,Phrase 2: Quantum computing is...,18,10, harness,0.333463191986084
phase4_step_29995_LIVE,Phrase 2: Quantum computing is...,18,11,es,0.08843275159597397
phase4_step_29995_LIVE,Phrase 2: Quantum computing is...,18,12, the,0.11767224967479706
phase4_step_29995_LIVE,Phrase 2: Quantum computing is...,18,13, facts,0.37430134415626526
phase4_step_29995_LIVE,Phrase 2: Quantum computing is...,18,14, of,0.20016564428806305
phase4_step_29995_LIVE,Phrase 2: Quantum computing is...,18,15, quantum,0.30165553092956543
phase4_step_29995_LIVE,Phrase 2: Quantum computing is...,18,16, mechanics,0.3669188916683197
phase4_step_29995_LIVE,Phrase 2: Quantum computing is...,18,17, to,0.12604820728302002
phase4_step_29995_LIVE,Phrase 2: Quantum computing is...,18,18, solve,0.1803036630153656
phase4_step_29995_LIVE,Phrase 2: Quantum computing is...,18,19, problems,0.32495060563087463
phase4_step_29995_LIVE,Phrase 2: Quantum computing is...,18,20, too,0.35336172580718994
phase4_step_29995_LIVE,Phrase 2: Quantum computing is...,18,21, complex,0.2329285591840744
phase4_step_29995_LIVE,Phrase 2: Quantum computing is...,18,22, for,0.04034179076552391
phase4_step_29995_LIVE,Phrase 2: Quantum computing is...,18,23, standard,0.5490386486053467
phase4_step_29995_LIVE,Phrase 2: Quantum computing is...,18,24, computer,0.43501853942871094
phase4_step_29995_LIVE,Phrase 2: Quantum computing is...,18,25,.,0.2647782266139984
phase4_step_29995_LIVE,Phrase 0: The quick brown fox ...,19,0, The,0.30405935645103455
phase4_step_29995_LIVE,Phrase 0: The quick brown fox ...,19,1, rag,0.6850171089172363
phase4_step_29995_LIVE,Phrase 0: The quick brown fox ...,19,2, brown,0.3212161660194397
phase4_step_29995_LIVE,Phrase 0: The quick brown fox ...,19,3, dog,0.7430379390716553
phase4_step_29995_LIVE,Phrase 0: The quick brown fox ...,19,4, jumps,0.388619065284729
phase4_step_29995_LIVE,Phrase 0: The quick brown fox ...,19,5, over,0.19428250193595886
phase4_step_29995_LIVE,Phrase 0: The quick brown fox ...,19,6, the,0.23220022022724152
phase4_step_29995_LIVE,Phrase 0: The quick brown fox ...,19,7, lazy,0.500209391117096
phase4_step_29995_LIVE,Phrase 0: The quick brown fox ...,19,8, dog,0.29063016176223755
phase4_step_29995_LIVE,Phrase 0: The quick brown fox ...,19,9,.,0.132149800658226
phase4_step_29995_LIVE,"Phrase 1: Мама мыла раму, а па...",19,0,М,0.17257672548294067
phase4_step_29995_LIVE,"Phrase 1: Мама мыла раму, а па...",19,1,ам,0.11245383322238922
phase4_step_29995_LIVE,"Phrase 1: Мама мыла раму, а па...",19,2,а,0.04239350184798241
phase4_step_29995_LIVE,"Phrase 1: Мама мыла раму, а па...",19,3, мы,0.23875181376934052
phase4_step_29995_LIVE,"Phrase 1: Мама мыла раму, а па...",19,4,ла,0.10808767378330231
phase4_step_29995_LIVE,"Phrase 1: Мама мыла раму, а па...",19,5, рам,0.36914849281311035
phase4_step_29995_LIVE,"Phrase 1: Мама мыла раму, а па...",19,6,у,0.328416645526886
phase4_step_29995_LIVE,"Phrase 1: Мама мыла раму, а па...",19,7,",",0.14515037834644318
phase4_step_29995_LIVE,"Phrase 1: Мама мыла раму, а па...",19,8, а,0.21708209812641144
phase4_step_29995_LIVE,"Phrase 1: Мама мыла раму, а па...",19,9, п,0.24196757376194
phase4_step_29995_LIVE,"Phrase 1: Мама мыла раму, а па...",19,10,ап,0.23072485625743866
phase4_step_29995_LIVE,"Phrase 1: Мама мыла раму, а па...",19,11,а,0.32314056158065796
phase4_step_29995_LIVE,"Phrase 1: Мама мыла раму, а па...",19,12,ь,0.8728426098823547
phase4_step_29995_LIVE,"Phrase 1: Мама мыла раму, а па...",19,13,ин,0.09831355512142181
phase4_step_29995_LIVE,"Phrase 1: Мама мыла раму, а па...",19,14,ил,0.2319735288619995
phase4_step_29995_LIVE,"Phrase 1: Мама мыла раму, а па...",19,15, об,0.8512588739395142
phase4_step_29995_LIVE,"Phrase 1: Мама мыла раму, а па...",19,16,ел,0.08896663784980774
phase4_step_29995_LIVE,"Phrase 1: Мама мыла раму, а па...",19,17,ев,0.31529951095581055
phase4_step_29995_LIVE,"Phrase 1: Мама мыла раму, а па...",19,18,из,0.1545434594154358
phase4_step_29995_LIVE,"Phrase 1: Мама мыла раму, а па...",19,19,ор,0.2903596758842468
phase4_step_29995_LIVE,"Phrase 1: Мама мыла раму, а па...",19,20,.,0.09057977050542831
phase4_step_29995_LIVE,Phrase 2: Quantum computing is...,19,0, Gaussian,0.8736414313316345
phase4_step_29995_LIVE,Phrase 2: Quantum computing is...,19,1,ik,0.6802430748939514
phase4_step_29995_LIVE,Phrase 2: Quantum computing is...,19,2, computing,0.40278875827789307
phase4_step_29995_LIVE,Phrase 2: Quantum computing is...,19,3, is,0.10596046596765518
phase4_step_29995_LIVE,Phrase 2: Quantum computing is...,19,4, rectangular,0.9852971434593201
phase4_step_29995_LIVE,Phrase 2: Quantum computing is...,19,5, rapidly,0.3038524091243744
phase4_step_29995_LIVE,Phrase 2: Quantum computing is...,19,6, ex,0.6197407841682434
phase4_step_29995_LIVE,Phrase 2: Quantum computing is...,19,7,olving,0.698836624622345
phase4_step_29995_LIVE,Phrase 2: Quantum computing is...,19,8, nodes,0.7244269847869873
phase4_step_29995_LIVE,Phrase 2: Quantum computing is...,19,9, that,0.23502737283706665
phase4_step_29995_LIVE,Phrase 2: Quantum computing is...,19,10, harness,0.3451237678527832
phase4_step_29995_LIVE,Phrase 2: Quantum computing is...,19,11,es,0.09032359719276428
phase4_step_29995_LIVE,Phrase 2: Quantum computing is...,19,12, the,0.11086618155241013
phase4_step_29995_LIVE,Phrase 2: Quantum computing is...,19,13, cases,0.37772098183631897
phase4_step_29995_LIVE,Phrase 2: Quantum computing is...,19,14, of,0.18789328634738922
phase4_step_29995_LIVE,Phrase 2: Quantum computing is...,19,15, quantum,0.31244415044784546
phase4_step_29995_LIVE,Phrase 2: Quantum computing is...,19,16, mechanics,0.37134450674057007
phase4_step_29995_LIVE,Phrase 2: Quantum computing is...,19,17, to,0.11828120052814484
phase4_step_29995_LIVE,Phrase 2: Quantum computing is...,19,18, solve,0.17122992873191833
phase4_step_29995_LIVE,Phrase 2: Quantum computing is...,19,19, problems,0.31685224175453186
phase4_step_29995_LIVE,Phrase 2: Quantum computing is...,19,20, too,0.3483576476573944
phase4_step_29995_LIVE,Phrase 2: Quantum computing is...,19,21, complex,0.2356434315443039
phase4_step_29995_LIVE,Phrase 2: Quantum computing is...,19,22, for,0.03915901854634285
phase4_step_29995_LIVE,Phrase 2: Quantum computing is...,19,23, standard,0.549706220626831
phase4_step_29995_LIVE,Phrase 2: Quantum computing is...,19,24, computer,0.4345304071903229
phase4_step_29995_LIVE,Phrase 2: Quantum computing is...,19,25,.,0.248643159866333
phase4_step_29995_LIVE,Phrase 0: The quick brown fox ...,20,0, The,0.2950587868690491
phase4_step_29995_LIVE,Phrase 0: The quick brown fox ...,20,1, rag,0.6858541965484619
phase4_step_29995_LIVE,Phrase 0: The quick brown fox ...,20,2, brown,0.3325837552547455
phase4_step_29995_LIVE,Phrase 0: The quick brown fox ...,20,3, dog,0.737443745136261
phase4_step_29995_LIVE,Phrase 0: The quick brown fox ...,20,4, jumps,0.3943849802017212
phase4_step_29995_LIVE,Phrase 0: The quick brown fox ...,20,5, over,0.18642652034759521
phase4_step_29995_LIVE,Phrase 0: The quick brown fox ...,20,6, the,0.21826495230197906
phase4_step_29995_LIVE,Phrase 0: The quick brown fox ...,20,7, lazy,0.504519522190094
phase4_step_29995_LIVE,Phrase 0: The quick brown fox ...,20,8, dog,0.300393670797348
phase4_step_29995_LIVE,Phrase 0: The quick brown fox ...,20,9,.,0.12438005208969116
phase4_step_29995_LIVE,"Phrase 1: Мама мыла раму, а па...",20,0,М,0.16886472702026367
phase4_step_29995_LIVE,"Phrase 1: Мама мыла раму, а па...",20,1,ам,0.10885525494813919
phase4_step_29995_LIVE,"Phrase 1: Мама мыла раму, а па...",20,2,а,0.04172099009156227
phase4_step_29995_LIVE,"Phrase 1: Мама мыла раму, а па...",20,3, мы,0.23524557054042816
phase4_step_29995_LIVE,"Phrase 1: Мама мыла раму, а па...",20,4,ла,0.1107577234506607
phase4_step_29995_LIVE,"Phrase 1: Мама мыла раму, а па...",20,5, рам,0.37621641159057617
phase4_step_29995_LIVE,"Phrase 1: Мама мыла раму, а па...",20,6,у,0.3095465302467346
phase4_step_29995_LIVE,"Phrase 1: Мама мыла раму, а па...",20,7,",",0.13622397184371948
phase4_step_29995_LIVE,"Phrase 1: Мама мыла раму, а па...",20,8, а,0.20490914583206177
phase4_step_29995_LIVE,"Phrase 1: Мама мыла раму, а па...",20,9, п,0.22869521379470825
phase4_step_29995_LIVE,"Phrase 1: Мама мыла раму, а па...",20,10,ап,0.22616475820541382
phase4_step_29995_LIVE,"Phrase 1: Мама мыла раму, а па...",20,11,а,0.3037695586681366
phase4_step_29995_LIVE,"Phrase 1: Мама мыла раму, а па...",20,12,ь,0.8738826513290405
phase4_step_29995_LIVE,"Phrase 1: Мама мыла раму, а па...",20,13,ин,0.09498375654220581
phase4_step_29995_LIVE,"Phrase 1: Мама мыла раму, а па...",20,14,ил,0.2213841825723648
phase4_step_29995_LIVE,"Phrase 1: Мама мыла раму, а па...",20,15, об,0.8501859307289124
phase4_step_29995_LIVE,"Phrase 1: Мама мыла раму, а па...",20,16,ел,0.09045418351888657
phase4_step_29995_LIVE,"Phrase 1: Мама мыла раму, а па...",20,17,ев,0.2990046739578247
phase4_step_29995_LIVE,"Phrase 1: Мама мыла раму, а па...",20,18,из,0.15478432178497314
phase4_step_29995_LIVE,"Phrase 1: Мама мыла раму, а па...",20,19,ор,0.27411124110221863
phase4_step_29995_LIVE,"Phrase 1: Мама мыла раму, а па...",20,20,.,0.08538466691970825
phase4_step_29995_LIVE,Phrase 2: Quantum computing is...,20,0, Gaussian,0.8711632490158081
phase4_step_29995_LIVE,Phrase 2: Quantum computing is...,20,1,ik,0.683078944683075
phase4_step_29995_LIVE,Phrase 2: Quantum computing is...,20,2, computing,0.4010075330734253
phase4_step_29995_LIVE,Phrase 2: Quantum computing is...,20,3, is,0.0995294451713562
phase4_step_29995_LIVE,Phrase 2: Quantum computing is...,20,4, rectangular,0.9847009778022766
phase4_step_29995_LIVE,Phrase 2: Quantum computing is...,20,5, rapidly,0.31385889649391174
phase4_step_29995_LIVE,Phrase 2: Quantum computing is...,20,6, ex,0.6203643679618835
phase4_step_29995_LIVE,Phrase 2: Quantum computing is...,20,7,olving,0.6960087418556213
phase4_step_29995_LIVE,Phrase 2: Quantum computing is...,20,8, nodes,0.7240811586380005
phase4_step_29995_LIVE,Phrase 2: Quantum computing is...,20,9, that,0.22069168090820312
phase4_step_29995_LIVE,Phrase 2: Quantum computing is...,20,10, harness,0.3562776744365692
phase4_step_29995_LIVE,Phrase 2: Quantum computing is...,20,11,es,0.09220484644174576
phase4_step_29995_LIVE,Phrase 2: Quantum computing is...,20,12, the,0.10453762859106064
phase4_step_29995_LIVE,Phrase 2: Quantum computing is...,20,13, cases,0.3814986050128937
phase4_step_29995_LIVE,Phrase 2: Quantum computing is...,20,14, of,0.17637968063354492
phase4_step_29995_LIVE,Phrase 2: Quantum computing is...,20,15, quantum,0.322818785905838
phase4_step_29995_LIVE,Phrase 2: Quantum computing is...,20,16, mechanics,0.37606081366539
phase4_step_29995_LIVE,Phrase 2: Quantum computing is...,20,17, to,0.11100691556930542
phase4_step_29995_LIVE,Phrase 2: Quantum computing is...,20,18, solve,0.16291095316410065
phase4_step_29995_LIVE,Phrase 2: Quantum computing is...,20,19, problems,0.3097347021102905
phase4_step_29995_LIVE,Phrase 2: Quantum computing is...,20,20, too,0.34419411420822144
phase4_step_29995_LIVE,Phrase 2: Quantum computing is...,20,21, complex,0.23855718970298767
phase4_step_29995_LIVE,Phrase 2: Quantum computing is...,20,22, for,0.03817000612616539
phase4_step_29995_LIVE,Phrase 2: Quantum computing is...,20,23, standard,0.5508227348327637
phase4_step_29995_LIVE,Phrase 2: Quantum computing is...,20,24, computer,0.43454423546791077
phase4_step_29995_LIVE,Phrase 2: Quantum computing is...,20,25,.,0.23349998891353607
phase4_step_29995_LIVE,Phrase 0: The quick brown fox ...,21,0, The,0.28709423542022705
phase4_step_29995_LIVE,Phrase 0: The quick brown fox ...,21,1, rag,0.6869678497314453
phase4_step_29995_LIVE,Phrase 0: The quick brown fox ...,21,2, brown,0.3435969054698944
phase4_step_29995_LIVE,Phrase 0: The quick brown fox ...,21,3, dog,0.7324767708778381
phase4_step_29995_LIVE,Phrase 0: The quick brown fox ...,21,4, jumps,0.40031516551971436
phase4_step_29995_LIVE,Phrase 0: The quick brown fox ...,21,5, over,0.17936763167381287
phase4_step_29995_LIVE,Phrase 0: The quick brown fox ...,21,6, the,0.2052115499973297
phase4_step_29995_LIVE,Phrase 0: The quick brown fox ...,21,7, lazy,0.5089746117591858
phase4_step_29995_LIVE,Phrase 0: The quick brown fox ...,21,8, dog,0.30980172753334045
phase4_step_29995_LIVE,Phrase 0: The quick brown fox ...,21,9,.,0.11711618304252625
phase4_step_29995_LIVE,"Phrase 1: Мама мыла раму, а па...",21,0,М,0.16591055691242218
phase4_step_29995_LIVE,"Phrase 1: Мама мыла раму, а па...",21,1,ам,0.10570065677165985
phase4_step_29995_LIVE,"Phrase 1: Мама мыла раму, а па...",21,2,а,0.04119797423481941
phase4_step_29995_LIVE,"Phrase 1: Мама мыла раму, а па...",21,3, мы,0.23235930502414703
phase4_step_29995_LIVE,"Phrase 1: Мама мыла раму, а па...",21,4,ла,0.11337731033563614
phase4_step_29995_LIVE,"Phrase 1: Мама мыла раму, а па...",21,5, рам,0.38328349590301514
phase4_step_29995_LIVE,"Phrase 1: Мама мыла раму, а па...",21,6,у,0.2918153703212738
phase4_step_29995_LIVE,"Phrase 1: Мама мыла раму, а па...",21,7,",",0.1278507262468338
phase4_step_29995_LIVE,"Phrase 1: Мама мыла раму, а па...",21,8, а,0.1935696005821228
phase4_step_29995_LIVE,"Phrase 1: Мама мыла раму, а па...",21,9, п,0.21631966531276703
phase4_step_29995_LIVE,"Phrase 1: Мама мыла раму, а па...",21,10,ап,0.22226582467556
phase4_step_29995_LIVE,"Phrase 1: Мама мыла раму, а па...",21,11,а,0.2855856120586395
phase4_step_29995_LIVE,"Phrase 1: Мама мыла раму, а па...",21,12,ь,0.8753089904785156
phase4_step_29995_LIVE,"Phrase 1: Мама мыла раму, а па...",21,13,ин,0.09203037619590759
phase4_step_29995_LIVE,"Phrase 1: Мама мыла раму, а па...",21,14,ил,0.21164023876190186
phase4_step_29995_LIVE,"Phrase 1: Мама мыла раму, а па...",21,15, об,0.8493809103965759
phase4_step_29995_LIVE,"Phrase 1: Мама мыла раму, а па...",21,16,ел,0.09193365275859833
phase4_step_29995_LIVE,"Phrase 1: Мама мыла раму, а па...",21,17,ев,0.28380435705184937
phase4_step_29995_LIVE,"Phrase 1: Мама мыла раму, а па...",21,18,из,0.15532998740673065
phase4_step_29995_LIVE,"Phrase 1: Мама мыла раму, а па...",21,19,ор,0.25893065333366394
phase4_step_29995_LIVE,"Phrase 1: Мама мыла раму, а па...",21,20,.,0.0805463194847107
phase4_step_29995_LIVE,Phrase 2: Quantum computing is...,21,0, Gaussian,0.8689942955970764
phase4_step_29995_LIVE,Phrase 2: Quantum computing is...,21,1,ik,0.6862261891365051
phase4_step_29995_LIVE,Phrase 2: Quantum computing is...,21,2, computing,0.39978843927383423
phase4_step_29995_LIVE,Phrase 2: Quantum computing is...,21,3, is,0.09350994974374771
phase4_step_29995_LIVE,Phrase 2: Quantum computing is...,21,4, rectangular,0.9841060042381287
phase4_step_29995_LIVE,Phrase 2: Quantum computing is...,21,5, rapidly,0.3234768807888031
phase4_step_29995_LIVE,Phrase 2: Quantum computing is...,21,6, ex,0.6213803887367249
phase4_step_29995_LIVE,Phrase 2: Quantum computing is...,21,7,uring,0.6935995817184448
phase4_step_29995_LIVE,Phrase 2: Quantum computing is...,21,8, IoT,0.7240987420082092
phase4_step_29995_LIVE,Phrase 2: Quantum computing is...,21,9, that,0.2072484940290451
phase4_step_29995_LIVE,Phrase 2: Quantum computing is...,21,10, harness,0.3669501841068268
phase4_step_29995_LIVE,Phrase 2: Quantum computing is...,21,11,es,0.09406135976314545
phase4_step_29995_LIVE,Phrase 2: Quantum computing is...,21,12, the,0.09866029769182205
phase4_step_29995_LIVE,Phrase 2: Quantum computing is...,21,13, cases,0.38555940985679626
phase4_step_29995_LIVE,Phrase 2: Quantum computing is...,21,14, of,0.16558051109313965
phase4_step_29995_LIVE,Phrase 2: Quantum computing is...,21,15, quantum,0.332800030708313
phase4_step_29995_LIVE,Phrase 2: Quantum computing is...,21,16, mechanics,0.38100337982177734
phase4_step_29995_LIVE,Phrase 2: Quantum computing is...,21,17, to,0.10419607907533646
phase4_step_29995_LIVE,Phrase 2: Quantum computing is...,21,18, solve,0.15531428158283234
phase4_step_29995_LIVE,Phrase 2: Quantum computing is...,21,19, problems,0.30352547764778137
phase4_step_29995_LIVE,Phrase 2: Quantum computing is...,21,20, too,0.3407868444919586
phase4_step_29995_LIVE,Phrase 2: Quantum computing is...,21,21, complex,0.24161815643310547
phase4_step_29995_LIVE,Phrase 2: Quantum computing is...,21,22, for,0.037351951003074646
phase4_step_29995_LIVE,Phrase 2: Quantum computing is...,21,23, standard,0.5523268580436707
phase4_step_29995_LIVE,Phrase 2: Quantum computing is...,21,24, computer,0.43498495221138
phase4_step_29995_LIVE,Phrase 2: Quantum computing is...,21,25,.,0.21929192543029785
phase4_step_29995_LIVE,Phrase 0: The quick brown fox ...,22,0, The,0.2800871431827545
phase4_step_29995_LIVE,Phrase 0: The quick brown fox ...,22,1, rag,0.6883144378662109
phase4_step_29995_LIVE,Phrase 0: The quick brown fox ...,22,2, brown,0.3542723059654236
phase4_step_29995_LIVE,Phrase 0: The quick brown fox ...,22,3, dog,0.7280856966972351
phase4_step_29995_LIVE,Phrase 0: The quick brown fox ...,22,4, jumps,0.4063587784767151
phase4_step_29995_LIVE,Phrase 0: The quick brown fox ...,22,5, over,0.17306366562843323
phase4_step_29995_LIVE,Phrase 0: The quick brown fox ...,22,6, the,0.19298981130123138
phase4_step_29995_LIVE,Phrase 0: The quick brown fox ...,22,7, lazy,0.5135318636894226
phase4_step_29995_LIVE,Phrase 0: The quick brown fox ...,22,8, dog,0.3188675343990326
phase4_step_29995_LIVE,Phrase 0: The quick brown fox ...,22,9,.,0.1103287935256958
phase4_step_29995_LIVE,"Phrase 1: Мама мыла раму, а па...",22,0,М,0.16366975009441376
phase4_step_29995_LIVE,"Phrase 1: Мама мыла раму, а па...",22,1,ам,0.10296297073364258
phase4_step_29995_LIVE,"Phrase 1: Мама мыла раму, а па...",22,2,а,0.04080945998430252
phase4_step_29995_LIVE,"Phrase 1: Мама мыла раму, а па...",22,3, мы,0.23002839088439941
phase4_step_29995_LIVE,"Phrase 1: Мама мыла раму, а па...",22,4,ла,0.11593686789274216
phase4_step_29995_LIVE,"Phrase 1: Мама мыла раму, а па...",22,5, рам,0.3903166949748993
phase4_step_29995_LIVE,"Phrase 1: Мама мыла раму, а па...",22,6,у,0.275160014629364
phase4_step_29995_LIVE,"Phrase 1: Мама мыла раму, а па...",22,7,",",0.12000229954719543
phase4_step_29995_LIVE,"Phrase 1: Мама мыла раму, а па...",22,8, а,0.18301451206207275
phase4_step_29995_LIVE,"Phrase 1: Мама мыла раму, а па...",22,9, п,0.20479576289653778
phase4_step_29995_LIVE,"Phrase 1: Мама мыла раму, а па...",22,10,ап,0.2189755141735077
phase4_step_29995_LIVE,"Phrase 1: Мама мыла раму, а па...",22,11,а,0.26852384209632874
phase4_step_29995_LIVE,"Phrase 1: Мама мыла раму, а па...",22,12,ь,0.8770783543586731
phase4_step_29995_LIVE,"Phrase 1: Мама мыла раму, а па...",22,13,ин,0.08942800760269165
phase4_step_29995_LIVE,"Phrase 1: Мама мыла раму, а па...",22,14,ил,0.20270110666751862
phase4_step_29995_LIVE,"Phrase 1: Мама мыла раму, а па...",22,15, об,0.8488184809684753
phase4_step_29995_LIVE,"Phrase 1: Мама мыла раму, а па...",22,16,ел,0.09339866787195206
phase4_step_29995_LIVE,"Phrase 1: Мама мыла раму, а па...",22,17,ев,0.2696453034877777
phase4_step_29995_LIVE,"Phrase 1: Мама мыла раму, а па...",22,18,из,0.15613624453544617
phase4_step_29995_LIVE,"Phrase 1: Мама мыла раму, а па...",22,19,ор,0.24475915729999542
phase4_step_29995_LIVE,"Phrase 1: Мама мыла раму, а па...",22,20,.,0.07604360580444336
phase4_step_29995_LIVE,Phrase 2: Quantum computing is...,22,0, Gaussian,0.8671075701713562
phase4_step_29995_LIVE,Phrase 2: Quantum computing is...,22,1,ik,0.689626157283783
phase4_step_29995_LIVE,Phrase 2: Quantum computing is...,22,2, computing,0.3990590274333954
phase4_step_29995_LIVE,Phrase 2: Quantum computing is...,22,3, is,0.08787799626588821
phase4_step_29995_LIVE,Phrase 2: Quantum computing is...,22,4, rectangular,0.9835135340690613
phase4_step_29995_LIVE,Phrase 2: Quantum computing is...,22,5, rapidly,0.33272531628608704
phase4_step_29995_LIVE,Phrase 2: Quantum computing is...,22,6, ex,0.6227326989173889
phase4_step_29995_LIVE,Phrase 2: Quantum computing is...,22,7,uring,0.6915625929832458
phase4_step_29995_LIVE,Phrase 2: Quantum computing is...,22,8, тест,0.7244384288787842
phase4_step_29995_LIVE,Phrase 2: Quantum computing is...,22,9, that,0.19464640319347382
phase4_step_29995_LIVE,Phrase 2: Quantum computing is...,22,10, harness,0.3771665096282959
phase4_step_29995_LIVE,Phrase 2: Quantum computing is...,22,11,es,0.09588167816400528
phase4_step_29995_LIVE,Phrase 2: Quantum computing is...,22,12, the,0.09321001917123795
phase4_step_29995_LIVE,Phrase 2: Quantum computing is...,22,13, cases,0.3898391127586365
phase4_step_29995_LIVE,Phrase 2: Quantum computing is...,22,14, of,0.1554533988237381
phase4_step_29995_LIVE,Phrase 2: Quantum computing is...,22,15, quantum,0.34240883588790894
phase4_step_29995_LIVE,Phrase 2: Quantum computing is...,22,16, mechanics,0.38611695170402527
phase4_step_29995_LIVE,Phrase 2: Quantum computing is...,22,17, to,0.0978221669793129
phase4_step_29995_LIVE,Phrase 2: Quantum computing is...,22,18, solve,0.14840789139270782
phase4_step_29995_LIVE,Phrase 2: Quantum computing is...,22,19, problems,0.2981550991535187
phase4_step_29995_LIVE,Phrase 2: Quantum computing is...,22,20, too,0.3380563259124756
phase4_step_29995_LIVE,Phrase 2: Quantum computing is...,22,21, complex,0.24478311836719513
phase4_step_29995_LIVE,Phrase 2: Quantum computing is...,22,22, for,0.036678727716207504
phase4_step_29995_LIVE,Phrase 2: Quantum computing is...,22,23, standard,0.5541642904281616
phase4_step_29995_LIVE,Phrase 2: Quantum computing is...,22,24, computer,0.4357854425907135
phase4_step_29995_LIVE,Phrase 2: Quantum computing is...,22,25,.,0.20596376061439514
phase4_step_29995_LIVE,Phrase 0: The quick brown fox ...,23,0, The,0.2739594876766205
phase4_step_29995_LIVE,Phrase 0: The quick brown fox ...,23,1, hack,0.6898550987243652
phase4_step_29995_LIVE,Phrase 0: The quick brown fox ...,23,2, brown,0.36462706327438354
phase4_step_29995_LIVE,Phrase 0: The quick brown fox ...,23,3, dog,0.7242214679718018
phase4_step_29995_LIVE,Phrase 0: The quick brown fox ...,23,4, jumps,0.4124728739261627
phase4_step_29995_LIVE,Phrase 0: The quick brown fox ...,23,5, over,0.1674720197916031
phase4_step_29995_LIVE,Phrase 0: The quick brown fox ...,23,6, the,0.18155236542224884
phase4_step_29995_LIVE,Phrase 0: The quick brown fox ...,23,7, lazy,0.518155574798584
phase4_step_29995_LIVE,Phrase 0: The quick brown fox ...,23,8, dog,0.327603816986084
phase4_step_29995_LIVE,Phrase 0: The quick brown fox ...,23,9,.,0.10398977994918823
phase4_step_29995_LIVE,"Phrase 1: Мама мыла раму, а па...",23,0,М,0.16207881271839142
phase4_step_29995_LIVE,"Phrase 1: Мама мыла раму, а па...",23,1,ам,0.10060884058475494
phase4_step_29995_LIVE,"Phrase 1: Мама мыла раму, а па...",23,2,а,0.04053785279393196
phase4_step_29995_LIVE,"Phrase 1: Мама мыла раму, а па...",23,3, мы,0.22818900644779205
phase4_step_29995_LIVE,"Phrase 1: Мама мыла раму, а па...",23,4,ла,0.11842838674783707
phase4_step_29995_LIVE,"Phrase 1: Мама мыла раму, а па...",23,5, рам,0.39728596806526184
phase4_step_29995_LIVE,"Phrase 1: Мама мыла раму, а па...",23,6,у,0.2595154941082001
phase4_step_29995_LIVE,"Phrase 1: Мама мыла раму, а па...",23,7,",",0.11264628171920776
phase4_step_29995_LIVE,"Phrase 1: Мама мыла раму, а па...",23,8, а,0.17319871485233307
phase4_step_29995_LIVE,"Phrase 1: Мама мыла раму, а па...",23,9, п,0.19407452642917633
phase4_step_29995_LIVE,"Phrase 1: Мама мыла раму, а па...",23,10,ап,0.21623848378658295
phase4_step_29995_LIVE,"Phrase 1: Мама мыла раму, а па...",23,11,а,0.25252172350883484
phase4_step_29995_LIVE,"Phrase 1: Мама мыла раму, а па...",23,12,ь,0.87913578748703
phase4_step_29995_LIVE,"Phrase 1: Мама мыла раму, а па...",23,13,ин,0.08714500814676285
phase4_step_29995_LIVE,"Phrase 1: Мама мыла раму, а па...",23,14,ил,0.19451865553855896
phase4_step_29995_LIVE,"Phrase 1: Мама мыла раму, а па...",23,15, об,0.8484718799591064
phase4_step_29995_LIVE,"Phrase 1: Мама мыла раму, а па...",23,16,ел,0.09484350681304932
phase4_step_29995_LIVE,"Phrase 1: Мама мыла раму, а па...",23,17,ев,0.2564733326435089
phase4_step_29995_LIVE,"Phrase 1: Мама мыла раму, а па...",23,18,из,0.15715938806533813
phase4_step_29995_LIVE,"Phrase 1: Мама мыла раму, а па...",23,19,ор,0.2315407544374466
phase4_step_29995_LIVE,"Phrase 1: Мама мыла раму, а па...",23,20,.,0.07185850292444229
phase4_step_29995_LIVE,Phrase 2: Quantum computing is...,23,0, Gaussian,0.8654778003692627
phase4_step_29995_LIVE,Phrase 2: Quantum computing is...,23,1,ik,0.6932273507118225
phase4_step_29995_LIVE,Phrase 2: Quantum computing is...,23,2, computing,0.398754745721817
phase4_step_29995_LIVE,Phrase 2: Quantum computing is...,23,3, is,0.08261028677225113
phase4_step_29995_LIVE,Phrase 2: Quantum computing is...,23,4, rectangular,0.9829251170158386
phase4_step_29995_LIVE,Phrase 2: Quantum computing is...,23,5, rapidly,0.34162330627441406
phase4_step_29995_LIVE,Phrase 2: Quantum computing is...,23,6, ex,0.6243709921836853
phase4_step_29995_LIVE,Phrase 2: Quantum computing is...,23,7,uring,0.6898549199104309
phase4_step_29995_LIVE,Phrase 2: Quantum computing is...,23,8, тест,0.725062370300293
phase4_step_29995_LIVE,Phrase 2: Quantum computing is...,23,9, that,0.18283642828464508
phase4_step_29995_LIVE,Phrase 2: Quantum computing is...,23,10, harness,0.3869507610797882
phase4_step_29995_LIVE,Phrase 2: Quantum computing is...,23,11,es,0.09765840321779251
phase4_step_29995_LIVE,Phrase 2: Quantum computing is...,23,12, the,0.08816350251436234
phase4_step_29995_LIVE,Phrase 2: Quantum computing is...,23,13, cases,0.39428284764289856
phase4_step_29995_LIVE,Phrase 2: Quantum computing is...,23,14, of,0.14595867693424225
phase4_step_29995_LIVE,Phrase 2: Quantum computing is...,23,15, quantum,0.351666122674942
phase4_step_29995_LIVE,Phrase 2: Quantum computing is...,23,16, mechanics,0.3913552165031433
phase4_step_29995_LIVE,Phrase 2: Quantum computing is...,23,17, to,0.09185925871133804
phase4_step_29995_LIVE,Phrase 2: Quantum computing is...,23,18, solve,0.14216043055057526
phase4_step_29995_LIVE,Phrase 2: Quantum computing is...,23,19, problems,0.2935556173324585
phase4_step_29995_LIVE,Phrase 2: Quantum computing is...,23,20, too,0.3359280824661255
phase4_step_29995_LIVE,Phrase 2: Quantum computing is...,23,21, complex,0.24801599979400635
phase4_step_29995_LIVE,Phrase 2: Quantum computing is...,23,22, for,0.03612898290157318
phase4_step_29995_LIVE,Phrase 2: Quantum computing is...,23,23, standard,0.5562864542007446
phase4_step_29995_LIVE,Phrase 2: Quantum computing is...,23,24, computer,0.43688738346099854
phase4_step_29995_LIVE,Phrase 2: Quantum computing is...,23,25,.,0.19346514344215393
phase4_step_29995_LIVE,Phrase 0: The quick brown fox ...,24,0, The,0.2686360776424408
phase4_step_29995_LIVE,Phrase 0: The quick brown fox ...,24,1, hack,0.6915553212165833
phase4_step_29995_LIVE,Phrase 0: The quick brown fox ...,24,2, brown,0.3746771514415741
phase4_step_29995_LIVE,Phrase 0: The quick brown fox ...,24,3, dog,0.7208375930786133
phase4_step_29995_LIVE,Phrase 0: The quick brown fox ...,24,4, jumps,0.4186219871044159
phase4_step_29995_LIVE,Phrase 0: The quick brown fox ...,24,5, over,0.16254973411560059
phase4_step_29995_LIVE,Phrase 0: The quick brown fox ...,24,6, the,0.17085440456867218
phase4_step_29995_LIVE,Phrase 0: The quick brown fox ...,24,7, lazy,0.5228156447410583
phase4_step_29995_LIVE,Phrase 0: The quick brown fox ...,24,8, dog,0.33602452278137207
phase4_step_29995_LIVE,Phrase 0: The quick brown fox ...,24,9,.,0.09807521104812622
phase4_step_29995_LIVE,"Phrase 1: Мама мыла раму, а па...",24,0,М,0.16108429431915283
phase4_step_29995_LIVE,"Phrase 1: Мама мыла раму, а па...",24,1,ам,0.0986037403345108
phase4_step_29995_LIVE,"Phrase 1: Мама мыла раму, а па...",24,2,а,0.04037114232778549
phase4_step_29995_LIVE,"Phrase 1: Мама мыла раму, а па...",24,3, мы,0.22678238153457642
phase4_step_29995_LIVE,"Phrase 1: Мама мыла раму, а па...",24,4,ла,0.12084601819515228
phase4_step_29995_LIVE,"Phrase 1: Мама мыла раму, а па...",24,5, рам,0.40416979789733887
phase4_step_29995_LIVE,"Phrase 1: Мама мыла раму, а па...",24,6,у,0.24483369290828705
phase4_step_29995_LIVE,"Phrase 1: Мама мыла раму, а па...",24,7,",",0.10575482249259949
phase4_step_29995_LIVE,"Phrase 1: Мама мыла раму, а па...",24,8, а,0.1640864908695221
phase4_step_29995_LIVE,"Phrase 1: Мама мыла раму, а па...",24,9, п,0.18411380052566528
phase4_step_29995_LIVE,"Phrase 1: Мама мыла раму, а па...",24,10,ап,0.21400421857833862
phase4_step_29995_LIVE,"Phrase 1: Мама мыла раму, а па...",24,11,а,0.2375199943780899
phase4_step_29995_LIVE,"Phrase 1: Мама мыла раму, а па...",24,12,ь,0.8814239501953125
phase4_step_29995_LIVE,"Phrase 1: Мама мыла раму, а па...",24,13,ин,0.08515650033950806
phase4_step_29995_LIVE,"Phrase 1: Мама мыла раму, а па...",24,14,ил,0.18704910576343536
phase4_step_29995_LIVE,"Phrase 1: Мама мыла раму, а па...",24,15, об,0.8483155965805054
phase4_step_29995_LIVE,"Phrase 1: Мама мыла раму, а па...",24,16,ел,0.0962582677602768
phase4_step_29995_LIVE,"Phrase 1: Мама мыла раму, а па...",24,17,ев,0.2442341446876526
phase4_step_29995_LIVE,"Phrase 1: Мама мыла раму, а па...",24,18,из,0.15836051106452942
phase4_step_29995_LIVE,"Phrase 1: Мама мыла раму, а па...",24,19,ор,0.2192242592573166
phase4_step_29995_LIVE,"Phrase 1: Мама мыла раму, а па...",24,20,.,0.06797156482934952
phase4_step_29995_LIVE,Phrase 2: Quantum computing is...,24,0, Gaussian,0.8640815615653992
phase4_step_29995_LIVE,Phrase 2: Quantum computing is...,24,1,ik,0.6969849467277527
phase4_step_29995_LIVE,Phrase 2: Quantum computing is...,24,2, computing,0.39881688356399536
phase4_step_29995_LIVE,Phrase 2: Quantum computing is...,24,3, is,0.07768623530864716
phase4_step_29995_LIVE,Phrase 2: Quantum computing is...,24,4, regular,0.9823421835899353
phase4_step_29995_LIVE,Phrase 2: Quantum computing is...,24,5, rapidly,0.35018929839134216
phase4_step_29995_LIVE,Phrase 2: Quantum computing is...,24,6, ex,0.6262502670288086
phase4_step_29995_LIVE,Phrase 2: Quantum computing is...,24,7,uring,0.6884370446205139
phase4_step_29995_LIVE,Phrase 2: Quantum computing is...,24,8, тест,0.7259363532066345
phase4_step_29995_LIVE,Phrase 2: Quantum computing is...,24,9, that,0.17177298665046692
phase4_step_29995_LIVE,Phrase 2: Quantum computing is...,24,10, harness,0.39632657170295715
phase4_step_29995_LIVE,Phrase 2: Quantum computing is...,24,11,es,0.09938457608222961
phase4_step_29995_LIVE,Phrase 2: Quantum computing is...,24,12, the,0.08349788188934326
phase4_step_29995_LIVE,Phrase 2: Quantum computing is...,24,13, cases,0.3988446295261383
phase4_step_29995_LIVE,Phrase 2: Quantum computing is...,24,14, of,0.13705845177173615
phase4_step_29995_LIVE,Phrase 2: Quantum computing is...,24,15, quantum,0.3605912923812866
phase4_step_29995_LIVE,Phrase 2: Quantum computing is...,24,16, mechanics,0.39667919278144836
phase4_step_29995_LIVE,Phrase 2: Quantum computing is...,24,17, to,0.08628376573324203
phase4_step_29995_LIVE,Phrase 2: Quantum computing is...,24,18, solve,0.13654132187366486
phase4_step_29995_LIVE,Phrase 2: Quantum computing is...,24,19, problems,0.2896628677845001
phase4_step_29995_LIVE,Phrase 2: Quantum computing is...,24,20, too,0.3343324065208435
phase4_step_29995_LIVE,Phrase 2: Quantum computing is...,24,21, complex,0.2512866258621216
phase4_step_29995_LIVE,Phrase 2: Quantum computing is...,24,22, for,0.03568607568740845
phase4_step_29995_LIVE,Phrase 2: Quantum computing is...,24,23, standard,0.5586512684822083
phase4_step_29995_LIVE,Phrase 2: Quantum computing is...,24,24, computer,0.438239187002182
phase4_step_29995_LIVE,Phrase 2: Quantum computing is...,24,25,.,0.1817464828491211
phase4_step_29995_LIVE,Phrase 0: The quick brown fox ...,25,0, The,0.2640435993671417
phase4_step_29995_LIVE,Phrase 0: The quick brown fox ...,25,1, hack,0.6933850049972534
phase4_step_29995_LIVE,Phrase 0: The quick brown fox ...,25,2, brown,0.38443857431411743
phase4_step_29995_LIVE,Phrase 0: The quick brown fox ...,25,3, dog,0.7178903222084045
phase4_step_29995_LIVE,Phrase 0: The quick brown fox ...,25,4, jumps,0.4247772991657257
phase4_step_29995_LIVE,Phrase 0: The quick brown fox ...,25,5, over,0.15825103223323822
phase4_step_29995_LIVE,Phrase 0: The quick brown fox ...,25,6, the,0.1608540415763855
phase4_step_29995_LIVE,Phrase 0: The quick brown fox ...,25,7, lazy,0.5274876952171326
phase4_step_29995_LIVE,Phrase 0: The quick brown fox ...,25,8, dog,0.34414252638816833
phase4_step_29995_LIVE,Phrase 0: The quick brown fox ...,25,9,.,0.0925590991973877
phase4_step_29995_LIVE,"Phrase 1: Мама мыла раму, а па...",25,0,М,0.16063638031482697
phase4_step_29995_LIVE,"Phrase 1: Мама мыла раму, а па...",25,1,ам,0.09691331535577774
phase4_step_29995_LIVE,"Phrase 1: Мама мыла раму, а па...",25,2,а,0.04029562324285507
phase4_step_29995_LIVE,"Phrase 1: Мама мыла раму, а па...",25,3, мы,0.22575771808624268
phase4_step_29995_LIVE,"Phrase 1: Мама мыла раму, а па...",25,4,ла,0.12318797409534454
phase4_step_29995_LIVE,"Phrase 1: Мама мыла раму, а па...",25,5, рам,0.41095268726348877
phase4_step_29995_LIVE,"Phrase 1: Мама мыла раму, а па...",25,6,у,0.23106496036052704
phase4_step_29995_LIVE,"Phrase 1: Мама мыла раму, а па...",25,7,",",0.09930107742547989
phase4_step_29995_LIVE,"Phrase 1: Мама мыла раму, а па...",25,8, а,0.15564179420471191
phase4_step_29995_LIVE,"Phrase 1: Мама мыла раму, а па...",25,9, п,0.17487461864948273
phase4_step_29995_LIVE,"Phrase 1: Мама мыла раму, а па...",25,10,ап,0.21222615242004395
phase4_step_29995_LIVE,"Phrase 1: Мама мыла раму, а па...",25,11,а,0.22346237301826477
phase4_step_29995_LIVE,"Phrase 1: Мама мыла раму, а па...",25,12,ь,0.8838930726051331
phase4_step_29995_LIVE,"Phrase 1: Мама мыла раму, а па...",25,13,ин,0.08343838155269623
phase4_step_29995_LIVE,"Phrase 1: Мама мыла раму, а па...",25,14,ил,0.1802501678466797
phase4_step_29995_LIVE,"Phrase 1: Мама мыла раму, а па...",25,15, об,0.8483273983001709
phase4_step_29995_LIVE,"Phrase 1: Мама мыла раму, а па...",25,16,ел,0.09763703495264053
phase4_step_29995_LIVE,"Phrase 1: Мама мыла раму, а па...",25,17,ев,0.23287701606750488
phase4_step_29995_LIVE,"Phrase 1: Мама мыла раму, а па...",25,18,из,0.15971119701862335
phase4_step_29995_LIVE,"Phrase 1: Мама мыла раму, а па...",25,19,ор,0.20776019990444183
phase4_step_29995_LIVE,"Phrase 1: Мама мыла раму, а па...",25,20,.,0.06436800211668015
phase4_step_29995_LIVE,Phrase 2: Quantum computing is...,25,0, Gaussian,0.8628971576690674
phase4_step_29995_LIVE,Phrase 2: Quantum computing is...,25,1,ik,0.7008599638938904
phase4_step_29995_LIVE,Phrase 2: Quantum computing is...,25,2, computing,0.39919379353523254
phase4_step_29995_LIVE,Phrase 2: Quantum computing is...,25,3, is,0.07308579236268997
phase4_step_29995_LIVE,Phrase 2: Quantum computing is...,25,4, regular,0.981766402721405
phase4_step_29995_LIVE,Phrase 2: Quantum computing is...,25,5, rapidly,0.35844114422798157
phase4_step_29995_LIVE,Phrase 2: Quantum computing is...,25,6, ex,0.6283307671546936
phase4_step_29995_LIVE,Phrase 2: Quantum computing is...,25,7,uring,0.6872730851173401
phase4_step_29995_LIVE,Phrase 2: Quantum computing is...,25,8, тест,0.7270299792289734
phase4_step_29995_LIVE,Phrase 2: Quantum computing is...,25,9, that,0.16141334176063538
phase4_step_29995_LIVE,Phrase 2: Quantum computing is...,25,10, harness,0.405316561460495
phase4_step_29995_LIVE,Phrase 2: Quantum computing is...,25,11,es,0.10105488449335098
phase4_step_29995_LIVE,Phrase 2: Quantum computing is...,25,12, the,0.07919292896986008
phase4_step_29995_LIVE,Phrase 2: Quantum computing is...,25,13, reasons,0.4034857749938965
phase4_step_29995_LIVE,Phrase 2: Quantum computing is...,25,14, of,0.12871772050857544
phase4_step_29995_LIVE,Phrase 2: Quantum computing is...,25,15, quantum,0.3692036271095276
phase4_step_29995_LIVE,Phrase 2: Quantum computing is...,25,16, mechanics,0.4020567536354065
phase4_step_29995_LIVE,Phrase 2: Quantum computing is...,25,17, to,0.08107267320156097
phase4_step_29995_LIVE,Phrase 2: Quantum computing is...,25,18, solve,0.13151955604553223
phase4_step_29995_LIVE,Phrase 2: Quantum computing is...,25,19, problem,0.2864155173301697
phase4_step_29995_LIVE,Phrase 2: Quantum computing is...,25,20, too,0.3332057595252991
phase4_step_29995_LIVE,Phrase 2: Quantum computing is...,25,21, complex,0.2545708417892456
phase4_step_29995_LIVE,Phrase 2: Quantum computing is...,25,22, for,0.035330768674612045
phase4_step_29995_LIVE,Phrase 2: Quantum computing is...,25,23, standard,0.5612214803695679
phase4_step_29995_LIVE,Phrase 2: Quantum computing is...,25,24, computer,0.43979641795158386
phase4_step_29995_LIVE,Phrase 2: Quantum computing is...,25,25,.,0.17076337337493896
phase4_step_29995_EMA,Phrase 0: The quick brown fox ...,0,0,",",0.8834986686706543
phase4_step_29995_EMA,Phrase 0: The quick brown fox ...,0,1,2,0.21275809407234192
phase4_step_29995_EMA,Phrase 0: The quick brown fox ...,0,2, x,0.10000000149011612
phase4_step_29995_EMA,Phrase 0: The quick brown fox ...,0,3, -,0.5577417612075806
phase4_step_29995_EMA,Phrase 0: The quick brown fox ...,0,4, jumps,0.20759651064872742
phase4_step_29995_EMA,Phrase 0: The quick brown fox ...,0,5, t,1.0
phase4_step_29995_EMA,Phrase 0: The quick brown fox ...,0,6, the,0.7446759343147278
phase4_step_29995_EMA,Phrase 0: The quick brown fox ...,0,7, lazy,0.3569892346858978
phase4_step_29995_EMA,Phrase 0: The quick brown fox ...,0,8, dog,0.2875954508781433
phase4_step_29995_EMA,Phrase 0: The quick brown fox ...,0,9,",",0.6165952086448669
phase4_step_29995_EMA,"Phrase 1: Мама мыла раму, а па...",0,0,М,0.46012842655181885
phase4_step_29995_EMA,"Phrase 1: Мама мыла раму, а па...",0,1,ам,0.3177928328514099
phase4_step_29995_EMA,"Phrase 1: Мама мыла раму, а па...",0,2,а,0.10000000149011612
phase4_step_29995_EMA,"Phrase 1: Мама мыла раму, а па...",0,3, мы,0.6284501552581787
phase4_step_29995_EMA,"Phrase 1: Мама мыла раму, а па...",0,4, и,0.5677513480186462
phase4_step_29995_EMA,"Phrase 1: Мама мыла раму, а па...",0,5,ам,0.5591574907302856
phase4_step_29995_EMA,"Phrase 1: Мама мыла раму, а па...",0,6,у,0.2480189949274063
phase4_step_29995_EMA,"Phrase 1: Мама мыла раму, а па...",0,7,.,0.7175700664520264
phase4_step_29995_EMA,"Phrase 1: Мама мыла раму, а па...",0,8, а,0.6163045167922974
phase4_step_29995_EMA,"Phrase 1: Мама мыла раму, а па...",0,9, п,0.10000000149011612
phase4_step_29995_EMA,"Phrase 1: Мама мыла раму, а па...",0,10,ап,0.49256372451782227
phase4_step_29995_EMA,"Phrase 1: Мама мыла раму, а па...",0,11,а,0.3429360091686249
phase4_step_29995_EMA,"Phrase 1: Мама мыла раму, а па...",0,12, ч,0.3668181896209717
phase4_step_29995_EMA,"Phrase 1: Мама мыла раму, а па...",0,13,ин,0.10000000149011612
phase4_step_29995_EMA,"Phrase 1: Мама мыла раму, а па...",0,14,ил,0.36230194568634033
phase4_step_29995_EMA,"Phrase 1: Мама мыла раму, а па...",0,15, т,0.10000000149011612
phase4_step_29995_EMA,"Phrase 1: Мама мыла раму, а па...",0,16,ел,0.10000000149011612
phase4_step_29995_EMA,"Phrase 1: Мама мыла раму, а па...",0,17,ев,0.5868392586708069
phase4_step_29995_EMA,"Phrase 1: Мама мыла раму, а па...",0,18,rit,0.7716531753540039
phase4_step_29995_EMA,"Phrase 1: Мама мыла раму, а па...",0,19, пред,0.6479036808013916
phase4_step_29995_EMA,"Phrase 1: Мама мыла раму, а па...",0,20,.,0.40794801712036133
phase4_step_29995_EMA,Phrase 2: Quantum computing is...,0,0, the,0.8129610419273376
phase4_step_29995_EMA,Phrase 2: Quantum computing is...,0,1,um,0.2651665210723877
phase4_step_29995_EMA,Phrase 2: Quantum computing is...,0,2, programming,0.2174956500530243
phase4_step_29995_EMA,Phrase 2: Quantum computing is...,0,3, is,0.5755409598350525
phase4_step_29995_EMA,Phrase 2: Quantum computing is...,0,4, a,0.10000000149011612
phase4_step_29995_EMA,Phrase 2: Quantum computing is...,0,5, in,0.3741447329521179
phase4_step_29995_EMA,Phrase 2: Quantum computing is...,0,6,-em,0.10000000149011612
phase4_step_29995_EMA,Phrase 2: Quantum computing is...,0,7, curve,0.2605738937854767
phase4_step_29995_EMA,Phrase 2: Quantum computing is...,0,8,ed,0.6926459670066833
phase4_step_29995_EMA,Phrase 2: Quantum computing is...,0,9, ,0.8541486859321594
phase4_step_29995_EMA,Phrase 2: Quantum computing is...,0,10,1,0.3996655344963074
phase4_step_29995_EMA,Phrase 2: Quantum computing is...,0,11,es,0.10000000149011612
phase4_step_29995_EMA,Phrase 2: Quantum computing is...,0,12, the,0.6025257110595703
phase4_step_29995_EMA,Phrase 2: Quantum computing is...,0,13, and,1.0
phase4_step_29995_EMA,Phrase 2: Quantum computing is...,0,14, of,0.38703930377960205
phase4_step_29995_EMA,Phrase 2: Quantum computing is...,0,15, quantum,0.3111647367477417
phase4_step_29995_EMA,Phrase 2: Quantum computing is...,0,16, PAC,0.6141119599342346
phase4_step_29995_EMA,Phrase 2: Quantum computing is...,0,17, to,0.10000000149011612
phase4_step_29995_EMA,Phrase 2: Quantum computing is...,0,18, and,0.7742639780044556
phase4_step_29995_EMA,Phrase 2: Quantum computing is...,0,19,1,0.304422527551651
phase4_step_29995_EMA,Phrase 2: Quantum computing is...,0,20, too,0.10000000149011612
phase4_step_29995_EMA,Phrase 2: Quantum computing is...,0,21, and,1.0
phase4_step_29995_EMA,Phrase 2: Quantum computing is...,0,22,es,0.8839983344078064
phase4_step_29995_EMA,Phrase 2: Quantum computing is...,0,23, classic,0.27206164598464966
phase4_step_29995_EMA,Phrase 2: Quantum computing is...,0,24, valid,0.7772195339202881
phase4_step_29995_EMA,Phrase 2: Quantum computing is...,0,25, part,0.8188778758049011
phase4_step_29995_EMA,Phrase 0: The quick brown fox ...,1,0,",",0.890081524848938
phase4_step_29995_EMA,Phrase 0: The quick brown fox ...,1,1,2,0.21269138157367706
phase4_step_29995_EMA,Phrase 0: The quick brown fox ...,1,2, x,0.09995405375957489
phase4_step_29995_EMA,Phrase 0: The quick brown fox ...,1,3, -,0.5389001369476318
phase4_step_29995_EMA,Phrase 0: The quick brown fox ...,1,4, jumps,0.20547334849834442
phase4_step_29995_EMA,Phrase 0: The quick brown fox ...,1,5, t,1.0341541767120361
phase4_step_29995_EMA,Phrase 0: The quick brown fox ...,1,6, the,0.7284326553344727
phase4_step_29995_EMA,Phrase 0: The quick brown fox ...,1,7, lazy,0.34457045793533325
phase4_step_29995_EMA,Phrase 0: The quick brown fox ...,1,8, dog,0.29087358713150024
phase4_step_29995_EMA,Phrase 0: The quick brown fox ...,1,9,",",0.5929709076881409
phase4_step_29995_EMA,"Phrase 1: Мама мыла раму, а па...",1,0,М,0.45927685499191284
phase4_step_29995_EMA,"Phrase 1: Мама мыла раму, а па...",1,1,ам,0.3151773512363434
phase4_step_29995_EMA,"Phrase 1: Мама мыла раму, а па...",1,2,а,0.10015115141868591
phase4_step_29995_EMA,"Phrase 1: Мама мыла раму, а па...",1,3, мы,0.6283265948295593
phase4_step_29995_EMA,"Phrase 1: Мама мыла раму, а па...",1,4, и,0.5953567624092102
phase4_step_29995_EMA,"Phrase 1: Мама мыла раму, а па...",1,5,ам,0.5495921969413757
phase4_step_29995_EMA,"Phrase 1: Мама мыла раму, а па...",1,6,у,0.24679554998874664
phase4_step_29995_EMA,"Phrase 1: Мама мыла раму, а па...",1,7,.,0.7339988946914673
phase4_step_29995_EMA,"Phrase 1: Мама мыла раму, а па...",1,8, а,0.6095682382583618
phase4_step_29995_EMA,"Phrase 1: Мама мыла раму, а па...",1,9, п,0.10033022612333298
phase4_step_29995_EMA,"Phrase 1: Мама мыла раму, а па...",1,10,ап,0.5063925981521606
phase4_step_29995_EMA,"Phrase 1: Мама мыла раму, а па...",1,11,а,0.3512236773967743
phase4_step_29995_EMA,"Phrase 1: Мама мыла раму, а па...",1,12, ч,0.3651643693447113
phase4_step_29995_EMA,"Phrase 1: Мама мыла раму, а па...",1,13,ин,0.09985984861850739
phase4_step_29995_EMA,"Phrase 1: Мама мыла раму, а па...",1,14,ил,0.37288129329681396
phase4_step_29995_EMA,"Phrase 1: Мама мыла раму, а па...",1,15, т,0.09841489791870117
phase4_step_29995_EMA,"Phrase 1: Мама мыла раму, а па...",1,16,ел,0.09980420768260956
phase4_step_29995_EMA,"Phrase 1: Мама мыла раму, а па...",1,17,ев,0.5879250168800354
phase4_step_29995_EMA,"Phrase 1: Мама мыла раму, а па...",1,18,rit,0.7615455985069275
phase4_step_29995_EMA,"Phrase 1: Мама мыла раму, а па...",1,19, пред,0.6447328925132751
phase4_step_29995_EMA,"Phrase 1: Мама мыла раму, а па...",1,20,.,0.4091496765613556
phase4_step_29995_EMA,Phrase 2: Quantum computing is...,1,0, the,0.809235155582428
phase4_step_29995_EMA,Phrase 2: Quantum computing is...,1,1,um,0.25901418924331665
phase4_step_29995_EMA,Phrase 2: Quantum computing is...,1,2, programming,0.22014522552490234
phase4_step_29995_EMA,Phrase 2: Quantum computing is...,1,3, is,0.576339602470398
phase4_step_29995_EMA,Phrase 2: Quantum computing is...,1,4, a,0.10005447268486023
phase4_step_29995_EMA,Phrase 2: Quantum computing is...,1,5, in,0.3860841989517212
phase4_step_29995_EMA,Phrase 2: Quantum computing is...,1,6,-em,0.09918670356273651
phase4_step_29995_EMA,Phrase 2: Quantum computing is...,1,7, curve,0.25986576080322266
phase4_step_29995_EMA,Phrase 2: Quantum computing is...,1,8,ed,0.6953990459442139
phase4_step_29995_EMA,Phrase 2: Quantum computing is...,1,9, ,0.8793995976448059
phase4_step_29995_EMA,Phrase 2: Quantum computing is...,1,10,1,0.39888283610343933
phase4_step_29995_EMA,Phrase 2: Quantum computing is...,1,11,es,0.09996084868907928
phase4_step_29995_EMA,Phrase 2: Quantum computing is...,1,12, the,0.5866349935531616
phase4_step_29995_EMA,Phrase 2: Quantum computing is...,1,13, and,0.9712664484977722
phase4_step_29995_EMA,Phrase 2: Quantum computing is...,1,14, of,0.3914330303668976
phase4_step_29995_EMA,Phrase 2: Quantum computing is...,1,15, quantum,0.31052568554878235
phase4_step_29995_EMA,Phrase 2: Quantum computing is...,1,16, PAC,0.6419910192489624
phase4_step_29995_EMA,Phrase 2: Quantum computing is...,1,17, to,0.1006380170583725
phase4_step_29995_EMA,Phrase 2: Quantum computing is...,1,18, and,0.8093250393867493
phase4_step_29995_EMA,Phrase 2: Quantum computing is...,1,19,1,0.31153544783592224
phase4_step_29995_EMA,Phrase 2: Quantum computing is...,1,20, too,0.10015987604856491
phase4_step_29995_EMA,Phrase 2: Quantum computing is...,1,21, and,1.0002210140228271
phase4_step_29995_EMA,Phrase 2: Quantum computing is...,1,22,es,0.8924903273582458
phase4_step_29995_EMA,Phrase 2: Quantum computing is...,1,23, classic,0.2704937756061554
phase4_step_29995_EMA,Phrase 2: Quantum computing is...,1,24, valid,0.7966234683990479
phase4_step_29995_EMA,Phrase 2: Quantum computing is...,1,25, part,0.7863989472389221
phase4_step_29995_EMA,Phrase 0: The quick brown fox ...,2,0,",",0.8570234775543213
phase4_step_29995_EMA,Phrase 0: The quick brown fox ...,2,1, test,0.20682047307491302
phase4_step_29995_EMA,Phrase 0: The quick brown fox ...,2,2, brown,0.09887295961380005
phase4_step_29995_EMA,Phrase 0: The quick brown fox ...,2,3, -,0.5185755491256714
phase4_step_29995_EMA,Phrase 0: The quick brown fox ...,2,4, jumps,0.1967916041612625
phase4_step_29995_EMA,Phrase 0: The quick brown fox ...,2,5, ,1.0217084884643555
phase4_step_29995_EMA,Phrase 0: The quick brown fox ...,2,6, the,0.6907244324684143
phase4_step_29995_EMA,Phrase 0: The quick brown fox ...,2,7, lazy,0.33042237162590027
phase4_step_29995_EMA,Phrase 0: The quick brown fox ...,2,8, dog,0.2781817615032196
phase4_step_29995_EMA,Phrase 0: The quick brown fox ...,2,9,",",0.558953583240509
phase4_step_29995_EMA,"Phrase 1: Мама мыла раму, а па...",2,0,М,0.4324362874031067
phase4_step_29995_EMA,"Phrase 1: Мама мыла раму, а па...",2,1,ам,0.29642239212989807
phase4_step_29995_EMA,"Phrase 1: Мама мыла раму, а па...",2,2,а,0.0939442589879036
phase4_step_29995_EMA,"Phrase 1: Мама мыла раму, а па...",2,3, мы,0.5974929928779602
phase4_step_29995_EMA,"Phrase 1: Мама мыла раму, а па...",2,4,ла,0.5632491111755371
phase4_step_29995_EMA,"Phrase 1: Мама мыла раму, а па...",2,5,ам,0.5277676582336426
phase4_step_29995_EMA,"Phrase 1: Мама мыла раму, а па...",2,6,у,0.23182538151741028
phase4_step_29995_EMA,"Phrase 1: Мама мыла раму, а па...",2,7,.,0.6958432793617249
phase4_step_29995_EMA,"Phrase 1: Мама мыла раму, а па...",2,8, а,0.5754795074462891
phase4_step_29995_EMA,"Phrase 1: Мама мыла раму, а па...",2,9, п,0.09410052746534348
phase4_step_29995_EMA,"Phrase 1: Мама мыла раму, а па...",2,10,ап,0.47849133610725403
phase4_step_29995_EMA,"Phrase 1: Мама мыла раму, а па...",2,11,а,0.32974520325660706
phase4_step_29995_EMA,"Phrase 1: Мама мыла раму, а па...",2,12, ч,0.34487006068229675
phase4_step_29995_EMA,"Phrase 1: Мама мыла раму, а па...",2,13,ин,0.09415332973003387
phase4_step_29995_EMA,"Phrase 1: Мама мыла раму, а па...",2,14,ил,0.3508821725845337
phase4_step_29995_EMA,"Phrase 1: Мама мыла раму, а па...",2,15, т,0.09276211261749268
phase4_step_29995_EMA,"Phrase 1: Мама мыла раму, а па...",2,16,ел,0.09390554577112198
phase4_step_29995_EMA,"Phrase 1: Мама мыла раму, а па...",2,17,ев,0.5553573369979858
phase4_step_29995_EMA,"Phrase 1: Мама мыла раму, а па...",2,18,rit,0.728280246257782
phase4_step_29995_EMA,"Phrase 1: Мама мыла раму, а па...",2,19, пред,0.6095026135444641
phase4_step_29995_EMA,"Phrase 1: Мама мыла раму, а па...",2,20,.,0.38436955213546753
phase4_step_29995_EMA,Phrase 2: Quantum computing is...,2,0, the,0.7911439538002014
phase4_step_29995_EMA,Phrase 2: Quantum computing is...,2,1,um,0.24524399638175964
phase4_step_29995_EMA,Phrase 2: Quantum computing is...,2,2, programming,0.20971132814884186
phase4_step_29995_EMA,Phrase 2: Quantum computing is...,2,3, is,0.5430817008018494
phase4_step_29995_EMA,Phrase 2: Quantum computing is...,2,4, a,0.0938306376338005
phase4_step_29995_EMA,Phrase 2: Quantum computing is...,2,5, in,0.37077707052230835
phase4_step_29995_EMA,Phrase 2: Quantum computing is...,2,6,-em,0.09804554283618927
phase4_step_29995_EMA,Phrase 2: Quantum computing is...,2,7,abella,0.2515169382095337
phase4_step_29995_EMA,Phrase 2: Quantum computing is...,2,8,ed,0.6719412207603455
phase4_step_29995_EMA,Phrase 2: Quantum computing is...,2,9, ,0.8397356271743774
phase4_step_29995_EMA,Phrase 2: Quantum computing is...,2,10,1,0.3825896680355072
phase4_step_29995_EMA,Phrase 2: Quantum computing is...,2,11,es,0.09446363896131516
phase4_step_29995_EMA,Phrase 2: Quantum computing is...,2,12, the,0.5528847575187683
phase4_step_29995_EMA,Phrase 2: Quantum computing is...,2,13, and,0.9556334614753723
phase4_step_29995_EMA,Phrase 2: Quantum computing is...,2,14, of,0.36761561036109924
phase4_step_29995_EMA,Phrase 2: Quantum computing is...,2,15, quantum,0.2985464036464691
phase4_step_29995_EMA,Phrase 2: Quantum computing is...,2,16, mechanics,0.6193221211433411
phase4_step_29995_EMA,Phrase 2: Quantum computing is...,2,17, to,0.09436990320682526
phase4_step_29995_EMA,Phrase 2: Quantum computing is...,2,18, example,0.773499608039856
phase4_step_29995_EMA,Phrase 2: Quantum computing is...,2,19,1,0.29393482208251953
phase4_step_29995_EMA,Phrase 2: Quantum computing is...,2,20, too,0.09593097865581512
phase4_step_29995_EMA,Phrase 2: Quantum computing is...,2,21, and,0.9886438250541687
phase4_step_29995_EMA,Phrase 2: Quantum computing is...,2,22,es,0.852799654006958
phase4_step_29995_EMA,Phrase 2: Quantum computing is...,2,23, classic,0.25996890664100647
phase4_step_29995_EMA,Phrase 2: Quantum computing is...,2,24, valid,0.7766158580780029
phase4_step_29995_EMA,Phrase 2: Quantum computing is...,2,25, part,0.7473973631858826
phase4_step_29995_EMA,Phrase 0: The quick brown fox ...,3,0,2,0.822816014289856
phase4_step_29995_EMA,Phrase 0: The quick brown fox ...,3,1, test,0.2053074687719345
phase4_step_29995_EMA,Phrase 0: The quick brown fox ...,3,2, brown,0.10390107333660126
phase4_step_29995_EMA,Phrase 0: The quick brown fox ...,3,3, -,0.500679075717926
phase4_step_29995_EMA,Phrase 0: The quick brown fox ...,3,4, jumps,0.19157834351062775
phase4_step_29995_EMA,Phrase 0: The quick brown fox ...,3,5, ,1.0090159177780151
phase4_step_29995_EMA,Phrase 0: The quick brown fox ...,3,6,2,0.6538196802139282
phase4_step_29995_EMA,Phrase 0: The quick brown fox ...,3,7, lazy,0.3196125030517578
phase4_step_29995_EMA,Phrase 0: The quick brown fox ...,3,8, dog,0.26831430196762085
phase4_step_29995_EMA,Phrase 0: The quick brown fox ...,3,9,",",0.5263663530349731
phase4_step_29995_EMA,"Phrase 1: Мама мыла раму, а па...",3,0,М,0.40720707178115845
phase4_step_29995_EMA,"Phrase 1: Мама мыла раму, а па...",3,1,ам,0.27893146872520447
phase4_step_29995_EMA,"Phrase 1: Мама мыла раму, а па...",3,2,а,0.08818136155605316
phase4_step_29995_EMA,"Phrase 1: Мама мыла раму, а па...",3,3, мы,0.5679589509963989
phase4_step_29995_EMA,"Phrase 1: Мама мыла раму, а па...",3,4,ла,0.5326387882232666
phase4_step_29995_EMA,"Phrase 1: Мама мыла раму, а па...",3,5,ам,0.5083953738212585
phase4_step_29995_EMA,"Phrase 1: Мама мыла раму, а па...",3,6,у,0.21804778277873993
phase4_step_29995_EMA,"Phrase 1: Мама мыла раму, а па...",3,7,.,0.6585170030593872
phase4_step_29995_EMA,"Phrase 1: Мама мыла раму, а па...",3,8, а,0.54278165102005
phase4_step_29995_EMA,"Phrase 1: Мама мыла раму, а па...",3,9, п,0.08853545784950256
phase4_step_29995_EMA,"Phrase 1: Мама мыла раму, а па...",3,10,ап,0.4522789716720581
phase4_step_29995_EMA,"Phrase 1: Мама мыла раму, а па...",3,11,а,0.3095643222332001
phase4_step_29995_EMA,"Phrase 1: Мама мыла раму, а па...",3,12, ч,0.3261535167694092
phase4_step_29995_EMA,"Phrase 1: Мама мыла раму, а па...",3,13,ин,0.08905921131372452
phase4_step_29995_EMA,"Phrase 1: Мама мыла раму, а па...",3,14,ил,0.33036279678344727
phase4_step_29995_EMA,"Phrase 1: Мама мыла раму, а па...",3,15, т,0.08776209503412247
phase4_step_29995_EMA,"Phrase 1: Мама мыла раму, а па...",3,16,ел,0.08899904787540436
phase4_step_29995_EMA,"Phrase 1: Мама мыла раму, а па...",3,17,ев,0.5242305994033813
phase4_step_29995_EMA,"Phrase 1: Мама мыла раму, а па...",3,18,rit,0.6953768730163574
phase4_step_29995_EMA,"Phrase 1: Мама мыла раму, а па...",3,19,ор,0.5755389928817749
phase4_step_29995_EMA,"Phrase 1: Мама мыла раму, а па...",3,20,.,0.3610229194164276
phase4_step_29995_EMA,Phrase 2: Quantum computing is...,3,0, the,0.7745230793952942
phase4_step_29995_EMA,Phrase 2: Quantum computing is...,3,1,um,0.23345701396465302
phase4_step_29995_EMA,Phrase 2: Quantum computing is...,3,2, computational,0.2018192559480667
phase4_step_29995_EMA,Phrase 2: Quantum computing is...,3,3, is,0.511289119720459
phase4_step_29995_EMA,Phrase 2: Quantum computing is...,3,4, a,0.0880102664232254
phase4_step_29995_EMA,Phrase 2: Quantum computing is...,3,5,",",0.35814568400382996
phase4_step_29995_EMA,Phrase 2: Quantum computing is...,3,6,-em,0.10357829928398132
phase4_step_29995_EMA,Phrase 2: Quantum computing is...,3,7,abella,0.2466723620891571
phase4_step_29995_EMA,Phrase 2: Quantum computing is...,3,8, xy,0.6500743627548218
phase4_step_29995_EMA,Phrase 2: Quantum computing is...,3,9, ,0.8002989888191223
phase4_step_29995_EMA,Phrase 2: Quantum computing is...,3,10, pre,0.36941254138946533
phase4_step_29995_EMA,Phrase 2: Quantum computing is...,3,11,es,0.08995440602302551
phase4_step_29995_EMA,Phrase 2: Quantum computing is...,3,12, the,0.5205714702606201
phase4_step_29995_EMA,Phrase 2: Quantum computing is...,3,13, and,0.940486490726471
phase4_step_29995_EMA,Phrase 2: Quantum computing is...,3,14, of,0.34518855810165405
phase4_step_29995_EMA,Phrase 2: Quantum computing is...,3,15, quantum,0.2897737920284271
phase4_step_29995_EMA,Phrase 2: Quantum computing is...,3,16, mechanics,0.5985175967216492
phase4_step_29995_EMA,Phrase 2: Quantum computing is...,3,17, to,0.0885116383433342
phase4_step_29995_EMA,Phrase 2: Quantum computing is...,3,18, example,0.7372670769691467
phase4_step_29995_EMA,Phrase 2: Quantum computing is...,3,19, terms,0.2782756984233856
phase4_step_29995_EMA,Phrase 2: Quantum computing is...,3,20, too,0.09415951371192932
phase4_step_29995_EMA,Phrase 2: Quantum computing is...,3,21, and,0.9772497415542603
phase4_step_29995_EMA,Phrase 2: Quantum computing is...,3,22, ,0.8132851719856262
phase4_step_29995_EMA,Phrase 2: Quantum computing is...,3,23, classic,0.2529768645763397
phase4_step_29995_EMA,Phrase 2: Quantum computing is...,3,24, functions,0.7577722668647766
phase4_step_29995_EMA,Phrase 2: Quantum computing is...,3,25,2,0.708989679813385
phase4_step_29995_EMA,Phrase 0: The quick brown fox ...,4,0,:,0.7880042195320129
phase4_step_29995_EMA,Phrase 0: The quick brown fox ...,4,1, test,0.20759239792823792
phase4_step_29995_EMA,Phrase 0: The quick brown fox ...,4,2, brown,0.11346381902694702
phase4_step_29995_EMA,Phrase 0: The quick brown fox ...,4,3, fox,0.4852086007595062
phase4_step_29995_EMA,Phrase 0: The quick brown fox ...,4,4, jumps,0.18960972130298615
phase4_step_29995_EMA,Phrase 0: The quick brown fox ...,4,5, ,0.996151864528656
phase4_step_29995_EMA,Phrase 0: The quick brown fox ...,4,6,2,0.6179327368736267
phase4_step_29995_EMA,Phrase 0: The quick brown fox ...,4,7, lazy,0.311939001083374
phase4_step_29995_EMA,Phrase 0: The quick brown fox ...,4,8, dog,0.26109862327575684
phase4_step_29995_EMA,Phrase 0: The quick brown fox ...,4,9,.,0.49528422951698303
phase4_step_29995_EMA,"Phrase 1: Мама мыла раму, а па...",4,0,М,0.383547842502594
phase4_step_29995_EMA,"Phrase 1: Мама мыла раму, а па...",4,1,ам,0.2626199424266815
phase4_step_29995_EMA,"Phrase 1: Мама мыла раму, а па...",4,2,а,0.08284572511911392
phase4_step_29995_EMA,"Phrase 1: Мама мыла раму, а па...",4,3, мы,0.5398865342140198
phase4_step_29995_EMA,"Phrase 1: Мама мыла раму, а па...",4,4,ла,0.5035845637321472
phase4_step_29995_EMA,"Phrase 1: Мама мыла раму, а па...",4,5, рам,0.4914931058883667
phase4_step_29995_EMA,"Phrase 1: Мама мыла раму, а па...",4,6,у,0.20536960661411285
phase4_step_29995_EMA,"Phrase 1: Мама мыла раму, а па...",4,7,.,0.6222326755523682
phase4_step_29995_EMA,"Phrase 1: Мама мыла раму, а па...",4,8, а,0.5115553140640259
phase4_step_29995_EMA,"Phrase 1: Мама мыла раму, а па...",4,9, п,0.0836208164691925
phase4_step_29995_EMA,"Phrase 1: Мама мыла раму, а па...",4,10,ап,0.4277554452419281
phase4_step_29995_EMA,"Phrase 1: Мама мыла раму, а па...",4,11,а,0.2906058132648468
phase4_step_29995_EMA,"Phrase 1: Мама мыла раму, а па...",4,12, ч,0.30895501375198364
phase4_step_29995_EMA,"Phrase 1: Мама мыла раму, а па...",4,13,ин,0.08453799039125443
phase4_step_29995_EMA,"Phrase 1: Мама мыла раму, а па...",4,14,ил,0.3112630546092987
phase4_step_29995_EMA,"Phrase 1: Мама мыла раму, а па...",4,15, т,0.08340062946081161
phase4_step_29995_EMA,"Phrase 1: Мама мыла раму, а па...",4,16,ел,0.08506026864051819
phase4_step_29995_EMA,"Phrase 1: Мама мыла раму, а па...",4,17,ев,0.4946223497390747
phase4_step_29995_EMA,"Phrase 1: Мама мыла раму, а па...",4,18,ит,0.6632380485534668
phase4_step_29995_EMA,"Phrase 1: Мама мыла раму, а па...",4,19,ор,0.5429665446281433
phase4_step_29995_EMA,"Phrase 1: Мама мыла раму, а па...",4,20,.,0.3390517234802246
phase4_step_29995_EMA,Phrase 2: Quantum computing is...,4,0,ou,0.7593564391136169
phase4_step_29995_EMA,Phrase 2: Quantum computing is...,4,1,um,0.2235720455646515
phase4_step_29995_EMA,Phrase 2: Quantum computing is...,4,2, computational,0.19635184109210968
phase4_step_29995_EMA,Phrase 2: Quantum computing is...,4,3, is,0.48101806640625
phase4_step_29995_EMA,Phrase 2: Quantum computing is...,4,4, a,0.08256717771291733
phase4_step_29995_EMA,Phrase 2: Quantum computing is...,4,5,",",0.34804850816726685
phase4_step_29995_EMA,Phrase 2: Quantum computing is...,4,6,-em,0.11402875930070877
phase4_step_29995_EMA,Phrase 2: Quantum computing is...,4,7,abella,0.24500587582588196
phase4_step_29995_EMA,Phrase 2: Quantum computing is...,4,8,zo,0.6298994421958923
phase4_step_29995_EMA,Phrase 2: Quantum computing is...,4,9, ,0.7612323760986328
phase4_step_29995_EMA,Phrase 2: Quantum computing is...,4,10, harness,0.3591986894607544
phase4_step_29995_EMA,Phrase 2: Quantum computing is...,4,11,es,0.086385078728199
phase4_step_29995_EMA,Phrase 2: Quantum computing is...,4,12, the,0.48976626992225647
phase4_step_29995_EMA,Phrase 2: Quantum computing is...,4,13, and,0.927383303642273
phase4_step_29995_EMA,Phrase 2: Quantum computing is...,4,14, of,0.3240886628627777
phase4_step_29995_EMA,Phrase 2: Quantum computing is...,4,15, quantum,0.28395479917526245
phase4_step_29995_EMA,Phrase 2: Quantum computing is...,4,16, mechanics,0.5796409845352173
phase4_step_29995_EMA,Phrase 2: Quantum computing is...,4,17, to,0.08303703367710114
phase4_step_29995_EMA,Phrase 2: Quantum computing is...,4,18, example,0.701416015625
phase4_step_29995_EMA,Phrase 2: Quantum computing is...,4,19, terms,0.2645140290260315
phase4_step_29995_EMA,Phrase 2: Quantum computing is...,4,20, too,0.09459700435400009
phase4_step_29995_EMA,Phrase 2: Quantum computing is...,4,21, and,0.966763436794281
phase4_step_29995_EMA,Phrase 2: Quantum computing is...,4,22, ,0.774088442325592
phase4_step_29995_EMA,Phrase 2: Quantum computing is...,4,23, classic,0.2492344230413437
phase4_step_29995_EMA,Phrase 2: Quantum computing is...,4,24, functions,0.7401843667030334
phase4_step_29995_EMA,Phrase 2: Quantum computing is...,4,25,2,0.6713611483573914
phase4_step_29995_EMA,Phrase 0: The quick brown fox ...,5,0,:,0.7530746459960938
phase4_step_29995_EMA,Phrase 0: The quick brown fox ...,5,1, test,0.21301040053367615
phase4_step_29995_EMA,Phrase 0: The quick brown fox ...,5,2, brown,0.125914067029953
phase4_step_29995_EMA,Phrase 0: The quick brown fox ...,5,3, fox,0.47210249304771423
phase4_step_29995_EMA,Phrase 0: The quick brown fox ...,5,4, jumps,0.19054020941257477
phase4_step_29995_EMA,Phrase 0: The quick brown fox ...,5,5, d,0.9831358790397644
phase4_step_29995_EMA,Phrase 0: The quick brown fox ...,5,6, the,0.5832380056381226
phase4_step_29995_EMA,Phrase 0: The quick brown fox ...,5,7, lazy,0.3071379065513611
phase4_step_29995_EMA,Phrase 0: The quick brown fox ...,5,8, dog,0.2563227117061615
phase4_step_29995_EMA,Phrase 0: The quick brown fox ...,5,9,.,0.4657461643218994
phase4_step_29995_EMA,"Phrase 1: Мама мыла раму, а па...",5,0,М,0.3614088296890259
phase4_step_29995_EMA,"Phrase 1: Мама мыла раму, а па...",5,1,ам,0.2474292665719986
phase4_step_29995_EMA,"Phrase 1: Мама мыла раму, а па...",5,2,а,0.07791812717914581
phase4_step_29995_EMA,"Phrase 1: Мама мыла раму, а па...",5,3, мы,0.5133557915687561
phase4_step_29995_EMA,"Phrase 1: Мама мыла раму, а па...",5,4,ла,0.4761161208152771
phase4_step_29995_EMA,"Phrase 1: Мама мыла раму, а па...",5,5, рам,0.4770134389400482
phase4_step_29995_EMA,"Phrase 1: Мама мыла раму, а па...",5,6,у,0.19371505081653595
phase4_step_29995_EMA,"Phrase 1: Мама мыла раму, а па...",5,7,.,0.587144672870636
phase4_step_29995_EMA,"Phrase 1: Мама мыла раму, а па...",5,8, а,0.4818493723869324
phase4_step_29995_EMA,"Phrase 1: Мама мыла раму, а па...",5,9, п,0.07933104038238525
phase4_step_29995_EMA,"Phrase 1: Мама мыла раму, а па...",5,10,ап,0.40488818287849426
phase4_step_29995_EMA,"Phrase 1: Мама мыла раму, а па...",5,11,а,0.27280035614967346
phase4_step_29995_EMA,"Phrase 1: Мама мыла раму, а па...",5,12, ч,0.2932048439979553
phase4_step_29995_EMA,"Phrase 1: Мама мыла раму, а па...",5,13,ин,0.080561064183712
phase4_step_29995_EMA,"Phrase 1: Мама мыла раму, а па...",5,14,ил,0.2935122847557068
phase4_step_29995_EMA,"Phrase 1: Мама мыла раму, а па...",5,15, т,0.07963940501213074
phase4_step_29995_EMA,"Phrase 1: Мама мыла раму, а па...",5,16,ел,0.08203205466270447
phase4_step_29995_EMA,"Phrase 1: Мама мыла раму, а па...",5,17,ев,0.4665636122226715
phase4_step_29995_EMA,"Phrase 1: Мама мыла раму, а па...",5,18,ит,0.632107138633728
phase4_step_29995_EMA,"Phrase 1: Мама мыла раму, а па...",5,19,ор,0.5118755102157593
phase4_step_29995_EMA,"Phrase 1: Мама мыла раму, а па...",5,20,.,0.31839028000831604
phase4_step_29995_EMA,Phrase 2: Quantum computing is...,5,0,ou,0.745561420917511
phase4_step_29995_EMA,Phrase 2: Quantum computing is...,5,1,um,0.21549251675605774
phase4_step_29995_EMA,Phrase 2: Quantum computing is...,5,2, computing,0.1931317299604416
phase4_step_29995_EMA,Phrase 2: Quantum computing is...,5,3, is,0.4522908627986908
phase4_step_29995_EMA,Phrase 2: Quantum computing is...,5,4, a,0.07747834920883179
phase4_step_29995_EMA,Phrase 2: Quantum computing is...,5,5,",",0.3403322994709015
phase4_step_29995_EMA,Phrase 2: Quantum computing is...,5,6,EM,0.1275692731142044
phase4_step_29995_EMA,Phrase 2: Quantum computing is...,5,7,abella,0.24609136581420898
phase4_step_29995_EMA,Phrase 2: Quantum computing is...,5,8, technology,0.6114787459373474
phase4_step_29995_EMA,Phrase 2: Quantum computing is...,5,9, that,0.7227013111114502
phase4_step_29995_EMA,Phrase 2: Quantum computing is...,5,10, harness,0.3517608344554901
phase4_step_29995_EMA,Phrase 2: Quantum computing is...,5,11,es,0.08369407802820206
phase4_step_29995_EMA,Phrase 2: Quantum computing is...,5,12, the,0.46050551533699036
phase4_step_29995_EMA,Phrase 2: Quantum computing is...,5,13, and,0.9163737893104553
phase4_step_29995_EMA,Phrase 2: Quantum computing is...,5,14, of,0.3042522966861725
phase4_step_29995_EMA,Phrase 2: Quantum computing is...,5,15, quantum,0.2808094322681427
phase4_step_29995_EMA,Phrase 2: Quantum computing is...,5,16, mechanics,0.5627252459526062
phase4_step_29995_EMA,Phrase 2: Quantum computing is...,5,17, to,0.07792310416698456
phase4_step_29995_EMA,Phrase 2: Quantum computing is...,5,18, example,0.6663167476654053
phase4_step_29995_EMA,Phrase 2: Quantum computing is...,5,19, problem,0.2525879144668579
phase4_step_29995_EMA,Phrase 2: Quantum computing is...,5,20, too,0.0969010442495346
phase4_step_29995_EMA,Phrase 2: Quantum computing is...,5,21, and,0.9576035737991333
phase4_step_29995_EMA,Phrase 2: Quantum computing is...,5,22, ,0.7353677153587341
phase4_step_29995_EMA,Phrase 2: Quantum computing is...,5,23, classic,0.2483786940574646
phase4_step_29995_EMA,Phrase 2: Quantum computing is...,5,24, stars,0.7239298224449158
phase4_step_29995_EMA,Phrase 2: Quantum computing is...,5,25,.,0.6346991062164307
phase4_step_29995_EMA,Phrase 0: The quick brown fox ...,6,0,:,0.7184144258499146
phase4_step_29995_EMA,Phrase 0: The quick brown fox ...,6,1, test,0.22089071571826935
phase4_step_29995_EMA,Phrase 0: The quick brown fox ...,6,2, brown,0.13997986912727356
phase4_step_29995_EMA,Phrase 0: The quick brown fox ...,6,3, fox,0.4612530767917633
phase4_step_29995_EMA,Phrase 0: The quick brown fox ...,6,4, jumps,0.19395452737808228
phase4_step_29995_EMA,Phrase 0: The quick brown fox ...,6,5, d,0.970935583114624
phase4_step_29995_EMA,Phrase 0: The quick brown fox ...,6,6, the,0.549873411655426
phase4_step_29995_EMA,Phrase 0: The quick brown fox ...,6,7, lazy,0.30488884449005127
phase4_step_29995_EMA,Phrase 0: The quick brown fox ...,6,8, dog,0.2537591755390167
phase4_step_29995_EMA,Phrase 0: The quick brown fox ...,6,9,.,0.43775853514671326
phase4_step_29995_EMA,"Phrase 1: Мама мыла раму, а па...",6,0,М,0.340740829706192
phase4_step_29995_EMA,"Phrase 1: Мама мыла раму, а па...",6,1,ам,0.2333020269870758
phase4_step_29995_EMA,"Phrase 1: Мама мыла раму, а па...",6,2,а,0.07337144017219543
phase4_step_29995_EMA,"Phrase 1: Мама мыла раму, а па...",6,3, мы,0.48840203881263733
phase4_step_29995_EMA,"Phrase 1: Мама мыла раму, а па...",6,4,ла,0.4502447545528412
phase4_step_29995_EMA,"Phrase 1: Мама мыла раму, а па...",6,5, рам,0.4648782014846802
phase4_step_29995_EMA,"Phrase 1: Мама мыла раму, а па...",6,6,у,0.18309025466442108
phase4_step_29995_EMA,"Phrase 1: Мама мыла раму, а па...",6,7,.,0.5533985495567322
phase4_step_29995_EMA,"Phrase 1: Мама мыла раму, а па...",6,8, а,0.4536963701248169
phase4_step_29995_EMA,"Phrase 1: Мама мыла раму, а па...",6,9, п,0.07563973218202591
phase4_step_29995_EMA,"Phrase 1: Мама мыла раму, а па...",6,10,ап,0.3836330771446228
phase4_step_29995_EMA,"Phrase 1: Мама мыла раму, а па...",6,11,а,0.25608718395233154
phase4_step_29995_EMA,"Phrase 1: Мама мыла раму, а па...",6,12, ч,0.2788388133049011
phase4_step_29995_EMA,"Phrase 1: Мама мыла раму, а па...",6,13,ин,0.07709640264511108
phase4_step_29995_EMA,"Phrase 1: Мама мыла раму, а па...",6,14,ил,0.2770465910434723
phase4_step_29995_EMA,"Phrase 1: Мама мыла раму, а па...",6,15, т,0.07644820958375931
phase4_step_29995_EMA,"Phrase 1: Мама мыла раму, а па...",6,16,ел,0.07985291630029678
phase4_step_29995_EMA,"Phrase 1: Мама мыла раму, а па...",6,17,ев,0.44006291031837463
phase4_step_29995_EMA,"Phrase 1: Мама мыла раму, а па...",6,18,ит,0.6021890640258789
phase4_step_29995_EMA,"Phrase 1: Мама мыла раму, а па...",6,19,ор,0.48232510685920715
phase4_step_29995_EMA,"Phrase 1: Мама мыла раму, а па...",6,20,.,0.2989717125892639
phase4_step_29995_EMA,Phrase 2: Quantum computing is...,6,0,оро,0.7330986857414246
phase4_step_29995_EMA,Phrase 2: Quantum computing is...,6,1,um,0.20911143720149994
phase4_step_29995_EMA,Phrase 2: Quantum computing is...,6,2, computing,0.19193312525749207
phase4_step_29995_EMA,Phrase 2: Quantum computing is...,6,3, is,0.42510128021240234
phase4_step_29995_EMA,Phrase 2: Quantum computing is...,6,4, a,0.07272249460220337
phase4_step_29995_EMA,Phrase 2: Quantum computing is...,6,5,",",0.3348195254802704
phase4_step_29995_EMA,Phrase 2: Quantum computing is...,6,6,EM,0.14282101392745972
phase4_step_29995_EMA,Phrase 2: Quantum computing is...,6,7,abella,0.24947099387645721
phase4_step_29995_EMA,Phrase 2: Quantum computing is...,6,8, technology,0.5948320627212524
phase4_step_29995_EMA,Phrase 2: Quantum computing is...,6,9, that,0.6848877668380737
phase4_step_29995_EMA,Phrase 2: Quantum computing is...,6,10, harness,0.3468644917011261
phase4_step_29995_EMA,Phrase 2: Quantum computing is...,6,11,es,0.08180436491966248
phase4_step_29995_EMA,Phrase 2: Quantum computing is...,6,12, the,0.4327945113182068
phase4_step_29995_EMA,Phrase 2: Quantum computing is...,6,13, and,0.9069317579269409
phase4_step_29995_EMA,Phrase 2: Quantum computing is...,6,14, of,0.28561434149742126
phase4_step_29995_EMA,Phrase 2: Quantum computing is...,6,15, quantum,0.28002938628196716
phase4_step_29995_EMA,Phrase 2: Quantum computing is...,6,16, mechanics,0.547764241695404
phase4_step_29995_EMA,Phrase 2: Quantum computing is...,6,17, to,0.07315068691968918
phase4_step_29995_EMA,Phrase 2: Quantum computing is...,6,18, example,0.6322015523910522
phase4_step_29995_EMA,Phrase 2: Quantum computing is...,6,19, problem,0.24242743849754333
phase4_step_29995_EMA,Phrase 2: Quantum computing is...,6,20, too,0.10069175809621811
phase4_step_29995_EMA,Phrase 2: Quantum computing is...,6,21, too,0.9489234685897827
phase4_step_29995_EMA,Phrase 2: Quantum computing is...,6,22, ,0.6972996592521667
phase4_step_29995_EMA,Phrase 2: Quantum computing is...,6,23, classical,0.24999716877937317
phase4_step_29995_EMA,Phrase 2: Quantum computing is...,6,24, techn,0.7090162634849548
phase4_step_29995_EMA,Phrase 2: Quantum computing is...,6,25,.,0.5991780757904053
phase4_step_29995_EMA,Phrase 0: The quick brown fox ...,7,0,:,0.6843835115432739
phase4_step_29995_EMA,Phrase 0: The quick brown fox ...,7,1, test,0.23059135675430298
phase4_step_29995_EMA,Phrase 0: The quick brown fox ...,7,2, brown,0.1548319160938263
phase4_step_29995_EMA,Phrase 0: The quick brown fox ...,7,3, fox,0.45252761244773865
phase4_step_29995_EMA,Phrase 0: The quick brown fox ...,7,4, jumps,0.19940021634101868
phase4_step_29995_EMA,Phrase 0: The quick brown fox ...,7,5, d,0.961052656173706
phase4_step_29995_EMA,Phrase 0: The quick brown fox ...,7,6, the,0.517943799495697
phase4_step_29995_EMA,Phrase 0: The quick brown fox ...,7,7, lazy,0.3048630654811859
phase4_step_29995_EMA,Phrase 0: The quick brown fox ...,7,8, dog,0.2531851530075073
phase4_step_29995_EMA,Phrase 0: The quick brown fox ...,7,9,.,0.41130346059799194
phase4_step_29995_EMA,"Phrase 1: Мама мыла раму, а па...",7,0,М,0.32148340344429016
phase4_step_29995_EMA,"Phrase 1: Мама мыла раму, а па...",7,1,ам,0.22018396854400635
phase4_step_29995_EMA,"Phrase 1: Мама мыла раму, а па...",7,2,а,0.06918460130691528
phase4_step_29995_EMA,"Phrase 1: Мама мыла раму, а па...",7,3, мы,0.46503719687461853
phase4_step_29995_EMA,"Phrase 1: Мама мыла раму, а па...",7,4,ла,0.4259628653526306
phase4_step_29995_EMA,"Phrase 1: Мама мыла раму, а па...",7,5, рам,0.45496755838394165
phase4_step_29995_EMA,"Phrase 1: Мама мыла раму, а па...",7,6,у,0.17350009083747864
phase4_step_29995_EMA,"Phrase 1: Мама мыла раму, а па...",7,7,",",0.5210983157157898
phase4_step_29995_EMA,"Phrase 1: Мама мыла раму, а па...",7,8, а,0.42708539962768555
phase4_step_29995_EMA,"Phrase 1: Мама мыла раму, а па...",7,9, п,0.07251747697591782
phase4_step_29995_EMA,"Phrase 1: Мама мыла раму, а па...",7,10,ап,0.36394065618515015
phase4_step_29995_EMA,"Phrase 1: Мама мыла раму, а па...",7,11,а,0.24040454626083374
phase4_step_29995_EMA,"Phrase 1: Мама мыла раму, а па...",7,12, ч,0.26578277349472046
phase4_step_29995_EMA,"Phrase 1: Мама мыла раму, а па...",7,13,ин,0.07411409169435501
phase4_step_29995_EMA,"Phrase 1: Мама мыла раму, а па...",7,14,ил,0.26180499792099
phase4_step_29995_EMA,"Phrase 1: Мама мыла раму, а па...",7,15, т,0.07378111034631729
phase4_step_29995_EMA,"Phrase 1: Мама мыла раму, а па...",7,16,ел,0.07844842970371246
phase4_step_29995_EMA,"Phrase 1: Мама мыла раму, а па...",7,17,ев,0.4151008725166321
phase4_step_29995_EMA,"Phrase 1: Мама мыла раму, а па...",7,18,ит,0.573635995388031
phase4_step_29995_EMA,"Phrase 1: Мама мыла раму, а па...",7,19,ор,0.4543415606021881
phase4_step_29995_EMA,"Phrase 1: Мама мыла раму, а па...",7,20,.,0.2807289659976959
phase4_step_29995_EMA,Phrase 2: Quantum computing is...,7,0, temperature,0.7219473123550415
phase4_step_29995_EMA,Phrase 2: Quantum computing is...,7,1,um,0.20430396497249603
phase4_step_29995_EMA,Phrase 2: Quantum computing is...,7,2, computing,0.19249868392944336
phase4_step_29995_EMA,Phrase 2: Quantum computing is...,7,3, is,0.39942094683647156
phase4_step_29995_EMA,Phrase 2: Quantum computing is...,7,4, a,0.06827887147665024
phase4_step_29995_EMA,Phrase 2: Quantum computing is...,7,5,",",0.3313031792640686
phase4_step_29995_EMA,Phrase 2: Quantum computing is...,7,6,EM,0.15888138115406036
phase4_step_29995_EMA,Phrase 2: Quantum computing is...,7,7,RU,0.254695862531662
phase4_step_29995_EMA,Phrase 2: Quantum computing is...,7,8, technology,0.5799465775489807
phase4_step_29995_EMA,Phrase 2: Quantum computing is...,7,9, that,0.6479786038398743
phase4_step_29995_EMA,Phrase 2: Quantum computing is...,7,10, harness,0.34424030780792236
phase4_step_29995_EMA,Phrase 2: Quantum computing is...,7,11,es,0.08062957972288132
phase4_step_29995_EMA,Phrase 2: Quantum computing is...,7,12, the,0.40661314129829407
phase4_step_29995_EMA,Phrase 2: Quantum computing is...,7,13, and,0.8986863493919373
phase4_step_29995_EMA,Phrase 2: Quantum computing is...,7,14, of,0.26810935139656067
phase4_step_29995_EMA,Phrase 2: Quantum computing is...,7,15, quantum,0.2812851071357727
phase4_step_29995_EMA,Phrase 2: Quantum computing is...,7,16, mechanics,0.5347099304199219
phase4_step_29995_EMA,Phrase 2: Quantum computing is...,7,17, to,0.06869729608297348
phase4_step_29995_EMA,Phrase 2: Quantum computing is...,7,18, solve,0.599243700504303
phase4_step_29995_EMA,Phrase 2: Quantum computing is...,7,19, problem,0.23395538330078125
phase4_step_29995_EMA,Phrase 2: Quantum computing is...,7,20, too,0.105600506067276
phase4_step_29995_EMA,Phrase 2: Quantum computing is...,7,21, too,0.9401624202728271
phase4_step_29995_EMA,Phrase 2: Quantum computing is...,7,22, form,0.6600716710090637
phase4_step_29995_EMA,Phrase 2: Quantum computing is...,7,23, classical,0.2536649703979492
phase4_step_29995_EMA,Phrase 2: Quantum computing is...,7,24, techn,0.6954231262207031
phase4_step_29995_EMA,Phrase 2: Quantum computing is...,7,25,.,0.564948558807373
phase4_step_29995_EMA,Phrase 0: The quick brown fox ...,8,0,:,0.6512783169746399
phase4_step_29995_EMA,Phrase 0: The quick brown fox ...,8,1, easy,0.24153785407543182
phase4_step_29995_EMA,Phrase 0: The quick brown fox ...,8,2, brown,0.16997039318084717
phase4_step_29995_EMA,Phrase 0: The quick brown fox ...,8,3, fox,0.44576582312583923
phase4_step_29995_EMA,Phrase 0: The quick brown fox ...,8,4, jumps,0.2064260095357895
phase4_step_29995_EMA,Phrase 0: The quick brown fox ...,8,5, d,0.9528189897537231
phase4_step_29995_EMA,Phrase 0: The quick brown fox ...,8,6, the,0.4875180125236511
phase4_step_29995_EMA,Phrase 0: The quick brown fox ...,8,7, lazy,0.3067754805088043
phase4_step_29995_EMA,Phrase 0: The quick brown fox ...,8,8, dog,0.25434237718582153
phase4_step_29995_EMA,Phrase 0: The quick brown fox ...,8,9,.,0.3863445818424225
phase4_step_29995_EMA,"Phrase 1: Мама мыла раму, а па...",8,0,М,0.30357450246810913
phase4_step_29995_EMA,"Phrase 1: Мама мыла раму, а па...",8,1,ам,0.2080211490392685
phase4_step_29995_EMA,"Phrase 1: Мама мыла раму, а па...",8,2,а,0.06534332782030106
phase4_step_29995_EMA,"Phrase 1: Мама мыла раму, а па...",8,3, мы,0.4432433545589447
phase4_step_29995_EMA,"Phrase 1: Мама мыла раму, а па...",8,4,ла,0.40323755145072937
phase4_step_29995_EMA,"Phrase 1: Мама мыла раму, а па...",8,5, рам,0.44712382555007935
phase4_step_29995_EMA,"Phrase 1: Мама мыла раму, а па...",8,6,у,0.16490857303142548
phase4_step_29995_EMA,"Phrase 1: Мама мыла раму, а па...",8,7,",",0.4903096556663513
phase4_step_29995_EMA,"Phrase 1: Мама мыла раму, а па...",8,8, а,0.4019862413406372
phase4_step_29995_EMA,"Phrase 1: Мама мыла раму, а па...",8,9, п,0.06992790848016739
phase4_step_29995_EMA,"Phrase 1: Мама мыла раму, а па...",8,10,ап,0.345751017332077
phase4_step_29995_EMA,"Phrase 1: Мама мыла раму, а па...",8,11,а,0.22569367289543152
phase4_step_29995_EMA,"Phrase 1: Мама мыла раму, а па...",8,12, ч,0.25397512316703796
phase4_step_29995_EMA,"Phrase 1: Мама мыла раму, а па...",8,13,ин,0.0715796947479248
phase4_step_29995_EMA,"Phrase 1: Мама мыла раму, а па...",8,14,ил,0.2477261871099472
phase4_step_29995_EMA,"Phrase 1: Мама мыла раму, а па...",8,15, т,0.07159525156021118
phase4_step_29995_EMA,"Phrase 1: Мама мыла раму, а па...",8,16,ел,0.07773391157388687
phase4_step_29995_EMA,"Phrase 1: Мама мыла раму, а па...",8,17,ев,0.3916396200656891
phase4_step_29995_EMA,"Phrase 1: Мама мыла раму, а па...",8,18,из,0.5465729236602783
phase4_step_29995_EMA,"Phrase 1: Мама мыла раму, а па...",8,19,ор,0.4279182255268097
phase4_step_29995_EMA,"Phrase 1: Мама мыла раму, а па...",8,20,.,0.2635970711708069
phase4_step_29995_EMA,Phrase 2: Quantum computing is...,8,0, Polynomial,0.7120813727378845
phase4_step_29995_EMA,Phrase 2: Quantum computing is...,8,1,um,0.20092631876468658
phase4_step_29995_EMA,Phrase 2: Quantum computing is...,8,2, computing,0.19455434381961823
phase4_step_29995_EMA,Phrase 2: Quantum computing is...,8,3, is,0.3752047121524811
phase4_step_29995_EMA,Phrase 2: Quantum computing is...,8,4, a,0.06412884593009949
phase4_step_29995_EMA,Phrase 2: Quantum computing is...,8,5,",",0.3295595347881317
phase4_step_29995_EMA,Phrase 2: Quantum computing is...,8,6,EM,0.1751890927553177
phase4_step_29995_EMA,Phrase 2: Quantum computing is...,8,7,RU,0.26135164499282837
phase4_step_29995_EMA,Phrase 2: Quantum computing is...,8,8, technology,0.5667827129364014
phase4_step_29995_EMA,Phrase 2: Quantum computing is...,8,9, that,0.6121526956558228
phase4_step_29995_EMA,Phrase 2: Quantum computing is...,8,10, harness,0.3436012268066406
phase4_step_29995_EMA,Phrase 2: Quantum computing is...,8,11,es,0.0800752341747284
phase4_step_29995_EMA,Phrase 2: Quantum computing is...,8,12, the,0.3819218575954437
phase4_step_29995_EMA,Phrase 2: Quantum computing is...,8,13, roots,0.8914108872413635
phase4_step_29995_EMA,Phrase 2: Quantum computing is...,8,14, of,0.25167256593704224
phase4_step_29995_EMA,Phrase 2: Quantum computing is...,8,15, quantum,0.2842468023300171
phase4_step_29995_EMA,Phrase 2: Quantum computing is...,8,16, mechanics,0.5234795212745667
phase4_step_29995_EMA,Phrase 2: Quantum computing is...,8,17, to,0.0645444467663765
phase4_step_29995_EMA,Phrase 2: Quantum computing is...,8,18, solve,0.5675771832466125
phase4_step_29995_EMA,Phrase 2: Quantum computing is...,8,19, problem,0.2270813137292862
phase4_step_29995_EMA,Phrase 2: Quantum computing is...,8,20, too,0.11130550503730774
phase4_step_29995_EMA,Phrase 2: Quantum computing is...,8,21, too,0.9314553141593933
phase4_step_29995_EMA,Phrase 2: Quantum computing is...,8,22, form,0.6238685250282288
phase4_step_29995_EMA,Phrase 2: Quantum computing is...,8,23, classical,0.2589699625968933
phase4_step_29995_EMA,Phrase 2: Quantum computing is...,8,24, techn,0.6831164956092834
phase4_step_29995_EMA,Phrase 2: Quantum computing is...,8,25,.,0.5321284532546997
phase4_step_29995_EMA,Phrase 0: The quick brown fox ...,9,0,:,0.6193294525146484
phase4_step_29995_EMA,Phrase 0: The quick brown fox ...,9,1, easy,0.2532860338687897
phase4_step_29995_EMA,Phrase 0: The quick brown fox ...,9,2, brown,0.18509028851985931
phase4_step_29995_EMA,Phrase 0: The quick brown fox ...,9,3, fox,0.440788209438324
phase4_step_29995_EMA,Phrase 0: The quick brown fox ...,9,4, jumps,0.2146315574645996
phase4_step_29995_EMA,Phrase 0: The quick brown fox ...,9,5, d,0.9456095099449158
phase4_step_29995_EMA,Phrase 0: The quick brown fox ...,9,6, the,0.458629846572876
phase4_step_29995_EMA,Phrase 0: The quick brown fox ...,9,7, lazy,0.31033140420913696
phase4_step_29995_EMA,Phrase 0: The quick brown fox ...,9,8, dog,0.25695133209228516
phase4_step_29995_EMA,Phrase 0: The quick brown fox ...,9,9,.,0.36283090710639954
phase4_step_29995_EMA,"Phrase 1: Мама мыла раму, а па...",9,0,М,0.28695252537727356
phase4_step_29995_EMA,"Phrase 1: Мама мыла раму, а па...",9,1,ам,0.1967647820711136
phase4_step_29995_EMA,"Phrase 1: Мама мыла раму, а па...",9,2,а,0.06182551756501198
phase4_step_29995_EMA,"Phrase 1: Мама мыла раму, а па...",9,3, мы,0.4229882061481476
phase4_step_29995_EMA,"Phrase 1: Мама мыла раму, а па...",9,4,ла,0.382024347782135
phase4_step_29995_EMA,"Phrase 1: Мама мыла раму, а па...",9,5, рам,0.4411749243736267
phase4_step_29995_EMA,"Phrase 1: Мама мыла раму, а па...",9,6,у,0.15730218589305878
phase4_step_29995_EMA,"Phrase 1: Мама мыла раму, а па...",9,7,",",0.4610635042190552
phase4_step_29995_EMA,"Phrase 1: Мама мыла раму, а па...",9,8, а,0.37835392355918884
phase4_step_29995_EMA,"Phrase 1: Мама мыла раму, а па...",9,9, п,0.06783219426870346
phase4_step_29995_EMA,"Phrase 1: Мама мыла раму, а па...",9,10,ап,0.3290027379989624
phase4_step_29995_EMA,"Phrase 1: Мама мыла раму, а па...",9,11,а,0.21189913153648376
phase4_step_29995_EMA,"Phrase 1: Мама мыла раму, а па...",9,12, ч,0.24335217475891113
phase4_step_29995_EMA,"Phrase 1: Мама мыла раму, а па...",9,13,ин,0.06945939362049103
phase4_step_29995_EMA,"Phrase 1: Мама мыла раму, а па...",9,14,ил,0.23475150763988495
phase4_step_29995_EMA,"Phrase 1: Мама мыла раму, а па...",9,15, т,0.06984443962574005
phase4_step_29995_EMA,"Phrase 1: Мама мыла раму, а па...",9,16,ел,0.07761950045824051
phase4_step_29995_EMA,"Phrase 1: Мама мыла раму, а па...",9,17,ев,0.36962997913360596
phase4_step_29995_EMA,"Phrase 1: Мама мыла раму, а па...",9,18,из,0.5210703015327454
phase4_step_29995_EMA,"Phrase 1: Мама мыла раму, а па...",9,19,ор,0.4030284881591797
phase4_step_29995_EMA,"Phrase 1: Мама мыла раму, а па...",9,20,.,0.24751386046409607
phase4_step_29995_EMA,Phrase 2: Quantum computing is...,9,0,onic,0.703457772731781
phase4_step_29995_EMA,Phrase 2: Quantum computing is...,9,1,um,0.19882355630397797
phase4_step_29995_EMA,Phrase 2: Quantum computing is...,9,2, computing,0.19782833755016327
phase4_step_29995_EMA,Phrase 2: Quantum computing is...,9,3, is,0.3523971140384674
phase4_step_29995_EMA,Phrase 2: Quantum computing is...,9,4, a,0.060253940522670746
phase4_step_29995_EMA,Phrase 2: Quantum computing is...,9,5, rapidly,0.3293631970882416
phase4_step_29995_EMA,Phrase 2: Quantum computing is...,9,6,EM,0.19140096008777618
phase4_step_29995_EMA,Phrase 2: Quantum computing is...,9,7,RESSION,0.2690751850605011
phase4_step_29995_EMA,Phrase 2: Quantum computing is...,9,8, technology,0.5552768707275391
phase4_step_29995_EMA,Phrase 2: Quantum computing is...,9,9, that,0.5775686502456665
phase4_step_29995_EMA,Phrase 2: Quantum computing is...,9,10, harness,0.3446601629257202
phase4_step_29995_EMA,Phrase 2: Quantum computing is...,9,11,es,0.08004891872406006
phase4_step_29995_EMA,Phrase 2: Quantum computing is...,9,12, the,0.3586684465408325
phase4_step_29995_EMA,Phrase 2: Quantum computing is...,9,13, roots,0.8849663138389587
phase4_step_29995_EMA,Phrase 2: Quantum computing is...,9,14, of,0.23624250292778015
phase4_step_29995_EMA,Phrase 2: Quantum computing is...,9,15, quantum,0.28860360383987427
phase4_step_29995_EMA,Phrase 2: Quantum computing is...,9,16, mechanics,0.5139675140380859
phase4_step_29995_EMA,Phrase 2: Quantum computing is...,9,17, to,0.060676462948322296
phase4_step_29995_EMA,Phrase 2: Quantum computing is...,9,18, solve,0.5372989177703857
phase4_step_29995_EMA,Phrase 2: Quantum computing is...,9,19, problem,0.22170163691043854
phase4_step_29995_EMA,Phrase 2: Quantum computing is...,9,20, too,0.11754975467920303
phase4_step_29995_EMA,Phrase 2: Quantum computing is...,9,21, too,0.9230729937553406
phase4_step_29995_EMA,Phrase 2: Quantum computing is...,9,22, for,0.5888580679893494
phase4_step_29995_EMA,Phrase 2: Quantum computing is...,9,23, classical,0.2655351161956787
phase4_step_29995_EMA,Phrase 2: Quantum computing is...,9,24, technology,0.672050416469574
phase4_step_29995_EMA,Phrase 2: Quantum computing is...,9,25,.,0.5007991790771484
phase4_step_29995_EMA,Phrase 0: The quick brown fox ...,10,0,:,0.5887137651443481
phase4_step_29995_EMA,Phrase 0: The quick brown fox ...,10,1, easy,0.2655022442340851
phase4_step_29995_EMA,Phrase 0: The quick brown fox ...,10,2, brown,0.200002521276474
phase4_step_29995_EMA,Phrase 0: The quick brown fox ...,10,3, fox,0.4374105632305145
phase4_step_29995_EMA,Phrase 0: The quick brown fox ...,10,4, jumps,0.22368308901786804
phase4_step_29995_EMA,Phrase 0: The quick brown fox ...,10,5, d,0.9391218423843384
phase4_step_29995_EMA,Phrase 0: The quick brown fox ...,10,6, the,0.43128082156181335
phase4_step_29995_EMA,Phrase 0: The quick brown fox ...,10,7, lazy,0.3152290880680084
phase4_step_29995_EMA,Phrase 0: The quick brown fox ...,10,8, dog,0.26075151562690735
phase4_step_29995_EMA,Phrase 0: The quick brown fox ...,10,9,.,0.34070250391960144
phase4_step_29995_EMA,"Phrase 1: Мама мыла раму, а па...",10,0,М,0.2715582251548767
phase4_step_29995_EMA,"Phrase 1: Мама мыла раму, а па...",10,1,ам,0.1863681524991989
phase4_step_29995_EMA,"Phrase 1: Мама мыла раму, а па...",10,2,а,0.05861686170101166
phase4_step_29995_EMA,"Phrase 1: Мама мыла раму, а па...",10,3, мы,0.4042198657989502
phase4_step_29995_EMA,"Phrase 1: Мама мыла раму, а па...",10,4,ла,0.362269788980484
phase4_step_29995_EMA,"Phrase 1: Мама мыла раму, а па...",10,5, рам,0.43693917989730835
phase4_step_29995_EMA,"Phrase 1: Мама мыла раму, а па...",10,6,у,0.15069139003753662
phase4_step_29995_EMA,"Phrase 1: Мама мыла раму, а па...",10,7,",",0.4333612322807312
phase4_step_29995_EMA,"Phrase 1: Мама мыла раму, а па...",10,8, а,0.3561335504055023
phase4_step_29995_EMA,"Phrase 1: Мама мыла раму, а па...",10,9, п,0.06618599593639374
phase4_step_29995_EMA,"Phrase 1: Мама мыла раму, а па...",10,10,ап,0.3136327266693115
phase4_step_29995_EMA,"Phrase 1: Мама мыла раму, а па...",10,11,а,0.19896811246871948
phase4_step_29995_EMA,"Phrase 1: Мама мыла раму, а па...",10,12, ч,0.23384615778923035
phase4_step_29995_EMA,"Phrase 1: Мама мыла раму, а па...",10,13,ин,0.06771649420261383
phase4_step_29995_EMA,"Phrase 1: Мама мыла раму, а па...",10,14,ил,0.22282442450523376
phase4_step_29995_EMA,"Phrase 1: Мама мыла раму, а па...",10,15, т,0.06848098337650299
phase4_step_29995_EMA,"Phrase 1: Мама мыла раму, а па...",10,16,ел,0.07801596820354462
phase4_step_29995_EMA,"Phrase 1: Мама мыла раму, а па...",10,17,ев,0.34901687502861023
phase4_step_29995_EMA,"Phrase 1: Мама мыла раму, а па...",10,18,из,0.49716711044311523
phase4_step_29995_EMA,"Phrase 1: Мама мыла раму, а па...",10,19,ор,0.37963294982910156
phase4_step_29995_EMA,"Phrase 1: Мама мыла раму, а па...",10,20,.,0.23241852223873138
phase4_step_29995_EMA,Phrase 2: Quantum computing is...,10,0,onic,0.6960170269012451
phase4_step_29995_EMA,Phrase 2: Quantum computing is...,10,1,um,0.19783516228199005
phase4_step_29995_EMA,Phrase 2: Quantum computing is...,10,2, computing,0.2020677775144577
phase4_step_29995_EMA,Phrase 2: Quantum computing is...,10,3, is,0.33093562722206116
phase4_step_29995_EMA,Phrase 2: Quantum computing is...,10,4, a,0.056637246161699295
phase4_step_29995_EMA,Phrase 2: Quantum computing is...,10,5, rapidly,0.33049389719963074
phase4_step_29995_EMA,Phrase 2: Quantum computing is...,10,6,EM,0.20730945467948914
phase4_step_29995_EMA,Phrase 2: Quantum computing is...,10,7,иру,0.2775607109069824
phase4_step_29995_EMA,Phrase 2: Quantum computing is...,10,8, technology,0.5453448295593262
phase4_step_29995_EMA,Phrase 2: Quantum computing is...,10,9, that,0.5443548560142517
phase4_step_29995_EMA,Phrase 2: Quantum computing is...,10,10, harness,0.34714069962501526
phase4_step_29995_EMA,Phrase 2: Quantum computing is...,10,11,es,0.08046028017997742
phase4_step_29995_EMA,Phrase 2: Quantum computing is...,10,12, the,0.33679282665252686
phase4_step_29995_EMA,Phrase 2: Quantum computing is...,10,13, roots,0.8792626857757568
phase4_step_29995_EMA,Phrase 2: Quantum computing is...,10,14, of,0.22175990045070648
phase4_step_29995_EMA,Phrase 2: Quantum computing is...,10,15, quantum,0.29407453536987305
phase4_step_29995_EMA,Phrase 2: Quantum computing is...,10,16, mechanics,0.5060532689094543
phase4_step_29995_EMA,Phrase 2: Quantum computing is...,10,17, to,0.05707544833421707
phase4_step_29995_EMA,Phrase 2: Quantum computing is...,10,18, solve,0.5084714293479919
phase4_step_29995_EMA,Phrase 2: Quantum computing is...,10,19, problem,0.21770258247852325
phase4_step_29995_EMA,Phrase 2: Quantum computing is...,10,20, too,0.1241351068019867
phase4_step_29995_EMA,Phrase 2: Quantum computing is...,10,21, too,0.9151937961578369
phase4_step_29995_EMA,Phrase 2: Quantum computing is...,10,22, for,0.5551804900169373
phase4_step_29995_EMA,Phrase 2: Quantum computing is...,10,23, classical,0.2730335295200348
phase4_step_29995_EMA,Phrase 2: Quantum computing is...,10,24, technology,0.6621673703193665
phase4_step_29995_EMA,Phrase 2: Quantum computing is...,10,25,.,0.4710058867931366
phase4_step_29995_EMA,Phrase 0: The quick brown fox ...,11,0,:,0.5595635771751404
phase4_step_29995_EMA,Phrase 0: The quick brown fox ...,11,1, easy,0.277938574552536
phase4_step_29995_EMA,Phrase 0: The quick brown fox ...,11,2, brown,0.21458908915519714
phase4_step_29995_EMA,Phrase 0: The quick brown fox ...,11,3, fox,0.43545016646385193
phase4_step_29995_EMA,Phrase 0: The quick brown fox ...,11,4, jumps,0.2333105057477951
phase4_step_29995_EMA,Phrase 0: The quick brown fox ...,11,5, d,0.93318110704422
phase4_step_29995_EMA,Phrase 0: The quick brown fox ...,11,6, the,0.40544790029525757
phase4_step_29995_EMA,Phrase 0: The quick brown fox ...,11,7, lazy,0.32119065523147583
phase4_step_29995_EMA,Phrase 0: The quick brown fox ...,11,8, dog,0.26551032066345215
phase4_step_29995_EMA,Phrase 0: The quick brown fox ...,11,9,.,0.3198942244052887
phase4_step_29995_EMA,"Phrase 1: Мама мыла раму, а па...",11,0,М,0.25733375549316406
phase4_step_29995_EMA,"Phrase 1: Мама мыла раму, а па...",11,1,ам,0.17678789794445038
phase4_step_29995_EMA,"Phrase 1: Мама мыла раму, а па...",11,2,а,0.05570192262530327
phase4_step_29995_EMA,"Phrase 1: Мама мыла раму, а па...",11,3, мы,0.38687750697135925
phase4_step_29995_EMA,"Phrase 1: Мама мыла раму, а па...",11,4,ла,0.34391531348228455
phase4_step_29995_EMA,"Phrase 1: Мама мыла раму, а па...",11,5, рам,0.4342314302921295
phase4_step_29995_EMA,"Phrase 1: Мама мыла раму, а па...",11,6,у,0.1450837105512619
phase4_step_29995_EMA,"Phrase 1: Мама мыла раму, а па...",11,7,",",0.4071795344352722
phase4_step_29995_EMA,"Phrase 1: Мама мыла раму, а па...",11,8, а,0.33526432514190674
phase4_step_29995_EMA,"Phrase 1: Мама мыла раму, а па...",11,9, п,0.06494361907243729
phase4_step_29995_EMA,"Phrase 1: Мама мыла раму, а па...",11,10,ап,0.29957619309425354
phase4_step_29995_EMA,"Phrase 1: Мама мыла раму, а па...",11,11,а,0.18685142695903778
phase4_step_29995_EMA,"Phrase 1: Мама мыла раму, а па...",11,12, ч,0.22539223730564117
phase4_step_29995_EMA,"Phrase 1: Мама мыла раму, а па...",11,13,ин,0.06631895899772644
phase4_step_29995_EMA,"Phrase 1: Мама мыла раму, а па...",11,14,ил,0.21189181506633759
phase4_step_29995_EMA,"Phrase 1: Мама мыла раму, а па...",11,15, т,0.06746010482311249
phase4_step_29995_EMA,"Phrase 1: Мама мыла раму, а па...",11,16,ел,0.07883768528699875
phase4_step_29995_EMA,"Phrase 1: Мама мыла раму, а па...",11,17,ев,0.3297409117221832
phase4_step_29995_EMA,"Phrase 1: Мама мыла раму, а па...",11,18,из,0.4748727083206177
phase4_step_29995_EMA,"Phrase 1: Мама мыла раму, а па...",11,19,ор,0.35768115520477295
phase4_step_29995_EMA,"Phrase 1: Мама мыла раму, а па...",11,20,.,0.2182539850473404
phase4_step_29995_EMA,Phrase 2: Quantum computing is...,11,0,onic,0.6896877884864807
phase4_step_29995_EMA,Phrase 2: Quantum computing is...,11,1,um,0.19780252873897552
phase4_step_29995_EMA,Phrase 2: Quantum computing is...,11,2, computing,0.20704787969589233
phase4_step_29995_EMA,Phrase 2: Quantum computing is...,11,3, is,0.31075426936149597
phase4_step_29995_EMA,Phrase 2: Quantum computing is...,11,4, a,0.05326342582702637
phase4_step_29995_EMA,Phrase 2: Quantum computing is...,11,5, rapidly,0.3327454924583435
phase4_step_29995_EMA,Phrase 2: Quantum computing is...,11,6,EM,0.22279046475887299
phase4_step_29995_EMA,Phrase 2: Quantum computing is...,11,7,иру,0.2865585684776306
phase4_step_29995_EMA,Phrase 2: Quantum computing is...,11,8, technology,0.5368885397911072
phase4_step_29995_EMA,Phrase 2: Quantum computing is...,11,9, that,0.512604296207428
phase4_step_29995_EMA,Phrase 2: Quantum computing is...,11,10, harness,0.3507884740829468
phase4_step_29995_EMA,Phrase 2: Quantum computing is...,11,11,es,0.08122669160366058
phase4_step_29995_EMA,Phrase 2: Quantum computing is...,11,12, the,0.31622958183288574
phase4_step_29995_EMA,Phrase 2: Quantum computing is...,11,13, roots,0.8742345571517944
phase4_step_29995_EMA,Phrase 2: Quantum computing is...,11,14, of,0.20816898345947266
phase4_step_29995_EMA,Phrase 2: Quantum computing is...,11,15, quantum,0.3004126250743866
phase4_step_29995_EMA,Phrase 2: Quantum computing is...,11,16, mechanics,0.49960941076278687
phase4_step_29995_EMA,Phrase 2: Quantum computing is...,11,17, to,0.05372818186879158
phase4_step_29995_EMA,Phrase 2: Quantum computing is...,11,18, solve,0.4811258614063263
phase4_step_29995_EMA,Phrase 2: Quantum computing is...,11,19, problem,0.21496166288852692
phase4_step_29995_EMA,Phrase 2: Quantum computing is...,11,20, too,0.13091252744197845
phase4_step_29995_EMA,Phrase 2: Quantum computing is...,11,21, through,0.9078969359397888
phase4_step_29995_EMA,Phrase 2: Quantum computing is...,11,22, for,0.5229418873786926
phase4_step_29995_EMA,Phrase 2: Quantum computing is...,11,23, classical,0.2811892330646515
phase4_step_29995_EMA,Phrase 2: Quantum computing is...,11,24, technology,0.6534016132354736
phase4_step_29995_EMA,Phrase 2: Quantum computing is...,11,25,.,0.4427613317966461
phase4_step_29995_EMA,Phrase 0: The quick brown fox ...,12,0,:,0.5319708585739136
phase4_step_29995_EMA,Phrase 0: The quick brown fox ...,12,1, easy,0.2904128134250641
phase4_step_29995_EMA,Phrase 0: The quick brown fox ...,12,2, brown,0.22878144681453705
phase4_step_29995_EMA,Phrase 0: The quick brown fox ...,12,3, fox,0.43472886085510254
phase4_step_29995_EMA,Phrase 0: The quick brown fox ...,12,4, jumps,0.2432996779680252
phase4_step_29995_EMA,Phrase 0: The quick brown fox ...,12,5, d,0.927687406539917
phase4_step_29995_EMA,Phrase 0: The quick brown fox ...,12,6, the,0.3810891807079315
phase4_step_29995_EMA,Phrase 0: The quick brown fox ...,12,7, lazy,0.32797184586524963
phase4_step_29995_EMA,Phrase 0: The quick brown fox ...,12,8, dog,0.271024614572525
phase4_step_29995_EMA,Phrase 0: The quick brown fox ...,12,9,.,0.3003394901752472
phase4_step_29995_EMA,"Phrase 1: Мама мыла раму, а па...",12,0,М,0.2442242056131363
phase4_step_29995_EMA,"Phrase 1: Мама мыла раму, а па...",12,1,ам,0.1679825782775879
phase4_step_29995_EMA,"Phrase 1: Мама мыла раму, а па...",12,2,а,0.05306417495012283
phase4_step_29995_EMA,"Phrase 1: Мама мыла раму, а па...",12,3, мы,0.3708944320678711
phase4_step_29995_EMA,"Phrase 1: Мама мыла раму, а па...",12,4,ла,0.32689911127090454
phase4_step_29995_EMA,"Phrase 1: Мама мыла раму, а па...",12,5, рам,0.43286970257759094
phase4_step_29995_EMA,"Phrase 1: Мама мыла раму, а па...",12,6,у,0.14048679172992706
phase4_step_29995_EMA,"Phrase 1: Мама мыла раму, а па...",12,7,",",0.38247719407081604
phase4_step_29995_EMA,"Phrase 1: Мама мыла раму, а па...",12,8, а,0.3156825602054596
phase4_step_29995_EMA,"Phrase 1: Мама мыла раму, а па...",12,9, п,0.0640605092048645
phase4_step_29995_EMA,"Phrase 1: Мама мыла раму, а па...",12,10,ап,0.28676939010620117
phase4_step_29995_EMA,"Phrase 1: Мама мыла раму, а па...",12,11,а,0.17550218105316162
phase4_step_29995_EMA,"Phrase 1: Мама мыла раму, а па...",12,12, ч,0.21792493760585785
phase4_step_29995_EMA,"Phrase 1: Мама мыла раму, а па...",12,13,ин,0.06523139029741287
phase4_step_29995_EMA,"Phrase 1: Мама мыла раму, а па...",12,14,ил,0.2019001692533493
phase4_step_29995_EMA,"Phrase 1: Мама мыла раму, а па...",12,15, т,0.06673474609851837
phase4_step_29995_EMA,"Phrase 1: Мама мыла раму, а па...",12,16,ел,0.0800059363245964
phase4_step_29995_EMA,"Phrase 1: Мама мыла раму, а па...",12,17,ев,0.3117404282093048
phase4_step_29995_EMA,"Phrase 1: Мама мыла раму, а па...",12,18,из,0.4541729688644409
phase4_step_29995_EMA,"Phrase 1: Мама мыла раму, а па...",12,19,ор,0.33711642026901245
phase4_step_29995_EMA,"Phrase 1: Мама мыла раму, а па...",12,20,.,0.20496633648872375
phase4_step_29995_EMA,Phrase 2: Quantum computing is...,12,0,ordin,0.6843913793563843
phase4_step_29995_EMA,Phrase 2: Quantum computing is...,12,1,um,0.19857491552829742
phase4_step_29995_EMA,Phrase 2: Quantum computing is...,12,2, computing,0.2125750333070755
phase4_step_29995_EMA,Phrase 2: Quantum computing is...,12,3, is,0.2917862832546234
phase4_step_29995_EMA,Phrase 2: Quantum computing is...,12,4, a,0.05011904239654541
phase4_step_29995_EMA,Phrase 2: Quantum computing is...,12,5, rapidly,0.3359282314777374
phase4_step_29995_EMA,Phrase 2: Quantum computing is...,12,6,EM,0.23777209222316742
phase4_step_29995_EMA,Phrase 2: Quantum computing is...,12,7,иру,0.2958683371543884
phase4_step_29995_EMA,Phrase 2: Quantum computing is...,12,8, technology,0.5298009514808655
phase4_step_29995_EMA,Phrase 2: Quantum computing is...,12,9, that,0.4823734760284424
phase4_step_29995_EMA,Phrase 2: Quantum computing is...,12,10, harness,0.35537514090538025
phase4_step_29995_EMA,Phrase 2: Quantum computing is...,12,11,es,0.08227325975894928
phase4_step_29995_EMA,Phrase 2: Quantum computing is...,12,12, the,0.2969125509262085
phase4_step_29995_EMA,Phrase 2: Quantum computing is...,12,13, roots,0.8698293566703796
phase4_step_29995_EMA,Phrase 2: Quantum computing is...,12,14, of,0.19541679322719574
phase4_step_29995_EMA,Phrase 2: Quantum computing is...,12,15, quantum,0.307406485080719
phase4_step_29995_EMA,Phrase 2: Quantum computing is...,12,16, mechanics,0.4945065975189209
phase4_step_29995_EMA,Phrase 2: Quantum computing is...,12,17, to,0.050617869943380356
phase4_step_29995_EMA,Phrase 2: Quantum computing is...,12,18, solve,0.4552677571773529
phase4_step_29995_EMA,Phrase 2: Quantum computing is...,12,19, problem,0.2133510261774063
phase4_step_29995_EMA,Phrase 2: Quantum computing is...,12,20, too,0.13777278363704681
phase4_step_29995_EMA,Phrase 2: Quantum computing is...,12,21, through,0.9011927843093872
phase4_step_29995_EMA,Phrase 2: Quantum computing is...,12,22, for,0.49221110343933105
phase4_step_29995_EMA,Phrase 2: Quantum computing is...,12,23, classical,0.2897789180278778
phase4_step_29995_EMA,Phrase 2: Quantum computing is...,12,24, компьютер,0.6456802487373352
phase4_step_29995_EMA,Phrase 2: Quantum computing is...,12,25,.,0.4160512387752533
phase4_step_29995_EMA,Phrase 0: The quick brown fox ...,13,0,:,0.5059915781021118
phase4_step_29995_EMA,Phrase 0: The quick brown fox ...,13,1, easy,0.30279532074928284
phase4_step_29995_EMA,Phrase 0: The quick brown fox ...,13,2, brown,0.24254359304904938
phase4_step_29995_EMA,Phrase 0: The quick brown fox ...,13,3, fox,0.43507784605026245
phase4_step_29995_EMA,Phrase 0: The quick brown fox ...,13,4, jumps,0.2534875273704529
phase4_step_29995_EMA,Phrase 0: The quick brown fox ...,13,5, d,0.9225844740867615
phase4_step_29995_EMA,Phrase 0: The quick brown fox ...,13,6, the,0.3581524193286896
phase4_step_29995_EMA,Phrase 0: The quick brown fox ...,13,7, lazy,0.33536508679389954
phase4_step_29995_EMA,Phrase 0: The quick brown fox ...,13,8, dog,0.27712082862854004
phase4_step_29995_EMA,Phrase 0: The quick brown fox ...,13,9,.,0.2819710671901703
phase4_step_29995_EMA,"Phrase 1: Мама мыла раму, а па...",13,0,М,0.2321765124797821
phase4_step_29995_EMA,"Phrase 1: Мама мыла раму, а па...",13,1,ам,0.1599116027355194
phase4_step_29995_EMA,"Phrase 1: Мама мыла раму, а па...",13,2,а,0.05068853124976158
phase4_step_29995_EMA,"Phrase 1: Мама мыла раму, а па...",13,3, мы,0.35620027780532837
phase4_step_29995_EMA,"Phrase 1: Мама мыла раму, а па...",13,4,ла,0.3111587464809418
phase4_step_29995_EMA,"Phrase 1: Мама мыла раму, а па...",13,5, рам,0.4326799809932709
phase4_step_29995_EMA,"Phrase 1: Мама мыла раму, а па...",13,6,у,0.13690632581710815
phase4_step_29995_EMA,"Phrase 1: Мама мыла раму, а па...",13,7,",",0.3592008054256439
phase4_step_29995_EMA,"Phrase 1: Мама мыла раму, а па...",13,8, а,0.2973235845565796
phase4_step_29995_EMA,"Phrase 1: Мама мыла раму, а па...",13,9, п,0.06348872929811478
phase4_step_29995_EMA,"Phrase 1: Мама мыла раму, а па...",13,10,ап,0.2751484215259552
phase4_step_29995_EMA,"Phrase 1: Мама мыла раму, а па...",13,11,а,0.16487745940685272
phase4_step_29995_EMA,"Phrase 1: Мама мыла раму, а па...",13,12, ч,0.21137835085391998
phase4_step_29995_EMA,"Phrase 1: Мама мыла раму, а па...",13,13,ин,0.06441910564899445
phase4_step_29995_EMA,"Phrase 1: Мама мыла раму, а па...",13,14,ил,0.19280044734477997
phase4_step_29995_EMA,"Phrase 1: Мама мыла раму, а па...",13,15, т,0.0662616416811943
phase4_step_29995_EMA,"Phrase 1: Мама мыла раму, а па...",13,16,ел,0.08145152777433395
phase4_step_29995_EMA,"Phrase 1: Мама мыла раму, а па...",13,17,ев,0.2949552834033966
phase4_step_29995_EMA,"Phrase 1: Мама мыла раму, а па...",13,18,из,0.4350370466709137
phase4_step_29995_EMA,"Phrase 1: Мама мыла раму, а па...",13,19,ор,0.3178788125514984
phase4_step_29995_EMA,"Phrase 1: Мама мыла раму, а па...",13,20,.,0.1925038993358612
phase4_step_29995_EMA,Phrase 2: Quantum computing is...,13,0,ordin,0.6800451874732971
phase4_step_29995_EMA,Phrase 2: Quantum computing is...,13,1,um,0.20001357793807983
phase4_step_29995_EMA,Phrase 2: Quantum computing is...,13,2, computing,0.21848899126052856
phase4_step_29995_EMA,Phrase 2: Quantum computing is...,13,3, is,0.2739650309085846
phase4_step_29995_EMA,Phrase 2: Quantum computing is...,13,4, a,0.04718931391835213
phase4_step_29995_EMA,Phrase 2: Quantum computing is...,13,5, rapidly,0.3398733139038086
phase4_step_29995_EMA,Phrase 2: Quantum computing is...,13,6,EM,0.2522166669368744
phase4_step_29995_EMA,Phrase 2: Quantum computing is...,13,7,иру,0.30533263087272644
phase4_step_29995_EMA,Phrase 2: Quantum computing is...,13,8, technology,0.5239700078964233
phase4_step_29995_EMA,Phrase 2: Quantum computing is...,13,9, that,0.4536851644515991
phase4_step_29995_EMA,Phrase 2: Quantum computing is...,13,10, harness,0.36069977283477783
phase4_step_29995_EMA,Phrase 2: Quantum computing is...,13,11,es,0.08353501558303833
phase4_step_29995_EMA,Phrase 2: Quantum computing is...,13,12, the,0.2787751853466034
phase4_step_29995_EMA,Phrase 2: Quantum computing is...,13,13, roots,0.8660004734992981
phase4_step_29995_EMA,Phrase 2: Quantum computing is...,13,14, of,0.18345336616039276
phase4_step_29995_EMA,Phrase 2: Quantum computing is...,13,15, quantum,0.3148792088031769
phase4_step_29995_EMA,Phrase 2: Quantum computing is...,13,16, mechanics,0.4906158149242401
phase4_step_29995_EMA,Phrase 2: Quantum computing is...,13,17, to,0.0477323941886425
phase4_step_29995_EMA,Phrase 2: Quantum computing is...,13,18, solve,0.4308813512325287
phase4_step_29995_EMA,Phrase 2: Quantum computing is...,13,19, problem,0.21274332702159882
phase4_step_29995_EMA,Phrase 2: Quantum computing is...,13,20, too,0.14463543891906738
phase4_step_29995_EMA,Phrase 2: Quantum computing is...,13,21, strategies,0.8950559496879578
phase4_step_29995_EMA,Phrase 2: Quantum computing is...,13,22, for,0.46302229166030884
phase4_step_29995_EMA,Phrase 2: Quantum computing is...,13,23, classical,0.29862406849861145
phase4_step_29995_EMA,Phrase 2: Quantum computing is...,13,24, компьютер,0.6389268040657043
phase4_step_29995_EMA,Phrase 2: Quantum computing is...,13,25,.,0.390841543674469
phase4_step_29995_EMA,Phrase 0: The quick brown fox ...,14,0, The,0.48164936900138855
phase4_step_29995_EMA,Phrase 0: The quick brown fox ...,14,1, easy,0.31499215960502625
phase4_step_29995_EMA,Phrase 0: The quick brown fox ...,14,2, brown,0.2558591365814209
phase4_step_29995_EMA,Phrase 0: The quick brown fox ...,14,3, fox,0.4363407492637634
phase4_step_29995_EMA,Phrase 0: The quick brown fox ...,14,4, jumps,0.26375019550323486
phase4_step_29995_EMA,Phrase 0: The quick brown fox ...,14,5, d,0.9178386330604553
phase4_step_29995_EMA,Phrase 0: The quick brown fox ...,14,6, the,0.33657631278038025
phase4_step_29995_EMA,Phrase 0: The quick brown fox ...,14,7, lazy,0.34319645166397095
phase4_step_29995_EMA,Phrase 0: The quick brown fox ...,14,8, dog,0.283651202917099
phase4_step_29995_EMA,Phrase 0: The quick brown fox ...,14,9,.,0.26472339034080505
phase4_step_29995_EMA,"Phrase 1: Мама мыла раму, а па...",14,0,М,0.22114010155200958
phase4_step_29995_EMA,"Phrase 1: Мама мыла раму, а па...",14,1,ам,0.15253646671772003
phase4_step_29995_EMA,"Phrase 1: Мама мыла раму, а па...",14,2,а,0.04856254160404205
phase4_step_29995_EMA,"Phrase 1: Мама мыла раму, а па...",14,3, мы,0.34272199869155884
phase4_step_29995_EMA,"Phrase 1: Мама мыла раму, а па...",14,4,ла,0.29663142561912537
phase4_step_29995_EMA,"Phrase 1: Мама мыла раму, а па...",14,5, рам,0.4334986209869385
phase4_step_29995_EMA,"Phrase 1: Мама мыла раму, а па...",14,6,у,0.134344220161438
phase4_step_29995_EMA,"Phrase 1: Мама мыла раму, а па...",14,7,",",0.33728885650634766
phase4_step_29995_EMA,"Phrase 1: Мама мыла раму, а па...",14,8, а,0.2801235616207123
phase4_step_29995_EMA,"Phrase 1: Мама мыла раму, а па...",14,9, п,0.06318577378988266
phase4_step_29995_EMA,"Phrase 1: Мама мыла раму, а па...",14,10,ап,0.26464971899986267
phase4_step_29995_EMA,"Phrase 1: Мама мыла раму, а па...",14,11,а,0.15493492782115936
phase4_step_29995_EMA,"Phrase 1: Мама мыла раму, а па...",14,12, ч,0.2056860774755478
phase4_step_29995_EMA,"Phrase 1: Мама мыла раму, а па...",14,13,ин,0.06384824961423874
phase4_step_29995_EMA,"Phrase 1: Мама мыла раму, а па...",14,14,ил,0.1845417469739914
phase4_step_29995_EMA,"Phrase 1: Мама мыла раму, а па...",14,15, т,0.06600219011306763
phase4_step_29995_EMA,"Phrase 1: Мама мыла раму, а па...",14,16,ел,0.08311635255813599
phase4_step_29995_EMA,"Phrase 1: Мама мыла раму, а па...",14,17,ев,0.27932584285736084
phase4_step_29995_EMA,"Phrase 1: Мама мыла раму, а па...",14,18,из,0.41742178797721863
phase4_step_29995_EMA,"Phrase 1: Мама мыла раму, а па...",14,19,ор,0.29990819096565247
phase4_step_29995_EMA,"Phrase 1: Мама мыла раму, а па...",14,20,.,0.18081839382648468
phase4_step_29995_EMA,Phrase 2: Quantum computing is...,14,0,ordin,0.6765655875205994
phase4_step_29995_EMA,Phrase 2: Quantum computing is...,14,1,um,0.20199276506900787
phase4_step_29995_EMA,Phrase 2: Quantum computing is...,14,2, computing,0.22465787827968597
phase4_step_29995_EMA,Phrase 2: Quantum computing is...,14,3, is,0.25722643733024597
phase4_step_29995_EMA,Phrase 2: Quantum computing is...,14,4, a,0.04446105286478996
phase4_step_29995_EMA,Phrase 2: Quantum computing is...,14,5, rapidly,0.3444313108921051
phase4_step_29995_EMA,Phrase 2: Quantum computing is...,14,6,EM,0.26610779762268066
phase4_step_29995_EMA,Phrase 2: Quantum computing is...,14,7,иру,0.31482982635498047
phase4_step_29995_EMA,Phrase 2: Quantum computing is...,14,8, technology,0.519282877445221
phase4_step_29995_EMA,Phrase 2: Quantum computing is...,14,9, that,0.4265340268611908
phase4_step_29995_EMA,Phrase 2: Quantum computing is...,14,10, harness,0.3665900230407715
phase4_step_29995_EMA,Phrase 2: Quantum computing is...,14,11,es,0.0849585309624672
phase4_step_29995_EMA,Phrase 2: Quantum computing is...,14,12, the,0.2617528736591339
phase4_step_29995_EMA,Phrase 2: Quantum computing is...,14,13, roots,0.8627046346664429
phase4_step_29995_EMA,Phrase 2: Quantum computing is...,14,14, of,0.17223218083381653
phase4_step_29995_EMA,Phrase 2: Quantum computing is...,14,15, quantum,0.32268616557121277
phase4_step_29995_EMA,Phrase 2: Quantum computing is...,14,16, mechanics,0.48781251907348633
phase4_step_29995_EMA,Phrase 2: Quantum computing is...,14,17, to,0.04506060108542442
phase4_step_29995_EMA,Phrase 2: Quantum computing is...,14,18, solve,0.4079347848892212
phase4_step_29995_EMA,Phrase 2: Quantum computing is...,14,19, problem,0.21301306784152985
phase4_step_29995_EMA,Phrase 2: Quantum computing is...,14,20, too,0.15144295990467072
phase4_step_29995_EMA,Phrase 2: Quantum computing is...,14,21, strategies,0.8894460201263428
phase4_step_29995_EMA,Phrase 2: Quantum computing is...,14,22, for,0.4353790879249573
phase4_step_29995_EMA,Phrase 2: Quantum computing is...,14,23, classical,0.3075857162475586
phase4_step_29995_EMA,Phrase 2: Quantum computing is...,14,24, компьютер,0.6330627799034119
phase4_step_29995_EMA,Phrase 2: Quantum computing is...,14,25,.,0.3670833110809326
phase4_step_29995_EMA,Phrase 0: The quick brown fox ...,15,0, The,0.4589427709579468
phase4_step_29995_EMA,Phrase 0: The quick brown fox ...,15,1, easy,0.3269391357898712
phase4_step_29995_EMA,Phrase 0: The quick brown fox ...,15,2, brown,0.26872584223747253
phase4_step_29995_EMA,Phrase 0: The quick brown fox ...,15,3, fox,0.43837475776672363
phase4_step_29995_EMA,Phrase 0: The quick brown fox ...,15,4, jumps,0.2739948630332947
phase4_step_29995_EMA,Phrase 0: The quick brown fox ...,15,5, d,0.9134270548820496
phase4_step_29995_EMA,Phrase 0: The quick brown fox ...,15,6, the,0.31629687547683716
phase4_step_29995_EMA,Phrase 0: The quick brown fox ...,15,7, lazy,0.3513229191303253
phase4_step_29995_EMA,Phrase 0: The quick brown fox ...,15,8, dog,0.29049351811408997
phase4_step_29995_EMA,Phrase 0: The quick brown fox ...,15,9,.,0.2485331892967224
phase4_step_29995_EMA,"Phrase 1: Мама мыла раму, а па...",15,0,М,0.21106615662574768
phase4_step_29995_EMA,"Phrase 1: Мама мыла раму, а па...",15,1,ам,0.14582103490829468
phase4_step_29995_EMA,"Phrase 1: Мама мыла раму, а па...",15,2,а,0.046668943017721176
phase4_step_29995_EMA,"Phrase 1: Мама мыла раму, а па...",15,3, мы,0.33038660883903503
phase4_step_29995_EMA,"Phrase 1: Мама мыла раму, а па...",15,4,ла,0.2832554280757904
phase4_step_29995_EMA,"Phrase 1: Мама мыла раму, а па...",15,5, рам,0.4351753294467926
phase4_step_29995_EMA,"Phrase 1: Мама мыла раму, а па...",15,6,у,0.1327957957983017
phase4_step_29995_EMA,"Phrase 1: Мама мыла раму, а па...",15,7,",",0.3166758418083191
phase4_step_29995_EMA,"Phrase 1: Мама мыла раму, а па...",15,8, а,0.26401984691619873
phase4_step_29995_EMA,"Phrase 1: Мама мыла раму, а па...",15,9, п,0.06310722231864929
phase4_step_29995_EMA,"Phrase 1: Мама мыла раму, а па...",15,10,ап,0.25521034002304077
phase4_step_29995_EMA,"Phrase 1: Мама мыла раму, а па...",15,11,а,0.14563776552677155
phase4_step_29995_EMA,"Phrase 1: Мама мыла раму, а па...",15,12, ч,0.20078152418136597
phase4_step_29995_EMA,"Phrase 1: Мама мыла раму, а па...",15,13,ин,0.06349138915538788
phase4_step_29995_EMA,"Phrase 1: Мама мыла раму, а па...",15,14,ил,0.1770758479833603
phase4_step_29995_EMA,"Phrase 1: Мама мыла раму, а па...",15,15, т,0.06591780483722687
phase4_step_29995_EMA,"Phrase 1: Мама мыла раму, а па...",15,16,ел,0.08494968712329865
phase4_step_29995_EMA,"Phrase 1: Мама мыла раму, а па...",15,17,ев,0.2647947669029236
phase4_step_29995_EMA,"Phrase 1: Мама мыла раму, а па...",15,18,из,0.40127572417259216
phase4_step_29995_EMA,"Phrase 1: Мама мыла раму, а па...",15,19,ор,0.28314483165740967
phase4_step_29995_EMA,"Phrase 1: Мама мыла раму, а па...",15,20,.,0.16986465454101562
phase4_step_29995_EMA,Phrase 2: Quantum computing is...,15,0,ordin,0.6738700866699219
phase4_step_29995_EMA,Phrase 2: Quantum computing is...,15,1,um,0.20440198481082916
phase4_step_29995_EMA,Phrase 2: Quantum computing is...,15,2, computing,0.23097646236419678
phase4_step_29995_EMA,Phrase 2: Quantum computing is...,15,3, is,0.24150824546813965
phase4_step_29995_EMA,Phrase 2: Quantum computing is...,15,4, a,0.04192445054650307
phase4_step_29995_EMA,Phrase 2: Quantum computing is...,15,5, rapidly,0.3494740128517151
phase4_step_29995_EMA,Phrase 2: Quantum computing is...,15,6,EM,0.2794429063796997
phase4_step_29995_EMA,Phrase 2: Quantum computing is...,15,7,иру,0.3242676854133606
phase4_step_29995_EMA,Phrase 2: Quantum computing is...,15,8, technology,0.5156283974647522
phase4_step_29995_EMA,Phrase 2: Quantum computing is...,15,9, that,0.400892049074173
phase4_step_29995_EMA,Phrase 2: Quantum computing is...,15,10, harness,0.3729003071784973
phase4_step_29995_EMA,Phrase 2: Quantum computing is...,15,11,es,0.08649496734142303
phase4_step_29995_EMA,Phrase 2: Quantum computing is...,15,12, the,0.24578267335891724
phase4_step_29995_EMA,Phrase 2: Quantum computing is...,15,13, roots,0.8599002361297607
phase4_step_29995_EMA,Phrase 2: Quantum computing is...,15,14, of,0.16170896589756012
phase4_step_29995_EMA,Phrase 2: Quantum computing is...,15,15, quantum,0.3307092785835266
phase4_step_29995_EMA,Phrase 2: Quantum computing is...,15,16, mechanics,0.48597681522369385
phase4_step_29995_EMA,Phrase 2: Quantum computing is...,15,17, to,0.0425892174243927
phase4_step_29995_EMA,Phrase 2: Quantum computing is...,15,18, solve,0.3863852918148041
phase4_step_29995_EMA,Phrase 2: Quantum computing is...,15,19, problem,0.21403999626636505
phase4_step_29995_EMA,Phrase 2: Quantum computing is...,15,20, too,0.15815292298793793
phase4_step_29995_EMA,Phrase 2: Quantum computing is...,15,21, strategies,0.8843185305595398
phase4_step_29995_EMA,Phrase 2: Quantum computing is...,15,22, for,0.40926024317741394
phase4_step_29995_EMA,Phrase 2: Quantum computing is...,15,23, classical,0.3165566921234131
phase4_step_29995_EMA,Phrase 2: Quantum computing is...,15,24, компьютер,0.6280099749565125
phase4_step_29995_EMA,Phrase 2: Quantum computing is...,15,25,.,0.3447182774543762
phase4_step_29995_EMA,Phrase 0: The quick brown fox ...,16,0, The,0.4378485083580017
phase4_step_29995_EMA,Phrase 0: The quick brown fox ...,16,1, easy,0.3385930359363556
phase4_step_29995_EMA,Phrase 0: The quick brown fox ...,16,2, brown,0.28114938735961914
phase4_step_29995_EMA,Phrase 0: The quick brown fox ...,16,3, fox,0.44105181097984314
phase4_step_29995_EMA,Phrase 0: The quick brown fox ...,16,4, jumps,0.28415369987487793
phase4_step_29995_EMA,Phrase 0: The quick brown fox ...,16,5, from,0.9093315601348877
phase4_step_29995_EMA,Phrase 0: The quick brown fox ...,16,6, the,0.2972477078437805
phase4_step_29995_EMA,Phrase 0: The quick brown fox ...,16,7, lazy,0.35962894558906555
phase4_step_29995_EMA,Phrase 0: The quick brown fox ...,16,8, dog,0.29754766821861267
phase4_step_29995_EMA,Phrase 0: The quick brown fox ...,16,9,.,0.23333962261676788
phase4_step_29995_EMA,"Phrase 1: Мама мыла раму, а па...",16,0,М,0.20190759003162384
phase4_step_29995_EMA,"Phrase 1: Мама мыла раму, а па...",16,1,ам,0.13972842693328857
phase4_step_29995_EMA,"Phrase 1: Мама мыла раму, а па...",16,2,а,0.04499778151512146
phase4_step_29995_EMA,"Phrase 1: Мама мыла раму, а па...",16,3, мы,0.31912028789520264
phase4_step_29995_EMA,"Phrase 1: Мама мыла раму, а па...",16,4,ла,0.2709703743457794
phase4_step_29995_EMA,"Phrase 1: Мама мыла раму, а па...",16,5, рам,0.4375741183757782
phase4_step_29995_EMA,"Phrase 1: Мама мыла раму, а па...",16,6,у,0.1322508454322815
phase4_step_29995_EMA,"Phrase 1: Мама мыла раму, а па...",16,7,",",0.2972947359085083
phase4_step_29995_EMA,"Phrase 1: Мама мыла раму, а па...",16,8, а,0.24895304441452026
phase4_step_29995_EMA,"Phrase 1: Мама мыла раму, а па...",16,9, п,0.06321563571691513
phase4_step_29995_EMA,"Phrase 1: Мама мыла раму, а па...",16,10,ап,0.2467673420906067
phase4_step_29995_EMA,"Phrase 1: Мама мыла раму, а па...",16,11,а,0.13694828748703003
phase4_step_29995_EMA,"Phrase 1: Мама мыла раму, а па...",16,12, ч,0.19660016894340515
phase4_step_29995_EMA,"Phrase 1: Мама мыла раму, а па...",16,13,ин,0.06331813335418701
phase4_step_29995_EMA,"Phrase 1: Мама мыла раму, а па...",16,14,ил,0.17035599052906036
phase4_step_29995_EMA,"Phrase 1: Мама мыла раму, а па...",16,15, т,0.06597578525543213
phase4_step_29995_EMA,"Phrase 1: Мама мыла раму, а па...",16,16,ел,0.08691250532865524
phase4_step_29995_EMA,"Phrase 1: Мама мыла раму, а па...",16,17,ев,0.25130733847618103
phase4_step_29995_EMA,"Phrase 1: Мама мыла раму, а па...",16,18,из,0.3865428864955902
phase4_step_29995_EMA,"Phrase 1: Мама мыла раму, а па...",16,19,ор,0.26753103733062744
phase4_step_29995_EMA,"Phrase 1: Мама мыла раму, а па...",16,20,.,0.15959973633289337
phase4_step_29995_EMA,Phrase 2: Quantum computing is...,16,0,ordin,0.6718785762786865
phase4_step_29995_EMA,Phrase 2: Quantum computing is...,16,1,um,0.20714594423770905
phase4_step_29995_EMA,Phrase 2: Quantum computing is...,16,2, computing,0.23736023902893066
phase4_step_29995_EMA,Phrase 2: Quantum computing is...,16,3, is,0.2267509400844574
phase4_step_29995_EMA,Phrase 2: Quantum computing is...,16,4, a,0.0395655520260334
phase4_step_29995_EMA,Phrase 2: Quantum computing is...,16,5, rapidly,0.35489141941070557
phase4_step_29995_EMA,Phrase 2: Quantum computing is...,16,6,EM,0.2922283411026001
phase4_step_29995_EMA,Phrase 2: Quantum computing is...,16,7,иру,0.3335765600204468
phase4_step_29995_EMA,Phrase 2: Quantum computing is...,16,8, technology,0.5129000544548035
phase4_step_29995_EMA,Phrase 2: Quantum computing is...,16,9, that,0.3767147660255432
phase4_step_29995_EMA,Phrase 2: Quantum computing is...,16,10, harness,0.3795085549354553
phase4_step_29995_EMA,Phrase 2: Quantum computing is...,16,11,es,0.0881093293428421
phase4_step_29995_EMA,Phrase 2: Quantum computing is...,16,12, the,0.23080532252788544
phase4_step_29995_EMA,Phrase 2: Quantum computing is...,16,13, roots,0.8575468063354492
phase4_step_29995_EMA,Phrase 2: Quantum computing is...,16,14, of,0.15184226632118225
phase4_step_29995_EMA,Phrase 2: Quantum computing is...,16,15, quantum,0.33885496854782104
phase4_step_29995_EMA,Phrase 2: Quantum computing is...,16,16, mechanics,0.4849965274333954
phase4_step_29995_EMA,Phrase 2: Quantum computing is...,16,17, to,0.04030761867761612
phase4_step_29995_EMA,Phrase 2: Quantum computing is...,16,18, solve,0.3661820888519287
phase4_step_29995_EMA,Phrase 2: Quantum computing is...,16,19, problem,0.21571362018585205
phase4_step_29995_EMA,Phrase 2: Quantum computing is...,16,20, too,0.16473710536956787
phase4_step_29995_EMA,Phrase 2: Quantum computing is...,16,21, strategies,0.8796294331550598
phase4_step_29995_EMA,Phrase 2: Quantum computing is...,16,22, for,0.3846265971660614
phase4_step_29995_EMA,Phrase 2: Quantum computing is...,16,23, classical,0.32545679807662964
phase4_step_29995_EMA,Phrase 2: Quantum computing is...,16,24, компьютер,0.6236919164657593
phase4_step_29995_EMA,Phrase 2: Quantum computing is...,16,25,.,0.32368215918540955
phase4_step_29995_EMA,Phrase 0: The quick brown fox ...,17,0, The,0.41832754015922546
phase4_step_29995_EMA,Phrase 0: The quick brown fox ...,17,1, easy,0.3499263525009155
phase4_step_29995_EMA,Phrase 0: The quick brown fox ...,17,2, brown,0.2931413948535919
phase4_step_29995_EMA,Phrase 0: The quick brown fox ...,17,3, fox,0.4442588686943054
phase4_step_29995_EMA,Phrase 0: The quick brown fox ...,17,4, jumps,0.2941766083240509
phase4_step_29995_EMA,Phrase 0: The quick brown fox ...,17,5, from,0.9055356383323669
phase4_step_29995_EMA,Phrase 0: The quick brown fox ...,17,6, the,0.27936360239982605
phase4_step_29995_EMA,Phrase 0: The quick brown fox ...,17,7, lazy,0.3680223524570465
phase4_step_29995_EMA,Phrase 0: The quick brown fox ...,17,8, dog,0.30473244190216064
phase4_step_29995_EMA,Phrase 0: The quick brown fox ...,17,9,.,0.21908508241176605
phase4_step_29995_EMA,"Phrase 1: Мама мыла раму, а па...",17,0,М,0.1936185210943222
phase4_step_29995_EMA,"Phrase 1: Мама мыла раму, а па...",17,1,ам,0.1342233270406723
phase4_step_29995_EMA,"Phrase 1: Мама мыла раму, а па...",17,2,а,0.0435301847755909
phase4_step_29995_EMA,"Phrase 1: Мама мыла раму, а па...",17,3, мы,0.3088509738445282
phase4_step_29995_EMA,"Phrase 1: Мама мыла раму, а па...",17,4,ла,0.25971710681915283
phase4_step_29995_EMA,"Phrase 1: Мама мыла раму, а па...",17,5, рам,0.44057324528694153
phase4_step_29995_EMA,"Phrase 1: Мама мыла раму, а па...",17,6,у,0.1327001005411148
phase4_step_29995_EMA,"Phrase 1: Мама мыла раму, а па...",17,7,",",0.27907928824424744
phase4_step_29995_EMA,"Phrase 1: Мама мыла раму, а па...",17,8, а,0.23486706614494324
phase4_step_29995_EMA,"Phrase 1: Мама мыла раму, а па...",17,9, п,0.06347538530826569
phase4_step_29995_EMA,"Phrase 1: Мама мыла раму, а па...",17,10,ап,0.2392588108778
phase4_step_29995_EMA,"Phrase 1: Мама мыла раму, а па...",17,11,а,0.12883444130420685
phase4_step_29995_EMA,"Phrase 1: Мама мыла раму, а па...",17,12, ч,0.19307686388492584
phase4_step_29995_EMA,"Phrase 1: Мама мыла раму, а па...",17,13,ин,0.06330284476280212
phase4_step_29995_EMA,"Phrase 1: Мама мыла раму, а па...",17,14,ил,0.1643351912498474
phase4_step_29995_EMA,"Phrase 1: Мама мыла раму, а па...",17,15, т,0.06614978611469269
phase4_step_29995_EMA,"Phrase 1: Мама мыла раму, а па...",17,16,ел,0.08897154033184052
phase4_step_29995_EMA,"Phrase 1: Мама мыла раму, а па...",17,17,ев,0.23881220817565918
phase4_step_29995_EMA,"Phrase 1: Мама мыла раму, а па...",17,18,из,0.3731652498245239
phase4_step_29995_EMA,"Phrase 1: Мама мыла раму, а па...",17,19,ор,0.25301218032836914
phase4_step_29995_EMA,"Phrase 1: Мама мыла раму, а па...",17,20,.,0.14998312294483185
phase4_step_29995_EMA,Phrase 2: Quantum computing is...,17,0, Omn,0.6705154180526733
phase4_step_29995_EMA,Phrase 2: Quantum computing is...,17,1,um,0.21014279127120972
phase4_step_29995_EMA,Phrase 2: Quantum computing is...,17,2, computing,0.24374495446681976
phase4_step_29995_EMA,Phrase 2: Quantum computing is...,17,3, is,0.2128986418247223
phase4_step_29995_EMA,Phrase 2: Quantum computing is...,17,4, a,0.03740045428276062
phase4_step_29995_EMA,Phrase 2: Quantum computing is...,17,5, rapidly,0.36059117317199707
phase4_step_29995_EMA,Phrase 2: Quantum computing is...,17,6,EM,0.3044760525226593
phase4_step_29995_EMA,Phrase 2: Quantum computing is...,17,7,иру,0.3427060842514038
phase4_step_29995_EMA,Phrase 2: Quantum computing is...,17,8, technology,0.5109961032867432
phase4_step_29995_EMA,Phrase 2: Quantum computing is...,17,9, that,0.35394760966300964
phase4_step_29995_EMA,Phrase 2: Quantum computing is...,17,10, harness,0.38631442189216614
phase4_step_29995_EMA,Phrase 2: Quantum computing is...,17,11,es,0.08976829797029495
phase4_step_29995_EMA,Phrase 2: Quantum computing is...,17,12, the,0.2167637050151825
phase4_step_29995_EMA,Phrase 2: Quantum computing is...,17,13, roots,0.8556050062179565
phase4_step_29995_EMA,Phrase 2: Quantum computing is...,17,14, of,0.1425936371088028
phase4_step_29995_EMA,Phrase 2: Quantum computing is...,17,15, quantum,0.3470487594604492
phase4_step_29995_EMA,Phrase 2: Quantum computing is...,17,16, mechanics,0.48476698994636536
phase4_step_29995_EMA,Phrase 2: Quantum computing is...,17,17, to,0.03820228949189186
phase4_step_29995_EMA,Phrase 2: Quantum computing is...,17,18, solve,0.34727007150650024
phase4_step_29995_EMA,Phrase 2: Quantum computing is...,17,19, problem,0.21793216466903687
phase4_step_29995_EMA,Phrase 2: Quantum computing is...,17,20, too,0.1711737960577011
phase4_step_29995_EMA,Phrase 2: Quantum computing is...,17,21, strategies,0.8753365874290466
phase4_step_29995_EMA,Phrase 2: Quantum computing is...,17,22, for,0.3614262640476227
phase4_step_29995_EMA,Phrase 2: Quantum computing is...,17,23, classical,0.33422595262527466
phase4_step_29995_EMA,Phrase 2: Quantum computing is...,17,24, компьютер,0.6200352311134338
phase4_step_29995_EMA,Phrase 2: Quantum computing is...,17,25,.,0.3039092421531677
phase4_step_29995_EMA,Phrase 0: The quick brown fox ...,18,0, The,0.4003292918205261
phase4_step_29995_EMA,Phrase 0: The quick brown fox ...,18,1, easy,0.36092299222946167
phase4_step_29995_EMA,Phrase 0: The quick brown fox ...,18,2, brown,0.30471643805503845
phase4_step_29995_EMA,Phrase 0: The quick brown fox ...,18,3, fox,0.44789615273475647
phase4_step_29995_EMA,Phrase 0: The quick brown fox ...,18,4, jumps,0.3040284812450409
phase4_step_29995_EMA,Phrase 0: The quick brown fox ...,18,5, within,0.9020233750343323
phase4_step_29995_EMA,Phrase 0: The quick brown fox ...,18,6, the,0.26258018612861633
phase4_step_29995_EMA,Phrase 0: The quick brown fox ...,18,7, lazy,0.37642964720726013
phase4_step_29995_EMA,Phrase 0: The quick brown fox ...,18,8, dog,0.3119826018810272
phase4_step_29995_EMA,Phrase 0: The quick brown fox ...,18,9,.,0.20571476221084595
phase4_step_29995_EMA,"Phrase 1: Мама мыла раму, а па...",18,0,М,0.1861550211906433
phase4_step_29995_EMA,"Phrase 1: Мама мыла раму, а па...",18,1,ам,0.1292717009782791
phase4_step_29995_EMA,"Phrase 1: Мама мыла раму, а па...",18,2,а,0.042253561317920685
phase4_step_29995_EMA,"Phrase 1: Мама мыла раму, а па...",18,3, мы,0.2995094656944275
phase4_step_29995_EMA,"Phrase 1: Мама мыла раму, а па...",18,4,ла,0.24943771958351135
phase4_step_29995_EMA,"Phrase 1: Мама мыла раму, а па...",18,5, рам,0.44406643509864807
phase4_step_29995_EMA,"Phrase 1: Мама мыла раму, а па...",18,6,у,0.13414008915424347
phase4_step_29995_EMA,"Phrase 1: Мама мыла раму, а па...",18,7,",",0.2619646191596985
phase4_step_29995_EMA,"Phrase 1: Мама мыла раму, а па...",18,8, а,0.22170886397361755
phase4_step_29995_EMA,"Phrase 1: Мама мыла раму, а па...",18,9, п,0.06385582685470581
phase4_step_29995_EMA,"Phrase 1: Мама мыла раму, а па...",18,10,ап,0.23262344300746918
phase4_step_29995_EMA,"Phrase 1: Мама мыла раму, а па...",18,11,а,0.1212628036737442
phase4_step_29995_EMA,"Phrase 1: Мама мыла раму, а па...",18,12, ч,0.19014742970466614
phase4_step_29995_EMA,"Phrase 1: Мама мыла раму, а па...",18,13,ин,0.06342160701751709
phase4_step_29995_EMA,"Phrase 1: Мама мыла раму, а па...",18,14,ил,0.15896786749362946
phase4_step_29995_EMA,"Phrase 1: Мама мыла раму, а па...",18,15, т,0.0664144977927208
phase4_step_29995_EMA,"Phrase 1: Мама мыла раму, а па...",18,16,ел,0.09110169857740402
phase4_step_29995_EMA,"Phrase 1: Мама мыла раму, а па...",18,17,ев,0.22726066410541534
phase4_step_29995_EMA,"Phrase 1: Мама мыла раму, а па...",18,18,из,0.36108481884002686
phase4_step_29995_EMA,"Phrase 1: Мама мыла раму, а па...",18,19,ор,0.23953787982463837
phase4_step_29995_EMA,"Phrase 1: Мама мыла раму, а па...",18,20,.,0.14097723364830017
phase4_step_29995_EMA,Phrase 2: Quantum computing is...,18,0, Omn,0.6697092056274414
phase4_step_29995_EMA,Phrase 2: Quantum computing is...,18,1,um,0.21332459151744843
phase4_step_29995_EMA,Phrase 2: Quantum computing is...,18,2, computing,0.25007954239845276
phase4_step_29995_EMA,Phrase 2: Quantum computing is...,18,3, is,0.1998976469039917
phase4_step_29995_EMA,Phrase 2: Quantum computing is...,18,4, a,0.035501379519701004
phase4_step_29995_EMA,Phrase 2: Quantum computing is...,18,5, rapidly,0.36649593710899353
phase4_step_29995_EMA,Phrase 2: Quantum computing is...,18,6,EM,0.31620171666145325
phase4_step_29995_EMA,Phrase 2: Quantum computing is...,18,7,иру,0.3516194224357605
phase4_step_29995_EMA,Phrase 2: Quantum computing is...,18,8, technology,0.5098218321800232
phase4_step_29995_EMA,Phrase 2: Quantum computing is...,18,9, that,0.33252808451652527
phase4_step_29995_EMA,Phrase 2: Quantum computing is...,18,10, harness,0.3932362496852875
phase4_step_29995_EMA,Phrase 2: Quantum computing is...,18,11,es,0.09144826233386993
phase4_step_29995_EMA,Phrase 2: Quantum computing is...,18,12, the,0.20360399782657623
phase4_step_29995_EMA,Phrase 2: Quantum computing is...,18,13, root,0.8540366291999817
phase4_step_29995_EMA,Phrase 2: Quantum computing is...,18,14, of,0.13392582535743713
phase4_step_29995_EMA,Phrase 2: Quantum computing is...,18,15, quantum,0.35523247718811035
phase4_step_29995_EMA,Phrase 2: Quantum computing is...,18,16, mechanics,0.48519212007522583
phase4_step_29995_EMA,Phrase 2: Quantum computing is...,18,17, to,0.03635506331920624
phase4_step_29995_EMA,Phrase 2: Quantum computing is...,18,18, solve,0.3295917510986328
phase4_step_29995_EMA,Phrase 2: Quantum computing is...,18,19, problem,0.2206040918827057
phase4_step_29995_EMA,Phrase 2: Quantum computing is...,18,20, too,0.177449032664299
phase4_step_29995_EMA,Phrase 2: Quantum computing is...,18,21, strategies,0.8714004158973694
phase4_step_29995_EMA,Phrase 2: Quantum computing is...,18,22, for,0.33959922194480896
phase4_step_29995_EMA,Phrase 2: Quantum computing is...,18,23, classical,0.3428214490413666
phase4_step_29995_EMA,Phrase 2: Quantum computing is...,18,24, компьютер,0.616970419883728
phase4_step_29995_EMA,Phrase 2: Quantum computing is...,18,25,.,0.2853323221206665
phase4_step_29995_EMA,Phrase 0: The quick brown fox ...,19,0, The,0.3837943971157074
phase4_step_29995_EMA,Phrase 0: The quick brown fox ...,19,1, easy,0.3715755045413971
phase4_step_29995_EMA,Phrase 0: The quick brown fox ...,19,2, brown,0.31589165329933167
phase4_step_29995_EMA,Phrase 0: The quick brown fox ...,19,3, fox,0.451877623796463
phase4_step_29995_EMA,Phrase 0: The quick brown fox ...,19,4, jumps,0.3136851191520691
phase4_step_29995_EMA,Phrase 0: The quick brown fox ...,19,5, within,0.898777961730957
phase4_step_29995_EMA,Phrase 0: The quick brown fox ...,19,6, the,0.246835395693779
phase4_step_29995_EMA,Phrase 0: The quick brown fox ...,19,7, lazy,0.3847944736480713
phase4_step_29995_EMA,Phrase 0: The quick brown fox ...,19,8, dog,0.3192465901374817
phase4_step_29995_EMA,Phrase 0: The quick brown fox ...,19,9,.,0.19317694008350372
phase4_step_29995_EMA,"Phrase 1: Мама мыла раму, а па...",19,0,М,0.17947188019752502
phase4_step_29995_EMA,"Phrase 1: Мама мыла раму, а па...",19,1,ам,0.12484069168567657
phase4_step_29995_EMA,"Phrase 1: Мама мыла раму, а па...",19,2,а,0.04114982858300209
phase4_step_29995_EMA,"Phrase 1: Мама мыла раму, а па...",19,3, мы,0.2910289466381073
phase4_step_29995_EMA,"Phrase 1: Мама мыла раму, а па...",19,4,ла,0.2400757372379303
phase4_step_29995_EMA,"Phrase 1: Мама мыла раму, а па...",19,5, рам,0.44796091318130493
phase4_step_29995_EMA,"Phrase 1: Мама мыла раму, а па...",19,6,у,0.13656912744045258
phase4_step_29995_EMA,"Phrase 1: Мама мыла раму, а па...",19,7,",",0.24588847160339355
phase4_step_29995_EMA,"Phrase 1: Мама мыла раму, а па...",19,8, а,0.20942820608615875
phase4_step_29995_EMA,"Phrase 1: Мама мыла раму, а па...",19,9, п,0.06433115154504776
phase4_step_29995_EMA,"Phrase 1: Мама мыла раму, а па...",19,10,ап,0.2268013209104538
phase4_step_29995_EMA,"Phrase 1: Мама мыла раму, а па...",19,11,а,0.11420455574989319
phase4_step_29995_EMA,"Phrase 1: Мама мыла раму, а па...",19,12, ч,0.18774986267089844
phase4_step_29995_EMA,"Phrase 1: Мама мыла раму, а па...",19,13,ин,0.06365353614091873
phase4_step_29995_EMA,"Phrase 1: Мама мыла раму, а па...",19,14,ил,0.154209703207016
phase4_step_29995_EMA,"Phrase 1: Мама мыла раму, а па...",19,15, т,0.06674889475107193
phase4_step_29995_EMA,"Phrase 1: Мама мыла раму, а па...",19,16,ел,0.0932823121547699
phase4_step_29995_EMA,"Phrase 1: Мама мыла раму, а па...",19,17,ев,0.21660570800304413
phase4_step_29995_EMA,"Phrase 1: Мама мыла раму, а па...",19,18,из,0.35024401545524597
phase4_step_29995_EMA,"Phrase 1: Мама мыла раму, а па...",19,19,ор,0.22706131637096405
phase4_step_29995_EMA,"Phrase 1: Мама мыла раму, а па...",19,20,.,0.13254636526107788
phase4_step_29995_EMA,Phrase 2: Quantum computing is...,19,0, Omn,0.6693941950798035
phase4_step_29995_EMA,Phrase 2: Quantum computing is...,19,1,um,0.2166348099708557
phase4_step_29995_EMA,Phrase 2: Quantum computing is...,19,2, computing,0.25632598996162415
phase4_step_29995_EMA,Phrase 2: Quantum computing is...,19,3, is,0.1876979023218155
phase4_step_29995_EMA,Phrase 2: Quantum computing is...,19,4, a,0.03381948545575142
phase4_step_29995_EMA,Phrase 2: Quantum computing is...,19,5, rapidly,0.372541606426239
phase4_step_29995_EMA,Phrase 2: Quantum computing is...,19,6,EM,0.327422559261322
phase4_step_29995_EMA,Phrase 2: Quantum computing is...,19,7,иру,0.3602915108203888
phase4_step_29995_EMA,Phrase 2: Quantum computing is...,19,8, technology,0.5092899203300476
phase4_step_29995_EMA,Phrase 2: Quantum computing is...,19,9, that,0.3123911917209625
phase4_step_29995_EMA,Phrase 2: Quantum computing is...,19,10, harness,0.40020811557769775
phase4_step_29995_EMA,Phrase 2: Quantum computing is...,19,11,es,0.09312962740659714
phase4_step_29995_EMA,Phrase 2: Quantum computing is...,19,12, the,0.1912752091884613
phase4_step_29995_EMA,Phrase 2: Quantum computing is...,19,13, root,0.852804958820343
phase4_step_29995_EMA,Phrase 2: Quantum computing is...,19,14, of,0.12580472230911255
phase4_step_29995_EMA,Phrase 2: Quantum computing is...,19,15, quantum,0.3633617162704468
phase4_step_29995_EMA,Phrase 2: Quantum computing is...,19,16, mechanics,0.48618417978286743
phase4_step_29995_EMA,Phrase 2: Quantum computing is...,19,17, to,0.034733306616544724
phase4_step_29995_EMA,Phrase 2: Quantum computing is...,19,18, solve,0.31308940052986145
phase4_step_29995_EMA,Phrase 2: Quantum computing is...,19,19, problem,0.22364990413188934
phase4_step_29995_EMA,Phrase 2: Quantum computing is...,19,20, too,0.18355415761470795
phase4_step_29995_EMA,Phrase 2: Quantum computing is...,19,21, strategies,0.867784321308136
phase4_step_29995_EMA,Phrase 2: Quantum computing is...,19,22, for,0.3190804719924927
phase4_step_29995_EMA,Phrase 2: Quantum computing is...,19,23, classical,0.35121268033981323
phase4_step_29995_EMA,Phrase 2: Quantum computing is...,19,24, компьютер,0.6144328117370605
phase4_step_29995_EMA,Phrase 2: Quantum computing is...,19,25,.,0.26788631081581116
phase4_step_29995_EMA,Phrase 0: The quick brown fox ...,20,0, The,0.36865824460983276
phase4_step_29995_EMA,Phrase 0: The quick brown fox ...,20,1, easy,0.38188284635543823
phase4_step_29995_EMA,Phrase 0: The quick brown fox ...,20,2, brown,0.3266846835613251
phase4_step_29995_EMA,Phrase 0: The quick brown fox ...,20,3, fox,0.45612919330596924
phase4_step_29995_EMA,Phrase 0: The quick brown fox ...,20,4, jumps,0.32313019037246704
phase4_step_29995_EMA,Phrase 0: The quick brown fox ...,20,5, within,0.8957827687263489
phase4_step_29995_EMA,Phrase 0: The quick brown fox ...,20,6, the,0.23207105696201324
phase4_step_29995_EMA,Phrase 0: The quick brown fox ...,20,7, lazy,0.39307284355163574
phase4_step_29995_EMA,Phrase 0: The quick brown fox ...,20,8, dog,0.32648366689682007
phase4_step_29995_EMA,Phrase 0: The quick brown fox ...,20,9,.,0.1814231127500534
phase4_step_29995_EMA,"Phrase 1: Мама мыла раму, а па...",20,0,М,0.1735263168811798
phase4_step_29995_EMA,"Phrase 1: Мама мыла раму, а па...",20,1,ам,0.1208970919251442
phase4_step_29995_EMA,"Phrase 1: Мама мыла раму, а па...",20,2,а,0.04020734503865242
phase4_step_29995_EMA,"Phrase 1: Мама мыла раму, а па...",20,3, мы,0.2833455204963684
phase4_step_29995_EMA,"Phrase 1: Мама мыла раму, а па...",20,4,ла,0.23157593607902527
phase4_step_29995_EMA,"Phrase 1: Мама мыла раму, а па...",20,5, рам,0.45217689871788025
phase4_step_29995_EMA,"Phrase 1: Мама мыла раму, а па...",20,6,у,0.13996629416942596
phase4_step_29995_EMA,"Phrase 1: Мама мыла раму, а па...",20,7,",",0.23079121112823486
phase4_step_29995_EMA,"Phrase 1: Мама мыла раму, а па...",20,8, а,0.19797733426094055
phase4_step_29995_EMA,"Phrase 1: Мама мыла раму, а па...",20,9, п,0.0648757740855217
phase4_step_29995_EMA,"Phrase 1: Мама мыла раму, а па...",20,10,ап,0.2217322140932083
phase4_step_29995_EMA,"Phrase 1: Мама мыла раму, а па...",20,11,а,0.10763083398342133
phase4_step_29995_EMA,"Phrase 1: Мама мыла раму, а па...",20,12, ч,0.18582406640052795
phase4_step_29995_EMA,"Phrase 1: Мама мыла раму, а па...",20,13,ин,0.06397924572229385
phase4_step_29995_EMA,"Phrase 1: Мама мыла раму, а па...",20,14,ил,0.15001872181892395
phase4_step_29995_EMA,"Phrase 1: Мама мыла раму, а па...",20,15, т,0.06713716685771942
phase4_step_29995_EMA,"Phrase 1: Мама мыла раму, а па...",20,16,ел,0.09549751877784729
phase4_step_29995_EMA,"Phrase 1: Мама мыла раму, а па...",20,17,ев,0.20680369436740875
phase4_step_29995_EMA,"Phrase 1: Мама мыла раму, а па...",20,18,из,0.3405854403972626
phase4_step_29995_EMA,"Phrase 1: Мама мыла раму, а па...",20,19,ор,0.21554003655910492
phase4_step_29995_EMA,"Phrase 1: Мама мыла раму, а па...",20,20,.,0.12465769052505493
phase4_step_29995_EMA,Phrase 2: Quantum computing is...,20,0, Omn,0.669509768486023
phase4_step_29995_EMA,Phrase 2: Quantum computing is...,20,1,um,0.22002731263637543
phase4_step_29995_EMA,Phrase 2: Quantum computing is...,20,2, computing,0.2624565660953522
phase4_step_29995_EMA,Phrase 2: Quantum computing is...,20,3, is,0.17625173926353455
phase4_step_29995_EMA,Phrase 2: Quantum computing is...,20,4, a,0.03232733532786369
phase4_step_29995_EMA,Phrase 2: Quantum computing is...,20,5, rapidly,0.37867575883865356
phase4_step_29995_EMA,Phrase 2: Quantum computing is...,20,6,EM,0.33815744519233704
phase4_step_29995_EMA,Phrase 2: Quantum computing is...,20,7,иру,0.3687061071395874
phase4_step_29995_EMA,Phrase 2: Quantum computing is...,20,8, technology,0.5093199610710144
phase4_step_29995_EMA,Phrase 2: Quantum computing is...,20,9, that,0.2934705913066864
phase4_step_29995_EMA,Phrase 2: Quantum computing is...,20,10, harness,0.4071778357028961
phase4_step_29995_EMA,Phrase 2: Quantum computing is...,20,11,es,0.09479697048664093
phase4_step_29995_EMA,Phrase 2: Quantum computing is...,20,12, the,0.1797298938035965
phase4_step_29995_EMA,Phrase 2: Quantum computing is...,20,13, root,0.8518749475479126
phase4_step_29995_EMA,Phrase 2: Quantum computing is...,20,14, of,0.11819736659526825
phase4_step_29995_EMA,Phrase 2: Quantum computing is...,20,15, quantum,0.37140196561813354
phase4_step_29995_EMA,Phrase 2: Quantum computing is...,20,16, mechanics,0.48766466975212097
phase4_step_29995_EMA,Phrase 2: Quantum computing is...,20,17, to,0.033301711082458496
phase4_step_29995_EMA,Phrase 2: Quantum computing is...,20,18, solve,0.2977052927017212
phase4_step_29995_EMA,Phrase 2: Quantum computing is...,20,19, problem,0.2269984781742096
phase4_step_29995_EMA,Phrase 2: Quantum computing is...,20,20, too,0.18948310613632202
phase4_step_29995_EMA,Phrase 2: Quantum computing is...,20,21, strategies,0.8644542098045349
phase4_step_29995_EMA,Phrase 2: Quantum computing is...,20,22, for,0.29980459809303284
phase4_step_29995_EMA,Phrase 2: Quantum computing is...,20,23, classical,0.35937929153442383
phase4_step_29995_EMA,Phrase 2: Quantum computing is...,20,24, компьютер,0.6123622059822083
phase4_step_29995_EMA,Phrase 2: Quantum computing is...,20,25,.,0.25150707364082336
phase4_step_29995_EMA,Phrase 0: The quick brown fox ...,21,0, The,0.3548518717288971
phase4_step_29995_EMA,Phrase 0: The quick brown fox ...,21,1, easy,0.39184820652008057
phase4_step_29995_EMA,Phrase 0: The quick brown fox ...,21,2, brown,0.337114155292511
phase4_step_29995_EMA,Phrase 0: The quick brown fox ...,21,3, fox,0.46058744192123413
phase4_step_29995_EMA,Phrase 0: The quick brown fox ...,21,4, jumps,0.3323533535003662
phase4_step_29995_EMA,Phrase 0: The quick brown fox ...,21,5, within,0.8930206298828125
phase4_step_29995_EMA,Phrase 0: The quick brown fox ...,21,6, the,0.21822994947433472
phase4_step_29995_EMA,Phrase 0: The quick brown fox ...,21,7, lazy,0.40123170614242554
phase4_step_29995_EMA,Phrase 0: The quick brown fox ...,21,8, dog,0.3336620032787323
phase4_step_29995_EMA,Phrase 0: The quick brown fox ...,21,9,.,0.17040708661079407
phase4_step_29995_EMA,"Phrase 1: Мама мыла раму, а па...",21,0,М,0.1682741940021515
phase4_step_29995_EMA,"Phrase 1: Мама мыла раму, а па...",21,1,ам,0.1174078956246376
phase4_step_29995_EMA,"Phrase 1: Мама мыла раму, а па...",21,2,а,0.03940945118665695
phase4_step_29995_EMA,"Phrase 1: Мама мыла раму, а па...",21,3, мы,0.2763975262641907
phase4_step_29995_EMA,"Phrase 1: Мама мыла раму, а па...",21,4,ла,0.2238844335079193
phase4_step_29995_EMA,"Phrase 1: Мама мыла раму, а па...",21,5, рам,0.4566446542739868
phase4_step_29995_EMA,"Phrase 1: Мама мыла раму, а па...",21,6,у,0.14427600800991058
phase4_step_29995_EMA,"Phrase 1: Мама мыла раму, а па...",21,7,",",0.21661685407161713
phase4_step_29995_EMA,"Phrase 1: Мама мыла раму, а па...",21,8, а,0.18731018900871277
phase4_step_29995_EMA,"Phrase 1: Мама мыла раму, а па...",21,9, п,0.06547319144010544
phase4_step_29995_EMA,"Phrase 1: Мама мыла раму, а па...",21,10,ап,0.2173568606376648
phase4_step_29995_EMA,"Phrase 1: Мама мыла раму, а па...",21,11,а,0.10151522606611252
phase4_step_29995_EMA,"Phrase 1: Мама мыла раму, а па...",21,12, ч,0.1843152642250061
phase4_step_29995_EMA,"Phrase 1: Мама мыла раму, а па...",21,13,ин,0.06438153237104416
phase4_step_29995_EMA,"Phrase 1: Мама мыла раму, а па...",21,14,ил,0.14635135233402252
phase4_step_29995_EMA,"Phrase 1: Мама мыла раму, а па...",21,15, т,0.06756621599197388
phase4_step_29995_EMA,"Phrase 1: Мама мыла раму, а па...",21,16,ел,0.09773808717727661
phase4_step_29995_EMA,"Phrase 1: Мама мыла раму, а па...",21,17,ев,0.19781245291233063
phase4_step_29995_EMA,"Phrase 1: Мама мыла раму, а па...",21,18,из,0.3320503532886505
phase4_step_29995_EMA,"Phrase 1: Мама мыла раму, а па...",21,19,ор,0.20493192970752716
phase4_step_29995_EMA,"Phrase 1: Мама мыла раму, а па...",21,20,.,0.11727848649024963
phase4_step_29995_EMA,Phrase 2: Quantum computing is...,21,0, Omn,0.6700008511543274
phase4_step_29995_EMA,Phrase 2: Quantum computing is...,21,1,um,0.22346414625644684
phase4_step_29995_EMA,Phrase 2: Quantum computing is...,21,2, computing,0.26844990253448486
phase4_step_29995_EMA,Phrase 2: Quantum computing is...,21,3, is,0.16551469266414642
phase4_step_29995_EMA,Phrase 2: Quantum computing is...,21,4, a,0.030988376587629318
phase4_step_29995_EMA,Phrase 2: Quantum computing is...,21,5, rapidly,0.38485607504844666
phase4_step_29995_EMA,Phrase 2: Quantum computing is...,21,6,EM,0.3484257757663727
phase4_step_29995_EMA,Phrase 2: Quantum computing is...,21,7,иру,0.3768538534641266
phase4_step_29995_EMA,Phrase 2: Quantum computing is...,21,8, technology,0.5098394751548767
phase4_step_29995_EMA,Phrase 2: Quantum computing is...,21,9, that,0.27570077776908875
phase4_step_29995_EMA,Phrase 2: Quantum computing is...,21,10, harness,0.4141036570072174
phase4_step_29995_EMA,Phrase 2: Quantum computing is...,21,11,es,0.09643847495317459
phase4_step_29995_EMA,Phrase 2: Quantum computing is...,21,12, the,0.16892321407794952
phase4_step_29995_EMA,Phrase 2: Quantum computing is...,21,13, root,0.8512139320373535
phase4_step_29995_EMA,Phrase 2: Quantum computing is...,21,14, of,0.11107469350099564
phase4_step_29995_EMA,Phrase 2: Quantum computing is...,21,15, quantum,0.3793281316757202
phase4_step_29995_EMA,Phrase 2: Quantum computing is...,21,16, mechanics,0.4895627200603485
phase4_step_29995_EMA,Phrase 2: Quantum computing is...,21,17, to,0.032029930502176285
phase4_step_29995_EMA,Phrase 2: Quantum computing is...,21,18, solve,0.2833835780620575
phase4_step_29995_EMA,Phrase 2: Quantum computing is...,21,19, problem,0.23059028387069702
phase4_step_29995_EMA,Phrase 2: Quantum computing is...,21,20, too,0.19523386657238007
phase4_step_29995_EMA,Phrase 2: Quantum computing is...,21,21, strategies,0.8613787889480591
phase4_step_29995_EMA,Phrase 2: Quantum computing is...,21,22, for,0.2817053496837616
phase4_step_29995_EMA,Phrase 2: Quantum computing is...,21,23, classical,0.3673093914985657
phase4_step_29995_EMA,Phrase 2: Quantum computing is...,21,24, configuration,0.6107034087181091
phase4_step_29995_EMA,Phrase 2: Quantum computing is...,21,25,.,0.23613394796848297
phase4_step_29995_EMA,Phrase 0: The quick brown fox ...,22,0, The,0.3423045873641968
phase4_step_29995_EMA,Phrase 0: The quick brown fox ...,22,1, easy,0.4014780521392822
phase4_step_29995_EMA,Phrase 0: The quick brown fox ...,22,2, brown,0.3471984565258026
phase4_step_29995_EMA,Phrase 0: The quick brown fox ...,22,3, fox,0.46519872546195984
phase4_step_29995_EMA,Phrase 0: The quick brown fox ...,22,4, jumps,0.3413495421409607
phase4_step_29995_EMA,Phrase 0: The quick brown fox ...,22,5, within,0.8904744386672974
phase4_step_29995_EMA,Phrase 0: The quick brown fox ...,22,6, the,0.20526030659675598
phase4_step_29995_EMA,Phrase 0: The quick brown fox ...,22,7, lazy,0.4092469811439514
phase4_step_29995_EMA,Phrase 0: The quick brown fox ...,22,8, dog,0.34075769782066345
phase4_step_29995_EMA,Phrase 0: The quick brown fox ...,22,9,.,0.1600860059261322
phase4_step_29995_EMA,"Phrase 1: Мама мыла раму, а па...",22,0,М,0.1636745035648346
phase4_step_29995_EMA,"Phrase 1: Мама мыла раму, а па...",22,1,ам,0.11434121429920197
phase4_step_29995_EMA,"Phrase 1: Мама мыла раму, а па...",22,2,а,0.03875633701682091
phase4_step_29995_EMA,"Phrase 1: Мама мыла раму, а па...",22,3, мы,0.2701270878314972
phase4_step_29995_EMA,"Phrase 1: Мама мыла раму, а па...",22,4,ла,0.21694691479206085
phase4_step_29995_EMA,"Phrase 1: Мама мыла раму, а па...",22,5, рам,0.4613042175769806
phase4_step_29995_EMA,"Phrase 1: Мама мыла раму, а па...",22,6,у,0.1494230329990387
phase4_step_29995_EMA,"Phrase 1: Мама мыла раму, а па...",22,7,",",0.20330992341041565
phase4_step_29995_EMA,"Phrase 1: Мама мыла раму, а па...",22,8, а,0.17738336324691772
phase4_step_29995_EMA,"Phrase 1: Мама мыла раму, а па...",22,9, п,0.06610550731420517
phase4_step_29995_EMA,"Phrase 1: Мама мыла раму, а па...",22,10,ап,0.21361690759658813
phase4_step_29995_EMA,"Phrase 1: Мама мыла раму, а па...",22,11,а,0.09583260864019394
phase4_step_29995_EMA,"Phrase 1: Мама мыла раму, а па...",22,12, ч,0.18317291140556335
phase4_step_29995_EMA,"Phrase 1: Мама мыла раму, а па...",22,13,ин,0.06484778970479965
phase4_step_29995_EMA,"Phrase 1: Мама мыла раму, а па...",22,14,ил,0.14316293597221375
phase4_step_29995_EMA,"Phrase 1: Мама мыла раму, а па...",22,15, т,0.0680224597454071
phase4_step_29995_EMA,"Phrase 1: Мама мыла раму, а па...",22,16,ел,0.09999432414770126
phase4_step_29995_EMA,"Phrase 1: Мама мыла раму, а па...",22,17,ев,0.18959033489227295
phase4_step_29995_EMA,"Phrase 1: Мама мыла раму, а па...",22,18,из,0.32457858324050903
phase4_step_29995_EMA,"Phrase 1: Мама мыла раму, а па...",22,19,ор,0.1951955258846283
phase4_step_29995_EMA,"Phrase 1: Мама мыла раму, а па...",22,20,.,0.11037983000278473
phase4_step_29995_EMA,Phrase 2: Quantum computing is...,22,0, Omn,0.6708176732063293
phase4_step_29995_EMA,Phrase 2: Quantum computing is...,22,1,um,0.226915642619133
phase4_step_29995_EMA,Phrase 2: Quantum computing is...,22,2, computing,0.27429166436195374
phase4_step_29995_EMA,Phrase 2: Quantum computing is...,22,3, is,0.15544477105140686
phase4_step_29995_EMA,Phrase 2: Quantum computing is...,22,4, a,0.029788359999656677
phase4_step_29995_EMA,Phrase 2: Quantum computing is...,22,5, rapidly,0.39104777574539185
phase4_step_29995_EMA,Phrase 2: Quantum computing is...,22,6,EM,0.35824650526046753
phase4_step_29995_EMA,Phrase 2: Quantum computing is...,22,7,иру,0.3847302496433258
phase4_step_29995_EMA,Phrase 2: Quantum computing is...,22,8, technology,0.5107830762863159
phase4_step_29995_EMA,Phrase 2: Quantum computing is...,22,9, that,0.25901731848716736
phase4_step_29995_EMA,Phrase 2: Quantum computing is...,22,10, harness,0.4209536015987396
phase4_step_29995_EMA,Phrase 2: Quantum computing is...,22,11,es,0.09804603457450867
phase4_step_29995_EMA,Phrase 2: Quantum computing is...,22,12, the,0.15881194174289703
phase4_step_29995_EMA,Phrase 2: Quantum computing is...,22,13, root,0.850791335105896
phase4_step_29995_EMA,Phrase 2: Quantum computing is...,22,14, of,0.10440662503242493
phase4_step_29995_EMA,Phrase 2: Quantum computing is...,22,15, quantum,0.38712117075920105
phase4_step_29995_EMA,Phrase 2: Quantum computing is...,22,16, mechanics,0.4918155372142792
phase4_step_29995_EMA,Phrase 2: Quantum computing is...,22,17, to,0.030897779390215874
phase4_step_29995_EMA,Phrase 2: Quantum computing is...,22,18, solve,0.2700692117214203
phase4_step_29995_EMA,Phrase 2: Quantum computing is...,22,19, problem,0.23437295854091644
phase4_step_29995_EMA,Phrase 2: Quantum computing is...,22,20, too,0.2008049041032791
phase4_step_29995_EMA,Phrase 2: Quantum computing is...,22,21, strategies,0.8585295677185059
phase4_step_29995_EMA,Phrase 2: Quantum computing is...,22,22, for,0.2647179365158081
phase4_step_29995_EMA,Phrase 2: Quantum computing is...,22,23, classical,0.3749958574771881
phase4_step_29995_EMA,Phrase 2: Quantum computing is...,22,24, configuration,0.6094067692756653
phase4_step_29995_EMA,Phrase 2: Quantum computing is...,22,25,.,0.221708744764328
phase4_step_29995_EMA,Phrase 0: The quick brown fox ...,23,0, The,0.33094385266304016
phase4_step_29995_EMA,Phrase 0: The quick brown fox ...,23,1, easy,0.4107816517353058
phase4_step_29995_EMA,Phrase 0: The quick brown fox ...,23,2, brown,0.356955349445343
phase4_step_29995_EMA,Phrase 0: The quick brown fox ...,23,3, fox,0.4699181020259857
phase4_step_29995_EMA,Phrase 0: The quick brown fox ...,23,4, jumps,0.35011735558509827
phase4_step_29995_EMA,Phrase 0: The quick brown fox ...,23,5, within,0.8881269693374634
phase4_step_29995_EMA,Phrase 0: The quick brown fox ...,23,6, the,0.1931108981370926
phase4_step_29995_EMA,Phrase 0: The quick brown fox ...,23,7, lazy,0.417101114988327
phase4_step_29995_EMA,Phrase 0: The quick brown fox ...,23,8, dog,0.3477526605129242
phase4_step_29995_EMA,Phrase 0: The quick brown fox ...,23,9,.,0.15041914582252502
phase4_step_29995_EMA,"Phrase 1: Мама мыла раму, а па...",23,0,М,0.1596832126379013
phase4_step_29995_EMA,"Phrase 1: Мама мыла раму, а па...",23,1,ам,0.11166443675756454
phase4_step_29995_EMA,"Phrase 1: Мама мыла раму, а па...",23,2,а,0.03822885826230049
phase4_step_29995_EMA,"Phrase 1: Мама мыла раму, а па...",23,3, мы,0.26447978615760803
phase4_step_29995_EMA,"Phrase 1: Мама мыла раму, а па...",23,4,ла,0.21071182191371918
phase4_step_29995_EMA,"Phrase 1: Мама мыла раму, а па...",23,5, рам,0.46610429883003235
phase4_step_29995_EMA,"Phrase 1: Мама мыла раму, а па...",23,6,у,0.15531869232654572
phase4_step_29995_EMA,"Phrase 1: Мама мыла раму, а па...",23,7,",",0.1908169537782669
phase4_step_29995_EMA,"Phrase 1: Мама мыла раму, а па...",23,8, а,0.16815650463104248
phase4_step_29995_EMA,"Phrase 1: Мама мыла раму, а па...",23,9, п,0.06675977259874344
phase4_step_29995_EMA,"Phrase 1: Мама мыла раму, а па...",23,10,ап,0.21045653522014618
phase4_step_29995_EMA,"Phrase 1: Мама мыла раму, а па...",23,11,а,0.09055943787097931
phase4_step_29995_EMA,"Phrase 1: Мама мыла раму, а па...",23,12, ч,0.18235276639461517
phase4_step_29995_EMA,"Phrase 1: Мама мыла раму, а па...",23,13,ин,0.06536665558815002
phase4_step_29995_EMA,"Phrase 1: Мама мыла раму, а па...",23,14,ил,0.1404106616973877
phase4_step_29995_EMA,"Phrase 1: Мама мыла раму, а па...",23,15, т,0.06849618256092072
phase4_step_29995_EMA,"Phrase 1: Мама мыла раму, а па...",23,16,ел,0.10226121544837952
phase4_step_29995_EMA,"Phrase 1: Мама мыла раму, а па...",23,17,ев,0.18209822475910187
phase4_step_29995_EMA,"Phrase 1: Мама мыла раму, а па...",23,18,из,0.3181103765964508
phase4_step_29995_EMA,"Phrase 1: Мама мыла раму, а па...",23,19,ор,0.18629160523414612
phase4_step_29995_EMA,"Phrase 1: Мама мыла раму, а па...",23,20,.,0.10393375903367996
phase4_step_29995_EMA,Phrase 2: Quantum computing is...,23,0,фик,0.671915590763092
phase4_step_29995_EMA,Phrase 2: Quantum computing is...,23,1,um,0.23035694658756256
phase4_step_29995_EMA,Phrase 2: Quantum computing is...,23,2, computing,0.27997270226478577
phase4_step_29995_EMA,Phrase 2: Quantum computing is...,23,3, is,0.14600157737731934
phase4_step_29995_EMA,Phrase 2: Quantum computing is...,23,4, a,0.0287000834941864
phase4_step_29995_EMA,Phrase 2: Quantum computing is...,23,5, rapidly,0.3972238302230835
phase4_step_29995_EMA,Phrase 2: Quantum computing is...,23,6,EM,0.3676382303237915
phase4_step_29995_EMA,Phrase 2: Quantum computing is...,23,7,иру,0.39233505725860596
phase4_step_29995_EMA,Phrase 2: Quantum computing is...,23,8, technology,0.5120922923088074
phase4_step_29995_EMA,Phrase 2: Quantum computing is...,23,9, that,0.24335938692092896
phase4_step_29995_EMA,Phrase 2: Quantum computing is...,23,10, harness,0.42770320177078247
phase4_step_29995_EMA,Phrase 2: Quantum computing is...,23,11,es,0.0996115431189537
phase4_step_29995_EMA,Phrase 2: Quantum computing is...,23,12, the,0.14935694634914398
phase4_step_29995_EMA,Phrase 2: Quantum computing is...,23,13, root,0.8505787253379822
phase4_step_29995_EMA,Phrase 2: Quantum computing is...,23,14, of,0.09816716611385345
phase4_step_29995_EMA,Phrase 2: Quantum computing is...,23,15, quantum,0.39476802945137024
phase4_step_29995_EMA,Phrase 2: Quantum computing is...,23,16, mechanics,0.49436748027801514
phase4_step_29995_EMA,Phrase 2: Quantum computing is...,23,17, to,0.029883934184908867
phase4_step_29995_EMA,Phrase 2: Quantum computing is...,23,18, solve,0.25770968198776245
phase4_step_29995_EMA,Phrase 2: Quantum computing is...,23,19, problem,0.2383030652999878
phase4_step_29995_EMA,Phrase 2: Quantum computing is...,23,20, too,0.20619747042655945
phase4_step_29995_EMA,Phrase 2: Quantum computing is...,23,21, strategies,0.8558803200721741
phase4_step_29995_EMA,Phrase 2: Quantum computing is...,23,22, for,0.24877996742725372
phase4_step_29995_EMA,Phrase 2: Quantum computing is...,23,23, classical,0.3824371099472046
phase4_step_29995_EMA,Phrase 2: Quantum computing is...,23,24, configuration,0.6084264516830444
phase4_step_29995_EMA,Phrase 2: Quantum computing is...,23,25,.,0.2081764191389084
phase4_step_29995_EMA,Phrase 0: The quick brown fox ...,24,0, The,0.32069718837738037
phase4_step_29995_EMA,Phrase 0: The quick brown fox ...,24,1, easy,0.4197692573070526
phase4_step_29995_EMA,Phrase 0: The quick brown fox ...,24,2, brown,0.36640286445617676
phase4_step_29995_EMA,Phrase 0: The quick brown fox ...,24,3, fox,0.47470760345458984
phase4_step_29995_EMA,Phrase 0: The quick brown fox ...,24,4, jumps,0.3586570620536804
phase4_step_29995_EMA,Phrase 0: The quick brown fox ...,24,5, within,0.8859617710113525
phase4_step_29995_EMA,Phrase 0: The quick brown fox ...,24,6, the,0.18173488974571228
phase4_step_29995_EMA,Phrase 0: The quick brown fox ...,24,7, lazy,0.42478224635124207
phase4_step_29995_EMA,Phrase 0: The quick brown fox ...,24,8, dog,0.3546334207057953
phase4_step_29995_EMA,Phrase 0: The quick brown fox ...,24,9,.,0.14136835932731628
phase4_step_29995_EMA,"Phrase 1: Мама мыла раму, а па...",24,0,М,0.15626011788845062
phase4_step_29995_EMA,"Phrase 1: Мама мыла раму, а па...",24,1,ам,0.10934476554393768
phase4_step_29995_EMA,"Phrase 1: Мама мыла раму, а па...",24,2,а,0.037809889763593674
phase4_step_29995_EMA,"Phrase 1: Мама мыла раму, а па...",24,3, мы,0.2594040632247925
phase4_step_29995_EMA,"Phrase 1: Мама мыла раму, а па...",24,4,ла,0.2051275670528412
phase4_step_29995_EMA,"Phrase 1: Мама мыла раму, а па...",24,5, рам,0.4710024297237396
phase4_step_29995_EMA,"Phrase 1: Мама мыла раму, а па...",24,6,у,0.16187407076358795
phase4_step_29995_EMA,"Phrase 1: Мама мыла раму, а па...",24,7,",",0.17908845841884613
phase4_step_29995_EMA,"Phrase 1: Мама мыла раму, а па...",24,8, а,0.15959085524082184
phase4_step_29995_EMA,"Phrase 1: Мама мыла раму, а па...",24,9, п,0.06742780655622482
phase4_step_29995_EMA,"Phrase 1: Мама мыла раму, а па...",24,10,ап,0.20782090723514557
phase4_step_29995_EMA,"Phrase 1: Мама мыла раму, а па...",24,11,а,0.08567560464143753
phase4_step_29995_EMA,"Phrase 1: Мама мыла раму, а па...",24,12, ч,0.1818145215511322
phase4_step_29995_EMA,"Phrase 1: Мама мыла раму, а па...",24,13,ин,0.06592550873756409
phase4_step_29995_EMA,"Phrase 1: Мама мыла раму, а па...",24,14,ил,0.138053297996521
phase4_step_29995_EMA,"Phrase 1: Мама мыла раму, а па...",24,15, т,0.06898138672113419
phase4_step_29995_EMA,"Phrase 1: Мама мыла раму, а па...",24,16,ел,0.10453274846076965
phase4_step_29995_EMA,"Phrase 1: Мама мыла раму, а па...",24,17,ев,0.17529672384262085
phase4_step_29995_EMA,"Phrase 1: Мама мыла раму, а па...",24,18,из,0.31258663535118103
phase4_step_29995_EMA,"Phrase 1: Мама мыла раму, а па...",24,19,ор,0.17817959189414978
phase4_step_29995_EMA,"Phrase 1: Мама мыла раму, а па...",24,20,.,0.09791484475135803
phase4_step_29995_EMA,Phrase 2: Quantum computing is...,24,0,фик,0.6732548475265503
phase4_step_29995_EMA,Phrase 2: Quantum computing is...,24,1,um,0.23377017676830292
phase4_step_29995_EMA,Phrase 2: Quantum computing is...,24,2, computing,0.28548693656921387
phase4_step_29995_EMA,Phrase 2: Quantum computing is...,24,3, is,0.1371493637561798
phase4_step_29995_EMA,Phrase 2: Quantum computing is...,24,4, a,0.02771839126944542
phase4_step_29995_EMA,Phrase 2: Quantum computing is...,24,5, rapidly,0.40336206555366516
phase4_step_29995_EMA,Phrase 2: Quantum computing is...,24,6,EM,0.3766193985939026
phase4_step_29995_EMA,Phrase 2: Quantum computing is...,24,7,ирования,0.3996710181236267
phase4_step_29995_EMA,Phrase 2: Quantum computing is...,24,8, technology,0.5137149691581726
phase4_step_29995_EMA,Phrase 2: Quantum computing is...,24,9, that,0.2286672741174698
phase4_step_29995_EMA,Phrase 2: Quantum computing is...,24,10, harness,0.43433403968811035
phase4_step_29995_EMA,Phrase 2: Quantum computing is...,24,11,es,0.10113070905208588
phase4_step_29995_EMA,Phrase 2: Quantum computing is...,24,12, the,0.1405211091041565
phase4_step_29995_EMA,Phrase 2: Quantum computing is...,24,13, root,0.8505503535270691
phase4_step_29995_EMA,Phrase 2: Quantum computing is...,24,14, of,0.0923306941986084
phase4_step_29995_EMA,Phrase 2: Quantum computing is...,24,15, quantum,0.4022599458694458
phase4_step_29995_EMA,Phrase 2: Quantum computing is...,24,16, mechanics,0.4971700608730316
phase4_step_29995_EMA,Phrase 2: Quantum computing is...,24,17, to,0.028972437605261803
phase4_step_29995_EMA,Phrase 2: Quantum computing is...,24,18, solve,0.24625365436077118
phase4_step_29995_EMA,Phrase 2: Quantum computing is...,24,19, problem,0.24234287440776825
phase4_step_29995_EMA,Phrase 2: Quantum computing is...,24,20, too,0.21141362190246582
phase4_step_29995_EMA,Phrase 2: Quantum computing is...,24,21, strategies,0.8534077405929565
phase4_step_29995_EMA,Phrase 2: Quantum computing is...,24,22, for,0.23383180797100067
phase4_step_29995_EMA,Phrase 2: Quantum computing is...,24,23, classical,0.3896343410015106
phase4_step_29995_EMA,Phrase 2: Quantum computing is...,24,24, configuration,0.6077222228050232
phase4_step_29995_EMA,Phrase 2: Quantum computing is...,24,25,.,0.19548508524894714
phase4_step_29995_EMA,Phrase 0: The quick brown fox ...,25,0, The,0.311491459608078
phase4_step_29995_EMA,Phrase 0: The quick brown fox ...,25,1, easy,0.4284523129463196
phase4_step_29995_EMA,Phrase 0: The quick brown fox ...,25,2, brown,0.37555786967277527
phase4_step_29995_EMA,Phrase 0: The quick brown fox ...,25,3, fox,0.4795360565185547
phase4_step_29995_EMA,Phrase 0: The quick brown fox ...,25,4, jumps,0.3669719398021698
phase4_step_29995_EMA,Phrase 0: The quick brown fox ...,25,5, within,0.883962869644165
phase4_step_29995_EMA,Phrase 0: The quick brown fox ...,25,6, the,0.1710880696773529
phase4_step_29995_EMA,Phrase 0: The quick brown fox ...,25,7, lazy,0.4322828948497772
phase4_step_29995_EMA,Phrase 0: The quick brown fox ...,25,8, dog,0.3613901436328888
phase4_step_29995_EMA,Phrase 0: The quick brown fox ...,25,9,.,0.13289782404899597
phase4_step_29995_EMA,"Phrase 1: Мама мыла раму, а па...",25,0,М,0.15336395800113678
phase4_step_29995_EMA,"Phrase 1: Мама мыла раму, а па...",25,1,ам,0.10735106468200684
phase4_step_29995_EMA,"Phrase 1: Мама мыла раму, а па...",25,2,а,0.037488244473934174
phase4_step_29995_EMA,"Phrase 1: Мама мыла раму, а па...",25,3, мы,0.2548532485961914
phase4_step_29995_EMA,"Phrase 1: Мама мыла раму, а па...",25,4,ла,0.2001461386680603
phase4_step_29995_EMA,"Phrase 1: Мама мыла раму, а па...",25,5, рам,0.4759628474712372
phase4_step_29995_EMA,"Phrase 1: Мама мыла раму, а па...",25,6,у,0.16900654137134552
phase4_step_29995_EMA,"Phrase 1: Мама мыла раму, а па...",25,7,",",0.16807842254638672
phase4_step_29995_EMA,"Phrase 1: Мама мыла раму, а па...",25,8, а,0.15165038406848907
phase4_step_29995_EMA,"Phrase 1: Мама мыла раму, а па...",25,9, п,0.06809927523136139
phase4_step_29995_EMA,"Phrase 1: Мама мыла раму, а па...",25,10,ап,0.205657497048378
phase4_step_29995_EMA,"Phrase 1: Мама мыла раму, а па...",25,11,а,0.08115777373313904
phase4_step_29995_EMA,"Phrase 1: Мама мыла раму, а па...",25,12, ч,0.18152067065238953
phase4_step_29995_EMA,"Phrase 1: Мама мыла раму, а па...",25,13,ин,0.06651753187179565
phase4_step_29995_EMA,"Phrase 1: Мама мыла раму, а па...",25,14,ил,0.1360512375831604
phase4_step_29995_EMA,"Phrase 1: Мама мыла раму, а па...",25,15, т,0.0694722831249237
phase4_step_29995_EMA,"Phrase 1: Мама мыла раму, а па...",25,16,ел,0.1068057045340538
phase4_step_29995_EMA,"Phrase 1: Мама мыла раму, а па...",25,17,ев,0.16914792358875275
phase4_step_29995_EMA,"Phrase 1: Мама мыла раму, а па...",25,18,из,0.30794793367385864
phase4_step_29995_EMA,"Phrase 1: Мама мыла раму, а па...",25,19,ор,0.1708216369152069
phase4_step_29995_EMA,"Phrase 1: Мама мыла раму, а па...",25,20,.,0.09229812771081924
phase4_step_29995_EMA,Phrase 2: Quantum computing is...,25,0,фик,0.6747996807098389
phase4_step_29995_EMA,Phrase 2: Quantum computing is...,25,1,um,0.23714034259319305
phase4_step_29995_EMA,Phrase 2: Quantum computing is...,25,2, computing,0.2908313274383545
phase4_step_29995_EMA,Phrase 2: Quantum computing is...,25,3, is,0.12885238230228424
phase4_step_29995_EMA,Phrase 2: Quantum computing is...,25,4, a,0.026822548359632492
phase4_step_29995_EMA,Phrase 2: Quantum computing is...,25,5, rapidly,0.4094459116458893
phase4_step_29995_EMA,Phrase 2: Quantum computing is...,25,6,EM,0.3852075934410095
phase4_step_29995_EMA,Phrase 2: Quantum computing is...,25,7,ирования,0.4067431092262268
phase4_step_29995_EMA,Phrase 2: Quantum computing is...,25,8, technology,0.5156052708625793
phase4_step_29995_EMA,Phrase 2: Quantum computing is...,25,9, that,0.21488605439662933
phase4_step_29995_EMA,Phrase 2: Quantum computing is...,25,10, harness,0.44083303213119507
phase4_step_29995_EMA,Phrase 2: Quantum computing is...,25,11,es,0.10260158032178879
phase4_step_29995_EMA,Phrase 2: Quantum computing is...,25,12, the,0.13226906955242157
phase4_step_29995_EMA,Phrase 2: Quantum computing is...,25,13, root,0.8506828546524048
phase4_step_29995_EMA,Phrase 2: Quantum computing is...,25,14, of,0.08687318116426468
phase4_step_29995_EMA,Phrase 2: Quantum computing is...,25,15, quantum,0.4095914363861084
phase4_step_29995_EMA,Phrase 2: Quantum computing is...,25,16, mechanics,0.5001802444458008
phase4_step_29995_EMA,Phrase 2: Quantum computing is...,25,17, to,0.028150910511612892
phase4_step_29995_EMA,Phrase 2: Quantum computing is...,25,18, solve,0.23565278947353363
phase4_step_29995_EMA,Phrase 2: Quantum computing is...,25,19, problem,0.24646179378032684
phase4_step_29995_EMA,Phrase 2: Quantum computing is...,25,20, too,0.21645580232143402
phase4_step_29995_EMA,Phrase 2: Quantum computing is...,25,21, strategies,0.8510902523994446
phase4_step_29995_EMA,Phrase 2: Quantum computing is...,25,22, for,0.21981686353683472
phase4_step_29995_EMA,Phrase 2: Quantum computing is...,25,23, classical,0.3965921103954315
phase4_step_29995_EMA,Phrase 2: Quantum computing is...,25,24, configuration,0.6072573065757751
phase4_step_29995_EMA,Phrase 2: Quantum computing is...,25,25,.,0.18358512222766876
phase4_step_8995_LIVE,Phrase 0: The quick brown fox ...,0,0,The,0.10000000149011612
phase4_step_8995_LIVE,Phrase 0: The quick brown fox ...,0,1,2,0.3130837678909302
phase4_step_8995_LIVE,Phrase 0: The quick brown fox ...,0,2,2,0.27353551983833313
phase4_step_8995_LIVE,Phrase 0: The quick brown fox ...,0,3, fox,0.3938545286655426
phase4_step_8995_LIVE,Phrase 0: The quick brown fox ...,0,4, holds,0.5833685994148254
phase4_step_8995_LIVE,Phrase 0: The quick brown fox ...,0,5, over,0.10000000149011612
phase4_step_8995_LIVE,Phrase 0: The quick brown fox ...,0,6, checking,0.7267352342605591
phase4_step_8995_LIVE,Phrase 0: The quick brown fox ...,0,7, lazy,0.2224152386188507
phase4_step_8995_LIVE,Phrase 0: The quick brown fox ...,0,8, dog,0.10000000149011612
phase4_step_8995_LIVE,Phrase 0: The quick brown fox ...,0,9,2,0.7691958546638489
phase4_step_8995_LIVE,"Phrase 1: Мама мыла раму, а па...",0,0,Л,0.6593800783157349
phase4_step_8995_LIVE,"Phrase 1: Мама мыла раму, а па...",0,1,ам,0.323272168636322
phase4_step_8995_LIVE,"Phrase 1: Мама мыла раму, а па...",0,2,а,0.44939088821411133
phase4_step_8995_LIVE,"Phrase 1: Мама мыла раму, а па...",0,3, мы,0.5707880854606628
phase4_step_8995_LIVE,"Phrase 1: Мама мыла раму, а па...",0,4, detail,0.7966406345367432
phase4_step_8995_LIVE,"Phrase 1: Мама мыла раму, а па...",0,5, ang,0.476584792137146
phase4_step_8995_LIVE,"Phrase 1: Мама мыла раму, а па...",0,6, a,0.4045032858848572
phase4_step_8995_LIVE,"Phrase 1: Мама мыла раму, а па...",0,7, (,1.0
phase4_step_8995_LIVE,"Phrase 1: Мама мыла раму, а па...",0,8, а,0.10000000149011612
phase4_step_8995_LIVE,"Phrase 1: Мама мыла раму, а па...",0,9, Г,0.8084077835083008
phase4_step_8995_LIVE,"Phrase 1: Мама мыла раму, а па...",0,10,…,1.0
phase4_step_8995_LIVE,"Phrase 1: Мама мыла раму, а па...",0,11,а,0.3973692059516907
phase4_step_8995_LIVE,"Phrase 1: Мама мыла раму, а па...",0,12,ч,0.5895448923110962
phase4_step_8995_LIVE,"Phrase 1: Мама мыла раму, а па...",0,13,ин,0.2919962406158447
phase4_step_8995_LIVE,"Phrase 1: Мама мыла раму, а па...",0,14,ir,0.7244749665260315
phase4_step_8995_LIVE,"Phrase 1: Мама мыла раму, а па...",0,15, /,0.7861257791519165
phase4_step_8995_LIVE,"Phrase 1: Мама мыла раму, а па...",0,16,ел,0.10000000149011612
phase4_step_8995_LIVE,"Phrase 1: Мама мыла раму, а па...",0,17,ев,0.10000000149011612
phase4_step_8995_LIVE,"Phrase 1: Мама мыла раму, а па...",0,18,atrix,0.7508501410484314
phase4_step_8995_LIVE,"Phrase 1: Мама мыла раму, а па...",0,19,ар,0.8305427432060242
phase4_step_8995_LIVE,"Phrase 1: Мама мыла раму, а па...",0,20,^,0.824127733707428
phase4_step_8995_LIVE,Phrase 2: Quantum computing is...,0,0, don,0.8284811973571777
phase4_step_8995_LIVE,Phrase 2: Quantum computing is...,0,1,um,0.4663233160972595
phase4_step_8995_LIVE,Phrase 2: Quantum computing is...,0,2, computing,0.10000000149011612
phase4_step_8995_LIVE,Phrase 2: Quantum computing is...,0,3, is,0.10000000149011612
phase4_step_8995_LIVE,Phrase 2: Quantum computing is...,0,4,分,1.0
phase4_step_8995_LIVE,Phrase 2: Quantum computing is...,0,5,Now,0.530872642993927
phase4_step_8995_LIVE,Phrase 2: Quantum computing is...,0,6,-em,0.2211708426475525
phase4_step_8995_LIVE,Phrase 2: Quantum computing is...,0,7, ,0.7747260928153992
phase4_step_8995_LIVE,Phrase 2: Quantum computing is...,0,8, technology,0.6777768135070801
phase4_step_8995_LIVE,Phrase 2: Quantum computing is...,0,9,",",1.0
phase4_step_8995_LIVE,Phrase 2: Quantum computing is...,0,10, we,0.45164817571640015
phase4_step_8995_LIVE,Phrase 2: Quantum computing is...,0,11, ,0.7598547339439392
phase4_step_8995_LIVE,Phrase 2: Quantum computing is...,0,12, co,0.7572741508483887
phase4_step_8995_LIVE,Phrase 2: Quantum computing is...,0,13, logic,0.5163401961326599
phase4_step_8995_LIVE,Phrase 2: Quantum computing is...,0,14, of,0.4060881733894348
phase4_step_8995_LIVE,Phrase 2: Quantum computing is...,0,15, nominal,0.6504269242286682
phase4_step_8995_LIVE,Phrase 2: Quantum computing is...,0,16, mechanics,0.4809879660606384
phase4_step_8995_LIVE,Phrase 2: Quantum computing is...,0,17,{n,0.8454299569129944
phase4_step_8995_LIVE,Phrase 2: Quantum computing is...,0,18, solve,0.10000000149011612
phase4_step_8995_LIVE,Phrase 2: Quantum computing is...,0,19, problems,0.10000000149011612
phase4_step_8995_LIVE,Phrase 2: Quantum computing is...,0,20, too,0.39827799797058105
phase4_step_8995_LIVE,Phrase 2: Quantum computing is...,0,21, complex,0.5232998132705688
phase4_step_8995_LIVE,Phrase 2: Quantum computing is...,0,22, for,0.5134166479110718
phase4_step_8995_LIVE,Phrase 2: Quantum computing is...,0,23, possible,0.32235294580459595
phase4_step_8995_LIVE,Phrase 2: Quantum computing is...,0,24, compute,0.6099566221237183
phase4_step_8995_LIVE,Phrase 2: Quantum computing is...,0,25,.,0.10000000149011612
phase4_step_8995_LIVE,Phrase 0: The quick brown fox ...,1,0,The,0.09981514513492584
phase4_step_8995_LIVE,Phrase 0: The quick brown fox ...,1,1,2,0.3080895245075226
phase4_step_8995_LIVE,Phrase 0: The quick brown fox ...,1,2,2,0.2746586501598358
phase4_step_8995_LIVE,Phrase 0: The quick brown fox ...,1,3, fox,0.3834301233291626
phase4_step_8995_LIVE,Phrase 0: The quick brown fox ...,1,4, holds,0.5778639316558838
phase4_step_8995_LIVE,Phrase 0: The quick brown fox ...,1,5, over,0.10057677328586578
phase4_step_8995_LIVE,Phrase 0: The quick brown fox ...,1,6, checking,0.7179049253463745
phase4_step_8995_LIVE,Phrase 0: The quick brown fox ...,1,7, lazy,0.225632444024086
phase4_step_8995_LIVE,Phrase 0: The quick brown fox ...,1,8, dog,0.10054227709770203
phase4_step_8995_LIVE,Phrase 0: The quick brown fox ...,1,9,2,0.7437205910682678
phase4_step_8995_LIVE,"Phrase 1: Мама мыла раму, а па...",1,0,Л,0.6890161037445068
phase4_step_8995_LIVE,"Phrase 1: Мама мыла раму, а па...",1,1,ам,0.3247215747833252
phase4_step_8995_LIVE,"Phrase 1: Мама мыла раму, а па...",1,2,а,0.43929070234298706
phase4_step_8995_LIVE,"Phrase 1: Мама мыла раму, а па...",1,3, мы,0.5547556281089783
phase4_step_8995_LIVE,"Phrase 1: Мама мыла раму, а па...",1,4, detail,0.7852526903152466
phase4_step_8995_LIVE,"Phrase 1: Мама мыла раму, а па...",1,5, ang,0.48434314131736755
phase4_step_8995_LIVE,"Phrase 1: Мама мыла раму, а па...",1,6, a,0.41887959837913513
phase4_step_8995_LIVE,"Phrase 1: Мама мыла раму, а па...",1,7, (,0.9888433814048767
phase4_step_8995_LIVE,"Phrase 1: Мама мыла раму, а па...",1,8, а,0.10046432167291641
phase4_step_8995_LIVE,"Phrase 1: Мама мыла раму, а па...",1,9, Г,0.7960790991783142
phase4_step_8995_LIVE,"Phrase 1: Мама мыла раму, а па...",1,10,…,1.017952561378479
phase4_step_8995_LIVE,"Phrase 1: Мама мыла раму, а па...",1,11,а,0.38635414838790894
phase4_step_8995_LIVE,"Phrase 1: Мама мыла раму, а па...",1,12,ч,0.5905284285545349
phase4_step_8995_LIVE,"Phrase 1: Мама мыла раму, а па...",1,13,ин,0.290527880191803
phase4_step_8995_LIVE,"Phrase 1: Мама мыла раму, а па...",1,14,ir,0.7426712512969971
phase4_step_8995_LIVE,"Phrase 1: Мама мыла раму, а па...",1,15, /,0.7867041230201721
phase4_step_8995_LIVE,"Phrase 1: Мама мыла раму, а па...",1,16,ел,0.09988655894994736
phase4_step_8995_LIVE,"Phrase 1: Мама мыла раму, а па...",1,17,ев,0.09976458549499512
phase4_step_8995_LIVE,"Phrase 1: Мама мыла раму, а па...",1,18,atrix,0.7576717734336853
phase4_step_8995_LIVE,"Phrase 1: Мама мыла раму, а па...",1,19,ар,0.830295979976654
phase4_step_8995_LIVE,"Phrase 1: Мама мыла раму, а па...",1,20,^,0.8204324841499329
phase4_step_8995_LIVE,Phrase 2: Quantum computing is...,1,0, don,0.8562625050544739
phase4_step_8995_LIVE,Phrase 2: Quantum computing is...,1,1,um,0.46993258595466614
phase4_step_8995_LIVE,Phrase 2: Quantum computing is...,1,2, computing,0.10092132538557053
phase4_step_8995_LIVE,Phrase 2: Quantum computing is...,1,3, is,0.09963783621788025
phase4_step_8995_LIVE,Phrase 2: Quantum computing is...,1,4,分,1.0061713457107544
phase4_step_8995_LIVE,Phrase 2: Quantum computing is...,1,5,Now,0.5316290855407715
phase4_step_8995_LIVE,Phrase 2: Quantum computing is...,1,6,-em,0.2196398824453354
phase4_step_8995_LIVE,Phrase 2: Quantum computing is...,1,7, ,0.7649110555648804
phase4_step_8995_LIVE,Phrase 2: Quantum computing is...,1,8, technology,0.6770406365394592
phase4_step_8995_LIVE,Phrase 2: Quantum computing is...,1,9,",",1.0133522748947144
phase4_step_8995_LIVE,Phrase 2: Quantum computing is...,1,10, we,0.4488261342048645
phase4_step_8995_LIVE,Phrase 2: Quantum computing is...,1,11, ,0.7417860627174377
phase4_step_8995_LIVE,Phrase 2: Quantum computing is...,1,12, co,0.7188915610313416
phase4_step_8995_LIVE,Phrase 2: Quantum computing is...,1,13, logic,0.5155822038650513
phase4_step_8995_LIVE,Phrase 2: Quantum computing is...,1,14, of,0.41175732016563416
phase4_step_8995_LIVE,Phrase 2: Quantum computing is...,1,15, nominal,0.644456148147583
phase4_step_8995_LIVE,Phrase 2: Quantum computing is...,1,16, mechanics,0.4618287980556488
phase4_step_8995_LIVE,Phrase 2: Quantum computing is...,1,17,{n,0.8792938590049744
phase4_step_8995_LIVE,Phrase 2: Quantum computing is...,1,18, solve,0.09914194792509079
phase4_step_8995_LIVE,Phrase 2: Quantum computing is...,1,19, problems,0.0997755229473114
phase4_step_8995_LIVE,Phrase 2: Quantum computing is...,1,20, too,0.3925696313381195
phase4_step_8995_LIVE,Phrase 2: Quantum computing is...,1,21, complex,0.509304404258728
phase4_step_8995_LIVE,Phrase 2: Quantum computing is...,1,22, for,0.517505943775177
phase4_step_8995_LIVE,Phrase 2: Quantum computing is...,1,23, possible,0.3255729377269745
phase4_step_8995_LIVE,Phrase 2: Quantum computing is...,1,24, compute,0.5972846746444702
phase4_step_8995_LIVE,Phrase 2: Quantum computing is...,1,25,.,0.09999432414770126
phase4_step_8995_LIVE,Phrase 0: The quick brown fox ...,2,0,The,0.09472865611314774
phase4_step_8995_LIVE,Phrase 0: The quick brown fox ...,2,1,2,0.2989499866962433
phase4_step_8995_LIVE,Phrase 0: The quick brown fox ...,2,2,2,0.26772555708885193
phase4_step_8995_LIVE,Phrase 0: The quick brown fox ...,2,3, fox,0.3707367777824402
phase4_step_8995_LIVE,Phrase 0: The quick brown fox ...,2,4, jumps,0.5599083304405212
phase4_step_8995_LIVE,Phrase 0: The quick brown fox ...,2,5, over,0.09724355489015579
phase4_step_8995_LIVE,Phrase 0: The quick brown fox ...,2,6, directional,0.6802657842636108
phase4_step_8995_LIVE,Phrase 0: The quick brown fox ...,2,7,azy,0.2211390882730484
phase4_step_8995_LIVE,Phrase 0: The quick brown fox ...,2,8, dog,0.10182280838489532
phase4_step_8995_LIVE,Phrase 0: The quick brown fox ...,2,9,2,0.7054942846298218
phase4_step_8995_LIVE,"Phrase 1: Мама мыла раму, а па...",2,0, М,0.6590578556060791
phase4_step_8995_LIVE,"Phrase 1: Мама мыла раму, а па...",2,1,ам,0.3067365884780884
phase4_step_8995_LIVE,"Phrase 1: Мама мыла раму, а па...",2,2,а,0.4130783677101135
phase4_step_8995_LIVE,"Phrase 1: Мама мыла раму, а па...",2,3, мы,0.5311617255210876
phase4_step_8995_LIVE,"Phrase 1: Мама мыла раму, а па...",2,4,л,0.7596578001976013
phase4_step_8995_LIVE,"Phrase 1: Мама мыла раму, а па...",2,5, ang,0.46644699573516846
phase4_step_8995_LIVE,"Phrase 1: Мама мыла раму, а па...",2,6,у,0.3953177034854889
phase4_step_8995_LIVE,"Phrase 1: Мама мыла раму, а па...",2,7, (,0.9919949173927307
phase4_step_8995_LIVE,"Phrase 1: Мама мыла раму, а па...",2,8, а,0.09665648639202118
phase4_step_8995_LIVE,"Phrase 1: Мама мыла раму, а па...",2,9, п,0.7657897472381592
phase4_step_8995_LIVE,"Phrase 1: Мама мыла раму, а па...",2,10,(v,1.008178949356079
phase4_step_8995_LIVE,"Phrase 1: Мама мыла раму, а па...",2,11,а,0.3632139265537262
phase4_step_8995_LIVE,"Phrase 1: Мама мыла раму, а па...",2,12,ч,0.5652530193328857
phase4_step_8995_LIVE,"Phrase 1: Мама мыла раму, а па...",2,13,ин,0.27530810236930847
phase4_step_8995_LIVE,"Phrase 1: Мама мыла раму, а па...",2,14, be,0.7151224613189697
phase4_step_8995_LIVE,"Phrase 1: Мама мыла раму, а па...",2,15, /,0.7545081377029419
phase4_step_8995_LIVE,"Phrase 1: Мама мыла раму, а па...",2,16,ел,0.09661935269832611
phase4_step_8995_LIVE,"Phrase 1: Мама мыла раму, а па...",2,17,ев,0.0966063067317009
phase4_step_8995_LIVE,"Phrase 1: Мама мыла раму, а па...",2,18,из,0.7312581539154053
phase4_step_8995_LIVE,"Phrase 1: Мама мыла раму, а па...",2,19,ар,0.799342691898346
phase4_step_8995_LIVE,"Phrase 1: Мама мыла раму, а па...",2,20,ш,0.7811186909675598
phase4_step_8995_LIVE,Phrase 2: Quantum computing is...,2,0, don,0.8405595421791077
phase4_step_8995_LIVE,Phrase 2: Quantum computing is...,2,1,um,0.45284968614578247
phase4_step_8995_LIVE,Phrase 2: Quantum computing is...,2,2, computing,0.10119833797216415
phase4_step_8995_LIVE,Phrase 2: Quantum computing is...,2,3, is,0.09351436793804169
phase4_step_8995_LIVE,Phrase 2: Quantum computing is...,2,4,分,0.9939334392547607
phase4_step_8995_LIVE,Phrase 2: Quantum computing is...,2,5,Now,0.5134907364845276
phase4_step_8995_LIVE,Phrase 2: Quantum computing is...,2,6,-em,0.21015076339244843
phase4_step_8995_LIVE,Phrase 2: Quantum computing is...,2,7,",",0.7486975789070129
phase4_step_8995_LIVE,Phrase 2: Quantum computing is...,2,8, technology,0.6564742922782898
phase4_step_8995_LIVE,Phrase 2: Quantum computing is...,2,9,",",1.0053759813308716
phase4_step_8995_LIVE,Phrase 2: Quantum computing is...,2,10, harness,0.4335364103317261
phase4_step_8995_LIVE,Phrase 2: Quantum computing is...,2,11,1,0.7137463688850403
phase4_step_8995_LIVE,Phrase 2: Quantum computing is...,2,12, co,0.6811970472335815
phase4_step_8995_LIVE,Phrase 2: Quantum computing is...,2,13, logic,0.4966835677623749
phase4_step_8995_LIVE,Phrase 2: Quantum computing is...,2,14, of,0.386799693107605
phase4_step_8995_LIVE,Phrase 2: Quantum computing is...,2,15, automated,0.6269283294677734
phase4_step_8995_LIVE,Phrase 2: Quantum computing is...,2,16, mechanics,0.4458252191543579
phase4_step_8995_LIVE,Phrase 2: Quantum computing is...,2,17,{n,0.8412744402885437
phase4_step_8995_LIVE,Phrase 2: Quantum computing is...,2,18, solve,0.09434215724468231
phase4_step_8995_LIVE,Phrase 2: Quantum computing is...,2,19, problems,0.09812317788600922
phase4_step_8995_LIVE,Phrase 2: Quantum computing is...,2,20, too,0.3765505850315094
phase4_step_8995_LIVE,Phrase 2: Quantum computing is...,2,21, complex,0.4891028106212616
phase4_step_8995_LIVE,Phrase 2: Quantum computing is...,2,22, for,0.4868296682834625
phase4_step_8995_LIVE,Phrase 2: Quantum computing is...,2,23, classical,0.31512847542762756
phase4_step_8995_LIVE,Phrase 2: Quantum computing is...,2,24, compute,0.5774678587913513
phase4_step_8995_LIVE,Phrase 2: Quantum computing is...,2,25,.,0.09380454570055008
phase4_step_8995_LIVE,Phrase 0: The quick brown fox ...,3,0,The,0.09165292978286743
phase4_step_8995_LIVE,Phrase 0: The quick brown fox ...,3,1, reset,0.2943791449069977
phase4_step_8995_LIVE,Phrase 0: The quick brown fox ...,3,2, brown,0.26488161087036133
phase4_step_8995_LIVE,Phrase 0: The quick brown fox ...,3,3, fox,0.36166465282440186
phase4_step_8995_LIVE,Phrase 0: The quick brown fox ...,3,4, jumps,0.5442891120910645
phase4_step_8995_LIVE,Phrase 0: The quick brown fox ...,3,5, over,0.0987716019153595
phase4_step_8995_LIVE,Phrase 0: The quick brown fox ...,3,6, the,0.6435230374336243
phase4_step_8995_LIVE,Phrase 0: The quick brown fox ...,3,7,azy,0.2217348963022232
phase4_step_8995_LIVE,Phrase 0: The quick brown fox ...,3,8, dog,0.11048294603824615
phase4_step_8995_LIVE,Phrase 0: The quick brown fox ...,3,9,1,0.6680739521980286
phase4_step_8995_LIVE,"Phrase 1: Мама мыла раму, а па...",3,0,М,0.6303625702857971
phase4_step_8995_LIVE,"Phrase 1: Мама мыла раму, а па...",3,1,ам,0.29072973132133484
phase4_step_8995_LIVE,"Phrase 1: Мама мыла раму, а па...",3,2,а,0.3884838819503784
phase4_step_8995_LIVE,"Phrase 1: Мама мыла раму, а па...",3,3, мы,0.5096387267112732
phase4_step_8995_LIVE,"Phrase 1: Мама мыла раму, а па...",3,4,л,0.7341976761817932
phase4_step_8995_LIVE,"Phrase 1: Мама мыла раму, а па...",3,5,กำ,0.4512929320335388
phase4_step_8995_LIVE,"Phrase 1: Мама мыла раму, а па...",3,6,у,0.3734342157840729
phase4_step_8995_LIVE,"Phrase 1: Мама мыла раму, а па...",3,7, (,0.9991511702537537
phase4_step_8995_LIVE,"Phrase 1: Мама мыла раму, а па...",3,8, а,0.09523385763168335
phase4_step_8995_LIVE,"Phrase 1: Мама мыла раму, а па...",3,9, п,0.735531210899353
phase4_step_8995_LIVE,"Phrase 1: Мама мыла раму, а па...",3,10,##,0.9998928308486938
phase4_step_8995_LIVE,"Phrase 1: Мама мыла раму, а па...",3,11,а,0.34159955382347107
phase4_step_8995_LIVE,"Phrase 1: Мама мыла раму, а па...",3,12, ч,0.5419247150421143
phase4_step_8995_LIVE,"Phrase 1: Мама мыла раму, а па...",3,13,ин,0.26189905405044556
phase4_step_8995_LIVE,"Phrase 1: Мама мыла раму, а па...",3,14,ил,0.6882483959197998
phase4_step_8995_LIVE,"Phrase 1: Мама мыла раму, а па...",3,15, -,0.723141074180603
phase4_step_8995_LIVE,"Phrase 1: Мама мыла раму, а па...",3,16,ел,0.09748291969299316
phase4_step_8995_LIVE,"Phrase 1: Мама мыла раму, а па...",3,17,ев,0.09771798551082611
phase4_step_8995_LIVE,"Phrase 1: Мама мыла раму, а па...",3,18,из,0.7049768567085266
phase4_step_8995_LIVE,"Phrase 1: Мама мыла раму, а па...",3,19,ор,0.7680568695068359
phase4_step_8995_LIVE,"Phrase 1: Мама мыла раму, а па...",3,20,ш,0.7422362565994263
phase4_step_8995_LIVE,Phrase 2: Quantum computing is...,3,0, pol,0.8260467648506165
phase4_step_8995_LIVE,Phrase 2: Quantum computing is...,3,1,um,0.43868550658226013
phase4_step_8995_LIVE,Phrase 2: Quantum computing is...,3,2, computing,0.1076006144285202
phase4_step_8995_LIVE,Phrase 2: Quantum computing is...,3,3, is,0.08782116323709488
phase4_step_8995_LIVE,Phrase 2: Quantum computing is...,3,4,分,0.9853751063346863
phase4_step_8995_LIVE,Phrase 2: Quantum computing is...,3,5,Once,0.49782595038414
phase4_step_8995_LIVE,Phrase 2: Quantum computing is...,3,6,-em,0.2049999237060547
phase4_step_8995_LIVE,Phrase 2: Quantum computing is...,3,7,",",0.7339258193969727
phase4_step_8995_LIVE,Phrase 2: Quantum computing is...,3,8, technology,0.6383224129676819
phase4_step_8995_LIVE,Phrase 2: Quantum computing is...,3,9,",",1.001352310180664
phase4_step_8995_LIVE,Phrase 2: Quantum computing is...,3,10, harness,0.4215470850467682
phase4_step_8995_LIVE,Phrase 2: Quantum computing is...,3,11,.,0.6873320937156677
phase4_step_8995_LIVE,Phrase 2: Quantum computing is...,3,12, co,0.644416332244873
phase4_step_8995_LIVE,Phrase 2: Quantum computing is...,3,13, logic,0.48066258430480957
phase4_step_8995_LIVE,Phrase 2: Quantum computing is...,3,14, of,0.36329448223114014
phase4_step_8995_LIVE,Phrase 2: Quantum computing is...,3,15, initial,0.6115713119506836
phase4_step_8995_LIVE,Phrase 2: Quantum computing is...,3,16, mechanics,0.43283629417419434
phase4_step_8995_LIVE,Phrase 2: Quantum computing is...,3,17,{n,0.8021389842033386
phase4_step_8995_LIVE,Phrase 2: Quantum computing is...,3,18, solve,0.09219327569007874
phase4_step_8995_LIVE,Phrase 2: Quantum computing is...,3,19, problems,0.10188639909029007
phase4_step_8995_LIVE,Phrase 2: Quantum computing is...,3,20, too,0.3638019561767578
phase4_step_8995_LIVE,Phrase 2: Quantum computing is...,3,21, complex,0.47140151262283325
phase4_step_8995_LIVE,Phrase 2: Quantum computing is...,3,22, for,0.45770859718322754
phase4_step_8995_LIVE,Phrase 2: Quantum computing is...,3,23, classical,0.3087458312511444
phase4_step_8995_LIVE,Phrase 2: Quantum computing is...,3,24, compute,0.5598015189170837
phase4_step_8995_LIVE,Phrase 2: Quantum computing is...,3,25,.,0.08805816620588303
phase4_step_8995_LIVE,Phrase 0: The quick brown fox ...,4,0,The,0.09043971449136734
phase4_step_8995_LIVE,Phrase 0: The quick brown fox ...,4,1, reset,0.2938828468322754
phase4_step_8995_LIVE,Phrase 0: The quick brown fox ...,4,2, brown,0.2656819522380829
phase4_step_8995_LIVE,Phrase 0: The quick brown fox ...,4,3, fox,0.3559533953666687
phase4_step_8995_LIVE,Phrase 0: The quick brown fox ...,4,4, jumps,0.5309798717498779
phase4_step_8995_LIVE,Phrase 0: The quick brown fox ...,4,5, over,0.10424450784921646
phase4_step_8995_LIVE,Phrase 0: The quick brown fox ...,4,6, the,0.6078646779060364
phase4_step_8995_LIVE,Phrase 0: The quick brown fox ...,4,7,azy,0.2266630083322525
phase4_step_8995_LIVE,Phrase 0: The quick brown fox ...,4,8, dog,0.12416486442089081
phase4_step_8995_LIVE,Phrase 0: The quick brown fox ...,4,9,1,0.6316444277763367
phase4_step_8995_LIVE,"Phrase 1: Мама мыла раму, а па...",4,0,М,0.6031942963600159
phase4_step_8995_LIVE,"Phrase 1: Мама мыла раму, а па...",4,1,ам,0.2766594886779785
phase4_step_8995_LIVE,"Phrase 1: Мама мыла раму, а па...",4,2,а,0.36547550559043884
phase4_step_8995_LIVE,"Phrase 1: Мама мыла раму, а па...",4,3, мы,0.4903373718261719
phase4_step_8995_LIVE,"Phrase 1: Мама мыла раму, а па...",4,4,л,0.7095747590065002
phase4_step_8995_LIVE,"Phrase 1: Мама мыла раму, а па...",4,5,กำ,0.4388364255428314
phase4_step_8995_LIVE,"Phrase 1: Мама мыла раму, а па...",4,6,у,0.35312363505363464
phase4_step_8995_LIVE,"Phrase 1: Мама мыла раму, а па...",4,7, of,1.006865382194519
phase4_step_8995_LIVE,"Phrase 1: Мама мыла раму, а па...",4,8, а,0.09594235569238663
phase4_step_8995_LIVE,"Phrase 1: Мама мыла раму, а па...",4,9, п,0.7058303356170654
phase4_step_8995_LIVE,"Phrase 1: Мама мыла раму, а па...",4,10,ус,0.9928341507911682
phase4_step_8995_LIVE,"Phrase 1: Мама мыла раму, а па...",4,11,а,0.32146406173706055
phase4_step_8995_LIVE,"Phrase 1: Мама мыла раму, а па...",4,12, ч,0.5206470489501953
phase4_step_8995_LIVE,"Phrase 1: Мама мыла раму, а па...",4,13,ин,0.25024473667144775
phase4_step_8995_LIVE,"Phrase 1: Мама мыла раму, а па...",4,14,ил,0.6623343229293823
phase4_step_8995_LIVE,"Phrase 1: Мама мыла раму, а па...",4,15, -,0.692773163318634
phase4_step_8995_LIVE,"Phrase 1: Мама мыла раму, а па...",4,16,ел,0.1017751395702362
phase4_step_8995_LIVE,"Phrase 1: Мама мыла раму, а па...",4,17,ев,0.10232287645339966
phase4_step_8995_LIVE,"Phrase 1: Мама мыла раму, а па...",4,18,из,0.6797751784324646
phase4_step_8995_LIVE,"Phrase 1: Мама мыла раму, а па...",4,19,ор,0.7370897531509399
phase4_step_8995_LIVE,"Phrase 1: Мама мыла раму, а па...",4,20,ш,0.7039691209793091
phase4_step_8995_LIVE,Phrase 2: Quantum computing is...,4,0, pol,0.8130626678466797
phase4_step_8995_LIVE,Phrase 2: Quantum computing is...,4,1,um,0.4273887872695923
phase4_step_8995_LIVE,Phrase 2: Quantum computing is...,4,2, computing,0.11839186400175095
phase4_step_8995_LIVE,Phrase 2: Quantum computing is...,4,3, is,0.0825231522321701
phase4_step_8995_LIVE,Phrase 2: Quantum computing is...,4,4,分,0.9807183146476746
phase4_step_8995_LIVE,Phrase 2: Quantum computing is...,4,5, quickly,0.4845743477344513
phase4_step_8995_LIVE,Phrase 2: Quantum computing is...,4,6,-em,0.2039308249950409
phase4_step_8995_LIVE,Phrase 2: Quantum computing is...,4,7,ion,0.7206693887710571
phase4_step_8995_LIVE,Phrase 2: Quantum computing is...,4,8, technology,0.6223341226577759
phase4_step_8995_LIVE,Phrase 2: Quantum computing is...,4,9,",",0.9982143640518188
phase4_step_8995_LIVE,Phrase 2: Quantum computing is...,4,10, harness,0.41263484954833984
phase4_step_8995_LIVE,Phrase 2: Quantum computing is...,4,11,.,0.6631149053573608
phase4_step_8995_LIVE,Phrase 2: Quantum computing is...,4,12, co,0.6087276935577393
phase4_step_8995_LIVE,Phrase 2: Quantum computing is...,4,13, logic,0.46753302216529846
phase4_step_8995_LIVE,Phrase 2: Quantum computing is...,4,14, of,0.3411727845668793
phase4_step_8995_LIVE,Phrase 2: Quantum computing is...,4,15, initial,0.5983790159225464
phase4_step_8995_LIVE,Phrase 2: Quantum computing is...,4,16, mechanics,0.42262861132621765
phase4_step_8995_LIVE,Phrase 2: Quantum computing is...,4,17,{n,0.7632170915603638
phase4_step_8995_LIVE,Phrase 2: Quantum computing is...,4,18, solve,0.09244954586029053
phase4_step_8995_LIVE,Phrase 2: Quantum computing is...,4,19, problems,0.10976821929216385
phase4_step_8995_LIVE,Phrase 2: Quantum computing is...,4,20, too,0.3542056381702423
phase4_step_8995_LIVE,Phrase 2: Quantum computing is...,4,21, complex,0.45613741874694824
phase4_step_8995_LIVE,Phrase 2: Quantum computing is...,4,22, for,0.4301299452781677
phase4_step_8995_LIVE,Phrase 2: Quantum computing is...,4,23, classical,0.30601683259010315
phase4_step_8995_LIVE,Phrase 2: Quantum computing is...,4,24, computational,0.5443066358566284
phase4_step_8995_LIVE,Phrase 2: Quantum computing is...,4,25,.,0.08272457122802734
phase4_step_8995_LIVE,Phrase 0: The quick brown fox ...,5,0,The,0.0908597856760025
phase4_step_8995_LIVE,Phrase 0: The quick brown fox ...,5,1, reset,0.29686662554740906
phase4_step_8995_LIVE,Phrase 0: The quick brown fox ...,5,2, brown,0.2695939540863037
phase4_step_8995_LIVE,Phrase 0: The quick brown fox ...,5,3, food,0.3532748520374298
phase4_step_8995_LIVE,Phrase 0: The quick brown fox ...,5,4, jumps,0.5199071764945984
phase4_step_8995_LIVE,Phrase 0: The quick brown fox ...,5,5, over,0.11251794546842575
phase4_step_8995_LIVE,Phrase 0: The quick brown fox ...,5,6, the,0.5734539031982422
phase4_step_8995_LIVE,Phrase 0: The quick brown fox ...,5,7,azy,0.2350427210330963
phase4_step_8995_LIVE,Phrase 0: The quick brown fox ...,5,8, dog,0.14075177907943726
phase4_step_8995_LIVE,Phrase 0: The quick brown fox ...,5,9,1,0.5963764786720276
phase4_step_8995_LIVE,"Phrase 1: Мама мыла раму, а па...",5,0,М,0.5777079463005066
phase4_step_8995_LIVE,"Phrase 1: Мама мыла раму, а па...",5,1,ам,0.2644522488117218
phase4_step_8995_LIVE,"Phrase 1: Мама мыла раму, а па...",5,2,а,0.3439994752407074
phase4_step_8995_LIVE,"Phrase 1: Мама мыла раму, а па...",5,3, мы,0.4732567369937897
phase4_step_8995_LIVE,"Phrase 1: Мама мыла раму, а па...",5,4,л,0.6861026287078857
phase4_step_8995_LIVE,"Phrase 1: Мама мыла раму, а па...",5,5,กำ,0.4289662837982178
phase4_step_8995_LIVE,"Phrase 1: Мама мыла раму, а па...",5,6,у,0.33431094884872437
phase4_step_8995_LIVE,"Phrase 1: Мама мыла раму, а па...",5,7, of,1.0143934488296509
phase4_step_8995_LIVE,"Phrase 1: Мама мыла раму, а па...",5,8, а,0.09844052791595459
phase4_step_8995_LIVE,"Phrase 1: Мама мыла раму, а па...",5,9, п,0.6770327687263489
phase4_step_8995_LIVE,"Phrase 1: Мама мыла раму, а па...",5,10,ус,0.9868038296699524
phase4_step_8995_LIVE,"Phrase 1: Мама мыла раму, а па...",5,11,а,0.30274698138237
phase4_step_8995_LIVE,"Phrase 1: Мама мыла раму, а па...",5,12, ч,0.5014649033546448
phase4_step_8995_LIVE,"Phrase 1: Мама мыла раму, а па...",5,13,ин,0.24026012420654297
phase4_step_8995_LIVE,"Phrase 1: Мама мыла раму, а па...",5,14,ил,0.6375856995582581
phase4_step_8995_LIVE,"Phrase 1: Мама мыла раму, а па...",5,15, т,0.6635836362838745
phase4_step_8995_LIVE,"Phrase 1: Мама мыла раму, а па...",5,16,ел,0.10859827697277069
phase4_step_8995_LIVE,"Phrase 1: Мама мыла раму, а па...",5,17,ев,0.10944950580596924
phase4_step_8995_LIVE,"Phrase 1: Мама мыла раму, а па...",5,18,из,0.6559765934944153
phase4_step_8995_LIVE,"Phrase 1: Мама мыла раму, а па...",5,19,ор,0.7067935466766357
phase4_step_8995_LIVE,"Phrase 1: Мама мыла раму, а па...",5,20,ш,0.6665065884590149
phase4_step_8995_LIVE,Phrase 2: Quantum computing is...,5,0, nan,0.8016055226325989
phase4_step_8995_LIVE,Phrase 2: Quantum computing is...,5,1,um,0.4188082814216614
phase4_step_8995_LIVE,Phrase 2: Quantum computing is...,5,2, computing,0.13186781108379364
phase4_step_8995_LIVE,Phrase 2: Quantum computing is...,5,3, is,0.07760296016931534
phase4_step_8995_LIVE,Phrase 2: Quantum computing is...,5,4,分,0.9769042134284973
phase4_step_8995_LIVE,Phrase 2: Quantum computing is...,5,5, rapidly,0.47371208667755127
phase4_step_8995_LIVE,Phrase 2: Quantum computing is...,5,6,-em,0.20647114515304565
phase4_step_8995_LIVE,Phrase 2: Quantum computing is...,5,7,ion,0.7088729739189148
phase4_step_8995_LIVE,Phrase 2: Quantum computing is...,5,8, technology,0.6084160804748535
phase4_step_8995_LIVE,Phrase 2: Quantum computing is...,5,9,",",0.9952923059463501
phase4_step_8995_LIVE,Phrase 2: Quantum computing is...,5,10, harness,0.4065634310245514
phase4_step_8995_LIVE,Phrase 2: Quantum computing is...,5,11, ,0.6412197351455688
phase4_step_8995_LIVE,Phrase 2: Quantum computing is...,5,12, co,0.5742946863174438
phase4_step_8995_LIVE,Phrase 2: Quantum computing is...,5,13, logic,0.45716601610183716
phase4_step_8995_LIVE,Phrase 2: Quantum computing is...,5,14, of,0.3203681409358978
phase4_step_8995_LIVE,Phrase 2: Quantum computing is...,5,15, intersect,0.5872613191604614
phase4_step_8995_LIVE,Phrase 2: Quantum computing is...,5,16, mechanics,0.41496095061302185
phase4_step_8995_LIVE,Phrase 2: Quantum computing is...,5,17,{n,0.7247787117958069
phase4_step_8995_LIVE,Phrase 2: Quantum computing is...,5,18, solve,0.09474759548902512
phase4_step_8995_LIVE,Phrase 2: Quantum computing is...,5,19, problems,0.12035797536373138
phase4_step_8995_LIVE,Phrase 2: Quantum computing is...,5,20, too,0.34757477045059204
phase4_step_8995_LIVE,Phrase 2: Quantum computing is...,5,21, complex,0.44322845339775085
phase4_step_8995_LIVE,Phrase 2: Quantum computing is...,5,22, for,0.40408915281295776
phase4_step_8995_LIVE,Phrase 2: Quantum computing is...,5,23, classical,0.3064917325973511
phase4_step_8995_LIVE,Phrase 2: Quantum computing is...,5,24, computational,0.5309478044509888
phase4_step_8995_LIVE,Phrase 2: Quantum computing is...,5,25,.,0.07777813822031021
phase4_step_8995_LIVE,Phrase 0: The quick brown fox ...,6,0,The,0.09263083338737488
phase4_step_8995_LIVE,Phrase 0: The quick brown fox ...,6,1, reset,0.3026978373527527
phase4_step_8995_LIVE,Phrase 0: The quick brown fox ...,6,2, brown,0.2760515809059143
phase4_step_8995_LIVE,Phrase 0: The quick brown fox ...,6,3, fox,0.3532577157020569
phase4_step_8995_LIVE,Phrase 0: The quick brown fox ...,6,4, jumps,0.5109575986862183
phase4_step_8995_LIVE,Phrase 0: The quick brown fox ...,6,5, over,0.12256067991256714
phase4_step_8995_LIVE,Phrase 0: The quick brown fox ...,6,6, the,0.5404207706451416
phase4_step_8995_LIVE,Phrase 0: The quick brown fox ...,6,7,azy,0.2460024654865265
phase4_step_8995_LIVE,Phrase 0: The quick brown fox ...,6,8, dog,0.15879040956497192
phase4_step_8995_LIVE,Phrase 0: The quick brown fox ...,6,9,1,0.5624157190322876
phase4_step_8995_LIVE,"Phrase 1: Мама мыла раму, а па...",6,0,М,0.5539933443069458
phase4_step_8995_LIVE,"Phrase 1: Мама мыла раму, а па...",6,1,ам,0.25402241945266724
phase4_step_8995_LIVE,"Phrase 1: Мама мыла раму, а па...",6,2,а,0.3239956200122833
phase4_step_8995_LIVE,"Phrase 1: Мама мыла раму, а па...",6,3, мы,0.45832881331443787
phase4_step_8995_LIVE,"Phrase 1: Мама мыла раму, а па...",6,4,л,0.6639754772186279
phase4_step_8995_LIVE,"Phrase 1: Мама мыла раму, а па...",6,5, рам,0.4215215742588043
phase4_step_8995_LIVE,"Phrase 1: Мама мыла раму, а па...",6,6,у,0.3169233202934265
phase4_step_8995_LIVE,"Phrase 1: Мама мыла раму, а па...",6,7, of,1.0216470956802368
phase4_step_8995_LIVE,"Phrase 1: Мама мыла раму, а па...",6,8, а,0.1023394837975502
phase4_step_8995_LIVE,"Phrase 1: Мама мыла раму, а па...",6,9, п,0.6493887305259705
phase4_step_8995_LIVE,"Phrase 1: Мама мыла раму, а па...",6,10,ус,0.9815937876701355
phase4_step_8995_LIVE,"Phrase 1: Мама мыла раму, а па...",6,11,а,0.2853858172893524
phase4_step_8995_LIVE,"Phrase 1: Мама мыла раму, а па...",6,12, ч,0.48437047004699707
phase4_step_8995_LIVE,"Phrase 1: Мама мыла раму, а па...",6,13,ин,0.23185083270072937
phase4_step_8995_LIVE,"Phrase 1: Мама мыла раму, а па...",6,14,ил,0.6141575574874878
phase4_step_8995_LIVE,"Phrase 1: Мама мыла раму, а па...",6,15, т,0.6357377171516418
phase4_step_8995_LIVE,"Phrase 1: Мама мыла раму, а па...",6,16,ел,0.11711224168539047
phase4_step_8995_LIVE,"Phrase 1: Мама мыла раму, а па...",6,17,ев,0.11821257323026657
phase4_step_8995_LIVE,"Phrase 1: Мама мыла раму, а па...",6,18,из,0.6337330937385559
phase4_step_8995_LIVE,"Phrase 1: Мама мыла раму, а па...",6,19,ор,0.6774114370346069
phase4_step_8995_LIVE,"Phrase 1: Мама мыла раму, а па...",6,20,半,0.6300353407859802
phase4_step_8995_LIVE,Phrase 2: Quantum computing is...,6,0, nan,0.7915595173835754
phase4_step_8995_LIVE,Phrase 2: Quantum computing is...,6,1,um,0.4127640128135681
phase4_step_8995_LIVE,Phrase 2: Quantum computing is...,6,2, computing,0.1467931568622589
phase4_step_8995_LIVE,Phrase 2: Quantum computing is...,6,3, is,0.07303774356842041
phase4_step_8995_LIVE,Phrase 2: Quantum computing is...,6,4, in,0.9733153581619263
phase4_step_8995_LIVE,Phrase 2: Quantum computing is...,6,5, rapidly,0.4651128053665161
phase4_step_8995_LIVE,Phrase 2: Quantum computing is...,6,6,-em,0.21199922263622284
phase4_step_8995_LIVE,Phrase 2: Quantum computing is...,6,7,ion,0.6985234022140503
phase4_step_8995_LIVE,Phrase 2: Quantum computing is...,6,8, technology,0.5964819192886353
phase4_step_8995_LIVE,Phrase 2: Quantum computing is...,6,9,",",0.9925040602684021
phase4_step_8995_LIVE,Phrase 2: Quantum computing is...,6,10, harness,0.40306854248046875
phase4_step_8995_LIVE,Phrase 2: Quantum computing is...,6,11, ,0.6217550039291382
phase4_step_8995_LIVE,Phrase 2: Quantum computing is...,6,12, co,0.5412439107894897
phase4_step_8995_LIVE,Phrase 2: Quantum computing is...,6,13, events,0.4493944048881531
phase4_step_8995_LIVE,Phrase 2: Quantum computing is...,6,14, of,0.30081555247306824
phase4_step_8995_LIVE,Phrase 2: Quantum computing is...,6,15, intersect,0.5781021118164062
phase4_step_8995_LIVE,Phrase 2: Quantum computing is...,6,16, mechanics,0.40961527824401855
phase4_step_8995_LIVE,Phrase 2: Quantum computing is...,6,17,{n,0.6870293021202087
phase4_step_8995_LIVE,Phrase 2: Quantum computing is...,6,18, solve,0.09862759709358215
phase4_step_8995_LIVE,Phrase 2: Quantum computing is...,6,19, problems,0.1325281858444214
phase4_step_8995_LIVE,Phrase 2: Quantum computing is...,6,20, too,0.3436361849308014
phase4_step_8995_LIVE,Phrase 2: Quantum computing is...,6,21, complex,0.4325597584247589
phase4_step_8995_LIVE,Phrase 2: Quantum computing is...,6,22, for,0.37954822182655334
phase4_step_8995_LIVE,Phrase 2: Quantum computing is...,6,23, classical,0.30968770384788513
phase4_step_8995_LIVE,Phrase 2: Quantum computing is...,6,24, computational,0.5196370482444763
phase4_step_8995_LIVE,Phrase 2: Quantum computing is...,6,25,.,0.07320229709148407
phase4_step_8995_LIVE,Phrase 0: The quick brown fox ...,7,0,The,0.09545967727899551
phase4_step_8995_LIVE,Phrase 0: The quick brown fox ...,7,1, reset,0.3107631504535675
phase4_step_8995_LIVE,Phrase 0: The quick brown fox ...,7,2, brown,0.2845086455345154
phase4_step_8995_LIVE,Phrase 0: The quick brown fox ...,7,3, fox,0.3555126488208771
phase4_step_8995_LIVE,Phrase 0: The quick brown fox ...,7,4, jumps,0.5039869546890259
phase4_step_8995_LIVE,Phrase 0: The quick brown fox ...,7,5, over,0.13359780609607697
phase4_step_8995_LIVE,Phrase 0: The quick brown fox ...,7,6, the,0.5088585615158081
phase4_step_8995_LIVE,Phrase 0: The quick brown fox ...,7,7,azy,0.2587718665599823
phase4_step_8995_LIVE,Phrase 0: The quick brown fox ...,7,8, dog,0.1773829460144043
phase4_step_8995_LIVE,Phrase 0: The quick brown fox ...,7,9,1,0.5298746824264526
phase4_step_8995_LIVE,"Phrase 1: Мама мыла раму, а па...",7,0,М,0.5320963263511658
phase4_step_8995_LIVE,"Phrase 1: Мама мыла раму, а па...",7,1,ам,0.2452750951051712
phase4_step_8995_LIVE,"Phrase 1: Мама мыла раму, а па...",7,2,а,0.30540335178375244
phase4_step_8995_LIVE,"Phrase 1: Мама мыла раму, а па...",7,3, мы,0.4454557001590729
phase4_step_8995_LIVE,"Phrase 1: Мама мыла раму, а па...",7,4,л,0.6433170437812805
phase4_step_8995_LIVE,"Phrase 1: Мама мыла раму, а па...",7,5, рам,0.41630300879478455
phase4_step_8995_LIVE,"Phrase 1: Мама мыла раму, а па...",7,6,у,0.30088889598846436
phase4_step_8995_LIVE,"Phrase 1: Мама мыла раму, а па...",7,7, of,1.0286017656326294
phase4_step_8995_LIVE,"Phrase 1: Мама мыла раму, а па...",7,8, а,0.10727168619632721
phase4_step_8995_LIVE,"Phrase 1: Мама мыла раму, а па...",7,9, п,0.6230869889259338
phase4_step_8995_LIVE,"Phrase 1: Мама мыла раму, а па...",7,10,аст,0.9770159721374512
phase4_step_8995_LIVE,"Phrase 1: Мама мыла раму, а па...",7,11,а,0.26931771636009216
phase4_step_8995_LIVE,"Phrase 1: Мама мыла раму, а па...",7,12, ч,0.4693123698234558
phase4_step_8995_LIVE,"Phrase 1: Мама мыла раму, а па...",7,13,ин,0.22491300106048584
phase4_step_8995_LIVE,"Phrase 1: Мама мыла раму, а па...",7,14,ил,0.5921586155891418
phase4_step_8995_LIVE,"Phrase 1: Мама мыла раму, а па...",7,15, т,0.6093710660934448
phase4_step_8995_LIVE,"Phrase 1: Мама мыла раму, а па...",7,16,ел,0.12664885818958282
phase4_step_8995_LIVE,"Phrase 1: Мама мыла раму, а па...",7,17,ев,0.1279269903898239
phase4_step_8995_LIVE,"Phrase 1: Мама мыла раму, а па...",7,18,из,0.6131378412246704
phase4_step_8995_LIVE,"Phrase 1: Мама мыла раму, а па...",7,19,ор,0.6491248607635498
phase4_step_8995_LIVE,"Phrase 1: Мама мыла раму, а па...",7,20,.,0.5947278141975403
phase4_step_8995_LIVE,Phrase 2: Quantum computing is...,7,0, nan,0.7827896475791931
phase4_step_8995_LIVE,Phrase 2: Quantum computing is...,7,1,um,0.4090396463871002
phase4_step_8995_LIVE,Phrase 2: Quantum computing is...,7,2, computing,0.16236332058906555
phase4_step_8995_LIVE,Phrase 2: Quantum computing is...,7,3, is,0.06881029903888702
phase4_step_8995_LIVE,Phrase 2: Quantum computing is...,7,4, in,0.9698622822761536
phase4_step_8995_LIVE,Phrase 2: Quantum computing is...,7,5, rapidly,0.4585976004600525
phase4_step_8995_LIVE,Phrase 2: Quantum computing is...,7,6,-em,0.21987393498420715
phase4_step_8995_LIVE,Phrase 2: Quantum computing is...,7,7,ening,0.6896021962165833
phase4_step_8995_LIVE,Phrase 2: Quantum computing is...,7,8, technology,0.5864369869232178
phase4_step_8995_LIVE,Phrase 2: Quantum computing is...,7,9,",",0.9898319840431213
phase4_step_8995_LIVE,Phrase 2: Quantum computing is...,7,10, harness,0.40186023712158203
phase4_step_8995_LIVE,Phrase 2: Quantum computing is...,7,11,s,0.6048149466514587
phase4_step_8995_LIVE,Phrase 2: Quantum computing is...,7,12, co,0.5096656680107117
phase4_step_8995_LIVE,Phrase 2: Quantum computing is...,7,13, events,0.44400355219841003
phase4_step_8995_LIVE,Phrase 2: Quantum computing is...,7,14, of,0.2824491560459137
phase4_step_8995_LIVE,Phrase 2: Quantum computing is...,7,15, intersect,0.5707811117172241
phase4_step_8995_LIVE,Phrase 2: Quantum computing is...,7,16, mechanics,0.4063505530357361
phase4_step_8995_LIVE,Phrase 2: Quantum computing is...,7,17,no,0.650164008140564
phase4_step_8995_LIVE,Phrase 2: Quantum computing is...,7,18, solve,0.10364176332950592
phase4_step_8995_LIVE,Phrase 2: Quantum computing is...,7,19, problems,0.14548860490322113
phase4_step_8995_LIVE,Phrase 2: Quantum computing is...,7,20, too,0.34207600355148315
phase4_step_8995_LIVE,Phrase 2: Quantum computing is...,7,21, complex,0.4239780604839325
phase4_step_8995_LIVE,Phrase 2: Quantum computing is...,7,22, for,0.35645097494125366
phase4_step_8995_LIVE,Phrase 2: Quantum computing is...,7,23, classical,0.3151140809059143
phase4_step_8995_LIVE,Phrase 2: Quantum computing is...,7,24, computational,0.5102651715278625
phase4_step_8995_LIVE,Phrase 2: Quantum computing is...,7,25,.,0.06897507607936859
phase4_step_8995_LIVE,Phrase 0: The quick brown fox ...,8,0,The,0.0990702360868454
phase4_step_8995_LIVE,Phrase 0: The quick brown fox ...,8,1, reset,0.320507675409317
phase4_step_8995_LIVE,Phrase 0: The quick brown fox ...,8,2, brown,0.29447266459465027
phase4_step_8995_LIVE,Phrase 0: The quick brown fox ...,8,3, fox,0.3596571087837219
phase4_step_8995_LIVE,Phrase 0: The quick brown fox ...,8,4, jumps,0.4988299012184143
phase4_step_8995_LIVE,Phrase 0: The quick brown fox ...,8,5, over,0.1450958102941513
phase4_step_8995_LIVE,Phrase 0: The quick brown fox ...,8,6, the,0.47882333397865295
phase4_step_8995_LIVE,Phrase 0: The quick brown fox ...,8,7,azy,0.2727218270301819
phase4_step_8995_LIVE,Phrase 0: The quick brown fox ...,8,8, dog,0.19599376618862152
phase4_step_8995_LIVE,Phrase 0: The quick brown fox ...,8,9,1,0.4988290071487427
phase4_step_8995_LIVE,"Phrase 1: Мама мыла раму, а па...",8,0,М,0.5120296478271484
phase4_step_8995_LIVE,"Phrase 1: Мама мыла раму, а па...",8,1,ам,0.23810644447803497
phase4_step_8995_LIVE,"Phrase 1: Мама мыла раму, а па...",8,2,а,0.28816160559654236
phase4_step_8995_LIVE,"Phrase 1: Мама мыла раму, а па...",8,3, мы,0.43451812863349915
phase4_step_8995_LIVE,"Phrase 1: Мама мыла раму, а па...",8,4,л,0.6241997480392456
phase4_step_8995_LIVE,"Phrase 1: Мама мыла раму, а па...",8,5, рам,0.41308656334877014
phase4_step_8995_LIVE,"Phrase 1: Мама мыла раму, а па...",8,6,у,0.2861352860927582
phase4_step_8995_LIVE,"Phrase 1: Мама мыла раму, а па...",8,7, data,1.0352349281311035
phase4_step_8995_LIVE,"Phrase 1: Мама мыла раму, а па...",8,8, а,0.1129203736782074
phase4_step_8995_LIVE,"Phrase 1: Мама мыла раму, а па...",8,9, п,0.5982662439346313
phase4_step_8995_LIVE,"Phrase 1: Мама мыла раму, а па...",8,10,аст,0.9729326963424683
phase4_step_8995_LIVE,"Phrase 1: Мама мыла раму, а па...",8,11,а,0.254483699798584
phase4_step_8995_LIVE,"Phrase 1: Мама мыла раму, а па...",8,12, ч,0.45620787143707275
phase4_step_8995_LIVE,"Phrase 1: Мама мыла раму, а па...",8,13,ин,0.21933574974536896
phase4_step_8995_LIVE,"Phrase 1: Мама мыла раму, а па...",8,14,ил,0.5716547966003418
phase4_step_8995_LIVE,"Phrase 1: Мама мыла раму, а па...",8,15, т,0.5845822691917419
phase4_step_8995_LIVE,"Phrase 1: Мама мыла раму, а па...",8,16,ел,0.13673000037670135
phase4_step_8995_LIVE,"Phrase 1: Мама мыла раму, а па...",8,17,ев,0.13811008632183075
phase4_step_8995_LIVE,"Phrase 1: Мама мыла раму, а па...",8,18,из,0.5942386984825134
phase4_step_8995_LIVE,"Phrase 1: Мама мыла раму, а па...",8,19,ор,0.6220715045928955
phase4_step_8995_LIVE,"Phrase 1: Мама мыла раму, а па...",8,20,.,0.5607306957244873
phase4_step_8995_LIVE,Phrase 2: Quantum computing is...,8,0, nan,0.7751824855804443
phase4_step_8995_LIVE,Phrase 2: Quantum computing is...,8,1,um,0.4073896110057831
phase4_step_8995_LIVE,Phrase 2: Quantum computing is...,8,2, computing,0.17807325720787048
phase4_step_8995_LIVE,Phrase 2: Quantum computing is...,8,3, is,0.06490001082420349
phase4_step_8995_LIVE,Phrase 2: Quantum computing is...,8,4, in,0.9665481448173523
phase4_step_8995_LIVE,Phrase 2: Quantum computing is...,8,5, rapidly,0.453962504863739
phase4_step_8995_LIVE,Phrase 2: Quantum computing is...,8,6,-em,0.22950036823749542
phase4_step_8995_LIVE,Phrase 2: Quantum computing is...,8,7,ening,0.6820595264434814
phase4_step_8995_LIVE,Phrase 2: Quantum computing is...,8,8, technology,0.5781674981117249
phase4_step_8995_LIVE,Phrase 2: Quantum computing is...,8,9,",",0.9872754812240601
phase4_step_8995_LIVE,Phrase 2: Quantum computing is...,8,10, harness,0.40263867378234863
phase4_step_8995_LIVE,Phrase 2: Quantum computing is...,8,11,s,0.5904402136802673
phase4_step_8995_LIVE,Phrase 2: Quantum computing is...,8,12, co,0.4796140789985657
phase4_step_8995_LIVE,Phrase 2: Quantum computing is...,8,13, events,0.44074589014053345
phase4_step_8995_LIVE,Phrase 2: Quantum computing is...,8,14, of,0.2652027904987335
phase4_step_8995_LIVE,Phrase 2: Quantum computing is...,8,15, intersect,0.5651618838310242
phase4_step_8995_LIVE,Phrase 2: Quantum computing is...,8,16, mechanics,0.4049169421195984
phase4_step_8995_LIVE,Phrase 2: Quantum computing is...,8,17,iz,0.6143650412559509
phase4_step_8995_LIVE,Phrase 2: Quantum computing is...,8,18, solve,0.10940913110971451
phase4_step_8995_LIVE,Phrase 2: Quantum computing is...,8,19, problems,0.15872061252593994
phase4_step_8995_LIVE,Phrase 2: Quantum computing is...,8,20, too,0.34257078170776367
phase4_step_8995_LIVE,Phrase 2: Quantum computing is...,8,21, complex,0.417306512594223
phase4_step_8995_LIVE,Phrase 2: Quantum computing is...,8,22, for,0.3347358703613281
phase4_step_8995_LIVE,Phrase 2: Quantum computing is...,8,23, classical,0.32230591773986816
phase4_step_8995_LIVE,Phrase 2: Quantum computing is...,8,24, computational,0.502700924873352
phase4_step_8995_LIVE,Phrase 2: Quantum computing is...,8,25,.,0.06508022546768188
phase4_step_8995_LIVE,Phrase 0: The quick brown fox ...,9,0,The,0.10322891175746918
phase4_step_8995_LIVE,Phrase 0: The quick brown fox ...,9,1, easy,0.3314563035964966
phase4_step_8995_LIVE,Phrase 0: The quick brown fox ...,9,2, brown,0.3055238425731659
phase4_step_8995_LIVE,Phrase 0: The quick brown fox ...,9,3, fox,0.3653312027454376
phase4_step_8995_LIVE,Phrase 0: The quick brown fox ...,9,4, jumps,0.49530962109565735
phase4_step_8995_LIVE,Phrase 0: The quick brown fox ...,9,5, over,0.15670564770698547
phase4_step_8995_LIVE,Phrase 0: The quick brown fox ...,9,6, the,0.45033732056617737
phase4_step_8995_LIVE,Phrase 0: The quick brown fox ...,9,7,azy,0.28736382722854614
phase4_step_8995_LIVE,Phrase 0: The quick brown fox ...,9,8, dog,0.21430563926696777
phase4_step_8995_LIVE,Phrase 0: The quick brown fox ...,9,9,1,0.469319611787796
phase4_step_8995_LIVE,"Phrase 1: Мама мыла раму, а па...",9,0,М,0.4937789738178253
phase4_step_8995_LIVE,"Phrase 1: Мама мыла раму, а па...",9,1,ам,0.2324024736881256
phase4_step_8995_LIVE,"Phrase 1: Мама мыла раму, а па...",9,2,а,0.2722102105617523
phase4_step_8995_LIVE,"Phrase 1: Мама мыла раму, а па...",9,3, мы,0.42538216710090637
phase4_step_8995_LIVE,"Phrase 1: Мама мыла раму, а па...",9,4,л,0.6066557168960571
phase4_step_8995_LIVE,"Phrase 1: Мама мыла раму, а па...",9,5, рам,0.4116368889808655
phase4_step_8995_LIVE,"Phrase 1: Мама мыла раму, а па...",9,6,у,0.2725912630558014
phase4_step_8995_LIVE,"Phrase 1: Мама мыла раму, а па...",9,7, data,1.0415289402008057
phase4_step_8995_LIVE,"Phrase 1: Мама мыла раму, а па...",9,8, а,0.11903250217437744
phase4_step_8995_LIVE,"Phrase 1: Мама мыла раму, а па...",9,9, п,0.5750208497047424
phase4_step_8995_LIVE,"Phrase 1: Мама мыла раму, а па...",9,10,аст,0.9692510962486267
phase4_step_8995_LIVE,"Phrase 1: Мама мыла раму, а па...",9,11,а,0.24082572758197784
phase4_step_8995_LIVE,"Phrase 1: Мама мыла раму, а па...",9,12, ч,0.4449511766433716
phase4_step_8995_LIVE,"Phrase 1: Мама мыла раму, а па...",9,13,ин,0.2149997055530548
phase4_step_8995_LIVE,"Phrase 1: Мама мыла раму, а па...",9,14,ил,0.5526747107505798
phase4_step_8995_LIVE,"Phrase 1: Мама мыла раму, а па...",9,15, т,0.5614340901374817
phase4_step_8995_LIVE,"Phrase 1: Мама мыла раму, а па...",9,16,ел,0.14702972769737244
phase4_step_8995_LIVE,"Phrase 1: Мама мыла раму, а па...",9,17,ев,0.1484384387731552
phase4_step_8995_LIVE,"Phrase 1: Мама мыла раму, а па...",9,18,из,0.5770459175109863
phase4_step_8995_LIVE,"Phrase 1: Мама мыла раму, а па...",9,19,ор,0.5963525772094727
phase4_step_8995_LIVE,"Phrase 1: Мама мыла раму, а па...",9,20,.,0.5281569361686707
phase4_step_8995_LIVE,Phrase 2: Quantum computing is...,9,0, nan,0.7686439752578735
phase4_step_8995_LIVE,Phrase 2: Quantum computing is...,9,1,um,0.4075584411621094
phase4_step_8995_LIVE,Phrase 2: Quantum computing is...,9,2, computing,0.19361558556556702
phase4_step_8995_LIVE,Phrase 2: Quantum computing is...,9,3, is,0.06129217520356178
phase4_step_8995_LIVE,Phrase 2: Quantum computing is...,9,4, in,0.96338951587677
phase4_step_8995_LIVE,Phrase 2: Quantum computing is...,9,5, rapidly,0.45099738240242004
phase4_step_8995_LIVE,Phrase 2: Quantum computing is...,9,6,-em,0.2403663694858551
phase4_step_8995_LIVE,Phrase 2: Quantum computing is...,9,7,ening,0.6758233904838562
phase4_step_8995_LIVE,Phrase 2: Quantum computing is...,9,8, technology,0.571541428565979
phase4_step_8995_LIVE,Phrase 2: Quantum computing is...,9,9,",",0.9848390221595764
phase4_step_8995_LIVE,Phrase 2: Quantum computing is...,9,10, harness,0.4051068127155304
phase4_step_8995_LIVE,Phrase 2: Quantum computing is...,9,11,s,0.578602135181427
phase4_step_8995_LIVE,Phrase 2: Quantum computing is...,9,12, co,0.45110973715782166
phase4_step_8995_LIVE,Phrase 2: Quantum computing is...,9,13, laws,0.4393623471260071
phase4_step_8995_LIVE,Phrase 2: Quantum computing is...,9,14, of,0.24901288747787476
phase4_step_8995_LIVE,Phrase 2: Quantum computing is...,9,15, intersect,0.5610951781272888
phase4_step_8995_LIVE,Phrase 2: Quantum computing is...,9,16, mechanics,0.405068039894104
phase4_step_8995_LIVE,Phrase 2: Quantum computing is...,9,17,2,0.5797930955886841
phase4_step_8995_LIVE,Phrase 2: Quantum computing is...,9,18, solve,0.11563266813755035
phase4_step_8995_LIVE,Phrase 2: Quantum computing is...,9,19, problem,0.17189763486385345
phase4_step_8995_LIVE,Phrase 2: Quantum computing is...,9,20, too,0.3448021709918976
phase4_step_8995_LIVE,Phrase 2: Quantum computing is...,9,21, complex,0.4123585820198059
phase4_step_8995_LIVE,Phrase 2: Quantum computing is...,9,22, for,0.3143385052680969
phase4_step_8995_LIVE,Phrase 2: Quantum computing is...,9,23, classical,0.3308454751968384
phase4_step_8995_LIVE,Phrase 2: Quantum computing is...,9,24, computational,0.49679452180862427
phase4_step_8995_LIVE,Phrase 2: Quantum computing is...,9,25,.,0.06149866804480553
phase4_step_8995_LIVE,Phrase 0: The quick brown fox ...,10,0,The,0.10774309188127518
phase4_step_8995_LIVE,Phrase 0: The quick brown fox ...,10,1, easy,0.34321850538253784
phase4_step_8995_LIVE,Phrase 0: The quick brown fox ...,10,2, brown,0.3173169791698456
phase4_step_8995_LIVE,Phrase 0: The quick brown fox ...,10,3, fox,0.37221068143844604
phase4_step_8995_LIVE,Phrase 0: The quick brown fox ...,10,4, jumps,0.49324557185173035
phase4_step_8995_LIVE,Phrase 0: The quick brown fox ...,10,5, over,0.16820299625396729
phase4_step_8995_LIVE,Phrase 0: The quick brown fox ...,10,6, the,0.42339441180229187
phase4_step_8995_LIVE,Phrase 0: The quick brown fox ...,10,7,azy,0.30233249068260193
phase4_step_8995_LIVE,Phrase 0: The quick brown fox ...,10,8, dog,0.23213371634483337
phase4_step_8995_LIVE,Phrase 0: The quick brown fox ...,10,9,.,0.4413556754589081
phase4_step_8995_LIVE,"Phrase 1: Мама мыла раму, а па...",10,0,М,0.4773070216178894
phase4_step_8995_LIVE,"Phrase 1: Мама мыла раму, а па...",10,1,ам,0.2280408889055252
phase4_step_8995_LIVE,"Phrase 1: Мама мыла раму, а па...",10,2,а,0.2574905753135681
phase4_step_8995_LIVE,"Phrase 1: Мама мыла раму, а па...",10,3, мы,0.41790351271629333
phase4_step_8995_LIVE,"Phrase 1: Мама мыла раму, а па...",10,4,л,0.59068363904953
phase4_step_8995_LIVE,"Phrase 1: Мама мыла раму, а па...",10,5, рам,0.41171926259994507
phase4_step_8995_LIVE,"Phrase 1: Мама мыла раму, а па...",10,6,у,0.26018667221069336
phase4_step_8995_LIVE,"Phrase 1: Мама мыла раму, а па...",10,7, data,1.047471523284912
phase4_step_8995_LIVE,"Phrase 1: Мама мыла раму, а па...",10,8, а,0.12541642785072327
phase4_step_8995_LIVE,"Phrase 1: Мама мыла раму, а па...",10,9, п,0.5534054040908813
phase4_step_8995_LIVE,"Phrase 1: Мама мыла раму, а па...",10,10,аст,0.965908944606781
phase4_step_8995_LIVE,"Phrase 1: Мама мыла раму, а па...",10,11,а,0.22828947007656097
phase4_step_8995_LIVE,"Phrase 1: Мама мыла раму, а па...",10,12, ч,0.4354211688041687
phase4_step_8995_LIVE,"Phrase 1: Мама мыла раму, а па...",10,13,ин,0.21178239583969116
phase4_step_8995_LIVE,"Phrase 1: Мама мыла раму, а па...",10,14,ил,0.5352148413658142
phase4_step_8995_LIVE,"Phrase 1: Мама мыла раму, а па...",10,15, т,0.53995680809021
phase4_step_8995_LIVE,"Phrase 1: Мама мыла раму, а па...",10,16,ел,0.15733197331428528
phase4_step_8995_LIVE,"Phrase 1: Мама мыла раму, а па...",10,17,ев,0.15870122611522675
phase4_step_8995_LIVE,"Phrase 1: Мама мыла раму, а па...",10,18,из,0.5615382790565491
phase4_step_8995_LIVE,"Phrase 1: Мама мыла раму, а па...",10,19,ор,0.572035551071167
phase4_step_8995_LIVE,"Phrase 1: Мама мыла раму, а па...",10,20,.,0.4970829486846924
phase4_step_8995_LIVE,Phrase 2: Quantum computing is...,10,0, nan,0.763090193271637
phase4_step_8995_LIVE,Phrase 2: Quantum computing is...,10,1,um,0.40929245948791504
phase4_step_8995_LIVE,Phrase 2: Quantum computing is...,10,2, computing,0.20880280435085297
phase4_step_8995_LIVE,Phrase 2: Quantum computing is...,10,3, is,0.05796990916132927
phase4_step_8995_LIVE,Phrase 2: Quantum computing is...,10,4, for,0.960399329662323
phase4_step_8995_LIVE,Phrase 2: Quantum computing is...,10,5, rapidly,0.4494946599006653
phase4_step_8995_LIVE,Phrase 2: Quantum computing is...,10,6,-em,0.25205516815185547
phase4_step_8995_LIVE,Phrase 2: Quantum computing is...,10,7,ирование,0.6708065271377563
phase4_step_8995_LIVE,Phrase 2: Quantum computing is...,10,8, technology,0.5664142370223999
phase4_step_8995_LIVE,Phrase 2: Quantum computing is...,10,9,",",0.9825273156166077
phase4_step_8995_LIVE,Phrase 2: Quantum computing is...,10,10, harness,0.4089828431606293
phase4_step_8995_LIVE,Phrase 2: Quantum computing is...,10,11,s,0.5692102313041687
phase4_step_8995_LIVE,Phrase 2: Quantum computing is...,10,12, the,0.42414557933807373
phase4_step_8995_LIVE,Phrase 2: Quantum computing is...,10,13, laws,0.439597487449646
phase4_step_8995_LIVE,Phrase 2: Quantum computing is...,10,14, of,0.23381921648979187
phase4_step_8995_LIVE,Phrase 2: Quantum computing is...,10,15, urban,0.5584267973899841
phase4_step_8995_LIVE,Phrase 2: Quantum computing is...,10,16, mechanics,0.4065709412097931
phase4_step_8995_LIVE,Phrase 2: Quantum computing is...,10,17,2,0.5465784072875977
phase4_step_8995_LIVE,Phrase 2: Quantum computing is...,10,18, solve,0.12208975851535797
phase4_step_8995_LIVE,Phrase 2: Quantum computing is...,10,19, problem,0.18481501936912537
phase4_step_8995_LIVE,Phrase 2: Quantum computing is...,10,20, too,0.34846675395965576
phase4_step_8995_LIVE,Phrase 2: Quantum computing is...,10,21, complex,0.4089449942111969
phase4_step_8995_LIVE,Phrase 2: Quantum computing is...,10,22, for,0.2951928675174713
phase4_step_8995_LIVE,Phrase 2: Quantum computing is...,10,23, classical,0.3403733968734741
phase4_step_8995_LIVE,Phrase 2: Quantum computing is...,10,24, computational,0.4923860430717468
phase4_step_8995_LIVE,Phrase 2: Quantum computing is...,10,25,.,0.058212678879499435
phase4_step_8995_LIVE,Phrase 0: The quick brown fox ...,11,0,The,0.11246635764837265
phase4_step_8995_LIVE,Phrase 0: The quick brown fox ...,11,1, easy,0.3554830551147461
phase4_step_8995_LIVE,Phrase 0: The quick brown fox ...,11,2, brown,0.3295765817165375
phase4_step_8995_LIVE,Phrase 0: The quick brown fox ...,11,3, fox,0.38001197576522827
phase4_step_8995_LIVE,Phrase 0: The quick brown fox ...,11,4, jumps,0.4924600422382355
phase4_step_8995_LIVE,Phrase 0: The quick brown fox ...,11,5, over,0.17944841086864471
phase4_step_8995_LIVE,Phrase 0: The quick brown fox ...,11,6, the,0.3979661464691162
phase4_step_8995_LIVE,Phrase 0: The quick brown fox ...,11,7, lazy,0.31736135482788086
phase4_step_8995_LIVE,Phrase 0: The quick brown fox ...,11,8, dog,0.24937361478805542
phase4_step_8995_LIVE,Phrase 0: The quick brown fox ...,11,9,.,0.41492071747779846
phase4_step_8995_LIVE,"Phrase 1: Мама мыла раму, а па...",11,0,М,0.4625585377216339
phase4_step_8995_LIVE,"Phrase 1: Мама мыла раму, а па...",11,1,ам,0.22489303350448608
phase4_step_8995_LIVE,"Phrase 1: Мама мыла раму, а па...",11,2,а,0.24394504725933075
phase4_step_8995_LIVE,"Phrase 1: Мама мыла раму, а па...",11,3, мы,0.41193199157714844
phase4_step_8995_LIVE,"Phrase 1: Мама мыла раму, а па...",11,4,л,0.5762549638748169
phase4_step_8995_LIVE,"Phrase 1: Мама мыла раму, а па...",11,5, рам,0.4131085276603699
phase4_step_8995_LIVE,"Phrase 1: Мама мыла раму, а па...",11,6,у,0.24885287880897522
phase4_step_8995_LIVE,"Phrase 1: Мама мыла раму, а па...",11,7, data,1.0530563592910767
phase4_step_8995_LIVE,"Phrase 1: Мама мыла раму, а па...",11,8, а,0.13192886114120483
phase4_step_8995_LIVE,"Phrase 1: Мама мыла раму, а па...",11,9, п,0.5334391593933105
phase4_step_8995_LIVE,"Phrase 1: Мама мыла раму, а па...",11,10,аст,0.9628633260726929
phase4_step_8995_LIVE,"Phrase 1: Мама мыла раму, а па...",11,11,а,0.21682199835777283
phase4_step_8995_LIVE,"Phrase 1: Мама мыла раму, а па...",11,12, ч,0.42748600244522095
phase4_step_8995_LIVE,"Phrase 1: Мама мыла раму, а па...",11,13,ин,0.2095600664615631
phase4_step_8995_LIVE,"Phrase 1: Мама мыла раму, а па...",11,14,ил,0.5192467570304871
phase4_step_8995_LIVE,"Phrase 1: Мама мыла раму, а па...",11,15, т,0.5201510787010193
phase4_step_8995_LIVE,"Phrase 1: Мама мыла раму, а па...",11,16,ел,0.16749727725982666
phase4_step_8995_LIVE,"Phrase 1: Мама мыла раму, а па...",11,17,ев,0.16876325011253357
phase4_step_8995_LIVE,"Phrase 1: Мама мыла раму, а па...",11,18,из,0.5476702451705933
phase4_step_8995_LIVE,"Phrase 1: Мама мыла раму, а па...",11,19,ор,0.5491570234298706
phase4_step_8995_LIVE,"Phrase 1: Мама мыла раму, а па...",11,20,.,0.46754923462867737
phase4_step_8995_LIVE,Phrase 2: Quantum computing is...,11,0, nan,0.7584421634674072
phase4_step_8995_LIVE,Phrase 2: Quantum computing is...,11,1,um,0.41234835982322693
phase4_step_8995_LIVE,Phrase 2: Quantum computing is...,11,2, computing,0.22352483868598938
phase4_step_8995_LIVE,Phrase 2: Quantum computing is...,11,3, is,0.05491606891155243
phase4_step_8995_LIVE,Phrase 2: Quantum computing is...,11,4, for,0.9575854539871216
phase4_step_8995_LIVE,Phrase 2: Quantum computing is...,11,5, rapidly,0.4492548406124115
phase4_step_8995_LIVE,Phrase 2: Quantum computing is...,11,6,-em,0.26424020528793335
phase4_step_8995_LIVE,Phrase 2: Quantum computing is...,11,7,ирование,0.6669125556945801
phase4_step_8995_LIVE,Phrase 2: Quantum computing is...,11,8, technology,0.5626360774040222
phase4_step_8995_LIVE,Phrase 2: Quantum computing is...,11,9,",",0.9803439974784851
phase4_step_8995_LIVE,Phrase 2: Quantum computing is...,11,10, harness,0.41400718688964844
phase4_step_8995_LIVE,Phrase 2: Quantum computing is...,11,11,s,0.5621256232261658
phase4_step_8995_LIVE,Phrase 2: Quantum computing is...,11,12, the,0.39869236946105957
phase4_step_8995_LIVE,Phrase 2: Quantum computing is...,11,13, laws,0.44120755791664124
phase4_step_8995_LIVE,Phrase 2: Quantum computing is...,11,14, of,0.2195635735988617
phase4_step_8995_LIVE,Phrase 2: Quantum computing is...,11,15, quantum,0.5570028424263
phase4_step_8995_LIVE,Phrase 2: Quantum computing is...,11,16, mechanics,0.40921005606651306
phase4_step_8995_LIVE,Phrase 2: Quantum computing is...,11,17,2,0.5148158669471741
phase4_step_8995_LIVE,Phrase 2: Quantum computing is...,11,18, solve,0.12862206995487213
phase4_step_8995_LIVE,Phrase 2: Quantum computing is...,11,19, problem,0.19734802842140198
phase4_step_8995_LIVE,Phrase 2: Quantum computing is...,11,20, too,0.35328537225723267
phase4_step_8995_LIVE,Phrase 2: Quantum computing is...,11,21, complex,0.40687912702560425
phase4_step_8995_LIVE,Phrase 2: Quantum computing is...,11,22, for,0.2772338390350342
phase4_step_8995_LIVE,Phrase 2: Quantum computing is...,11,23, classical,0.3505891263484955
phase4_step_8995_LIVE,Phrase 2: Quantum computing is...,11,24, computational,0.4893132150173187
phase4_step_8995_LIVE,Phrase 2: Quantum computing is...,11,25,.,0.05520906299352646
phase4_step_8995_LIVE,Phrase 0: The quick brown fox ...,12,0,The,0.1172851175069809
phase4_step_8995_LIVE,Phrase 0: The quick brown fox ...,12,1, easy,0.36800768971443176
phase4_step_8995_LIVE,Phrase 0: The quick brown fox ...,12,2, brown,0.34208884835243225
phase4_step_8995_LIVE,Phrase 0: The quick brown fox ...,12,3, fox,0.3884938657283783
phase4_step_8995_LIVE,Phrase 0: The quick brown fox ...,12,4, jumps,0.4927825331687927
phase4_step_8995_LIVE,Phrase 0: The quick brown fox ...,12,5, over,0.19035568833351135
phase4_step_8995_LIVE,Phrase 0: The quick brown fox ...,12,6, the,0.3740082383155823
phase4_step_8995_LIVE,Phrase 0: The quick brown fox ...,12,7, lazy,0.3322601020336151
phase4_step_8995_LIVE,Phrase 0: The quick brown fox ...,12,8, dog,0.26597005128860474
phase4_step_8995_LIVE,Phrase 0: The quick brown fox ...,12,9,.,0.3899785876274109
phase4_step_8995_LIVE,"Phrase 1: Мама мыла раму, а па...",12,0,М,0.44946345686912537
phase4_step_8995_LIVE,"Phrase 1: Мама мыла раму, а па...",12,1,ам,0.22282807528972626
phase4_step_8995_LIVE,"Phrase 1: Мама мыла раму, а па...",12,2,а,0.23151962459087372
phase4_step_8995_LIVE,"Phrase 1: Мама мыла раму, а па...",12,3, мы,0.4073173999786377
phase4_step_8995_LIVE,"Phrase 1: Мама мыла раму, а па...",12,4,л,0.563319742679596
phase4_step_8995_LIVE,"Phrase 1: Мама мыла раму, а па...",12,5, рам,0.41559430956840515
phase4_step_8995_LIVE,"Phrase 1: Мама мыла раму, а па...",12,6,у,0.238522469997406
phase4_step_8995_LIVE,"Phrase 1: Мама мыла раму, а па...",12,7, approximate,1.058282494544983
phase4_step_8995_LIVE,"Phrase 1: Мама мыла раму, а па...",12,8, а,0.13846783339977264
phase4_step_8995_LIVE,"Phrase 1: Мама мыла раму, а па...",12,9, п,0.5151113867759705
phase4_step_8995_LIVE,"Phrase 1: Мама мыла раму, а па...",12,10,аст,0.9600832462310791
phase4_step_8995_LIVE,"Phrase 1: Мама мыла раму, а па...",12,11,а,0.20637193322181702
phase4_step_8995_LIVE,"Phrase 1: Мама мыла раму, а па...",12,12, ч,0.4210081696510315
phase4_step_8995_LIVE,"Phrase 1: Мама мыла раму, а па...",12,13,ин,0.2082119733095169
phase4_step_8995_LIVE,"Phrase 1: Мама мыла раму, а па...",12,14,ил,0.5047222971916199
phase4_step_8995_LIVE,"Phrase 1: Мама мыла раму, а па...",12,15, т,0.5019934177398682
phase4_step_8995_LIVE,"Phrase 1: Мама мыла раму, а па...",12,16,ел,0.17743757367134094
phase4_step_8995_LIVE,"Phrase 1: Мама мыла раму, а па...",12,17,ев,0.1785396784543991
phase4_step_8995_LIVE,"Phrase 1: Мама мыла раму, а па...",12,18,из,0.5353773236274719
phase4_step_8995_LIVE,"Phrase 1: Мама мыла раму, а па...",12,19,ор,0.5277273654937744
phase4_step_8995_LIVE,"Phrase 1: Мама мыла раму, а па...",12,20,.,0.43956470489501953
phase4_step_8995_LIVE,Phrase 2: Quantum computing is...,12,0, nan,0.7546237111091614
phase4_step_8995_LIVE,Phrase 2: Quantum computing is...,12,1,um,0.4164997339248657
phase4_step_8995_LIVE,Phrase 2: Quantum computing is...,12,2, computing,0.23772020637989044
phase4_step_8995_LIVE,Phrase 2: Quantum computing is...,12,3, is,0.05211732164025307
phase4_step_8995_LIVE,Phrase 2: Quantum computing is...,12,4, for,0.9549514055252075
phase4_step_8995_LIVE,Phrase 2: Quantum computing is...,12,5, rapidly,0.45009109377861023
phase4_step_8995_LIVE,Phrase 2: Quantum computing is...,12,6,-em,0.2766735255718231
phase4_step_8995_LIVE,Phrase 2: Quantum computing is...,12,7,ирование,0.6640397906303406
phase4_step_8995_LIVE,Phrase 2: Quantum computing is...,12,8, technology,0.5600573420524597
phase4_step_8995_LIVE,Phrase 2: Quantum computing is...,12,9,",",0.9782909750938416
phase4_step_8995_LIVE,Phrase 2: Quantum computing is...,12,10, harness,0.4199483096599579
phase4_step_8995_LIVE,Phrase 2: Quantum computing is...,12,11,s,0.5571750998497009
phase4_step_8995_LIVE,Phrase 2: Quantum computing is...,12,12, the,0.3747055232524872
phase4_step_8995_LIVE,Phrase 2: Quantum computing is...,12,13, objects,0.4439670741558075
phase4_step_8995_LIVE,Phrase 2: Quantum computing is...,12,14, of,0.20619185268878937
phase4_step_8995_LIVE,Phrase 2: Quantum computing is...,12,15, quantum,0.5566741824150085
phase4_step_8995_LIVE,Phrase 2: Quantum computing is...,12,16, mechanics,0.4127916395664215
phase4_step_8995_LIVE,Phrase 2: Quantum computing is...,12,17, to,0.4845638573169708
phase4_step_8995_LIVE,Phrase 2: Quantum computing is...,12,18, solve,0.1351182758808136
phase4_step_8995_LIVE,Phrase 2: Quantum computing is...,12,19, problem,0.20942315459251404
phase4_step_8995_LIVE,Phrase 2: Quantum computing is...,12,20, too,0.35900944471359253
phase4_step_8995_LIVE,Phrase 2: Quantum computing is...,12,21, complex,0.40598201751708984
phase4_step_8995_LIVE,Phrase 2: Quantum computing is...,12,22, for,0.26039808988571167
phase4_step_8995_LIVE,Phrase 2: Quantum computing is...,12,23, classical,0.3612489700317383
phase4_step_8995_LIVE,Phrase 2: Quantum computing is...,12,24, computational,0.48741665482521057
phase4_step_8995_LIVE,Phrase 2: Quantum computing is...,12,25,.,0.05247156322002411
phase4_step_8995_LIVE,Phrase 0: The quick brown fox ...,13,0,The,0.12211703509092331
phase4_step_8995_LIVE,Phrase 0: The quick brown fox ...,13,1, easy,0.3806077539920807
phase4_step_8995_LIVE,Phrase 0: The quick brown fox ...,13,2, brown,0.3546895980834961
phase4_step_8995_LIVE,Phrase 0: The quick brown fox ...,13,3, fox,0.39745551347732544
phase4_step_8995_LIVE,Phrase 0: The quick brown fox ...,13,4, jumps,0.49405381083488464
phase4_step_8995_LIVE,Phrase 0: The quick brown fox ...,13,5, over,0.20087546110153198
phase4_step_8995_LIVE,Phrase 0: The quick brown fox ...,13,6, the,0.3514659106731415
phase4_step_8995_LIVE,Phrase 0: The quick brown fox ...,13,7, lazy,0.34689608216285706
phase4_step_8995_LIVE,Phrase 0: The quick brown fox ...,13,8, dog,0.2819003164768219
phase4_step_8995_LIVE,Phrase 0: The quick brown fox ...,13,9,.,0.36647990345954895
phase4_step_8995_LIVE,"Phrase 1: Мама мыла раму, а па...",13,0,М,0.43794167041778564
phase4_step_8995_LIVE,"Phrase 1: Мама мыла раму, а па...",13,1,ам,0.22171621024608612
phase4_step_8995_LIVE,"Phrase 1: Мама мыла раму, а па...",13,2,а,0.22016112506389618
phase4_step_8995_LIVE,"Phrase 1: Мама мыла раму, а па...",13,3, мы,0.40391167998313904
phase4_step_8995_LIVE,"Phrase 1: Мама мыла раму, а па...",13,4,ла,0.5518112182617188
phase4_step_8995_LIVE,"Phrase 1: Мама мыла раму, а па...",13,5, рам,0.4189857244491577
phase4_step_8995_LIVE,"Phrase 1: Мама мыла раму, а па...",13,6,у,0.22912926971912384
phase4_step_8995_LIVE,"Phrase 1: Мама мыла раму, а па...",13,7, approximate,1.0631532669067383
phase4_step_8995_LIVE,"Phrase 1: Мама мыла раму, а па...",13,8, а,0.1449587047100067
phase4_step_8995_LIVE,"Phrase 1: Мама мыла раму, а па...",13,9, п,0.4983878433704376
phase4_step_8995_LIVE,"Phrase 1: Мама мыла раму, а па...",13,10,аст,0.9575445055961609
phase4_step_8995_LIVE,"Phrase 1: Мама мыла раму, а па...",13,11,а,0.1968894898891449
phase4_step_8995_LIVE,"Phrase 1: Мама мыла раму, а па...",13,12, ч,0.41584914922714233
phase4_step_8995_LIVE,"Phrase 1: Мама мыла раму, а па...",13,13,ин,0.20762117207050323
phase4_step_8995_LIVE,"Phrase 1: Мама мыла раму, а па...",13,14,ил,0.49157923460006714
phase4_step_8995_LIVE,"Phrase 1: Мама мыла раму, а па...",13,15, т,0.48544031381607056
phase4_step_8995_LIVE,"Phrase 1: Мама мыла раму, а па...",13,16,ел,0.187099426984787
phase4_step_8995_LIVE,"Phrase 1: Мама мыла раму, а па...",13,17,ев,0.18798105418682098
phase4_step_8995_LIVE,"Phrase 1: Мама мыла раму, а па...",13,18,из,0.524581253528595
phase4_step_8995_LIVE,"Phrase 1: Мама мыла раму, а па...",13,19,ор,0.507735013961792
phase4_step_8995_LIVE,"Phrase 1: Мама мыла раму, а па...",13,20,.,0.4131125211715698
phase4_step_8995_LIVE,Phrase 2: Quantum computing is...,13,0,chem,0.7515608072280884
phase4_step_8995_LIVE,Phrase 2: Quantum computing is...,13,1,um,0.4215405583381653
phase4_step_8995_LIVE,Phrase 2: Quantum computing is...,13,2, computing,0.25135794281959534
phase4_step_8995_LIVE,Phrase 2: Quantum computing is...,13,3, is,0.049562059342861176
phase4_step_8995_LIVE,Phrase 2: Quantum computing is...,13,4, as,0.9524973034858704
phase4_step_8995_LIVE,Phrase 2: Quantum computing is...,13,5, rapidly,0.45183151960372925
phase4_step_8995_LIVE,Phrase 2: Quantum computing is...,13,6,-em,0.28916969895362854
phase4_step_8995_LIVE,Phrase 2: Quantum computing is...,13,7,ирование,0.6620858907699585
phase4_step_8995_LIVE,Phrase 2: Quantum computing is...,13,8, technology,0.5585333704948425
phase4_step_8995_LIVE,Phrase 2: Quantum computing is...,13,9,",",0.9763684272766113
phase4_step_8995_LIVE,Phrase 2: Quantum computing is...,13,10, harness,0.4266040027141571
phase4_step_8995_LIVE,Phrase 2: Quantum computing is...,13,11,s,0.5541641116142273
phase4_step_8995_LIVE,Phrase 2: Quantum computing is...,13,12, the,0.35212934017181396
phase4_step_8995_LIVE,Phrase 2: Quantum computing is...,13,13, objects,0.4476708173751831
phase4_step_8995_LIVE,Phrase 2: Quantum computing is...,13,14, of,0.19365248084068298
phase4_step_8995_LIVE,Phrase 2: Quantum computing is...,13,15, quantum,0.5572999119758606
phase4_step_8995_LIVE,Phrase 2: Quantum computing is...,13,16, mechanics,0.41714316606521606
phase4_step_8995_LIVE,Phrase 2: Quantum computing is...,13,17, to,0.4558468461036682
phase4_step_8995_LIVE,Phrase 2: Quantum computing is...,13,18, solve,0.14150370657444
phase4_step_8995_LIVE,Phrase 2: Quantum computing is...,13,19, problem,0.2209998071193695
phase4_step_8995_LIVE,Phrase 2: Quantum computing is...,13,20, too,0.36542293429374695
phase4_step_8995_LIVE,Phrase 2: Quantum computing is...,13,21, complex,0.4060858190059662
phase4_step_8995_LIVE,Phrase 2: Quantum computing is...,13,22, for,0.2446245551109314
phase4_step_8995_LIVE,Phrase 2: Quantum computing is...,13,23, classical,0.372158944606781
phase4_step_8995_LIVE,Phrase 2: Quantum computing is...,13,24, computational,0.4865449070930481
phase4_step_8995_LIVE,Phrase 2: Quantum computing is...,13,25,.,0.049984246492385864
phase4_step_8995_LIVE,Phrase 0: The quick brown fox ...,14,0,The,0.12690185010433197
phase4_step_8995_LIVE,Phrase 0: The quick brown fox ...,14,1, easy,0.39314448833465576
phase4_step_8995_LIVE,Phrase 0: The quick brown fox ...,14,2, brown,0.3672558069229126
phase4_step_8995_LIVE,Phrase 0: The quick brown fox ...,14,3, fox,0.40673208236694336
phase4_step_8995_LIVE,Phrase 0: The quick brown fox ...,14,4, jumps,0.49612730741500854
phase4_step_8995_LIVE,Phrase 0: The quick brown fox ...,14,5, over,0.2109816074371338
phase4_step_8995_LIVE,Phrase 0: The quick brown fox ...,14,6, the,0.33027708530426025
phase4_step_8995_LIVE,Phrase 0: The quick brown fox ...,14,7, lazy,0.3611789047718048
phase4_step_8995_LIVE,Phrase 0: The quick brown fox ...,14,8, dog,0.2971605658531189
phase4_step_8995_LIVE,Phrase 0: The quick brown fox ...,14,9,.,0.3443658649921417
phase4_step_8995_LIVE,"Phrase 1: Мама мыла раму, а па...",14,0,М,0.4279044270515442
phase4_step_8995_LIVE,"Phrase 1: Мама мыла раму, а па...",14,1,ам,0.22143161296844482
phase4_step_8995_LIVE,"Phrase 1: Мама мыла раму, а па...",14,2,а,0.20981743931770325
phase4_step_8995_LIVE,"Phrase 1: Мама мыла раму, а па...",14,3, мы,0.4015725553035736
phase4_step_8995_LIVE,"Phrase 1: Мама мыла раму, а па...",14,4,ла,0.5416510105133057
phase4_step_8995_LIVE,"Phrase 1: Мама мыла раму, а па...",14,5, рам,0.42311161756515503
phase4_step_8995_LIVE,"Phrase 1: Мама мыла раму, а па...",14,6,у,0.22060923278331757
phase4_step_8995_LIVE,"Phrase 1: Мама мыла раму, а па...",14,7, approximate,1.0676764249801636
phase4_step_8995_LIVE,"Phrase 1: Мама мыла раму, а па...",14,8, а,0.15135113894939423
phase4_step_8995_LIVE,"Phrase 1: Мама мыла раму, а па...",14,9, п,0.4832145869731903
phase4_step_8995_LIVE,"Phrase 1: Мама мыла раму, а па...",14,10,аст,0.9552276730537415
phase4_step_8995_LIVE,"Phrase 1: Мама мыла раму, а па...",14,11,а,0.18832576274871826
phase4_step_8995_LIVE,"Phrase 1: Мама мыла раму, а па...",14,12, ч,0.41187193989753723
phase4_step_8995_LIVE,"Phrase 1: Мама мыла раму, а па...",14,13,ин,0.2076776772737503
phase4_step_8995_LIVE,"Phrase 1: Мама мыла раму, а па...",14,14,ил,0.47974517941474915
phase4_step_8995_LIVE,"Phrase 1: Мама мыла раму, а па...",14,15, т,0.4704326093196869
phase4_step_8995_LIVE,"Phrase 1: Мама мыла раму, а па...",14,16,ел,0.19645267724990845
phase4_step_8995_LIVE,"Phrase 1: Мама мыла раму, а па...",14,17,ев,0.19705848395824432
phase4_step_8995_LIVE,"Phrase 1: Мама мыла раму, а па...",14,18,из,0.5151936411857605
phase4_step_8995_LIVE,"Phrase 1: Мама мыла раму, а па...",14,19,ор,0.4891507625579834
phase4_step_8995_LIVE,"Phrase 1: Мама мыла раму, а па...",14,20,.,0.388156533241272
phase4_step_8995_LIVE,Phrase 2: Quantum computing is...,14,0, coll,0.749181866645813
phase4_step_8995_LIVE,Phrase 2: Quantum computing is...,14,1,um,0.42728710174560547
phase4_step_8995_LIVE,Phrase 2: Quantum computing is...,14,2, computing,0.26442816853523254
phase4_step_8995_LIVE,Phrase 2: Quantum computing is...,14,3, is,0.047232337296009064
phase4_step_8995_LIVE,Phrase 2: Quantum computing is...,14,4, as,0.9502208828926086
phase4_step_8995_LIVE,Phrase 2: Quantum computing is...,14,5, rapidly,0.4543209671974182
phase4_step_8995_LIVE,Phrase 2: Quantum computing is...,14,6,-em,0.30159297585487366
phase4_step_8995_LIVE,Phrase 2: Quantum computing is...,14,7,ирование,0.6609506011009216
phase4_step_8995_LIVE,Phrase 2: Quantum computing is...,14,8, technology,0.5579273700714111
phase4_step_8995_LIVE,Phrase 2: Quantum computing is...,14,9,",",0.9745747447013855
phase4_step_8995_LIVE,Phrase 2: Quantum computing is...,14,10, harness,0.43380066752433777
phase4_step_8995_LIVE,Phrase 2: Quantum computing is...,14,11,s,0.5528871417045593
phase4_step_8995_LIVE,Phrase 2: Quantum computing is...,14,12, the,0.3309023082256317
phase4_step_8995_LIVE,Phrase 2: Quantum computing is...,14,13, objects,0.452137291431427
phase4_step_8995_LIVE,Phrase 2: Quantum computing is...,14,14, of,0.18189720809459686
phase4_step_8995_LIVE,Phrase 2: Quantum computing is...,14,15, quantum,0.5587494373321533
phase4_step_8995_LIVE,Phrase 2: Quantum computing is...,14,16, mechanics,0.42211413383483887
phase4_step_8995_LIVE,Phrase 2: Quantum computing is...,14,17, to,0.4286609888076782
phase4_step_8995_LIVE,Phrase 2: Quantum computing is...,14,18, solve,0.14772698283195496
phase4_step_8995_LIVE,Phrase 2: Quantum computing is...,14,19, problem,0.2320593297481537
phase4_step_8995_LIVE,Phrase 2: Quantum computing is...,14,20, too,0.3723415732383728
phase4_step_8995_LIVE,Phrase 2: Quantum computing is...,14,21, complex,0.40703654289245605
phase4_step_8995_LIVE,Phrase 2: Quantum computing is...,14,22, for,0.22985486686229706
phase4_step_8995_LIVE,Phrase 2: Quantum computing is...,14,23, classical,0.383167564868927
phase4_step_8995_LIVE,Phrase 2: Quantum computing is...,14,24, computational,0.4865559935569763
phase4_step_8995_LIVE,Phrase 2: Quantum computing is...,14,25,.,0.047734927386045456
phase4_step_8995_LIVE,Phrase 0: The quick brown fox ...,15,0,The,0.13159574568271637
phase4_step_8995_LIVE,Phrase 0: The quick brown fox ...,15,1, easy,0.4055163860321045
phase4_step_8995_LIVE,Phrase 0: The quick brown fox ...,15,2, brown,0.37969598174095154
phase4_step_8995_LIVE,Phrase 0: The quick brown fox ...,15,3, fox,0.4161909520626068
phase4_step_8995_LIVE,Phrase 0: The quick brown fox ...,15,4, jumps,0.49887093901634216
phase4_step_8995_LIVE,Phrase 0: The quick brown fox ...,15,5, over,0.22066441178321838
phase4_step_8995_LIVE,Phrase 0: The quick brown fox ...,15,6, the,0.31037741899490356
phase4_step_8995_LIVE,Phrase 0: The quick brown fox ...,15,7, lazy,0.37504950165748596
phase4_step_8995_LIVE,Phrase 0: The quick brown fox ...,15,8, dog,0.3117610812187195
phase4_step_8995_LIVE,Phrase 0: The quick brown fox ...,15,9,.,0.3235730230808258
phase4_step_8995_LIVE,"Phrase 1: Мама мыла раму, а па...",15,0,М,0.4192582368850708
phase4_step_8995_LIVE,"Phrase 1: Мама мыла раму, а па...",15,1,ам,0.22185592353343964
phase4_step_8995_LIVE,"Phrase 1: Мама мыла раму, а па...",15,2,а,0.2004384696483612
phase4_step_8995_LIVE,"Phrase 1: Мама мыла раму, а па...",15,3, мы,0.40016597509384155
phase4_step_8995_LIVE,"Phrase 1: Мама мыла раму, а па...",15,4,ла,0.532753586769104
phase4_step_8995_LIVE,"Phrase 1: Мама мыла раму, а па...",15,5, рам,0.42782267928123474
phase4_step_8995_LIVE,"Phrase 1: Мама мыла раму, а па...",15,6,у,0.2128995656967163
phase4_step_8995_LIVE,"Phrase 1: Мама мыла раму, а па...",15,7, compute,1.0718621015548706
phase4_step_8995_LIVE,"Phrase 1: Мама мыла раму, а па...",15,8, а,0.1576092392206192
phase4_step_8995_LIVE,"Phrase 1: Мама мыла раму, а па...",15,9, п,0.4695241451263428
phase4_step_8995_LIVE,"Phrase 1: Мама мыла раму, а па...",15,10,аст,0.9531155228614807
phase4_step_8995_LIVE,"Phrase 1: Мама мыла раму, а па...",15,11,а,0.18063226342201233
phase4_step_8995_LIVE,"Phrase 1: Мама мыла раму, а па...",15,12, ч,0.408944308757782
phase4_step_8995_LIVE,"Phrase 1: Мама мыла раму, а па...",15,13,ин,0.20828129351139069
phase4_step_8995_LIVE,"Phrase 1: Мама мыла раму, а па...",15,14,ил,0.4691411554813385
phase4_step_8995_LIVE,"Phrase 1: Мама мыла раму, а па...",15,15, т,0.4568995535373688
phase4_step_8995_LIVE,"Phrase 1: Мама мыла раму, а па...",15,16,ел,0.20548173785209656
phase4_step_8995_LIVE,"Phrase 1: Мама мыла раму, а па...",15,17,ев,0.20576027035713196
phase4_step_8995_LIVE,"Phrase 1: Мама мыла раму, а па...",15,18,из,0.5071207284927368
phase4_step_8995_LIVE,"Phrase 1: Мама мыла раму, а па...",15,19,ор,0.4719320833683014
phase4_step_8995_LIVE,"Phrase 1: Мама мыла раму, а па...",15,20,.,0.36464664340019226
phase4_step_8995_LIVE,Phrase 2: Quantum computing is...,15,0, coll,0.7474186420440674
phase4_step_8995_LIVE,Phrase 2: Quantum computing is...,15,1,um,0.4335792660713196
phase4_step_8995_LIVE,Phrase 2: Quantum computing is...,15,2, computing,0.2769336998462677
phase4_step_8995_LIVE,Phrase 2: Quantum computing is...,15,3, is,0.04512012004852295
phase4_step_8995_LIVE,Phrase 2: Quantum computing is...,15,4, as,0.948117196559906
phase4_step_8995_LIVE,Phrase 2: Quantum computing is...,15,5, rapidly,0.4574214816093445
phase4_step_8995_LIVE,Phrase 2: Quantum computing is...,15,6,-em,0.31384575366973877
phase4_step_8995_LIVE,Phrase 2: Quantum computing is...,15,7,ирование,0.6605381369590759
phase4_step_8995_LIVE,Phrase 2: Quantum computing is...,15,8, technology,0.558112382888794
phase4_step_8995_LIVE,Phrase 2: Quantum computing is...,15,9,",",0.9729071259498596
phase4_step_8995_LIVE,Phrase 2: Quantum computing is...,15,10, harness,0.4413921535015106
phase4_step_8995_LIVE,Phrase 2: Quantum computing is...,15,11,s,0.5531373023986816
phase4_step_8995_LIVE,Phrase 2: Quantum computing is...,15,12, the,0.3109596371650696
phase4_step_8995_LIVE,Phrase 2: Quantum computing is...,15,13, objects,0.45720747113227844
phase4_step_8995_LIVE,Phrase 2: Quantum computing is...,15,14, of,0.1708807349205017
phase4_step_8995_LIVE,Phrase 2: Quantum computing is...,15,15, quantum,0.5609030723571777
phase4_step_8995_LIVE,Phrase 2: Quantum computing is...,15,16, mechanics,0.4275757074356079
phase4_step_8995_LIVE,Phrase 2: Quantum computing is...,15,17, to,0.40297994017601013
phase4_step_8995_LIVE,Phrase 2: Quantum computing is...,15,18, solve,0.15375520288944244
phase4_step_8995_LIVE,Phrase 2: Quantum computing is...,15,19, problem,0.24259787797927856
phase4_step_8995_LIVE,Phrase 2: Quantum computing is...,15,20, too,0.3796118199825287
phase4_step_8995_LIVE,Phrase 2: Quantum computing is...,15,21, complex,0.4086942970752716
phase4_step_8995_LIVE,Phrase 2: Quantum computing is...,15,22, for,0.2160341888666153
phase4_step_8995_LIVE,Phrase 2: Quantum computing is...,15,23, classical,0.3941579759120941
phase4_step_8995_LIVE,Phrase 2: Quantum computing is...,15,24, computational,0.4873194694519043
phase4_step_8995_LIVE,Phrase 2: Quantum computing is...,15,25,.,0.045707862824201584
phase4_step_8995_LIVE,Phrase 0: The quick brown fox ...,16,0,The,0.13617035746574402
phase4_step_8995_LIVE,Phrase 0: The quick brown fox ...,16,1, easy,0.41764965653419495
phase4_step_8995_LIVE,Phrase 0: The quick brown fox ...,16,2, brown,0.39194464683532715
phase4_step_8995_LIVE,Phrase 0: The quick brown fox ...,16,3, fox,0.42572686076164246
phase4_step_8995_LIVE,Phrase 0: The quick brown fox ...,16,4, jumps,0.5021668076515198
phase4_step_8995_LIVE,Phrase 0: The quick brown fox ...,16,5, over,0.22992436587810516
phase4_step_8995_LIVE,Phrase 0: The quick brown fox ...,16,6, the,0.29170113801956177
phase4_step_8995_LIVE,Phrase 0: The quick brown fox ...,16,7, lazy,0.38847121596336365
phase4_step_8995_LIVE,Phrase 0: The quick brown fox ...,16,8, dog,0.32571953535079956
phase4_step_8995_LIVE,Phrase 0: The quick brown fox ...,16,9,.,0.30403539538383484
phase4_step_8995_LIVE,"Phrase 1: Мама мыла раму, а па...",16,0,М,0.4119061231613159
phase4_step_8995_LIVE,"Phrase 1: Мама мыла раму, а па...",16,1,ам,0.22287942469120026
phase4_step_8995_LIVE,"Phrase 1: Мама мыла раму, а па...",16,2,а,0.19197441637516022
phase4_step_8995_LIVE,"Phrase 1: Мама мыла раму, а па...",16,3, мы,0.399567574262619
phase4_step_8995_LIVE,"Phrase 1: Мама мыла раму, а па...",16,4,ла,0.5250290632247925
phase4_step_8995_LIVE,"Phrase 1: Мама мыла раму, а па...",16,5, рам,0.4329897463321686
phase4_step_8995_LIVE,"Phrase 1: Мама мыла раму, а па...",16,6,у,0.20594024658203125
phase4_step_8995_LIVE,"Phrase 1: Мама мыла раму, а па...",16,7, compute,1.0757238864898682
phase4_step_8995_LIVE,"Phrase 1: Мама мыла раму, а па...",16,8, а,0.1637107878923416
phase4_step_8995_LIVE,"Phrase 1: Мама мыла раму, а па...",16,9, п,0.4572390615940094
phase4_step_8995_LIVE,"Phrase 1: Мама мыла раму, а па...",16,10,аст,0.9511927962303162
phase4_step_8995_LIVE,"Phrase 1: Мама мыла раму, а па...",16,11,а,0.17376042902469635
phase4_step_8995_LIVE,"Phrase 1: Мама мыла раму, а па...",16,12, ч,0.40694132447242737
phase4_step_8995_LIVE,"Phrase 1: Мама мыла раму, а па...",16,13,ин,0.2093411535024643
phase4_step_8995_LIVE,"Phrase 1: Мама мыла раму, а па...",16,14,ил,0.45968446135520935
phase4_step_8995_LIVE,"Phrase 1: Мама мыла раму, а па...",16,15, т,0.44476214051246643
phase4_step_8995_LIVE,"Phrase 1: Мама мыла раму, а па...",16,16,ел,0.2141825556755066
phase4_step_8995_LIVE,"Phrase 1: Мама мыла раму, а па...",16,17,ев,0.21408312022686005
phase4_step_8995_LIVE,"Phrase 1: Мама мыла раму, а па...",16,18,из,0.5002662539482117
phase4_step_8995_LIVE,"Phrase 1: Мама мыла раму, а па...",16,19,ор,0.45602694153785706
phase4_step_8995_LIVE,"Phrase 1: Мама мыла раму, а па...",16,20,.,0.3425236940383911
phase4_step_8995_LIVE,Phrase 2: Quantum computing is...,16,0, coll,0.7462061643600464
phase4_step_8995_LIVE,Phrase 2: Quantum computing is...,16,1,um,0.4402787983417511
phase4_step_8995_LIVE,Phrase 2: Quantum computing is...,16,2, computing,0.2888859212398529
phase4_step_8995_LIVE,Phrase 2: Quantum computing is...,16,3, is,0.04321078211069107
phase4_step_8995_LIVE,Phrase 2: Quantum computing is...,16,4, as,0.946179986000061
phase4_step_8995_LIVE,Phrase 2: Quantum computing is...,16,5, rapidly,0.4610120356082916
phase4_step_8995_LIVE,Phrase 2: Quantum computing is...,16,6,-em,0.325859010219574
phase4_step_8995_LIVE,Phrase 2: Quantum computing is...,16,7,ирование,0.660758376121521
phase4_step_8995_LIVE,Phrase 2: Quantum computing is...,16,8, technology,0.5589725971221924
phase4_step_8995_LIVE,Phrase 2: Quantum computing is...,16,9,",",0.9713613986968994
phase4_step_8995_LIVE,Phrase 2: Quantum computing is...,16,10, harness,0.44925618171691895
phase4_step_8995_LIVE,Phrase 2: Quantum computing is...,16,11,s,0.5547131299972534
phase4_step_8995_LIVE,Phrase 2: Quantum computing is...,16,12, the,0.29223543405532837
phase4_step_8995_LIVE,Phrase 2: Quantum computing is...,16,13, objects,0.46274465322494507
phase4_step_8995_LIVE,Phrase 2: Quantum computing is...,16,14, of,0.16055960953235626
phase4_step_8995_LIVE,Phrase 2: Quantum computing is...,16,15, quantum,0.5636529922485352
phase4_step_8995_LIVE,Phrase 2: Quantum computing is...,16,16, mechanics,0.4334178566932678
phase4_step_8995_LIVE,Phrase 2: Quantum computing is...,16,17, to,0.3787604570388794
phase4_step_8995_LIVE,Phrase 2: Quantum computing is...,16,18, solve,0.1595703661441803
phase4_step_8995_LIVE,Phrase 2: Quantum computing is...,16,19, problem,0.252620130777359
phase4_step_8995_LIVE,Phrase 2: Quantum computing is...,16,20, too,0.38710710406303406
phase4_step_8995_LIVE,Phrase 2: Quantum computing is...,16,21, complex,0.4109351634979248
phase4_step_8995_LIVE,Phrase 2: Quantum computing is...,16,22, for,0.20311015844345093
phase4_step_8995_LIVE,Phrase 2: Quantum computing is...,16,23, classical,0.40504181385040283
phase4_step_8995_LIVE,Phrase 2: Quantum computing is...,16,24, compute,0.48871761560440063
phase4_step_8995_LIVE,Phrase 2: Quantum computing is...,16,25,.,0.0438929982483387
phase4_step_8995_LIVE,Phrase 0: The quick brown fox ...,17,0,The,0.140604630112648
phase4_step_8995_LIVE,Phrase 0: The quick brown fox ...,17,1, easy,0.4294930398464203
phase4_step_8995_LIVE,Phrase 0: The quick brown fox ...,17,2, brown,0.4039548337459564
phase4_step_8995_LIVE,Phrase 0: The quick brown fox ...,17,3, fox,0.4352565109729767
phase4_step_8995_LIVE,Phrase 0: The quick brown fox ...,17,4, jumps,0.5059112310409546
phase4_step_8995_LIVE,Phrase 0: The quick brown fox ...,17,5, over,0.23876921832561493
phase4_step_8995_LIVE,Phrase 0: The quick brown fox ...,17,6, the,0.2741837799549103
phase4_step_8995_LIVE,Phrase 0: The quick brown fox ...,17,7, lazy,0.4014240503311157
phase4_step_8995_LIVE,Phrase 0: The quick brown fox ...,17,8, dog,0.3390590250492096
phase4_step_8995_LIVE,Phrase 0: The quick brown fox ...,17,9,.,0.2856871783733368
phase4_step_8995_LIVE,"Phrase 1: Мама мыла раму, а па...",17,0,М,0.4057500660419464
phase4_step_8995_LIVE,"Phrase 1: Мама мыла раму, а па...",17,1,ам,0.22440312802791595
phase4_step_8995_LIVE,"Phrase 1: Мама мыла раму, а па...",17,2,а,0.1843767911195755
phase4_step_8995_LIVE,"Phrase 1: Мама мыла раму, а па...",17,3, мы,0.3996630907058716
phase4_step_8995_LIVE,"Phrase 1: Мама мыла раму, а па...",17,4,ла,0.5183858871459961
phase4_step_8995_LIVE,"Phrase 1: Мама мыла раму, а па...",17,5, рам,0.43850231170654297
phase4_step_8995_LIVE,"Phrase 1: Мама мыла раму, а па...",17,6,у,0.19967207312583923
phase4_step_8995_LIVE,"Phrase 1: Мама мыла раму, а па...",17,7, степени,1.07927668094635
phase4_step_8995_LIVE,"Phrase 1: Мама мыла раму, а па...",17,8, а,0.16964200139045715
phase4_step_8995_LIVE,"Phrase 1: Мама мыла раму, а па...",17,9, п,0.4462750256061554
phase4_step_8995_LIVE,"Phrase 1: Мама мыла раму, а па...",17,10,аст,0.949445366859436
phase4_step_8995_LIVE,"Phrase 1: Мама мыла раму, а па...",17,11,а,0.16766220331192017
phase4_step_8995_LIVE,"Phrase 1: Мама мыла раму, а па...",17,12, ч,0.4057454764842987
phase4_step_8995_LIVE,"Phrase 1: Мама мыла раму, а па...",17,13,ин,0.21077615022659302
phase4_step_8995_LIVE,"Phrase 1: Мама мыла раму, а па...",17,14,ил,0.451291561126709
phase4_step_8995_LIVE,"Phrase 1: Мама мыла раму, а па...",17,15, т,0.43393567204475403
phase4_step_8995_LIVE,"Phrase 1: Мама мыла раму, а па...",17,16,ел,0.22255802154541016
phase4_step_8995_LIVE,"Phrase 1: Мама мыла раму, а па...",17,17,ев,0.22203198075294495
phase4_step_8995_LIVE,"Phrase 1: Мама мыла раму, а па...",17,18,из,0.49453288316726685
phase4_step_8995_LIVE,"Phrase 1: Мама мыла раму, а па...",17,19,ор,0.4413765072822571
phase4_step_8995_LIVE,"Phrase 1: Мама мыла раму, а па...",17,20,.,0.32172372937202454
phase4_step_8995_LIVE,Phrase 2: Quantum computing is...,17,0, coll,0.7454841732978821
phase4_step_8995_LIVE,Phrase 2: Quantum computing is...,17,1,um,0.44726794958114624
phase4_step_8995_LIVE,Phrase 2: Quantum computing is...,17,2, computing,0.3003014922142029
phase4_step_8995_LIVE,Phrase 2: Quantum computing is...,17,3, is,0.041495565325021744
phase4_step_8995_LIVE,Phrase 2: Quantum computing is...,17,4, as,0.9444016218185425
phase4_step_8995_LIVE,Phrase 2: Quantum computing is...,17,5, rapidly,0.46498769521713257
phase4_step_8995_LIVE,Phrase 2: Quantum computing is...,17,6,-em,0.33758577704429626
phase4_step_8995_LIVE,Phrase 2: Quantum computing is...,17,7,ирование,0.6615282297134399
phase4_step_8995_LIVE,Phrase 2: Quantum computing is...,17,8, technology,0.5604033470153809
phase4_step_8995_LIVE,Phrase 2: Quantum computing is...,17,9,",",0.9699326753616333
phase4_step_8995_LIVE,Phrase 2: Quantum computing is...,17,10, harness,0.45729219913482666
phase4_step_8995_LIVE,Phrase 2: Quantum computing is...,17,11,s,0.5574229955673218
phase4_step_8995_LIVE,Phrase 2: Quantum computing is...,17,12, the,0.27466464042663574
phase4_step_8995_LIVE,Phrase 2: Quantum computing is...,17,13, objects,0.46863260865211487
phase4_step_8995_LIVE,Phrase 2: Quantum computing is...,17,14, of,0.1508946567773819
phase4_step_8995_LIVE,Phrase 2: Quantum computing is...,17,15, quantum,0.5669032335281372
phase4_step_8995_LIVE,Phrase 2: Quantum computing is...,17,16, mechanics,0.4395484924316406
phase4_step_8995_LIVE,Phrase 2: Quantum computing is...,17,17, to,0.35594862699508667
phase4_step_8995_LIVE,Phrase 2: Quantum computing is...,17,18, solve,0.16516155004501343
phase4_step_8995_LIVE,Phrase 2: Quantum computing is...,17,19, problem,0.2621373236179352
phase4_step_8995_LIVE,Phrase 2: Quantum computing is...,17,20, too,0.3947248160839081
phase4_step_8995_LIVE,Phrase 2: Quantum computing is...,17,21, complex,0.41364985704421997
phase4_step_8995_LIVE,Phrase 2: Quantum computing is...,17,22, for,0.19103440642356873
phase4_step_8995_LIVE,Phrase 2: Quantum computing is...,17,23, classical,0.41575315594673157
phase4_step_8995_LIVE,Phrase 2: Quantum computing is...,17,24, compute,0.490645170211792
phase4_step_8995_LIVE,Phrase 2: Quantum computing is...,17,25,.,0.04227415472269058
phase4_step_8995_LIVE,Phrase 0: The quick brown fox ...,18,0,The,0.14488589763641357
phase4_step_8995_LIVE,Phrase 0: The quick brown fox ...,18,1, easy,0.4410112202167511
phase4_step_8995_LIVE,Phrase 0: The quick brown fox ...,18,2, brown,0.41569432616233826
phase4_step_8995_LIVE,Phrase 0: The quick brown fox ...,18,3, fox,0.444716215133667
phase4_step_8995_LIVE,Phrase 0: The quick brown fox ...,18,4, jumps,0.5100133419036865
phase4_step_8995_LIVE,Phrase 0: The quick brown fox ...,18,5, over,0.24721059203147888
phase4_step_8995_LIVE,Phrase 0: The quick brown fox ...,18,6, the,0.2577614188194275
phase4_step_8995_LIVE,Phrase 0: The quick brown fox ...,18,7, lazy,0.4138997793197632
phase4_step_8995_LIVE,Phrase 0: The quick brown fox ...,18,8, dog,0.35180485248565674
phase4_step_8995_LIVE,Phrase 0: The quick brown fox ...,18,9,.,0.2684636116027832
phase4_step_8995_LIVE,"Phrase 1: Мама мыла раму, а па...",18,0,М,0.4006924331188202
phase4_step_8995_LIVE,"Phrase 1: Мама мыла раму, а па...",18,1,ам,0.22633923590183258
phase4_step_8995_LIVE,"Phrase 1: Мама мыла раму, а па...",18,2,а,0.17759667336940765
phase4_step_8995_LIVE,"Phrase 1: Мама мыла раму, а па...",18,3, мы,0.40034955739974976
phase4_step_8995_LIVE,"Phrase 1: Мама мыла раму, а па...",18,4,ла,0.5127341747283936
phase4_step_8995_LIVE,"Phrase 1: Мама мыла раму, а па...",18,5, рам,0.44426774978637695
phase4_step_8995_LIVE,"Phrase 1: Мама мыла раму, а па...",18,6,у,0.19403962790966034
phase4_step_8995_LIVE,"Phrase 1: Мама мыла раму, а па...",18,7, степени,1.0825363397598267
phase4_step_8995_LIVE,"Phrase 1: Мама мыла раму, а па...",18,8, а,0.17539510130882263
phase4_step_8995_LIVE,"Phrase 1: Мама мыла раму, а па...",18,9, п,0.43654441833496094
phase4_step_8995_LIVE,"Phrase 1: Мама мыла раму, а па...",18,10,аст,0.9478598237037659
phase4_step_8995_LIVE,"Phrase 1: Мама мыла раму, а па...",18,11,а,0.1622893065214157
phase4_step_8995_LIVE,"Phrase 1: Мама мыла раму, а па...",18,12, ч,0.4052487313747406
phase4_step_8995_LIVE,"Phrase 1: Мама мыла раму, а па...",18,13,ин,0.21251529455184937
phase4_step_8995_LIVE,"Phrase 1: Мама мыла раму, а па...",18,14,ил,0.44387853145599365
phase4_step_8995_LIVE,"Phrase 1: Мама мыла раму, а па...",18,15, т,0.4243326187133789
phase4_step_8995_LIVE,"Phrase 1: Мама мыла раму, а па...",18,16,ел,0.23061524331569672
phase4_step_8995_LIVE,"Phrase 1: Мама мыла раму, а па...",18,17,ев,0.22961564362049103
phase4_step_8995_LIVE,"Phrase 1: Мама мыла раму, а па...",18,18,из,0.48982560634613037
phase4_step_8995_LIVE,"Phrase 1: Мама мыла раму, а па...",18,19,ор,0.4279177188873291
phase4_step_8995_LIVE,"Phrase 1: Мама мыла раму, а па...",18,20,.,0.302180677652359
phase4_step_8995_LIVE,Phrase 2: Quantum computing is...,18,0, coll,0.7451961636543274
phase4_step_8995_LIVE,Phrase 2: Quantum computing is...,18,1,um,0.4544477164745331
phase4_step_8995_LIVE,Phrase 2: Quantum computing is...,18,2, computing,0.3112005293369293
phase4_step_8995_LIVE,Phrase 2: Quantum computing is...,18,3, is,0.039960697293281555
phase4_step_8995_LIVE,Phrase 2: Quantum computing is...,18,4, as,0.9427734613418579
phase4_step_8995_LIVE,Phrase 2: Quantum computing is...,18,5, rapidly,0.4692584276199341
phase4_step_8995_LIVE,Phrase 2: Quantum computing is...,18,6,-em,0.34899476170539856
phase4_step_8995_LIVE,Phrase 2: Quantum computing is...,18,7,ирование,0.6627715826034546
phase4_step_8995_LIVE,Phrase 2: Quantum computing is...,18,8, technology,0.5623112916946411
phase4_step_8995_LIVE,Phrase 2: Quantum computing is...,18,9,",",0.9686151742935181
phase4_step_8995_LIVE,Phrase 2: Quantum computing is...,18,10, harness,0.46541833877563477
phase4_step_8995_LIVE,Phrase 2: Quantum computing is...,18,11,s,0.5610900521278381
phase4_step_8995_LIVE,Phrase 2: Quantum computing is...,18,12, the,0.2581843435764313
phase4_step_8995_LIVE,Phrase 2: Quantum computing is...,18,13, objects,0.4747737944126129
phase4_step_8995_LIVE,Phrase 2: Quantum computing is...,18,14, of,0.1418485790491104
phase4_step_8995_LIVE,Phrase 2: Quantum computing is...,18,15, quantum,0.5705684423446655
phase4_step_8995_LIVE,Phrase 2: Quantum computing is...,18,16, mechanics,0.4458906054496765
phase4_step_8995_LIVE,Phrase 2: Quantum computing is...,18,17, to,0.33448320627212524
phase4_step_8995_LIVE,Phrase 2: Quantum computing is...,18,18, solve,0.17052467167377472
phase4_step_8995_LIVE,Phrase 2: Quantum computing is...,18,19, problem,0.27116498351097107
phase4_step_8995_LIVE,Phrase 2: Quantum computing is...,18,20, too,0.40238258242607117
phase4_step_8995_LIVE,Phrase 2: Quantum computing is...,18,21, complex,0.41674351692199707
phase4_step_8995_LIVE,Phrase 2: Quantum computing is...,18,22, for,0.1797613501548767
phase4_step_8995_LIVE,Phrase 2: Quantum computing is...,18,23, individual,0.42624449729919434
phase4_step_8995_LIVE,Phrase 2: Quantum computing is...,18,24, compute,0.49300894141197205
phase4_step_8995_LIVE,Phrase 2: Quantum computing is...,18,25,.,0.04083847627043724
phase4_step_8995_LIVE,Phrase 0: The quick brown fox ...,19,0,The,0.14900656044483185
phase4_step_8995_LIVE,Phrase 0: The quick brown fox ...,19,1, easy,0.4521825909614563
phase4_step_8995_LIVE,Phrase 0: The quick brown fox ...,19,2, brown,0.4271431267261505
phase4_step_8995_LIVE,Phrase 0: The quick brown fox ...,19,3, fox,0.4540567994117737
phase4_step_8995_LIVE,Phrase 0: The quick brown fox ...,19,4, jumps,0.5143952369689941
phase4_step_8995_LIVE,Phrase 0: The quick brown fox ...,19,5, over,0.2552635371685028
phase4_step_8995_LIVE,Phrase 0: The quick brown fox ...,19,6, the,0.24237403273582458
phase4_step_8995_LIVE,Phrase 0: The quick brown fox ...,19,7, lazy,0.42589864134788513
phase4_step_8995_LIVE,Phrase 0: The quick brown fox ...,19,8, dog,0.3639846742153168
phase4_step_8995_LIVE,Phrase 0: The quick brown fox ...,19,9,.,0.25230124592781067
phase4_step_8995_LIVE,"Phrase 1: Мама мыла раму, а па...",19,0,М,0.39663729071617126
phase4_step_8995_LIVE,"Phrase 1: Мама мыла раму, а па...",19,1,ам,0.22861090302467346
phase4_step_8995_LIVE,"Phrase 1: Мама мыла раму, а па...",19,2,а,0.17158471047878265
phase4_step_8995_LIVE,"Phrase 1: Мама мыла раму, а па...",19,3, мы,0.4015348553657532
phase4_step_8995_LIVE,"Phrase 1: Мама мыла раму, а па...",19,4,ла,0.5079858899116516
phase4_step_8995_LIVE,"Phrase 1: Мама мыла раму, а па...",19,5, рам,0.4502083957195282
phase4_step_8995_LIVE,"Phrase 1: Мама мыла раму, а па...",19,6,у,0.18898846209049225
phase4_step_8995_LIVE,"Phrase 1: Мама мыла раму, а па...",19,7, информации,1.0855203866958618
phase4_step_8995_LIVE,"Phrase 1: Мама мыла раму, а па...",19,8, а,0.18096864223480225
phase4_step_8995_LIVE,"Phrase 1: Мама мыла раму, а па...",19,9, п,0.4279576539993286
phase4_step_8995_LIVE,"Phrase 1: Мама мыла раму, а па...",19,10,аст,0.9464237093925476
phase4_step_8995_LIVE,"Phrase 1: Мама мыла раму, а па...",19,11,а,0.15759390592575073
phase4_step_8995_LIVE,"Phrase 1: Мама мыла раму, а па...",19,12, ч,0.40535321831703186
phase4_step_8995_LIVE,"Phrase 1: Мама мыла раму, а па...",19,13,ин,0.2144976407289505
phase4_step_8995_LIVE,"Phrase 1: Мама мыла раму, а па...",19,14,ил,0.437363862991333
phase4_step_8995_LIVE,"Phrase 1: Мама мыла раму, а па...",19,15, т,0.4158640503883362
phase4_step_8995_LIVE,"Phrase 1: Мама мыла раму, а па...",19,16,ел,0.23836492002010345
phase4_step_8995_LIVE,"Phrase 1: Мама мыла раму, а па...",19,17,ев,0.23684626817703247
phase4_step_8995_LIVE,"Phrase 1: Мама мыла раму, а па...",19,18,из,0.48605239391326904
phase4_step_8995_LIVE,"Phrase 1: Мама мыла раму, а па...",19,19,ор,0.4155848026275635
phase4_step_8995_LIVE,"Phrase 1: Мама мыла раму, а па...",19,20,.,0.28382837772369385
phase4_step_8995_LIVE,Phrase 2: Quantum computing is...,19,0, coll,0.7452905774116516
phase4_step_8995_LIVE,Phrase 2: Quantum computing is...,19,1,um,0.46173590421676636
phase4_step_8995_LIVE,Phrase 2: Quantum computing is...,19,2, computing,0.3216051459312439
phase4_step_8995_LIVE,Phrase 2: Quantum computing is...,19,3, is,0.03859822452068329
phase4_step_8995_LIVE,Phrase 2: Quantum computing is...,19,4, as,0.9412863850593567
phase4_step_8995_LIVE,Phrase 2: Quantum computing is...,19,5, rapidly,0.47374778985977173
phase4_step_8995_LIVE,Phrase 2: Quantum computing is...,19,6,-em,0.3600665330886841
phase4_step_8995_LIVE,Phrase 2: Quantum computing is...,19,7,ирование,0.6644196510314941
phase4_step_8995_LIVE,Phrase 2: Quantum computing is...,19,8, technology,0.5646141767501831
phase4_step_8995_LIVE,Phrase 2: Quantum computing is...,19,9,",",0.9674030542373657
phase4_step_8995_LIVE,Phrase 2: Quantum computing is...,19,10, harness,0.4735683500766754
phase4_step_8995_LIVE,Phrase 2: Quantum computing is...,19,11,s,0.5655525922775269
phase4_step_8995_LIVE,Phrase 2: Quantum computing is...,19,12, the,0.24273352324962616
phase4_step_8995_LIVE,Phrase 2: Quantum computing is...,19,13, objects,0.4810866713523865
phase4_step_8995_LIVE,Phrase 2: Quantum computing is...,19,14, of,0.13338525593280792
phase4_step_8995_LIVE,Phrase 2: Quantum computing is...,19,15, quantum,0.5745739936828613
phase4_step_8995_LIVE,Phrase 2: Quantum computing is...,19,16, mechanics,0.45238131284713745
phase4_step_8995_LIVE,Phrase 2: Quantum computing is...,19,17, to,0.3142995834350586
phase4_step_8995_LIVE,Phrase 2: Quantum computing is...,19,18, solve,0.1756606251001358
phase4_step_8995_LIVE,Phrase 2: Quantum computing is...,19,19, problem,0.27972081303596497
phase4_step_8995_LIVE,Phrase 2: Quantum computing is...,19,20, too,0.41001540422439575
phase4_step_8995_LIVE,Phrase 2: Quantum computing is...,19,21, complex,0.4201340973377228
phase4_step_8995_LIVE,Phrase 2: Quantum computing is...,19,22, for,0.1692475974559784
phase4_step_8995_LIVE,Phrase 2: Quantum computing is...,19,23, individual,0.4364817142486572
phase4_step_8995_LIVE,Phrase 2: Quantum computing is...,19,24, compute,0.4957273602485657
phase4_step_8995_LIVE,Phrase 2: Quantum computing is...,19,25,.,0.03957349434494972
phase4_step_8995_LIVE,Phrase 0: The quick brown fox ...,20,0,The,0.15296360850334167
phase4_step_8995_LIVE,Phrase 0: The quick brown fox ...,20,1, reset,0.4629945755004883
phase4_step_8995_LIVE,Phrase 0: The quick brown fox ...,20,2, brown,0.438289076089859
phase4_step_8995_LIVE,Phrase 0: The quick brown fox ...,20,3, fox,0.46324148774147034
phase4_step_8995_LIVE,Phrase 0: The quick brown fox ...,20,4, jumps,0.5189895033836365
phase4_step_8995_LIVE,Phrase 0: The quick brown fox ...,20,5, over,0.2629452645778656
phase4_step_8995_LIVE,Phrase 0: The quick brown fox ...,20,6, the,0.22796326875686646
phase4_step_8995_LIVE,Phrase 0: The quick brown fox ...,20,7, lazy,0.43742719292640686
phase4_step_8995_LIVE,Phrase 0: The quick brown fox ...,20,8, dog,0.3756266236305237
phase4_step_8995_LIVE,Phrase 0: The quick brown fox ...,20,9,.,0.23714087903499603
phase4_step_8995_LIVE,"Phrase 1: Мама мыла раму, а па...",20,0,М,0.3934920132160187
phase4_step_8995_LIVE,"Phrase 1: Мама мыла раму, а па...",20,1,ам,0.23115131258964539
phase4_step_8995_LIVE,"Phrase 1: Мама мыла раму, а па...",20,2,а,0.16629332304000854
phase4_step_8995_LIVE,"Phrase 1: Мама мыла раму, а па...",20,3, мы,0.40313720703125
phase4_step_8995_LIVE,"Phrase 1: Мама мыла раму, а па...",20,4,ла,0.504056990146637
phase4_step_8995_LIVE,"Phrase 1: Мама мыла раму, а па...",20,5, рам,0.45626041293144226
phase4_step_8995_LIVE,"Phrase 1: Мама мыла раму, а па...",20,6,у,0.1844683140516281
phase4_step_8995_LIVE,"Phrase 1: Мама мыла раму, а па...",20,7, информации,1.0882459878921509
phase4_step_8995_LIVE,"Phrase 1: Мама мыла раму, а па...",20,8, а,0.18636183440685272
phase4_step_8995_LIVE,"Phrase 1: Мама мыла раму, а па...",20,9, п,0.42042601108551025
phase4_step_8995_LIVE,"Phrase 1: Мама мыла раму, а па...",20,10,став,0.9451248049736023
phase4_step_8995_LIVE,"Phrase 1: Мама мыла раму, а па...",20,11,а,0.1535273790359497
phase4_step_8995_LIVE,"Phrase 1: Мама мыла раму, а па...",20,12, ч,0.40596988797187805
phase4_step_8995_LIVE,"Phrase 1: Мама мыла раму, а па...",20,13,ин,0.21667063236236572
phase4_step_8995_LIVE,"Phrase 1: Мама мыла раму, а па...",20,14,ил,0.43166908621788025
phase4_step_8995_LIVE,"Phrase 1: Мама мыла раму, а па...",20,15, т,0.40844184160232544
phase4_step_8995_LIVE,"Phrase 1: Мама мыла раму, а па...",20,16,ел,0.24581986665725708
phase4_step_8995_LIVE,"Phrase 1: Мама мыла раму, а па...",20,17,ев,0.24373753368854523
phase4_step_8995_LIVE,"Phrase 1: Мама мыла раму, а па...",20,18,из,0.4831252098083496
phase4_step_8995_LIVE,"Phrase 1: Мама мыла раму, а па...",20,19,ор,0.40431177616119385
phase4_step_8995_LIVE,"Phrase 1: Мама мыла раму, а па...",20,20,.,0.2666018605232239
phase4_step_8995_LIVE,Phrase 2: Quantum computing is...,20,0, coll,0.7457203269004822
phase4_step_8995_LIVE,Phrase 2: Quantum computing is...,20,1,um,0.4690645933151245
phase4_step_8995_LIVE,Phrase 2: Quantum computing is...,20,2, computing,0.3315383195877075
phase4_step_8995_LIVE,Phrase 2: Quantum computing is...,20,3, is,0.03743404522538185
phase4_step_8995_LIVE,Phrase 2: Quantum computing is...,20,4, as,0.9399309158325195
phase4_step_8995_LIVE,Phrase 2: Quantum computing is...,20,5, rapidly,0.4783911406993866
phase4_step_8995_LIVE,Phrase 2: Quantum computing is...,20,6,-em,0.3707917630672455
phase4_step_8995_LIVE,Phrase 2: Quantum computing is...,20,7,ирование,0.6664110422134399
phase4_step_8995_LIVE,Phrase 2: Quantum computing is...,20,8, technology,0.5672398209571838
phase4_step_8995_LIVE,Phrase 2: Quantum computing is...,20,9,",",0.966289758682251
phase4_step_8995_LIVE,Phrase 2: Quantum computing is...,20,10, harness,0.48168909549713135
phase4_step_8995_LIVE,Phrase 2: Quantum computing is...,20,11,s,0.5706666707992554
phase4_step_8995_LIVE,Phrase 2: Quantum computing is...,20,12, the,0.22825412452220917
phase4_step_8995_LIVE,Phrase 2: Quantum computing is...,20,13, objects,0.48750483989715576
phase4_step_8995_LIVE,Phrase 2: Quantum computing is...,20,14, of,0.12547223269939423
phase4_step_8995_LIVE,Phrase 2: Quantum computing is...,20,15, quantum,0.5788549780845642
phase4_step_8995_LIVE,Phrase 2: Quantum computing is...,20,16, mechanics,0.4589685797691345
phase4_step_8995_LIVE,Phrase 2: Quantum computing is...,20,17, to,0.29533153772354126
phase4_step_8995_LIVE,Phrase 2: Quantum computing is...,20,18, solve,0.18057355284690857
phase4_step_8995_LIVE,Phrase 2: Quantum computing is...,20,19, problem,0.2878233790397644
phase4_step_8995_LIVE,Phrase 2: Quantum computing is...,20,20, too,0.4175724387168884
phase4_step_8995_LIVE,Phrase 2: Quantum computing is...,20,21, complex,0.4237522482872009
phase4_step_8995_LIVE,Phrase 2: Quantum computing is...,20,22, for,0.159453883767128
phase4_step_8995_LIVE,Phrase 2: Quantum computing is...,20,23, individual,0.4464418888092041
phase4_step_8995_LIVE,Phrase 2: Quantum computing is...,20,24, compute,0.49872976541519165
phase4_step_8995_LIVE,Phrase 2: Quantum computing is...,20,25,.,0.03847779706120491
phase4_step_8995_LIVE,Phrase 0: The quick brown fox ...,21,0,The,0.15675640106201172
phase4_step_8995_LIVE,Phrase 0: The quick brown fox ...,21,1, reset,0.47344204783439636
phase4_step_8995_LIVE,Phrase 0: The quick brown fox ...,21,2, brown,0.4491267502307892
phase4_step_8995_LIVE,Phrase 0: The quick brown fox ...,21,3, fox,0.4722438454627991
phase4_step_8995_LIVE,Phrase 0: The quick brown fox ...,21,4, jumps,0.5237391591072083
phase4_step_8995_LIVE,Phrase 0: The quick brown fox ...,21,5, over,0.2702728509902954
phase4_step_8995_LIVE,Phrase 0: The quick brown fox ...,21,6, the,0.21447502076625824
phase4_step_8995_LIVE,Phrase 0: The quick brown fox ...,21,7, lazy,0.4484960734844208
phase4_step_8995_LIVE,Phrase 0: The quick brown fox ...,21,8, dog,0.3867582380771637
phase4_step_8995_LIVE,Phrase 0: The quick brown fox ...,21,9,.,0.22292444109916687
phase4_step_8995_LIVE,"Phrase 1: Мама мыла раму, а па...",21,0,М,0.39116770029067993
phase4_step_8995_LIVE,"Phrase 1: Мама мыла раму, а па...",21,1,ам,0.23390395939350128
phase4_step_8995_LIVE,"Phrase 1: Мама мыла раму, а па...",21,2,а,0.16167332231998444
phase4_step_8995_LIVE,"Phrase 1: Мама мыла раму, а па...",21,3, мы,0.4050852954387665
phase4_step_8995_LIVE,"Phrase 1: Мама мыла раму, а па...",21,4,ла,0.5008684396743774
phase4_step_8995_LIVE,"Phrase 1: Мама мыла раму, а па...",21,5, рам,0.46237096190452576
phase4_step_8995_LIVE,"Phrase 1: Мама мыла раму, а па...",21,6,у,0.18043044209480286
phase4_step_8995_LIVE,"Phrase 1: Мама мыла раму, а па...",21,7, работы,1.0907306671142578
phase4_step_8995_LIVE,"Phrase 1: Мама мыла раму, а па...",21,8, а,0.19157949090003967
phase4_step_8995_LIVE,"Phrase 1: Мама мыла раму, а па...",21,9, п,0.4138621389865875
phase4_step_8995_LIVE,"Phrase 1: Мама мыла раму, а па...",21,10,став,0.9439521431922913
phase4_step_8995_LIVE,"Phrase 1: Мама мыла раму, а па...",21,11,а,0.15004131197929382
phase4_step_8995_LIVE,"Phrase 1: Мама мыла раму, а па...",21,12, ч,0.40701979398727417
phase4_step_8995_LIVE,"Phrase 1: Мама мыла раму, а па...",21,13,ин,0.21899035573005676
phase4_step_8995_LIVE,"Phrase 1: Мама мыла раму, а па...",21,14,ил,0.4267185628414154
phase4_step_8995_LIVE,"Phrase 1: Мама мыла раму, а па...",21,15, т,0.4019790291786194
phase4_step_8995_LIVE,"Phrase 1: Мама мыла раму, а па...",21,16,ел,0.25299274921417236
phase4_step_8995_LIVE,"Phrase 1: Мама мыла раму, а па...",21,17,ев,0.25030407309532166
phase4_step_8995_LIVE,"Phrase 1: Мама мыла раму, а па...",21,18,из,0.4809620678424835
phase4_step_8995_LIVE,"Phrase 1: Мама мыла раму, а па...",21,19,ор,0.39403292536735535
phase4_step_8995_LIVE,"Phrase 1: Мама мыла раму, а па...",21,20,.,0.25043785572052
phase4_step_8995_LIVE,Phrase 2: Quantum computing is...,21,0, coll,0.7464427351951599
phase4_step_8995_LIVE,Phrase 2: Quantum computing is...,21,1,um,0.47637811303138733
phase4_step_8995_LIVE,Phrase 2: Quantum computing is...,21,2, computing,0.34102341532707214
phase4_step_8995_LIVE,Phrase 2: Quantum computing is...,21,3, is,0.036438070237636566
phase4_step_8995_LIVE,Phrase 2: Quantum computing is...,21,4, as,0.9386973977088928
phase4_step_8995_LIVE,Phrase 2: Quantum computing is...,21,5, rapidly,0.48313480615615845
phase4_step_8995_LIVE,Phrase 2: Quantum computing is...,21,6,-em,0.38116586208343506
phase4_step_8995_LIVE,Phrase 2: Quantum computing is...,21,7,ирование,0.6686909794807434
phase4_step_8995_LIVE,Phrase 2: Quantum computing is...,21,8, technology,0.5701254606246948
phase4_step_8995_LIVE,Phrase 2: Quantum computing is...,21,9,",",0.9652688503265381
phase4_step_8995_LIVE,Phrase 2: Quantum computing is...,21,10, harness,0.4897388517856598
phase4_step_8995_LIVE,Phrase 2: Quantum computing is...,21,11,s,0.5763043761253357
phase4_step_8995_LIVE,Phrase 2: Quantum computing is...,21,12, the,0.2146916389465332
phase4_step_8995_LIVE,Phrase 2: Quantum computing is...,21,13, objects,0.4939731955528259
phase4_step_8995_LIVE,Phrase 2: Quantum computing is...,21,14, of,0.11807890236377716
phase4_step_8995_LIVE,Phrase 2: Quantum computing is...,21,15, quantum,0.5833548903465271
phase4_step_8995_LIVE,Phrase 2: Quantum computing is...,21,16, mechanics,0.46561098098754883
phase4_step_8995_LIVE,Phrase 2: Quantum computing is...,21,17, to,0.2775144577026367
phase4_step_8995_LIVE,Phrase 2: Quantum computing is...,21,18, solve,0.18526917695999146
phase4_step_8995_LIVE,Phrase 2: Quantum computing is...,21,19, problem,0.29549339413642883
phase4_step_8995_LIVE,Phrase 2: Quantum computing is...,21,20, too,0.4250142574310303
phase4_step_8995_LIVE,Phrase 2: Quantum computing is...,21,21, complex,0.4275389313697815
phase4_step_8995_LIVE,Phrase 2: Quantum computing is...,21,22, for,0.15034228563308716
phase4_step_8995_LIVE,Phrase 2: Quantum computing is...,21,23, individual,0.4561104476451874
phase4_step_8995_LIVE,Phrase 2: Quantum computing is...,21,24, compute,0.5019551515579224
phase4_step_8995_LIVE,Phrase 2: Quantum computing is...,21,25,.,0.03755009174346924
phase4_step_8995_LIVE,Phrase 0: The quick brown fox ...,22,0,The,0.16038693487644196
phase4_step_8995_LIVE,Phrase 0: The quick brown fox ...,22,1, reset,0.4835251569747925
phase4_step_8995_LIVE,Phrase 0: The quick brown fox ...,22,2, brown,0.45965608954429626
phase4_step_8995_LIVE,Phrase 0: The quick brown fox ...,22,3, fox,0.48104485869407654
phase4_step_8995_LIVE,Phrase 0: The quick brown fox ...,22,4, jumps,0.5285959243774414
phase4_step_8995_LIVE,Phrase 0: The quick brown fox ...,22,5, over,0.27726468443870544
phase4_step_8995_LIVE,Phrase 0: The quick brown fox ...,22,6, the,0.20185722410678864
phase4_step_8995_LIVE,Phrase 0: The quick brown fox ...,22,7, lazy,0.4591187834739685
phase4_step_8995_LIVE,Phrase 0: The quick brown fox ...,22,8, dog,0.3974069654941559
phase4_step_8995_LIVE,Phrase 0: The quick brown fox ...,22,9,.,0.20959855616092682
phase4_step_8995_LIVE,"Phrase 1: Мама мыла раму, а па...",22,0,М,0.38958045840263367
phase4_step_8995_LIVE,"Phrase 1: Мама мыла раму, а па...",22,1,ам,0.23682132363319397
phase4_step_8995_LIVE,"Phrase 1: Мама мыла раму, а па...",22,2,а,0.15767627954483032
phase4_step_8995_LIVE,"Phrase 1: Мама мыла раму, а па...",22,3, мы,0.4073161780834198
phase4_step_8995_LIVE,"Phrase 1: Мама мыла раму, а па...",22,4,ла,0.4983457326889038
phase4_step_8995_LIVE,"Phrase 1: Мама мыла раму, а па...",22,5, рам,0.46849772334098816
phase4_step_8995_LIVE,"Phrase 1: Мама мыла раму, а па...",22,6,у,0.17683081328868866
phase4_step_8995_LIVE,"Phrase 1: Мама мыла раму, а па...",22,7, работы,1.092991590499878
phase4_step_8995_LIVE,"Phrase 1: Мама мыла раму, а па...",22,8, а,0.1966276466846466
phase4_step_8995_LIVE,"Phrase 1: Мама мыла раму, а па...",22,9, п,0.4081815481185913
phase4_step_8995_LIVE,"Phrase 1: Мама мыла раму, а па...",22,10,ущ,0.9428948163986206
phase4_step_8995_LIVE,"Phrase 1: Мама мыла раму, а па...",22,11,а,0.1470903903245926
phase4_step_8995_LIVE,"Phrase 1: Мама мыла раму, а па...",22,12, ч,0.40843290090560913
phase4_step_8995_LIVE,"Phrase 1: Мама мыла раму, а па...",22,13,ин,0.22141903638839722
phase4_step_8995_LIVE,"Phrase 1: Мама мыла раму, а па...",22,14,ил,0.422441691160202
phase4_step_8995_LIVE,"Phrase 1: Мама мыла раму, а па...",22,15, т,0.39639174938201904
phase4_step_8995_LIVE,"Phrase 1: Мама мыла раму, а па...",22,16,ел,0.25989922881126404
phase4_step_8995_LIVE,"Phrase 1: Мама мыла раму, а па...",22,17,ев,0.25656208395957947
phase4_step_8995_LIVE,"Phrase 1: Мама мыла раму, а па...",22,18,из,0.47948575019836426
phase4_step_8995_LIVE,"Phrase 1: Мама мыла раму, а па...",22,19,ор,0.384682834148407
phase4_step_8995_LIVE,"Phrase 1: Мама мыла раму, а па...",22,20,.,0.235276460647583
phase4_step_8995_LIVE,Phrase 2: Quantum computing is...,22,0, coll,0.7474193572998047
phase4_step_8995_LIVE,Phrase 2: Quantum computing is...,22,1,um,0.4836319088935852
phase4_step_8995_LIVE,Phrase 2: Quantum computing is...,22,2, computing,0.35008350014686584
phase4_step_8995_LIVE,Phrase 2: Quantum computing is...,22,3, is,0.03558569774031639
phase4_step_8995_LIVE,Phrase 2: Quantum computing is...,22,4, as,0.9375762939453125
phase4_step_8995_LIVE,Phrase 2: Quantum computing is...,22,5, rapidly,0.48793378472328186
phase4_step_8995_LIVE,Phrase 2: Quantum computing is...,22,6,-em,0.39119037985801697
phase4_step_8995_LIVE,Phrase 2: Quantum computing is...,22,7,ирование,0.671211302280426
phase4_step_8995_LIVE,Phrase 2: Quantum computing is...,22,8, technology,0.5732170343399048
phase4_step_8995_LIVE,Phrase 2: Quantum computing is...,22,9,",",0.9643340110778809
phase4_step_8995_LIVE,Phrase 2: Quantum computing is...,22,10, harness,0.497685045003891
phase4_step_8995_LIVE,Phrase 2: Quantum computing is...,22,11,s,0.582353949546814
phase4_step_8995_LIVE,Phrase 2: Quantum computing is...,22,12, the,0.20199470221996307
phase4_step_8995_LIVE,Phrase 2: Quantum computing is...,22,13, objects,0.5004481077194214
phase4_step_8995_LIVE,Phrase 2: Quantum computing is...,22,14, of,0.11117564141750336
phase4_step_8995_LIVE,Phrase 2: Quantum computing is...,22,15, quantum,0.5880252122879028
phase4_step_8995_LIVE,Phrase 2: Quantum computing is...,22,16, mechanics,0.4722747504711151
phase4_step_8995_LIVE,Phrase 2: Quantum computing is...,22,17, to,0.26078420877456665
phase4_step_8995_LIVE,Phrase 2: Quantum computing is...,22,18, solve,0.18975436687469482
phase4_step_8995_LIVE,Phrase 2: Quantum computing is...,22,19, problem,0.30275046825408936
phase4_step_8995_LIVE,Phrase 2: Quantum computing is...,22,20, too,0.4323117136955261
phase4_step_8995_LIVE,Phrase 2: Quantum computing is...,22,21, complex,0.4314446747303009
phase4_step_8995_LIVE,Phrase 2: Quantum computing is...,22,22, for,0.1418781280517578
phase4_step_8995_LIVE,Phrase 2: Quantum computing is...,22,23, individual,0.46547961235046387
phase4_step_8995_LIVE,Phrase 2: Quantum computing is...,22,24, compute,0.5053515434265137
phase4_step_8995_LIVE,Phrase 2: Quantum computing is...,22,25,.,0.03676297888159752
phase4_step_8995_LIVE,Phrase 0: The quick brown fox ...,23,0,The,0.16385811567306519
phase4_step_8995_LIVE,Phrase 0: The quick brown fox ...,23,1, reset,0.49324831366539
phase4_step_8995_LIVE,Phrase 0: The quick brown fox ...,23,2, brown,0.469880074262619
phase4_step_8995_LIVE,Phrase 0: The quick brown fox ...,23,3, fox,0.48963192105293274
phase4_step_8995_LIVE,Phrase 0: The quick brown fox ...,23,4, jumps,0.533519446849823
phase4_step_8995_LIVE,Phrase 0: The quick brown fox ...,23,5, over,0.2839384377002716
phase4_step_8995_LIVE,Phrase 0: The quick brown fox ...,23,6, the,0.19006036221981049
phase4_step_8995_LIVE,Phrase 0: The quick brown fox ...,23,7, lazy,0.4693106412887573
phase4_step_8995_LIVE,Phrase 0: The quick brown fox ...,23,8, dog,0.4075997471809387
phase4_step_8995_LIVE,Phrase 0: The quick brown fox ...,23,9,.,0.19711127877235413
phase4_step_8995_LIVE,"Phrase 1: Мама мыла раму, а па...",23,0,М,0.3886514902114868
phase4_step_8995_LIVE,"Phrase 1: Мама мыла раму, а па...",23,1,ам,0.2398635745048523
phase4_step_8995_LIVE,"Phrase 1: Мама мыла раму, а па...",23,2,а,0.1542549431324005
phase4_step_8995_LIVE,"Phrase 1: Мама мыла раму, а па...",23,3, мы,0.4097766578197479
phase4_step_8995_LIVE,"Phrase 1: Мама мыла раму, а па...",23,4,ла,0.49642035365104675
phase4_step_8995_LIVE,"Phrase 1: Мама мыла раму, а па...",23,5, рам,0.47460636496543884
phase4_step_8995_LIVE,"Phrase 1: Мама мыла раму, а па...",23,6,у,0.17362664639949799
phase4_step_8995_LIVE,"Phrase 1: Мама мыла раму, а па...",23,7, работы,1.0950456857681274
phase4_step_8995_LIVE,"Phrase 1: Мама мыла раму, а па...",23,8, а,0.20151276886463165
phase4_step_8995_LIVE,"Phrase 1: Мама мыла раму, а па...",23,9, п,0.4033041298389435
phase4_step_8995_LIVE,"Phrase 1: Мама мыла раму, а па...",23,10,ущ,0.9419430494308472
phase4_step_8995_LIVE,"Phrase 1: Мама мыла раму, а па...",23,11,а,0.14462752640247345
phase4_step_8995_LIVE,"Phrase 1: Мама мыла раму, а па...",23,12, ч,0.4101477861404419
phase4_step_8995_LIVE,"Phrase 1: Мама мыла раму, а па...",23,13,ин,0.22392618656158447
phase4_step_8995_LIVE,"Phrase 1: Мама мыла раму, а па...",23,14,ил,0.41877198219299316
phase4_step_8995_LIVE,"Phrase 1: Мама мыла раму, а па...",23,15, т,0.3915995955467224
phase4_step_8995_LIVE,"Phrase 1: Мама мыла раму, а па...",23,16,ел,0.2665526866912842
phase4_step_8995_LIVE,"Phrase 1: Мама мыла раму, а па...",23,17,ев,0.26252681016921997
phase4_step_8995_LIVE,"Phrase 1: Мама мыла раму, а па...",23,18,из,0.47862571477890015
phase4_step_8995_LIVE,"Phrase 1: Мама мыла раму, а па...",23,19,ор,0.3761986792087555
phase4_step_8995_LIVE,"Phrase 1: Мама мыла раму, а па...",23,20,.,0.22106005251407623
phase4_step_8995_LIVE,Phrase 2: Quantum computing is...,23,0, coll,0.7486158609390259
phase4_step_8995_LIVE,Phrase 2: Quantum computing is...,23,1,um,0.4907898008823395
phase4_step_8995_LIVE,Phrase 2: Quantum computing is...,23,2, computing,0.35874152183532715
phase4_step_8995_LIVE,Phrase 2: Quantum computing is...,23,3, is,0.03486110270023346
phase4_step_8995_LIVE,Phrase 2: Quantum computing is...,23,4, as,0.9365584850311279
phase4_step_8995_LIVE,Phrase 2: Quantum computing is...,23,5, rapidly,0.4927513003349304
phase4_step_8995_LIVE,Phrase 2: Quantum computing is...,23,6,-em,0.4008699655532837
phase4_step_8995_LIVE,Phrase 2: Quantum computing is...,23,7,ирование,0.6739294528961182
phase4_step_8995_LIVE,Phrase 2: Quantum computing is...,23,8, technology,0.5764680504798889
phase4_step_8995_LIVE,Phrase 2: Quantum computing is...,23,9,",",0.9634789824485779
phase4_step_8995_LIVE,Phrase 2: Quantum computing is...,23,10, harness,0.5055025219917297
phase4_step_8995_LIVE,Phrase 2: Quantum computing is...,23,11,s,0.5887188911437988
phase4_step_8995_LIVE,Phrase 2: Quantum computing is...,23,12, the,0.19011235237121582
phase4_step_8995_LIVE,Phrase 2: Quantum computing is...,23,13, objects,0.5068944096565247
phase4_step_8995_LIVE,Phrase 2: Quantum computing is...,23,14, of,0.1047368273139
phase4_step_8995_LIVE,Phrase 2: Quantum computing is...,23,15, quantum,0.5928245186805725
phase4_step_8995_LIVE,Phrase 2: Quantum computing is...,23,16, mechanics,0.4789334237575531
phase4_step_8995_LIVE,Phrase 2: Quantum computing is...,23,17, to,0.24507954716682434
phase4_step_8995_LIVE,Phrase 2: Quantum computing is...,23,18, solve,0.19403836131095886
phase4_step_8995_LIVE,Phrase 2: Quantum computing is...,23,19, problem,0.3096146583557129
phase4_step_8995_LIVE,Phrase 2: Quantum computing is...,23,20, too,0.4394429326057434
phase4_step_8995_LIVE,Phrase 2: Quantum computing is...,23,21, complex,0.43542829155921936
phase4_step_8995_LIVE,Phrase 2: Quantum computing is...,23,22, for,0.13402828574180603
phase4_step_8995_LIVE,Phrase 2: Quantum computing is...,23,23, individual,0.47454652190208435
phase4_step_8995_LIVE,Phrase 2: Quantum computing is...,23,24, compute,0.5088745951652527
phase4_step_8995_LIVE,Phrase 2: Quantum computing is...,23,25,.,0.03609819710254669
phase4_step_8995_LIVE,Phrase 0: The quick brown fox ...,24,0,The,0.16717424988746643
phase4_step_8995_LIVE,Phrase 0: The quick brown fox ...,24,1, reset,0.5026187896728516
phase4_step_8995_LIVE,Phrase 0: The quick brown fox ...,24,2, brown,0.4798046052455902
phase4_step_8995_LIVE,Phrase 0: The quick brown fox ...,24,3, fox,0.4979974329471588
phase4_step_8995_LIVE,Phrase 0: The quick brown fox ...,24,4, jumps,0.5384756326675415
phase4_step_8995_LIVE,Phrase 0: The quick brown fox ...,24,5, over,0.29031211137771606
phase4_step_8995_LIVE,Phrase 0: The quick brown fox ...,24,6, the,0.1790391206741333
phase4_step_8995_LIVE,Phrase 0: The quick brown fox ...,24,7, lazy,0.4790884554386139
phase4_step_8995_LIVE,Phrase 0: The quick brown fox ...,24,8, dog,0.4173622727394104
phase4_step_8995_LIVE,Phrase 0: The quick brown fox ...,24,9,.,0.18541431427001953
phase4_step_8995_LIVE,"Phrase 1: Мама мыла раму, а па...",24,0,М,0.3883076310157776
phase4_step_8995_LIVE,"Phrase 1: Мама мыла раму, а па...",24,1,ам,0.24299730360507965
phase4_step_8995_LIVE,"Phrase 1: Мама мыла раму, а па...",24,2,а,0.15136177837848663
phase4_step_8995_LIVE,"Phrase 1: Мама мыла раму, а па...",24,3, мы,0.41242021322250366
phase4_step_8995_LIVE,"Phrase 1: Мама мыла раму, а па...",24,4,ла,0.4950294494628906
phase4_step_8995_LIVE,"Phrase 1: Мама мыла раму, а па...",24,5, рам,0.48066994547843933
phase4_step_8995_LIVE,"Phrase 1: Мама мыла раму, а па...",24,6,у,0.17078053951263428
phase4_step_8995_LIVE,"Phrase 1: Мама мыла раму, а па...",24,7, работы,1.0969088077545166
phase4_step_8995_LIVE,"Phrase 1: Мама мыла раму, а па...",24,8, а,0.20624253153800964
phase4_step_8995_LIVE,"Phrase 1: Мама мыла раму, а па...",24,9, п,0.39915332198143005
phase4_step_8995_LIVE,"Phrase 1: Мама мыла раму, а па...",24,10,ущ,0.9410874247550964
phase4_step_8995_LIVE,"Phrase 1: Мама мыла раму, а па...",24,11,а,0.14260917901992798
phase4_step_8995_LIVE,"Phrase 1: Мама мыла раму, а па...",24,12, ч,0.41211071610450745
phase4_step_8995_LIVE,"Phrase 1: Мама мыла раму, а па...",24,13,ин,0.2264856994152069
phase4_step_8995_LIVE,"Phrase 1: Мама мыла раму, а па...",24,14,ил,0.4156477153301239
phase4_step_8995_LIVE,"Phrase 1: Мама мыла раму, а па...",24,15, т,0.38752639293670654
phase4_step_8995_LIVE,"Phrase 1: Мама мыла раму, а па...",24,16,ел,0.2729679048061371
phase4_step_8995_LIVE,"Phrase 1: Мама мыла раму, а па...",24,17,ев,0.2682141065597534
phase4_step_8995_LIVE,"Phrase 1: Мама мыла раму, а па...",24,18,из,0.47831639647483826
phase4_step_8995_LIVE,"Phrase 1: Мама мыла раму, а па...",24,19,ор,0.3685196042060852
phase4_step_8995_LIVE,"Phrase 1: Мама мыла раму, а па...",24,20,.,0.2077343910932541
phase4_step_8995_LIVE,Phrase 2: Quantum computing is...,24,0, machine,0.7500014901161194
phase4_step_8995_LIVE,Phrase 2: Quantum computing is...,24,1,ym,0.4978236258029938
phase4_step_8995_LIVE,Phrase 2: Quantum computing is...,24,2, computing,0.3670191466808319
phase4_step_8995_LIVE,Phrase 2: Quantum computing is...,24,3, is,0.03424416854977608
phase4_step_8995_LIVE,Phrase 2: Quantum computing is...,24,4, as,0.9356350302696228
phase4_step_8995_LIVE,Phrase 2: Quantum computing is...,24,5, rapidly,0.49755755066871643
phase4_step_8995_LIVE,Phrase 2: Quantum computing is...,24,6,-em,0.41021108627319336
phase4_step_8995_LIVE,Phrase 2: Quantum computing is...,24,7,ирование,0.6768085956573486
phase4_step_8995_LIVE,Phrase 2: Quantum computing is...,24,8, technology,0.5798389315605164
phase4_step_8995_LIVE,Phrase 2: Quantum computing is...,24,9,",",0.9626975655555725
phase4_step_8995_LIVE,Phrase 2: Quantum computing is...,24,10, harness,0.5131726861000061
phase4_step_8995_LIVE,Phrase 2: Quantum computing is...,24,11,s,0.5953158736228943
phase4_step_8995_LIVE,Phrase 2: Quantum computing is...,24,12, the,0.17900124192237854
phase4_step_8995_LIVE,Phrase 2: Quantum computing is...,24,13, objects,0.5132841467857361
phase4_step_8995_LIVE,Phrase 2: Quantum computing is...,24,14, of,0.0987377017736435
phase4_step_8995_LIVE,Phrase 2: Quantum computing is...,24,15, quantum,0.5977171063423157
phase4_step_8995_LIVE,Phrase 2: Quantum computing is...,24,16, mechanics,0.4855664074420929
phase4_step_8995_LIVE,Phrase 2: Quantum computing is...,24,17, to,0.2303420454263687
phase4_step_8995_LIVE,Phrase 2: Quantum computing is...,24,18, solve,0.1981292963027954
phase4_step_8995_LIVE,Phrase 2: Quantum computing is...,24,19, problem,0.31610527634620667
phase4_step_8995_LIVE,Phrase 2: Quantum computing is...,24,20, too,0.44639313220977783
phase4_step_8995_LIVE,Phrase 2: Quantum computing is...,24,21, complex,0.4394559860229492
phase4_step_8995_LIVE,Phrase 2: Quantum computing is...,24,22, for,0.1267622709274292
phase4_step_8995_LIVE,Phrase 2: Quantum computing is...,24,23, individual,0.48331183195114136
phase4_step_8995_LIVE,Phrase 2: Quantum computing is...,24,24, compute,0.5124867558479309
phase4_step_8995_LIVE,Phrase 2: Quantum computing is...,24,25,.,0.035537444055080414
phase4_step_8995_LIVE,Phrase 0: The quick brown fox ...,25,0, The,0.17034077644348145
phase4_step_8995_LIVE,Phrase 0: The quick brown fox ...,25,1, reset,0.5116454362869263
phase4_step_8995_LIVE,Phrase 0: The quick brown fox ...,25,2, brown,0.48943766951560974
phase4_step_8995_LIVE,Phrase 0: The quick brown fox ...,25,3, fox,0.5061375498771667
phase4_step_8995_LIVE,Phrase 0: The quick brown fox ...,25,4, jumps,0.5434367656707764
phase4_step_8995_LIVE,Phrase 0: The quick brown fox ...,25,5, over,0.29640328884124756
phase4_step_8995_LIVE,Phrase 0: The quick brown fox ...,25,6, the,0.16875006258487701
phase4_step_8995_LIVE,Phrase 0: The quick brown fox ...,25,7, lazy,0.4884691536426544
phase4_step_8995_LIVE,Phrase 0: The quick brown fox ...,25,8, dog,0.42671915888786316
phase4_step_8995_LIVE,Phrase 0: The quick brown fox ...,25,9,.,0.17446285486221313
phase4_step_8995_LIVE,"Phrase 1: Мама мыла раму, а па...",25,0,М,0.3884814977645874
phase4_step_8995_LIVE,"Phrase 1: Мама мыла раму, а па...",25,1,ам,0.24619650840759277
phase4_step_8995_LIVE,"Phrase 1: Мама мыла раму, а па...",25,2,а,0.14895126223564148
phase4_step_8995_LIVE,"Phrase 1: Мама мыла раму, а па...",25,3, мы,0.41520753502845764
phase4_step_8995_LIVE,"Phrase 1: Мама мыла раму, а па...",25,4,ла,0.4941151738166809
phase4_step_8995_LIVE,"Phrase 1: Мама мыла раму, а па...",25,5, рам,0.486667275428772
phase4_step_8995_LIVE,"Phrase 1: Мама мыла раму, а па...",25,6,у,0.16825588047504425
phase4_step_8995_LIVE,"Phrase 1: Мама мыла раму, а па...",25,7, работы,1.0985963344573975
phase4_step_8995_LIVE,"Phrase 1: Мама мыла раму, а па...",25,8, а,0.21082623302936554
phase4_step_8995_LIVE,"Phrase 1: Мама мыла раму, а па...",25,9, п,0.39565736055374146
phase4_step_8995_LIVE,"Phrase 1: Мама мыла раму, а па...",25,10,ущ,0.9403192400932312
phase4_step_8995_LIVE,"Phrase 1: Мама мыла раму, а па...",25,11,а,0.1409919112920761
phase4_step_8995_LIVE,"Phrase 1: Мама мыла раму, а па...",25,12, ч,0.4142751693725586
phase4_step_8995_LIVE,"Phrase 1: Мама мыла раму, а па...",25,13,ин,0.22907699644565582
phase4_step_8995_LIVE,"Phrase 1: Мама мыла раму, а па...",25,14,ил,0.41301214694976807
phase4_step_8995_LIVE,"Phrase 1: Мама мыла раму, а па...",25,15, т,0.38410019874572754
phase4_step_8995_LIVE,"Phrase 1: Мама мыла раму, а па...",25,16,ел,0.27915892004966736
phase4_step_8995_LIVE,"Phrase 1: Мама мыла раму, а па...",25,17,ев,0.2736387550830841
phase4_step_8995_LIVE,"Phrase 1: Мама мыла раму, а па...",25,18,из,0.4784991145133972
phase4_step_8995_LIVE,"Phrase 1: Мама мыла раму, а па...",25,19,ор,0.3615872859954834
phase4_step_8995_LIVE,"Phrase 1: Мама мыла раму, а па...",25,20,.,0.19524820148944855
phase4_step_8995_LIVE,Phrase 2: Quantum computing is...,25,0, connectivity,0.7515490651130676
phase4_step_8995_LIVE,Phrase 2: Quantum computing is...,25,1,ym,0.5047112107276917
phase4_step_8995_LIVE,Phrase 2: Quantum computing is...,25,2, computing,0.37493765354156494
phase4_step_8995_LIVE,Phrase 2: Quantum computing is...,25,3, is,0.033720724284648895
phase4_step_8995_LIVE,Phrase 2: Quantum computing is...,25,4, as,0.9347974061965942
phase4_step_8995_LIVE,Phrase 2: Quantum computing is...,25,5, rapidly,0.5023278594017029
phase4_step_8995_LIVE,Phrase 2: Quantum computing is...,25,6,-em,0.4192230999469757
phase4_step_8995_LIVE,Phrase 2: Quantum computing is...,25,7,ирование,0.6798166036605835
phase4_step_8995_LIVE,Phrase 2: Quantum computing is...,25,8, technology,0.5832961797714233
phase4_step_8995_LIVE,Phrase 2: Quantum computing is...,25,9,",",0.9619839787483215
phase4_step_8995_LIVE,Phrase 2: Quantum computing is...,25,10, harness,0.5206815600395203
phase4_step_8995_LIVE,Phrase 2: Quantum computing is...,25,11,s,0.6020739674568176
phase4_step_8995_LIVE,Phrase 2: Quantum computing is...,25,12, the,0.16861632466316223
phase4_step_8995_LIVE,Phrase 2: Quantum computing is...,25,13, objects,0.5195960998535156
phase4_step_8995_LIVE,Phrase 2: Quantum computing is...,25,14, of,0.09315304458141327
phase4_step_8995_LIVE,Phrase 2: Quantum computing is...,25,15, quantum,0.6026731133460999
phase4_step_8995_LIVE,Phrase 2: Quantum computing is...,25,16, mechanics,0.49215757846832275
phase4_step_8995_LIVE,Phrase 2: Quantum computing is...,25,17, to,0.21651633083820343
phase4_step_8995_LIVE,Phrase 2: Quantum computing is...,25,18, solve,0.20203688740730286
phase4_step_8995_LIVE,Phrase 2: Quantum computing is...,25,19, problem,0.3222416043281555
phase4_step_8995_LIVE,Phrase 2: Quantum computing is...,25,20, too,0.45315179228782654
phase4_step_8995_LIVE,Phrase 2: Quantum computing is...,25,21, complex,0.4434994161128998
phase4_step_8995_LIVE,Phrase 2: Quantum computing is...,25,22, for,0.12005169689655304
phase4_step_8995_LIVE,Phrase 2: Quantum computing is...,25,23, individual,0.4917795658111572
phase4_step_8995_LIVE,Phrase 2: Quantum computing is...,25,24, compute,0.5161566734313965
phase4_step_8995_LIVE,Phrase 2: Quantum computing is...,25,25,.,0.03506433963775635
phase4_step_8995_EMA,Phrase 0: The quick brown fox ...,0,0,The,0.10000000149011612
phase4_step_8995_EMA,Phrase 0: The quick brown fox ...,0,1, easy,0.5127100944519043
phase4_step_8995_EMA,Phrase 0: The quick brown fox ...,0,2, brown,0.10000000149011612
phase4_step_8995_EMA,Phrase 0: The quick brown fox ...,0,3, fox,0.33379337191581726
phase4_step_8995_EMA,Phrase 0: The quick brown fox ...,0,4, maps,0.48859500885009766
phase4_step_8995_EMA,Phrase 0: The quick brown fox ...,0,5, over,0.7445637583732605
phase4_step_8995_EMA,Phrase 0: The quick brown fox ...,0,6, red,0.5747320652008057
phase4_step_8995_EMA,Phrase 0: The quick brown fox ...,0,7, lazy,0.5069981217384338
phase4_step_8995_EMA,Phrase 0: The quick brown fox ...,0,8, x,0.5258516073226929
phase4_step_8995_EMA,Phrase 0: The quick brown fox ...,0,9,.,0.2712951898574829
phase4_step_8995_EMA,"Phrase 1: Мама мыла раму, а па...",0,0,м,0.5893719792366028
phase4_step_8995_EMA,"Phrase 1: Мама мыла раму, а па...",0,1,ам,0.10000000149011612
phase4_step_8995_EMA,"Phrase 1: Мама мыла раму, а па...",0,2,а,0.5740096569061279
phase4_step_8995_EMA,"Phrase 1: Мама мыла раму, а па...",0,3, мы,0.5108769536018372
phase4_step_8995_EMA,"Phrase 1: Мама мыла раму, а па...",0,4, под,1.0
phase4_step_8995_EMA,"Phrase 1: Мама мыла раму, а па...",0,5, де,0.32412639260292053
phase4_step_8995_EMA,"Phrase 1: Мама мыла раму, а па...",0,6,у,0.10000000149011612
phase4_step_8995_EMA,"Phrase 1: Мама мыла раму, а па...",0,7,",",0.2714081406593323
phase4_step_8995_EMA,"Phrase 1: Мама мыла раму, а па...",0,8, а,0.5858826041221619
phase4_step_8995_EMA,"Phrase 1: Мама мыла раму, а па...",0,9, п,0.10000000149011612
phase4_step_8995_EMA,"Phrase 1: Мама мыла раму, а па...",0,10,ап,0.42923834919929504
phase4_step_8995_EMA,"Phrase 1: Мама мыла раму, а па...",0,11,ava,0.7941935062408447
phase4_step_8995_EMA,"Phrase 1: Мама мыла раму, а па...",0,12, п,0.8326399922370911
phase4_step_8995_EMA,"Phrase 1: Мама мыла раму, а па...",0,13,To,0.7701229453086853
phase4_step_8995_EMA,"Phrase 1: Мама мыла раму, а па...",0,14, план,0.7900893092155457
phase4_step_8995_EMA,"Phrase 1: Мама мыла раму, а па...",0,15, т,0.5801859498023987
phase4_step_8995_EMA,"Phrase 1: Мама мыла раму, а па...",0,16,交易所,0.7832386493682861
phase4_step_8995_EMA,"Phrase 1: Мама мыла раму, а па...",0,17,ев,0.7246450185775757
phase4_step_8995_EMA,"Phrase 1: Мама мыла раму, а па...",0,18,из,0.5203220248222351
phase4_step_8995_EMA,"Phrase 1: Мама мыла раму, а па...",0,19,ор,0.3172963261604309
phase4_step_8995_EMA,"Phrase 1: Мама мыла раму, а па...",0,20,ти,0.8405782580375671
phase4_step_8995_EMA,Phrase 2: Quantum computing is...,0,0, unit,1.0
phase4_step_8995_EMA,Phrase 2: Quantum computing is...,0,1,um,0.5887711048126221
phase4_step_8995_EMA,Phrase 2: Quantum computing is...,0,2, computing,0.28535696864128113
phase4_step_8995_EMA,Phrase 2: Quantum computing is...,0,3, is,0.3809148967266083
phase4_step_8995_EMA,Phrase 2: Quantum computing is...,0,4, -,1.0
phase4_step_8995_EMA,Phrase 2: Quantum computing is...,0,5, again,0.10000000149011612
phase4_step_8995_EMA,Phrase 2: Quantum computing is...,0,6,-em,0.10000000149011612
phase4_step_8995_EMA,Phrase 2: Quantum computing is...,0,7, sides,0.6810975074768066
phase4_step_8995_EMA,Phrase 2: Quantum computing is...,0,8, technology,0.10000000149011612
phase4_step_8995_EMA,Phrase 2: Quantum computing is...,0,9, that,0.21604810655117035
phase4_step_8995_EMA,Phrase 2: Quantum computing is...,0,10,1,0.6806537508964539
phase4_step_8995_EMA,Phrase 2: Quantum computing is...,0,11,es,0.30323320627212524
phase4_step_8995_EMA,Phrase 2: Quantum computing is...,0,12, the,0.3440156877040863
phase4_step_8995_EMA,Phrase 2: Quantum computing is...,0,13, endpoints,0.26197314262390137
phase4_step_8995_EMA,Phrase 2: Quantum computing is...,0,14, of,0.45383864641189575
phase4_step_8995_EMA,Phrase 2: Quantum computing is...,0,15, quantum,0.10000000149011612
phase4_step_8995_EMA,Phrase 2: Quantum computing is...,0,16, mechanics,0.47564566135406494
phase4_step_8995_EMA,Phrase 2: Quantum computing is...,0,17, to,0.6976979970932007
phase4_step_8995_EMA,Phrase 2: Quantum computing is...,0,18, solve,0.21546627581119537
phase4_step_8995_EMA,Phrase 2: Quantum computing is...,0,19, solutions,0.4499723017215729
phase4_step_8995_EMA,Phrase 2: Quantum computing is...,0,20, too,0.5380573272705078
phase4_step_8995_EMA,Phrase 2: Quantum computing is...,0,21, complex,0.10000000149011612
phase4_step_8995_EMA,Phrase 2: Quantum computing is...,0,22, for,0.3886220157146454
phase4_step_8995_EMA,Phrase 2: Quantum computing is...,0,23,2,0.8109625577926636
phase4_step_8995_EMA,Phrase 2: Quantum computing is...,0,24, comb,0.7432087063789368
phase4_step_8995_EMA,Phrase 2: Quantum computing is...,0,25, ,0.8018445372581482
phase4_step_8995_EMA,Phrase 0: The quick brown fox ...,1,0,The,0.10032901167869568
phase4_step_8995_EMA,Phrase 0: The quick brown fox ...,1,1, easy,0.4957873523235321
phase4_step_8995_EMA,Phrase 0: The quick brown fox ...,1,2, brown,0.09981757402420044
phase4_step_8995_EMA,Phrase 0: The quick brown fox ...,1,3, fox,0.3304331600666046
phase4_step_8995_EMA,Phrase 0: The quick brown fox ...,1,4, maps,0.4793044924736023
phase4_step_8995_EMA,Phrase 0: The quick brown fox ...,1,5, over,0.7426761388778687
phase4_step_8995_EMA,Phrase 0: The quick brown fox ...,1,6, red,0.5575340390205383
phase4_step_8995_EMA,Phrase 0: The quick brown fox ...,1,7, lazy,0.5067879557609558
phase4_step_8995_EMA,Phrase 0: The quick brown fox ...,1,8, x,0.5122377872467041
phase4_step_8995_EMA,Phrase 0: The quick brown fox ...,1,9,.,0.2742844820022583
phase4_step_8995_EMA,"Phrase 1: Мама мыла раму, а па...",1,0,м,0.6005495190620422
phase4_step_8995_EMA,"Phrase 1: Мама мыла раму, а па...",1,1,ам,0.09964683651924133
phase4_step_8995_EMA,"Phrase 1: Мама мыла раму, а па...",1,2,а,0.5681197047233582
phase4_step_8995_EMA,"Phrase 1: Мама мыла раму, а па...",1,3, мы,0.5008693933486938
phase4_step_8995_EMA,"Phrase 1: Мама мыла раму, а па...",1,4, под,0.9868524074554443
phase4_step_8995_EMA,"Phrase 1: Мама мыла раму, а па...",1,5, де,0.3291812837123871
phase4_step_8995_EMA,"Phrase 1: Мама мыла раму, а па...",1,6,у,0.1003570556640625
phase4_step_8995_EMA,"Phrase 1: Мама мыла раму, а па...",1,7,",",0.265733927488327
phase4_step_8995_EMA,"Phrase 1: Мама мыла раму, а па...",1,8, а,0.5637667775154114
phase4_step_8995_EMA,"Phrase 1: Мама мыла раму, а па...",1,9, п,0.09908369928598404
phase4_step_8995_EMA,"Phrase 1: Мама мыла раму, а па...",1,10,ап,0.4295765459537506
phase4_step_8995_EMA,"Phrase 1: Мама мыла раму, а па...",1,11,ava,0.8149919509887695
phase4_step_8995_EMA,"Phrase 1: Мама мыла раму, а па...",1,12, п,0.8193033337593079
phase4_step_8995_EMA,"Phrase 1: Мама мыла раму, а па...",1,13,To,0.7550289034843445
phase4_step_8995_EMA,"Phrase 1: Мама мыла раму, а па...",1,14, план,0.8091365694999695
phase4_step_8995_EMA,"Phrase 1: Мама мыла раму, а па...",1,15, т,0.593791663646698
phase4_step_8995_EMA,"Phrase 1: Мама мыла раму, а па...",1,16,交易所,0.7898582220077515
phase4_step_8995_EMA,"Phrase 1: Мама мыла раму, а па...",1,17,ев,0.7366935610771179
phase4_step_8995_EMA,"Phrase 1: Мама мыла раму, а па...",1,18,из,0.5258824825286865
phase4_step_8995_EMA,"Phrase 1: Мама мыла раму, а па...",1,19,ор,0.3165280520915985
phase4_step_8995_EMA,"Phrase 1: Мама мыла раму, а па...",1,20,ти,0.8354965448379517
phase4_step_8995_EMA,Phrase 2: Quantum computing is...,1,0, unit,1.027833342552185
phase4_step_8995_EMA,Phrase 2: Quantum computing is...,1,1,um,0.5920349955558777
phase4_step_8995_EMA,Phrase 2: Quantum computing is...,1,2, computing,0.2836129665374756
phase4_step_8995_EMA,Phrase 2: Quantum computing is...,1,3, is,0.37937769293785095
phase4_step_8995_EMA,Phrase 2: Quantum computing is...,1,4, -,1.0385361909866333
phase4_step_8995_EMA,Phrase 2: Quantum computing is...,1,5, again,0.1005251482129097
phase4_step_8995_EMA,Phrase 2: Quantum computing is...,1,6,-em,0.10005979984998703
phase4_step_8995_EMA,Phrase 2: Quantum computing is...,1,7, sides,0.6738904118537903
phase4_step_8995_EMA,Phrase 2: Quantum computing is...,1,8, technology,0.09987127035856247
phase4_step_8995_EMA,Phrase 2: Quantum computing is...,1,9, that,0.21299481391906738
phase4_step_8995_EMA,Phrase 2: Quantum computing is...,1,10,1,0.6948761940002441
phase4_step_8995_EMA,Phrase 2: Quantum computing is...,1,11,es,0.314456582069397
phase4_step_8995_EMA,Phrase 2: Quantum computing is...,1,12, the,0.3552437424659729
phase4_step_8995_EMA,Phrase 2: Quantum computing is...,1,13, endpoints,0.2687714993953705
phase4_step_8995_EMA,Phrase 2: Quantum computing is...,1,14, of,0.4698425233364105
phase4_step_8995_EMA,Phrase 2: Quantum computing is...,1,15, quantum,0.09996084868907928
phase4_step_8995_EMA,Phrase 2: Quantum computing is...,1,16, mechanics,0.4847402572631836
phase4_step_8995_EMA,Phrase 2: Quantum computing is...,1,17, to,0.6990894079208374
phase4_step_8995_EMA,Phrase 2: Quantum computing is...,1,18, solve,0.21860533952713013
phase4_step_8995_EMA,Phrase 2: Quantum computing is...,1,19, solutions,0.4585344195365906
phase4_step_8995_EMA,Phrase 2: Quantum computing is...,1,20, too,0.5261332988739014
phase4_step_8995_EMA,Phrase 2: Quantum computing is...,1,21, complex,0.10019595175981522
phase4_step_8995_EMA,Phrase 2: Quantum computing is...,1,22, for,0.3943954110145569
phase4_step_8995_EMA,Phrase 2: Quantum computing is...,1,23,2,0.8032289743423462
phase4_step_8995_EMA,Phrase 2: Quantum computing is...,1,24, comb,0.7179210186004639
phase4_step_8995_EMA,Phrase 2: Quantum computing is...,1,25, ,0.7874378561973572
phase4_step_8995_EMA,Phrase 0: The quick brown fox ...,2,0,The,0.09659625589847565
phase4_step_8995_EMA,Phrase 0: The quick brown fox ...,2,1, easy,0.4823630452156067
phase4_step_8995_EMA,Phrase 0: The quick brown fox ...,2,2, brown,0.1005244255065918
phase4_step_8995_EMA,Phrase 0: The quick brown fox ...,2,3, fox,0.3194393217563629
phase4_step_8995_EMA,Phrase 0: The quick brown fox ...,2,4, maps,0.4612281322479248
phase4_step_8995_EMA,Phrase 0: The quick brown fox ...,2,5, over,0.7202537655830383
phase4_step_8995_EMA,Phrase 0: The quick brown fox ...,2,6, red,0.5250157117843628
phase4_step_8995_EMA,Phrase 0: The quick brown fox ...,2,7, lazy,0.49171778559684753
phase4_step_8995_EMA,Phrase 0: The quick brown fox ...,2,8, x,0.4927428364753723
phase4_step_8995_EMA,Phrase 0: The quick brown fox ...,2,9,.,0.25756752490997314
phase4_step_8995_EMA,"Phrase 1: Мама мыла раму, а па...",2,0,м,0.570475697517395
phase4_step_8995_EMA,"Phrase 1: Мама мыла раму, а па...",2,1,ам,0.09565785527229309
phase4_step_8995_EMA,"Phrase 1: Мама мыла раму, а па...",2,2,а,0.5361740589141846
phase4_step_8995_EMA,"Phrase 1: Мама мыла раму, а па...",2,3, мы,0.4793097972869873
phase4_step_8995_EMA,"Phrase 1: Мама мыла раму, а па...",2,4, под,0.9759625792503357
phase4_step_8995_EMA,"Phrase 1: Мама мыла раму, а па...",2,5, де,0.31600552797317505
phase4_step_8995_EMA,"Phrase 1: Мама мыла раму, а па...",2,6,у,0.09469307214021683
phase4_step_8995_EMA,"Phrase 1: Мама мыла раму, а па...",2,7,",",0.2493574023246765
phase4_step_8995_EMA,"Phrase 1: Мама мыла раму, а па...",2,8, а,0.5345497727394104
phase4_step_8995_EMA,"Phrase 1: Мама мыла раму, а па...",2,9, п,0.09430564939975739
phase4_step_8995_EMA,"Phrase 1: Мама мыла раму, а па...",2,10,ап,0.4106760621070862
phase4_step_8995_EMA,"Phrase 1: Мама мыла раму, а па...",2,11,ava,0.7812312841415405
phase4_step_8995_EMA,"Phrase 1: Мама мыла раму, а па...",2,12, п,0.7964094281196594
phase4_step_8995_EMA,"Phrase 1: Мама мыла раму, а па...",2,13,For,0.7241050601005554
phase4_step_8995_EMA,"Phrase 1: Мама мыла раму, а па...",2,14,лиц,0.7886570692062378
phase4_step_8995_EMA,"Phrase 1: Мама мыла раму, а па...",2,15, т,0.5639165043830872
phase4_step_8995_EMA,"Phrase 1: Мама мыла раму, а па...",2,16,aksi,0.7608903050422668
phase4_step_8995_EMA,"Phrase 1: Мама мыла раму, а па...",2,17,ев,0.7096462845802307
phase4_step_8995_EMA,"Phrase 1: Мама мыла раму, а па...",2,18,из,0.5017368197441101
phase4_step_8995_EMA,"Phrase 1: Мама мыла раму, а па...",2,19,ор,0.3001151382923126
phase4_step_8995_EMA,"Phrase 1: Мама мыла раму, а па...",2,20,ти,0.7962722182273865
phase4_step_8995_EMA,Phrase 2: Quantum computing is...,2,0, unit,1.020108699798584
phase4_step_8995_EMA,Phrase 2: Quantum computing is...,2,1,um,0.5695812702178955
phase4_step_8995_EMA,Phrase 2: Quantum computing is...,2,2, computing,0.2715427279472351
phase4_step_8995_EMA,Phrase 2: Quantum computing is...,2,3, is,0.3562302887439728
phase4_step_8995_EMA,Phrase 2: Quantum computing is...,2,4, -,1.029180884361267
phase4_step_8995_EMA,Phrase 2: Quantum computing is...,2,5, again,0.1005232185125351
phase4_step_8995_EMA,Phrase 2: Quantum computing is...,2,6,-em,0.09995477646589279
phase4_step_8995_EMA,Phrase 2: Quantum computing is...,2,7, sides,0.6556966304779053
phase4_step_8995_EMA,Phrase 2: Quantum computing is...,2,8, technology,0.10132003575563431
phase4_step_8995_EMA,Phrase 2: Quantum computing is...,2,9, that,0.19969753921031952
phase4_step_8995_EMA,Phrase 2: Quantum computing is...,2,10,ba,0.6771863698959351
phase4_step_8995_EMA,Phrase 2: Quantum computing is...,2,11,es,0.2982800602912903
phase4_step_8995_EMA,Phrase 2: Quantum computing is...,2,12, the,0.333665668964386
phase4_step_8995_EMA,Phrase 2: Quantum computing is...,2,13, examples,0.2621068060398102
phase4_step_8995_EMA,Phrase 2: Quantum computing is...,2,14, of,0.4417560398578644
phase4_step_8995_EMA,Phrase 2: Quantum computing is...,2,15, quantum,0.10115325450897217
phase4_step_8995_EMA,Phrase 2: Quantum computing is...,2,16, mechanics,0.4673649072647095
phase4_step_8995_EMA,Phrase 2: Quantum computing is...,2,17, to,0.6617321968078613
phase4_step_8995_EMA,Phrase 2: Quantum computing is...,2,18, solve,0.20643113553524017
phase4_step_8995_EMA,Phrase 2: Quantum computing is...,2,19, solutions,0.43548882007598877
phase4_step_8995_EMA,Phrase 2: Quantum computing is...,2,20, too,0.505459725856781
phase4_step_8995_EMA,Phrase 2: Quantum computing is...,2,21, complex,0.09845235198736191
phase4_step_8995_EMA,Phrase 2: Quantum computing is...,2,22, for,0.3707667887210846
phase4_step_8995_EMA,Phrase 2: Quantum computing is...,2,23,2,0.7858619689941406
phase4_step_8995_EMA,Phrase 2: Quantum computing is...,2,24, comb,0.6988454461097717
phase4_step_8995_EMA,Phrase 2: Quantum computing is...,2,25, ,0.7485602498054504
phase4_step_8995_EMA,Phrase 0: The quick brown fox ...,3,0,The,0.09485501796007156
phase4_step_8995_EMA,Phrase 0: The quick brown fox ...,3,1, easy,0.4720093011856079
phase4_step_8995_EMA,Phrase 0: The quick brown fox ...,3,2, brown,0.10985643416643143
phase4_step_8995_EMA,Phrase 0: The quick brown fox ...,3,3, fox,0.3124714493751526
phase4_step_8995_EMA,Phrase 0: The quick brown fox ...,3,4, maps,0.446018785238266
phase4_step_8995_EMA,Phrase 0: The quick brown fox ...,3,5, over,0.6988945007324219
phase4_step_8995_EMA,Phrase 0: The quick brown fox ...,3,6, the,0.49400466680526733
phase4_step_8995_EMA,Phrase 0: The quick brown fox ...,3,7, lazy,0.4795239269733429
phase4_step_8995_EMA,Phrase 0: The quick brown fox ...,3,8, dog,0.4760310649871826
phase4_step_8995_EMA,Phrase 0: The quick brown fox ...,3,9,.,0.2418891340494156
phase4_step_8995_EMA,"Phrase 1: Мама мыла раму, а па...",3,0,м,0.5420606732368469
phase4_step_8995_EMA,"Phrase 1: Мама мыла раму, а па...",3,1,ам,0.09513960778713226
phase4_step_8995_EMA,"Phrase 1: Мама мыла раму, а па...",3,2,а,0.5058092474937439
phase4_step_8995_EMA,"Phrase 1: Мама мыла раму, а па...",3,3, мы,0.4601055681705475
phase4_step_8995_EMA,"Phrase 1: Мама мыла раму, а па...",3,4, под,0.9655174612998962
phase4_step_8995_EMA,"Phrase 1: Мама мыла раму, а па...",3,5, рам,0.3066502809524536
phase4_step_8995_EMA,"Phrase 1: Мама мыла раму, а па...",3,6,у,0.09062712639570236
phase4_step_8995_EMA,"Phrase 1: Мама мыла раму, а па...",3,7,",",0.23398295044898987
phase4_step_8995_EMA,"Phrase 1: Мама мыла раму, а па...",3,8, а,0.50699383020401
phase4_step_8995_EMA,"Phrase 1: Мама мыла раму, а па...",3,9, п,0.09243539720773697
phase4_step_8995_EMA,"Phrase 1: Мама мыла раму, а па...",3,10,ап,0.39436644315719604
phase4_step_8995_EMA,"Phrase 1: Мама мыла раму, а па...",3,11,а,0.7464193105697632
phase4_step_8995_EMA,"Phrase 1: Мама мыла раму, а па...",3,12, это,0.7741612195968628
phase4_step_8995_EMA,"Phrase 1: Мама мыла раму, а па...",3,13,For,0.693863570690155
phase4_step_8995_EMA,"Phrase 1: Мама мыла раму, а па...",3,14,лиц,0.7690100073814392
phase4_step_8995_EMA,"Phrase 1: Мама мыла раму, а па...",3,15, т,0.5356519818305969
phase4_step_8995_EMA,"Phrase 1: Мама мыла раму, а па...",3,16,aksi,0.7324039340019226
phase4_step_8995_EMA,"Phrase 1: Мама мыла раму, а па...",3,17,ев,0.6837368011474609
phase4_step_8995_EMA,"Phrase 1: Мама мыла раму, а па...",3,18,из,0.47972193360328674
phase4_step_8995_EMA,"Phrase 1: Мама мыла раму, а па...",3,19,ор,0.2855657637119293
phase4_step_8995_EMA,"Phrase 1: Мама мыла раму, а па...",3,20,ти,0.757327675819397
phase4_step_8995_EMA,Phrase 2: Quantum computing is...,3,0, k,1.0127376317977905
phase4_step_8995_EMA,Phrase 2: Quantum computing is...,3,1,um,0.5491957068443298
phase4_step_8995_EMA,Phrase 2: Quantum computing is...,3,2, computing,0.26298221945762634
phase4_step_8995_EMA,Phrase 2: Quantum computing is...,3,3, is,0.3344479501247406
phase4_step_8995_EMA,Phrase 2: Quantum computing is...,3,4, -,1.0220367908477783
phase4_step_8995_EMA,Phrase 2: Quantum computing is...,3,5, once,0.10846385359764099
phase4_step_8995_EMA,Phrase 2: Quantum computing is...,3,6,-em,0.10716459900140762
phase4_step_8995_EMA,Phrase 2: Quantum computing is...,3,7,},0.6391830444335938
phase4_step_8995_EMA,Phrase 2: Quantum computing is...,3,8, technology,0.11095747351646423
phase4_step_8995_EMA,Phrase 2: Quantum computing is...,3,9, that,0.18725012242794037
phase4_step_8995_EMA,Phrase 2: Quantum computing is...,3,10,ba,0.6612983345985413
phase4_step_8995_EMA,Phrase 2: Quantum computing is...,3,11,es,0.2845103144645691
phase4_step_8995_EMA,Phrase 2: Quantum computing is...,3,12, the,0.3133910894393921
phase4_step_8995_EMA,Phrase 2: Quantum computing is...,3,13, examples,0.2597677707672119
phase4_step_8995_EMA,Phrase 2: Quantum computing is...,3,14, of,0.41519415378570557
phase4_step_8995_EMA,Phrase 2: Quantum computing is...,3,15, quantum,0.11028917878866196
phase4_step_8995_EMA,Phrase 2: Quantum computing is...,3,16, mechanics,0.45265036821365356
phase4_step_8995_EMA,Phrase 2: Quantum computing is...,3,17, to,0.6253861784934998
phase4_step_8995_EMA,Phrase 2: Quantum computing is...,3,18, solve,0.19622178375720978
phase4_step_8995_EMA,Phrase 2: Quantum computing is...,3,19, solutions,0.41485342383384705
phase4_step_8995_EMA,Phrase 2: Quantum computing is...,3,20, too,0.4875168800354004
phase4_step_8995_EMA,Phrase 2: Quantum computing is...,3,21, complex,0.10419188439846039
phase4_step_8995_EMA,Phrase 2: Quantum computing is...,3,22, for,0.3485495448112488
phase4_step_8995_EMA,Phrase 2: Quantum computing is...,3,23,2,0.7699555158615112
phase4_step_8995_EMA,Phrase 2: Quantum computing is...,3,24, comb,0.6810647249221802
phase4_step_8995_EMA,Phrase 2: Quantum computing is...,3,25, ,0.7102628946304321
phase4_step_8995_EMA,Phrase 0: The quick brown fox ...,4,0,The,0.09487085789442062
phase4_step_8995_EMA,Phrase 0: The quick brown fox ...,4,1, easy,0.4645761251449585
phase4_step_8995_EMA,Phrase 0: The quick brown fox ...,4,2, brown,0.12501157820224762
phase4_step_8995_EMA,Phrase 0: The quick brown fox ...,4,3, fox,0.30917346477508545
phase4_step_8995_EMA,Phrase 0: The quick brown fox ...,4,4, jumps,0.43359461426734924
phase4_step_8995_EMA,Phrase 0: The quick brown fox ...,4,5, over,0.678901195526123
phase4_step_8995_EMA,Phrase 0: The quick brown fox ...,4,6, the,0.4645407199859619
phase4_step_8995_EMA,Phrase 0: The quick brown fox ...,4,7, lazy,0.47007641196250916
phase4_step_8995_EMA,Phrase 0: The quick brown fox ...,4,8, dog,0.46209579706192017
phase4_step_8995_EMA,Phrase 0: The quick brown fox ...,4,9,.,0.227189302444458
phase4_step_8995_EMA,"Phrase 1: Мама мыла раму, а па...",4,0,м,0.5154295563697815
phase4_step_8995_EMA,"Phrase 1: Мама мыла раму, а па...",4,1,ам,0.09759877622127533
phase4_step_8995_EMA,"Phrase 1: Мама мыла раму, а па...",4,2,а,0.477101594209671
phase4_step_8995_EMA,"Phrase 1: Мама мыла раму, а па...",4,3, мы,0.44324323534965515
phase4_step_8995_EMA,"Phrase 1: Мама мыла раму, а па...",4,4, п,0.9561058282852173
phase4_step_8995_EMA,"Phrase 1: Мама мыла раму, а па...",4,5, рам,0.30088531970977783
phase4_step_8995_EMA,"Phrase 1: Мама мыла раму, а па...",4,6,у,0.08807466924190521
phase4_step_8995_EMA,"Phrase 1: Мама мыла раму, а па...",4,7,",",0.21955135464668274
phase4_step_8995_EMA,"Phrase 1: Мама мыла раму, а па...",4,8, а,0.4811748266220093
phase4_step_8995_EMA,"Phrase 1: Мама мыла раму, а па...",4,9, п,0.0931660607457161
phase4_step_8995_EMA,"Phrase 1: Мама мыла раму, а па...",4,10,ап,0.3805817663669586
phase4_step_8995_EMA,"Phrase 1: Мама мыла раму, а па...",4,11,а,0.7113776803016663
phase4_step_8995_EMA,"Phrase 1: Мама мыла раму, а па...",4,12, это,0.7529392242431641
phase4_step_8995_EMA,"Phrase 1: Мама мыла раму, а па...",4,13,iling,0.664677083492279
phase4_step_8995_EMA,"Phrase 1: Мама мыла раму, а па...",4,14,лиц,0.7503155469894409
phase4_step_8995_EMA,"Phrase 1: Мама мыла раму, а па...",4,15, т,0.5090798735618591
phase4_step_8995_EMA,"Phrase 1: Мама мыла раму, а па...",4,16,aksi,0.7047780752182007
phase4_step_8995_EMA,"Phrase 1: Мама мыла раму, а па...",4,17,ев,0.6591320633888245
phase4_step_8995_EMA,"Phrase 1: Мама мыла раму, а па...",4,18,из,0.45984065532684326
phase4_step_8995_EMA,"Phrase 1: Мама мыла раму, а па...",4,19,ор,0.2727833688259125
phase4_step_8995_EMA,"Phrase 1: Мама мыла раму, а па...",4,20,".

",0.7189229726791382
phase4_step_8995_EMA,Phrase 2: Quantum computing is...,4,0, k,1.006470799446106
phase4_step_8995_EMA,Phrase 2: Quantum computing is...,4,1,um,0.5309792160987854
phase4_step_8995_EMA,Phrase 2: Quantum computing is...,4,2, computing,0.2576882839202881
phase4_step_8995_EMA,Phrase 2: Quantum computing is...,4,3, is,0.31396520137786865
phase4_step_8995_EMA,Phrase 2: Quantum computing is...,4,4, -,1.017791509628296
phase4_step_8995_EMA,Phrase 2: Quantum computing is...,4,5, once,0.12187536805868149
phase4_step_8995_EMA,Phrase 2: Quantum computing is...,4,6,-em,0.11959479749202728
phase4_step_8995_EMA,Phrase 2: Quantum computing is...,4,7,},0.624518632888794
phase4_step_8995_EMA,Phrase 2: Quantum computing is...,4,8, technology,0.12599803507328033
phase4_step_8995_EMA,Phrase 2: Quantum computing is...,4,9, that,0.17560391128063202
phase4_step_8995_EMA,Phrase 2: Quantum computing is...,4,10,1,0.6472504138946533
phase4_step_8995_EMA,Phrase 2: Quantum computing is...,4,11,es,0.27306124567985535
phase4_step_8995_EMA,Phrase 2: Quantum computing is...,4,12, the,0.29435300827026367
phase4_step_8995_EMA,Phrase 2: Quantum computing is...,4,13, examples,0.26119014620780945
phase4_step_8995_EMA,Phrase 2: Quantum computing is...,4,14, of,0.3901214301586151
phase4_step_8995_EMA,Phrase 2: Quantum computing is...,4,15, quantum,0.12474972009658813
phase4_step_8995_EMA,Phrase 2: Quantum computing is...,4,16, mechanics,0.4405090808868408
phase4_step_8995_EMA,Phrase 2: Quantum computing is...,4,17, to,0.5902233123779297
phase4_step_8995_EMA,Phrase 2: Quantum computing is...,4,18, solve,0.18789705634117126
phase4_step_8995_EMA,Phrase 2: Quantum computing is...,4,19, solutions,0.39662423729896545
phase4_step_8995_EMA,Phrase 2: Quantum computing is...,4,20, too,0.4722731113433838
phase4_step_8995_EMA,Phrase 2: Quantum computing is...,4,21, complex,0.11543188989162445
phase4_step_8995_EMA,Phrase 2: Quantum computing is...,4,22, for,0.32768145203590393
phase4_step_8995_EMA,Phrase 2: Quantum computing is...,4,23,2,0.7553830146789551
phase4_step_8995_EMA,Phrase 2: Quantum computing is...,4,24, comb,0.6648067235946655
phase4_step_8995_EMA,Phrase 2: Quantum computing is...,4,25, ,0.6727341413497925
phase4_step_8995_EMA,Phrase 0: The quick brown fox ...,5,0,The,0.09635496139526367
phase4_step_8995_EMA,Phrase 0: The quick brown fox ...,5,1, easy,0.45983362197875977
phase4_step_8995_EMA,Phrase 0: The quick brown fox ...,5,2, brown,0.1434517651796341
phase4_step_8995_EMA,Phrase 0: The quick brown fox ...,5,3, fox,0.30910563468933105
phase4_step_8995_EMA,Phrase 0: The quick brown fox ...,5,4, jumps,0.42381221055984497
phase4_step_8995_EMA,Phrase 0: The quick brown fox ...,5,5, over,0.6605632305145264
phase4_step_8995_EMA,Phrase 0: The quick brown fox ...,5,6, the,0.436631977558136
phase4_step_8995_EMA,Phrase 0: The quick brown fox ...,5,7, lazy,0.4631817936897278
phase4_step_8995_EMA,Phrase 0: The quick brown fox ...,5,8, dog,0.4508459270000458
phase4_step_8995_EMA,Phrase 0: The quick brown fox ...,5,9,.,0.21341204643249512
phase4_step_8995_EMA,"Phrase 1: Мама мыла раму, а па...",5,0,М,0.4906492829322815
phase4_step_8995_EMA,"Phrase 1: Мама мыла раму, а па...",5,1,ам,0.10239256918430328
phase4_step_8995_EMA,"Phrase 1: Мама мыла раму, а па...",5,2,а,0.45008349418640137
phase4_step_8995_EMA,"Phrase 1: Мама мыла раму, а па...",5,3, мы,0.4286445677280426
phase4_step_8995_EMA,"Phrase 1: Мама мыла раму, а па...",5,4, п,0.9478791356086731
phase4_step_8995_EMA,"Phrase 1: Мама мыла раму, а па...",5,5, рам,0.2983618974685669
phase4_step_8995_EMA,"Phrase 1: Мама мыла раму, а па...",5,6,у,0.08690609037876129
phase4_step_8995_EMA,"Phrase 1: Мама мыла раму, а па...",5,7,",",0.2060072124004364
phase4_step_8995_EMA,"Phrase 1: Мама мыла раму, а па...",5,8, а,0.45714321732521057
phase4_step_8995_EMA,"Phrase 1: Мама мыла раму, а па...",5,9, п,0.09602345526218414
phase4_step_8995_EMA,"Phrase 1: Мама мыла раму, а па...",5,10,ап,0.3692156970500946
phase4_step_8995_EMA,"Phrase 1: Мама мыла раму, а па...",5,11,а,0.6767451167106628
phase4_step_8995_EMA,"Phrase 1: Мама мыла раму, а па...",5,12, ч,0.7329756617546082
phase4_step_8995_EMA,"Phrase 1: Мама мыла раму, а па...",5,13,iling,0.6367966532707214
phase4_step_8995_EMA,"Phrase 1: Мама мыла раму, а па...",5,14,лиц,0.7326732873916626
phase4_step_8995_EMA,"Phrase 1: Мама мыла раму, а па...",5,15, т,0.4842347502708435
phase4_step_8995_EMA,"Phrase 1: Мама мыла раму, а па...",5,16,aksi,0.6782906651496887
phase4_step_8995_EMA,"Phrase 1: Мама мыла раму, а па...",5,17,ев,0.6359726190567017
phase4_step_8995_EMA,"Phrase 1: Мама мыла раму, а па...",5,18,из,0.44207024574279785
phase4_step_8995_EMA,"Phrase 1: Мама мыла раму, а па...",5,19,ор,0.26168328523635864
phase4_step_8995_EMA,"Phrase 1: Мама мыла раму, а па...",5,20,".
",0.6812515258789062
phase4_step_8995_EMA,Phrase 2: Quantum computing is...,5,0, k,1.0012563467025757
phase4_step_8995_EMA,Phrase 2: Quantum computing is...,5,1,um,0.5149548649787903
phase4_step_8995_EMA,Phrase 2: Quantum computing is...,5,2, computing,0.2553437352180481
phase4_step_8995_EMA,Phrase 2: Quantum computing is...,5,3, is,0.2947152554988861
phase4_step_8995_EMA,Phrase 2: Quantum computing is...,5,4, -,1.0151726007461548
phase4_step_8995_EMA,Phrase 2: Quantum computing is...,5,5, once,0.13847839832305908
phase4_step_8995_EMA,Phrase 2: Quantum computing is...,5,6,EM,0.13516473770141602
phase4_step_8995_EMA,Phrase 2: Quantum computing is...,5,7, rows,0.611672043800354
phase4_step_8995_EMA,Phrase 2: Quantum computing is...,5,8, technology,0.14401721954345703
phase4_step_8995_EMA,Phrase 2: Quantum computing is...,5,9, that,0.16471631824970245
phase4_step_8995_EMA,Phrase 2: Quantum computing is...,5,10,1,0.6350390315055847
phase4_step_8995_EMA,Phrase 2: Quantum computing is...,5,11,es,0.26382049918174744
phase4_step_8995_EMA,Phrase 2: Quantum computing is...,5,12, the,0.2764836847782135
phase4_step_8995_EMA,Phrase 2: Quantum computing is...,5,13, cases,0.265722393989563
phase4_step_8995_EMA,Phrase 2: Quantum computing is...,5,14, of,0.36648884415626526
phase4_step_8995_EMA,Phrase 2: Quantum computing is...,5,15, quantum,0.1422320455312729
phase4_step_8995_EMA,Phrase 2: Quantum computing is...,5,16, mechanics,0.4308113157749176
phase4_step_8995_EMA,Phrase 2: Quantum computing is...,5,17, to,0.5563867092132568
phase4_step_8995_EMA,Phrase 2: Quantum computing is...,5,18, solve,0.18134400248527527
phase4_step_8995_EMA,Phrase 2: Quantum computing is...,5,19, solutions,0.38075926899909973
phase4_step_8995_EMA,Phrase 2: Quantum computing is...,5,20, too,0.4596625566482544
phase4_step_8995_EMA,Phrase 2: Quantum computing is...,5,21, complex,0.130048006772995
phase4_step_8995_EMA,Phrase 2: Quantum computing is...,5,22, for,0.3080940246582031
phase4_step_8995_EMA,Phrase 2: Quantum computing is...,5,23, computer,0.7420695424079895
phase4_step_8995_EMA,Phrase 2: Quantum computing is...,5,24, comb,0.650165855884552
phase4_step_8995_EMA,Phrase 2: Quantum computing is...,5,25,.,0.6361615657806396
phase4_step_8995_EMA,Phrase 0: The quick brown fox ...,6,0,The,0.09899822622537613
phase4_step_8995_EMA,Phrase 0: The quick brown fox ...,6,1, easy,0.45750293135643005
phase4_step_8995_EMA,Phrase 0: The quick brown fox ...,6,2, brown,0.16348278522491455
phase4_step_8995_EMA,Phrase 0: The quick brown fox ...,6,3, fox,0.31178221106529236
phase4_step_8995_EMA,Phrase 0: The quick brown fox ...,6,4, jumps,0.41648295521736145
phase4_step_8995_EMA,Phrase 0: The quick brown fox ...,6,5, over,0.6441139578819275
phase4_step_8995_EMA,Phrase 0: The quick brown fox ...,6,6, the,0.410260945558548
phase4_step_8995_EMA,Phrase 0: The quick brown fox ...,6,7, lazy,0.45860764384269714
phase4_step_8995_EMA,Phrase 0: The quick brown fox ...,6,8, dog,0.44212841987609863
phase4_step_8995_EMA,Phrase 0: The quick brown fox ...,6,9,.,0.20050376653671265
phase4_step_8995_EMA,"Phrase 1: Мама мыла раму, а па...",6,0,М,0.4677548110485077
phase4_step_8995_EMA,"Phrase 1: Мама мыла раму, а па...",6,1,ам,0.10887040942907333
phase4_step_8995_EMA,"Phrase 1: Мама мыла раму, а па...",6,2,а,0.424745112657547
phase4_step_8995_EMA,"Phrase 1: Мама мыла раму, а па...",6,3, мы,0.4161827266216278
phase4_step_8995_EMA,"Phrase 1: Мама мыла раму, а па...",6,4, п,0.9405304193496704
phase4_step_8995_EMA,"Phrase 1: Мама мыла раму, а па...",6,5, рам,0.29867032170295715
phase4_step_8995_EMA,"Phrase 1: Мама мыла раму, а па...",6,6,у,0.08694902807474136
phase4_step_8995_EMA,"Phrase 1: Мама мыла раму, а па...",6,7,",",0.19329780340194702
phase4_step_8995_EMA,"Phrase 1: Мама мыла раму, а па...",6,8, а,0.43491002917289734
phase4_step_8995_EMA,"Phrase 1: Мама мыла раму, а па...",6,9, п,0.10048218071460724
phase4_step_8995_EMA,"Phrase 1: Мама мыла раму, а па...",6,10,ап,0.36012572050094604
phase4_step_8995_EMA,"Phrase 1: Мама мыла раму, а па...",6,11,а,0.6429244875907898
phase4_step_8995_EMA,"Phrase 1: Мама мыла раму, а па...",6,12, ч,0.7143772840499878
phase4_step_8995_EMA,"Phrase 1: Мама мыла раму, а па...",6,13,ин,0.6103901863098145
phase4_step_8995_EMA,"Phrase 1: Мама мыла раму, а па...",6,14,лиц,0.7161539793014526
phase4_step_8995_EMA,"Phrase 1: Мама мыла раму, а па...",6,15, т,0.4611188471317291
phase4_step_8995_EMA,"Phrase 1: Мама мыла раму, а па...",6,16,aksi,0.6531445384025574
phase4_step_8995_EMA,"Phrase 1: Мама мыла раму, а па...",6,17,ев,0.6143437027931213
phase4_step_8995_EMA,"Phrase 1: Мама мыла раму, а па...",6,18,из,0.42636194825172424
phase4_step_8995_EMA,"Phrase 1: Мама мыла раму, а па...",6,19,ор,0.2521725296974182
phase4_step_8995_EMA,"Phrase 1: Мама мыла раму, а па...",6,20,.,0.6445025205612183
phase4_step_8995_EMA,Phrase 2: Quantum computing is...,6,0, k,0.9967542290687561
phase4_step_8995_EMA,Phrase 2: Quantum computing is...,6,1,um,0.5010778307914734
phase4_step_8995_EMA,Phrase 2: Quantum computing is...,6,2, computing,0.25558096170425415
phase4_step_8995_EMA,Phrase 2: Quantum computing is...,6,3, is,0.27663353085517883
phase4_step_8995_EMA,Phrase 2: Quantum computing is...,6,4, -,1.013243317604065
phase4_step_8995_EMA,Phrase 2: Quantum computing is...,6,5, once,0.15667028725147247
phase4_step_8995_EMA,Phrase 2: Quantum computing is...,6,6,EM,0.15237313508987427
phase4_step_8995_EMA,Phrase 2: Quantum computing is...,6,7, programming,0.600594162940979
phase4_step_8995_EMA,Phrase 2: Quantum computing is...,6,8, technology,0.16341882944107056
phase4_step_8995_EMA,Phrase 2: Quantum computing is...,6,9, that,0.15454424917697906
phase4_step_8995_EMA,Phrase 2: Quantum computing is...,6,10,iv,0.6246216297149658
phase4_step_8995_EMA,Phrase 2: Quantum computing is...,6,11,es,0.2566402554512024
phase4_step_8995_EMA,Phrase 2: Quantum computing is...,6,12, the,0.2597178518772125
phase4_step_8995_EMA,Phrase 2: Quantum computing is...,6,13, cases,0.27271294593811035
phase4_step_8995_EMA,Phrase 2: Quantum computing is...,6,14, of,0.34423911571502686
phase4_step_8995_EMA,Phrase 2: Quantum computing is...,6,15, quantum,0.16117703914642334
phase4_step_8995_EMA,Phrase 2: Quantum computing is...,6,16, mechanics,0.423379123210907
phase4_step_8995_EMA,Phrase 2: Quantum computing is...,6,17, to,0.5239849090576172
phase4_step_8995_EMA,Phrase 2: Quantum computing is...,6,18, solve,0.17643515765666962
phase4_step_8995_EMA,Phrase 2: Quantum computing is...,6,19, solutions,0.3671751022338867
phase4_step_8995_EMA,Phrase 2: Quantum computing is...,6,20, too,0.44956621527671814
phase4_step_8995_EMA,Phrase 2: Quantum computing is...,6,21, complex,0.14645789563655853
phase4_step_8995_EMA,Phrase 2: Quantum computing is...,6,22, for,0.2897198498249054
phase4_step_8995_EMA,Phrase 2: Quantum computing is...,6,23, valid,0.7300165295600891
phase4_step_8995_EMA,Phrase 2: Quantum computing is...,6,24, comb,0.6371838450431824
phase4_step_8995_EMA,Phrase 2: Quantum computing is...,6,25,.,0.6007208824157715
phase4_step_8995_EMA,Phrase 0: The quick brown fox ...,7,0,The,0.1025112047791481
phase4_step_8995_EMA,Phrase 0: The quick brown fox ...,7,1, easy,0.4572826623916626
phase4_step_8995_EMA,Phrase 0: The quick brown fox ...,7,2, brown,0.18409131467342377
phase4_step_8995_EMA,Phrase 0: The quick brown fox ...,7,3, fox,0.3167092502117157
phase4_step_8995_EMA,Phrase 0: The quick brown fox ...,7,4, jumps,0.4113874137401581
phase4_step_8995_EMA,Phrase 0: The quick brown fox ...,7,5, over,0.6297230124473572
phase4_step_8995_EMA,Phrase 0: The quick brown fox ...,7,6, the,0.38538995385169983
phase4_step_8995_EMA,Phrase 0: The quick brown fox ...,7,7, lazy,0.45610010623931885
phase4_step_8995_EMA,Phrase 0: The quick brown fox ...,7,8, dog,0.4357454776763916
phase4_step_8995_EMA,Phrase 0: The quick brown fox ...,7,9,.,0.18841387331485748
phase4_step_8995_EMA,"Phrase 1: Мама мыла раму, а па...",7,0,М,0.4467514157295227
phase4_step_8995_EMA,"Phrase 1: Мама мыла раму, а па...",7,1,ам,0.1164763942360878
phase4_step_8995_EMA,"Phrase 1: Мама мыла раму, а па...",7,2,а,0.40105530619621277
phase4_step_8995_EMA,"Phrase 1: Мама мыла раму, а па...",7,3, мы,0.4057122766971588
phase4_step_8995_EMA,"Phrase 1: Мама мыла раму, а па...",7,4, п,0.9338164329528809
phase4_step_8995_EMA,"Phrase 1: Мама мыла раму, а па...",7,5, рам,0.30138057470321655
phase4_step_8995_EMA,"Phrase 1: Мама мыла раму, а па...",7,6,у,0.08799897134304047
phase4_step_8995_EMA,"Phrase 1: Мама мыла раму, а па...",7,7,",",0.18137411773204803
phase4_step_8995_EMA,"Phrase 1: Мама мыла раму, а па...",7,8, а,0.41445234417915344
phase4_step_8995_EMA,"Phrase 1: Мама мыла раму, а па...",7,9, п,0.1060573011636734
phase4_step_8995_EMA,"Phrase 1: Мама мыла раму, а па...",7,10,ап,0.35314053297042847
phase4_step_8995_EMA,"Phrase 1: Мама мыла раму, а па...",7,11,а,0.6101770997047424
phase4_step_8995_EMA,"Phrase 1: Мама мыла раму, а па...",7,12, ч,0.697192907333374
phase4_step_8995_EMA,"Phrase 1: Мама мыла раму, а па...",7,13,ин,0.5855647921562195
phase4_step_8995_EMA,"Phrase 1: Мама мыла раму, а па...",7,14,ил,0.7008013725280762
phase4_step_8995_EMA,"Phrase 1: Мама мыла раму, а па...",7,15, т,0.43971091508865356
phase4_step_8995_EMA,"Phrase 1: Мама мыла раму, а па...",7,16,aksi,0.6294869184494019
phase4_step_8995_EMA,"Phrase 1: Мама мыла раму, а па...",7,17,ев,0.5942951440811157
phase4_step_8995_EMA,"Phrase 1: Мама мыла раму, а па...",7,18,из,0.4126397967338562
phase4_step_8995_EMA,"Phrase 1: Мама мыла раму, а па...",7,19,ор,0.24415192008018494
phase4_step_8995_EMA,"Phrase 1: Мама мыла раму, а па...",7,20,.,0.6088537573814392
phase4_step_8995_EMA,Phrase 2: Quantum computing is...,7,0, step,0.9926758408546448
phase4_step_8995_EMA,Phrase 2: Quantum computing is...,7,1,um,0.4892759621143341
phase4_step_8995_EMA,Phrase 2: Quantum computing is...,7,2, computing,0.2579989433288574
phase4_step_8995_EMA,Phrase 2: Quantum computing is...,7,3, is,0.2596549987792969
phase4_step_8995_EMA,Phrase 2: Quantum computing is...,7,4, -,1.0116573572158813
phase4_step_8995_EMA,Phrase 2: Quantum computing is...,7,5, once,0.175471231341362
phase4_step_8995_EMA,Phrase 2: Quantum computing is...,7,6,EM,0.17027761042118073
phase4_step_8995_EMA,Phrase 2: Quantum computing is...,7,7, swapping,0.5912184119224548
phase4_step_8995_EMA,Phrase 2: Quantum computing is...,7,8, technology,0.1832517832517624
phase4_step_8995_EMA,Phrase 2: Quantum computing is...,7,9, that,0.14504843950271606
phase4_step_8995_EMA,Phrase 2: Quantum computing is...,7,10,lev,0.6159238815307617
phase4_step_8995_EMA,Phrase 2: Quantum computing is...,7,11,es,0.25134995579719543
phase4_step_8995_EMA,Phrase 2: Quantum computing is...,7,12, the,0.24399447441101074
phase4_step_8995_EMA,Phrase 2: Quantum computing is...,7,13, cases,0.2815655767917633
phase4_step_8995_EMA,Phrase 2: Quantum computing is...,7,14, of,0.3233095407485962
phase4_step_8995_EMA,Phrase 2: Quantum computing is...,7,15, quantum,0.18064066767692566
phase4_step_8995_EMA,Phrase 2: Quantum computing is...,7,16, mechanics,0.4180091619491577
phase4_step_8995_EMA,Phrase 2: Quantum computing is...,7,17, to,0.49308934807777405
phase4_step_8995_EMA,Phrase 2: Quantum computing is...,7,18, solve,0.17302580177783966
phase4_step_8995_EMA,Phrase 2: Quantum computing is...,7,19, problems,0.3557582199573517
phase4_step_8995_EMA,Phrase 2: Quantum computing is...,7,20, too,0.4418143033981323
phase4_step_8995_EMA,Phrase 2: Quantum computing is...,7,21, complex,0.16365213692188263
phase4_step_8995_EMA,Phrase 2: Quantum computing is...,7,22, for,0.27249446511268616
phase4_step_8995_EMA,Phrase 2: Quantum computing is...,7,23, common,0.7192267179489136
phase4_step_8995_EMA,Phrase 2: Quantum computing is...,7,24, computational,0.6258610486984253
phase4_step_8995_EMA,Phrase 2: Quantum computing is...,7,25,.,0.5665638446807861
phase4_step_8995_EMA,Phrase 0: The quick brown fox ...,8,0,The,0.10664037615060806
phase4_step_8995_EMA,Phrase 0: The quick brown fox ...,8,1, easy,0.458868145942688
phase4_step_8995_EMA,Phrase 0: The quick brown fox ...,8,2, brown,0.20468759536743164
phase4_step_8995_EMA,Phrase 0: The quick brown fox ...,8,3, fox,0.32341721653938293
phase4_step_8995_EMA,Phrase 0: The quick brown fox ...,8,4, jumps,0.4082886278629303
phase4_step_8995_EMA,Phrase 0: The quick brown fox ...,8,5, over,0.6174970865249634
phase4_step_8995_EMA,Phrase 0: The quick brown fox ...,8,6, the,0.3619690537452698
phase4_step_8995_EMA,Phrase 0: The quick brown fox ...,8,7, lazy,0.4553992748260498
phase4_step_8995_EMA,Phrase 0: The quick brown fox ...,8,8, dog,0.43147051334381104
phase4_step_8995_EMA,Phrase 0: The quick brown fox ...,8,9,.,0.1770952045917511
phase4_step_8995_EMA,"Phrase 1: Мама мыла раму, а па...",8,0,М,0.427614688873291
phase4_step_8995_EMA,"Phrase 1: Мама мыла раму, а па...",8,1,ам,0.12477856129407883
phase4_step_8995_EMA,"Phrase 1: Мама мыла раму, а па...",8,2,а,0.3789694309234619
phase4_step_8995_EMA,"Phrase 1: Мама мыла раму, а па...",8,3, мы,0.3970838487148285
phase4_step_8995_EMA,"Phrase 1: Мама мыла раму, а па...",8,4, п,0.9276233315467834
phase4_step_8995_EMA,"Phrase 1: Мама мыла раму, а па...",8,5, рам,0.30606764554977417
phase4_step_8995_EMA,"Phrase 1: Мама мыла раму, а па...",8,6,у,0.08985250443220139
phase4_step_8995_EMA,"Phrase 1: Мама мыла раму, а па...",8,7,",",0.1701890081167221
phase4_step_8995_EMA,"Phrase 1: Мама мыла раму, а па...",8,8, а,0.39572370052337646
phase4_step_8995_EMA,"Phrase 1: Мама мыла раму, а па...",8,9, п,0.11235424876213074
phase4_step_8995_EMA,"Phrase 1: Мама мыла раму, а па...",8,10,ап,0.34806931018829346
phase4_step_8995_EMA,"Phrase 1: Мама мыла раму, а па...",8,11,а,0.5786855220794678
phase4_step_8995_EMA,"Phrase 1: Мама мыла раму, а па...",8,12, ч,0.6814457178115845
phase4_step_8995_EMA,"Phrase 1: Мама мыла раму, а па...",8,13,ин,0.5623814463615417
phase4_step_8995_EMA,"Phrase 1: Мама мыла раму, а па...",8,14,ил,0.6866340041160583
phase4_step_8995_EMA,"Phrase 1: Мама мыла раму, а па...",8,15, т,0.41997355222702026
phase4_step_8995_EMA,"Phrase 1: Мама мыла раму, а па...",8,16,aksi,0.6074215173721313
phase4_step_8995_EMA,"Phrase 1: Мама мыла раму, а па...",8,17,ев,0.5758479237556458
phase4_step_8995_EMA,"Phrase 1: Мама мыла раму, а па...",8,18,из,0.4008041024208069
phase4_step_8995_EMA,"Phrase 1: Мама мыла раму, а па...",8,19,ор,0.2375139594078064
phase4_step_8995_EMA,"Phrase 1: Мама мыла раму, а па...",8,20,.,0.5744608640670776
phase4_step_8995_EMA,Phrase 2: Quantum computing is...,8,0, step,0.9888703227043152
phase4_step_8995_EMA,Phrase 2: Quantum computing is...,8,1,um,0.4794606566429138
phase4_step_8995_EMA,Phrase 2: Quantum computing is...,8,2, computing,0.2621941864490509
phase4_step_8995_EMA,Phrase 2: Quantum computing is...,8,3, is,0.2437169998884201
phase4_step_8995_EMA,Phrase 2: Quantum computing is...,8,4, -,1.01028573513031
phase4_step_8995_EMA,Phrase 2: Quantum computing is...,8,5, once,0.19430384039878845
phase4_step_8995_EMA,Phrase 2: Quantum computing is...,8,6,EM,0.1883106678724289
phase4_step_8995_EMA,Phrase 2: Quantum computing is...,8,7, swapping,0.5834536552429199
phase4_step_8995_EMA,Phrase 2: Quantum computing is...,8,8, technology,0.20296336710453033
phase4_step_8995_EMA,Phrase 2: Quantum computing is...,8,9, that,0.13619036972522736
phase4_step_8995_EMA,Phrase 2: Quantum computing is...,8,10,lev,0.6088492274284363
phase4_step_8995_EMA,Phrase 2: Quantum computing is...,8,11,es,0.2477627992630005
phase4_step_8995_EMA,Phrase 2: Quantum computing is...,8,12, the,0.2292540967464447
phase4_step_8995_EMA,Phrase 2: Quantum computing is...,8,13, cases,0.2917611598968506
phase4_step_8995_EMA,Phrase 2: Quantum computing is...,8,14, of,0.3036350905895233
phase4_step_8995_EMA,Phrase 2: Quantum computing is...,8,15, quantum,0.20006833970546722
phase4_step_8995_EMA,Phrase 2: Quantum computing is...,8,16, mechanics,0.4144846498966217
phase4_step_8995_EMA,Phrase 2: Quantum computing is...,8,17, to,0.4637359380722046
phase4_step_8995_EMA,Phrase 2: Quantum computing is...,8,18, solve,0.17095425724983215
phase4_step_8995_EMA,Phrase 2: Quantum computing is...,8,19, problems,0.3463713228702545
phase4_step_8995_EMA,Phrase 2: Quantum computing is...,8,20, too,0.4362069070339203
phase4_step_8995_EMA,Phrase 2: Quantum computing is...,8,21, complex,0.18101802468299866
phase4_step_8995_EMA,Phrase 2: Quantum computing is...,8,22, for,0.2563546597957611
phase4_step_8995_EMA,Phrase 2: Quantum computing is...,8,23, common,0.7096869945526123
phase4_step_8995_EMA,Phrase 2: Quantum computing is...,8,24, in,0.6161527633666992
phase4_step_8995_EMA,Phrase 2: Quantum computing is...,8,25,.,0.5338093638420105
phase4_step_8995_EMA,Phrase 0: The quick brown fox ...,9,0,The,0.11117956787347794
phase4_step_8995_EMA,Phrase 0: The quick brown fox ...,9,1, easy,0.4619661271572113
phase4_step_8995_EMA,Phrase 0: The quick brown fox ...,9,2, brown,0.22493109107017517
phase4_step_8995_EMA,Phrase 0: The quick brown fox ...,9,3, fox,0.3314838707447052
phase4_step_8995_EMA,Phrase 0: The quick brown fox ...,9,4, jumps,0.40694379806518555
phase4_step_8995_EMA,Phrase 0: The quick brown fox ...,9,5, over,0.6074838638305664
phase4_step_8995_EMA,Phrase 0: The quick brown fox ...,9,6, the,0.33993861079216003
phase4_step_8995_EMA,Phrase 0: The quick brown fox ...,9,7, lazy,0.45624932646751404
phase4_step_8995_EMA,Phrase 0: The quick brown fox ...,9,8, dog,0.4290634095668793
phase4_step_8995_EMA,Phrase 0: The quick brown fox ...,9,9,.,0.1665026992559433
phase4_step_8995_EMA,"Phrase 1: Мама мыла раму, а па...",9,0,М,0.4102990925312042
phase4_step_8995_EMA,"Phrase 1: Мама мыла раму, а па...",9,1,ам,0.13345967233181
phase4_step_8995_EMA,"Phrase 1: Мама мыла раму, а па...",9,2,а,0.358433336019516
phase4_step_8995_EMA,"Phrase 1: Мама мыла раму, а па...",9,3, мы,0.39014214277267456
phase4_step_8995_EMA,"Phrase 1: Мама мыла раму, а па...",9,4, п,0.9219045042991638
phase4_step_8995_EMA,"Phrase 1: Мама мыла раму, а па...",9,5, рам,0.31233182549476624
phase4_step_8995_EMA,"Phrase 1: Мама мыла раму, а па...",9,6,у,0.09231887012720108
phase4_step_8995_EMA,"Phrase 1: Мама мыла раму, а па...",9,7,",",0.1596989631652832
phase4_step_8995_EMA,"Phrase 1: Мама мыла раму, а па...",9,8, а,0.37866276502609253
phase4_step_8995_EMA,"Phrase 1: Мама мыла раму, а па...",9,9, п,0.11907107383012772
phase4_step_8995_EMA,"Phrase 1: Мама мыла раму, а па...",9,10,ап,0.3447117805480957
phase4_step_8995_EMA,"Phrase 1: Мама мыла раму, а па...",9,11,а,0.5485785603523254
phase4_step_8995_EMA,"Phrase 1: Мама мыла раму, а па...",9,12, ч,0.6671363711357117
phase4_step_8995_EMA,"Phrase 1: Мама мыла раму, а па...",9,13,ин,0.5408658385276794
phase4_step_8995_EMA,"Phrase 1: Мама мыла раму, а па...",9,14,ил,0.6736477017402649
phase4_step_8995_EMA,"Phrase 1: Мама мыла раму, а па...",9,15, т,0.40185439586639404
phase4_step_8995_EMA,"Phrase 1: Мама мыла раму, а па...",9,16,ел,0.5870119333267212
phase4_step_8995_EMA,"Phrase 1: Мама мыла раму, а па...",9,17,ев,0.5589942336082458
phase4_step_8995_EMA,"Phrase 1: Мама мыла раму, а па...",9,18,из,0.39073798060417175
phase4_step_8995_EMA,"Phrase 1: Мама мыла раму, а па...",9,19,ор,0.23214606940746307
phase4_step_8995_EMA,"Phrase 1: Мама мыла раму, а па...",9,20,.,0.5414484739303589
phase4_step_8995_EMA,Phrase 2: Quantum computing is...,9,0, existing,0.9852712750434875
phase4_step_8995_EMA,Phrase 2: Quantum computing is...,9,1,um,0.47152501344680786
phase4_step_8995_EMA,Phrase 2: Quantum computing is...,9,2, computing,0.2677883803844452
phase4_step_8995_EMA,Phrase 2: Quantum computing is...,9,3, is,0.22875888645648956
phase4_step_8995_EMA,Phrase 2: Quantum computing is...,9,4, not,1.0090667009353638
phase4_step_8995_EMA,Phrase 2: Quantum computing is...,9,5, once,0.21283040940761566
phase4_step_8995_EMA,Phrase 2: Quantum computing is...,9,6,em,0.2061353325843811
phase4_step_8995_EMA,Phrase 2: Quantum computing is...,9,7, swapping,0.5771889686584473
phase4_step_8995_EMA,Phrase 2: Quantum computing is...,9,8, technology,0.22223609685897827
phase4_step_8995_EMA,Phrase 2: Quantum computing is...,9,9, that,0.12793420255184174
phase4_step_8995_EMA,Phrase 2: Quantum computing is...,9,10,lev,0.6032847166061401
phase4_step_8995_EMA,Phrase 2: Quantum computing is...,9,11,es,0.24568431079387665
phase4_step_8995_EMA,Phrase 2: Quantum computing is...,9,12, the,0.21544097363948822
phase4_step_8995_EMA,Phrase 2: Quantum computing is...,9,13, cases,0.30286774039268494
phase4_step_8995_EMA,Phrase 2: Quantum computing is...,9,14, of,0.2851496934890747
phase4_step_8995_EMA,Phrase 2: Quantum computing is...,9,15, quantum,0.21913814544677734
phase4_step_8995_EMA,Phrase 2: Quantum computing is...,9,16, mechanics,0.4125855267047882
phase4_step_8995_EMA,Phrase 2: Quantum computing is...,9,17, to,0.43592962622642517
phase4_step_8995_EMA,Phrase 2: Quantum computing is...,9,18, solve,0.17005033791065216
phase4_step_8995_EMA,Phrase 2: Quantum computing is...,9,19, problem,0.3388593792915344
phase4_step_8995_EMA,Phrase 2: Quantum computing is...,9,20, too,0.4325283169746399
phase4_step_8995_EMA,Phrase 2: Quantum computing is...,9,21, complex,0.19819113612174988
phase4_step_8995_EMA,Phrase 2: Quantum computing is...,9,22, for,0.24124087393283844
phase4_step_8995_EMA,Phrase 2: Quantum computing is...,9,23, common,0.7013646364212036
phase4_step_8995_EMA,Phrase 2: Quantum computing is...,9,24, in,0.6079817414283752
phase4_step_8995_EMA,Phrase 2: Quantum computing is...,9,25,.,0.502540111541748
phase4_step_8995_EMA,Phrase 0: The quick brown fox ...,10,0,The,0.11596410721540451
phase4_step_8995_EMA,Phrase 0: The quick brown fox ...,10,1, easy,0.4663045108318329
phase4_step_8995_EMA,Phrase 0: The quick brown fox ...,10,2, brown,0.2446257770061493
phase4_step_8995_EMA,Phrase 0: The quick brown fox ...,10,3, fox,0.3405444025993347
phase4_step_8995_EMA,Phrase 0: The quick brown fox ...,10,4, jumps,0.40711328387260437
phase4_step_8995_EMA,Phrase 0: The quick brown fox ...,10,5, over,0.5996745228767395
phase4_step_8995_EMA,Phrase 0: The quick brown fox ...,10,6, the,0.31923508644104004
phase4_step_8995_EMA,Phrase 0: The quick brown fox ...,10,7, lazy,0.4584072530269623
phase4_step_8995_EMA,Phrase 0: The quick brown fox ...,10,8, dog,0.4282814860343933
phase4_step_8995_EMA,Phrase 0: The quick brown fox ...,10,9,.,0.15659457445144653
phase4_step_8995_EMA,"Phrase 1: Мама мыла раму, а па...",10,0,М,0.3947438597679138
phase4_step_8995_EMA,"Phrase 1: Мама мыла раму, а па...",10,1,ам,0.1422969251871109
phase4_step_8995_EMA,"Phrase 1: Мама мыла раму, а па...",10,2,а,0.33938688039779663
phase4_step_8995_EMA,"Phrase 1: Мама мыла раму, а па...",10,3, мы,0.38472631573677063
phase4_step_8995_EMA,"Phrase 1: Мама мыла раму, а па...",10,4, п,0.9166418313980103
phase4_step_8995_EMA,"Phrase 1: Мама мыла раму, а па...",10,5, рам,0.31981360912323
phase4_step_8995_EMA,"Phrase 1: Мама мыла раму, а па...",10,6,у,0.09523462504148483
phase4_step_8995_EMA,"Phrase 1: Мама мыла раму, а па...",10,7,",",0.14986278116703033
phase4_step_8995_EMA,"Phrase 1: Мама мыла раму, а па...",10,8, а,0.36319929361343384
phase4_step_8995_EMA,"Phrase 1: Мама мыла раму, а па...",10,9, п,0.12598800659179688
phase4_step_8995_EMA,"Phrase 1: Мама мыла раму, а па...",10,10,ап,0.3428660035133362
phase4_step_8995_EMA,"Phrase 1: Мама мыла раму, а па...",10,11,а,0.5199428796768188
phase4_step_8995_EMA,"Phrase 1: Мама мыла раму, а па...",10,12, ч,0.6542429327964783
phase4_step_8995_EMA,"Phrase 1: Мама мыла раму, а па...",10,13,ин,0.5210143327713013
phase4_step_8995_EMA,"Phrase 1: Мама мыла раму, а па...",10,14,ил,0.661819577217102
phase4_step_8995_EMA,"Phrase 1: Мама мыла раму, а па...",10,15, т,0.38529056310653687
phase4_step_8995_EMA,"Phrase 1: Мама мыла раму, а па...",10,16,ел,0.5682862401008606
phase4_step_8995_EMA,"Phrase 1: Мама мыла раму, а па...",10,17,ев,0.543700635433197
phase4_step_8995_EMA,"Phrase 1: Мама мыла раму, а па...",10,18,из,0.38231348991394043
phase4_step_8995_EMA,"Phrase 1: Мама мыла раму, а па...",10,19,ор,0.22793251276016235
phase4_step_8995_EMA,"Phrase 1: Мама мыла раму, а па...",10,20,.,0.5099055767059326
phase4_step_8995_EMA,Phrase 2: Quantum computing is...,10,0, existing,0.981844425201416
phase4_step_8995_EMA,Phrase 2: Quantum computing is...,10,1,um,0.4653465449810028
phase4_step_8995_EMA,Phrase 2: Quantum computing is...,10,2, computing,0.2744445204734802
phase4_step_8995_EMA,Phrase 2: Quantum computing is...,10,3, is,0.21472376585006714
phase4_step_8995_EMA,Phrase 2: Quantum computing is...,10,4, not,1.0079619884490967
phase4_step_8995_EMA,Phrase 2: Quantum computing is...,10,5, once,0.23085486888885498
phase4_step_8995_EMA,Phrase 2: Quantum computing is...,10,6,em,0.22355197370052338
phase4_step_8995_EMA,Phrase 2: Quantum computing is...,10,7, swapping,0.5723003149032593
phase4_step_8995_EMA,Phrase 2: Quantum computing is...,10,8, technology,0.24088941514492035
phase4_step_8995_EMA,Phrase 2: Quantum computing is...,10,9, that,0.12024708092212677
phase4_step_8995_EMA,Phrase 2: Quantum computing is...,10,10,lev,0.599105715751648
phase4_step_8995_EMA,Phrase 2: Quantum computing is...,10,11,es,0.24491742253303528
phase4_step_8995_EMA,Phrase 2: Quantum computing is...,10,12, the,0.20250222086906433
phase4_step_8995_EMA,Phrase 2: Quantum computing is...,10,13, cases,0.3145385980606079
phase4_step_8995_EMA,Phrase 2: Quantum computing is...,10,14, of,0.26778873801231384
phase4_step_8995_EMA,Phrase 2: Quantum computing is...,10,15, quantum,0.23766684532165527
phase4_step_8995_EMA,Phrase 2: Quantum computing is...,10,16, mechanics,0.41209492087364197
phase4_step_8995_EMA,Phrase 2: Quantum computing is...,10,17, to,0.40965017676353455
phase4_step_8995_EMA,Phrase 2: Quantum computing is...,10,18, solve,0.1701430380344391
phase4_step_8995_EMA,Phrase 2: Quantum computing is...,10,19, problem,0.3330549895763397
phase4_step_8995_EMA,Phrase 2: Quantum computing is...,10,20, too,0.43055811524391174
phase4_step_8995_EMA,Phrase 2: Quantum computing is...,10,21, complex,0.2149566262960434
phase4_step_8995_EMA,Phrase 2: Quantum computing is...,10,22, for,0.22709554433822632
phase4_step_8995_EMA,Phrase 2: Quantum computing is...,10,23, common,0.6942096948623657
phase4_step_8995_EMA,Phrase 2: Quantum computing is...,10,24, in,0.6012499332427979
phase4_step_8995_EMA,Phrase 2: Quantum computing is...,10,25,.,0.47280192375183105
phase4_step_8995_EMA,Phrase 0: The quick brown fox ...,11,0,The,0.12087336927652359
phase4_step_8995_EMA,Phrase 0: The quick brown fox ...,11,1, easy,0.4716385006904602
phase4_step_8995_EMA,Phrase 0: The quick brown fox ...,11,2, brown,0.26366448402404785
phase4_step_8995_EMA,Phrase 0: The quick brown fox ...,11,3, fox,0.3502940237522125
phase4_step_8995_EMA,Phrase 0: The quick brown fox ...,11,4, jumps,0.4085691571235657
phase4_step_8995_EMA,Phrase 0: The quick brown fox ...,11,5, over,0.5940088033676147
phase4_step_8995_EMA,Phrase 0: The quick brown fox ...,11,6, the,0.29979270696640015
phase4_step_8995_EMA,Phrase 0: The quick brown fox ...,11,7, lazy,0.46164965629577637
phase4_step_8995_EMA,Phrase 0: The quick brown fox ...,11,8, dog,0.42888885736465454
phase4_step_8995_EMA,Phrase 0: The quick brown fox ...,11,9,.,0.14733129739761353
phase4_step_8995_EMA,"Phrase 1: Мама мыла раму, а па...",11,0,М,0.38087788224220276
phase4_step_8995_EMA,"Phrase 1: Мама мыла раму, а па...",11,1,ам,0.15113863348960876
phase4_step_8995_EMA,"Phrase 1: Мама мыла раму, а па...",11,2,а,0.32176658511161804
phase4_step_8995_EMA,"Phrase 1: Мама мыла раму, а па...",11,3, мы,0.3806728720664978
phase4_step_8995_EMA,"Phrase 1: Мама мыла раму, а па...",11,4, п,0.9118260145187378
phase4_step_8995_EMA,"Phrase 1: Мама мыла раму, а па...",11,5, рам,0.32820236682891846
phase4_step_8995_EMA,"Phrase 1: Мама мыла раму, а па...",11,6,у,0.09846417605876923
phase4_step_8995_EMA,"Phrase 1: Мама мыла раму, а па...",11,7,",",0.14064203202724457
phase4_step_8995_EMA,"Phrase 1: Мама мыла раму, а па...",11,8, а,0.3492569923400879
phase4_step_8995_EMA,"Phrase 1: Мама мыла раму, а па...",11,9, п,0.13294853270053864
phase4_step_8995_EMA,"Phrase 1: Мама мыла раму, а па...",11,10,ап,0.34233400225639343
phase4_step_8995_EMA,"Phrase 1: Мама мыла раму, а па...",11,11,а,0.4928285479545593
phase4_step_8995_EMA,"Phrase 1: Мама мыла раму, а па...",11,12, ч,0.6427238583564758
phase4_step_8995_EMA,"Phrase 1: Мама мыла раму, а па...",11,13,ин,0.5027987957000732
phase4_step_8995_EMA,"Phrase 1: Мама мыла раму, а па...",11,14,ил,0.6511111855506897
phase4_step_8995_EMA,"Phrase 1: Мама мыла раму, а па...",11,15, т,0.37021058797836304
phase4_step_8995_EMA,"Phrase 1: Мама мыла раму, а па...",11,16,ел,0.5512413382530212
phase4_step_8995_EMA,"Phrase 1: Мама мыла раму, а па...",11,17,ев,0.5299125909805298
phase4_step_8995_EMA,"Phrase 1: Мама мыла раму, а па...",11,18,из,0.3753954768180847
phase4_step_8995_EMA,"Phrase 1: Мама мыла раму, а па...",11,19,ор,0.22475634515285492
phase4_step_8995_EMA,"Phrase 1: Мама мыла раму, а па...",11,20,.,0.4798847734928131
phase4_step_8995_EMA,Phrase 2: Quantum computing is...,11,0, existing,0.978569507598877
phase4_step_8995_EMA,Phrase 2: Quantum computing is...,11,1,um,0.46079307794570923
phase4_step_8995_EMA,Phrase 2: Quantum computing is...,11,2, computing,0.2818744480609894
phase4_step_8995_EMA,Phrase 2: Quantum computing is...,11,3, is,0.2015574872493744
phase4_step_8995_EMA,Phrase 2: Quantum computing is...,11,4, not,1.0069457292556763
phase4_step_8995_EMA,Phrase 2: Quantum computing is...,11,5, once,0.24826543033123016
phase4_step_8995_EMA,Phrase 2: Quantum computing is...,11,6,em,0.24044416844844818
phase4_step_8995_EMA,Phrase 2: Quantum computing is...,11,7, swapping,0.5686575770378113
phase4_step_8995_EMA,Phrase 2: Quantum computing is...,11,8, technology,0.25882530212402344
phase4_step_8995_EMA,Phrase 2: Quantum computing is...,11,9, that,0.11309873312711716
phase4_step_8995_EMA,Phrase 2: Quantum computing is...,11,10,lev,0.5961830019950867
phase4_step_8995_EMA,Phrase 2: Quantum computing is...,11,11,es,0.24527086317539215
phase4_step_8995_EMA,Phrase 2: Quantum computing is...,11,12, the,0.19038842618465424
phase4_step_8995_EMA,Phrase 2: Quantum computing is...,11,13, cases,0.32650431990623474
phase4_step_8995_EMA,Phrase 2: Quantum computing is...,11,14, of,0.251489520072937
phase4_step_8995_EMA,Phrase 2: Quantum computing is...,11,15, quantum,0.2555515468120575
phase4_step_8995_EMA,Phrase 2: Quantum computing is...,11,16, mechanics,0.41280630230903625
phase4_step_8995_EMA,Phrase 2: Quantum computing is...,11,17, to,0.38485845923423767
phase4_step_8995_EMA,Phrase 2: Quantum computing is...,11,18, solve,0.1710667908191681
phase4_step_8995_EMA,Phrase 2: Quantum computing is...,11,19, problem,0.3287844657897949
phase4_step_8995_EMA,Phrase 2: Quantum computing is...,11,20, too,0.43007898330688477
phase4_step_8995_EMA,Phrase 2: Quantum computing is...,11,21, complex,0.23119018971920013
phase4_step_8995_EMA,Phrase 2: Quantum computing is...,11,22, for,0.21386556327342987
phase4_step_8995_EMA,Phrase 2: Quantum computing is...,11,23, common,0.6881580948829651
phase4_step_8995_EMA,Phrase 2: Quantum computing is...,11,24, functions,0.595845103263855
phase4_step_8995_EMA,Phrase 2: Quantum computing is...,11,25,.,0.4446086883544922
phase4_step_8995_EMA,Phrase 0: The quick brown fox ...,12,0,The,0.12581340968608856
phase4_step_8995_EMA,Phrase 0: The quick brown fox ...,12,1, easy,0.47775253653526306
phase4_step_8995_EMA,Phrase 0: The quick brown fox ...,12,2, brown,0.2819925844669342
phase4_step_8995_EMA,Phrase 0: The quick brown fox ...,12,3, fox,0.36048534512519836
phase4_step_8995_EMA,Phrase 0: The quick brown fox ...,12,4, jumps,0.4110996723175049
phase4_step_8995_EMA,Phrase 0: The quick brown fox ...,12,5, over,0.5903806090354919
phase4_step_8995_EMA,Phrase 0: The quick brown fox ...,12,6, the,0.2815455198287964
phase4_step_8995_EMA,Phrase 0: The quick brown fox ...,12,7, lazy,0.4657743275165558
phase4_step_8995_EMA,Phrase 0: The quick brown fox ...,12,8, dog,0.4306641221046448
phase4_step_8995_EMA,Phrase 0: The quick brown fox ...,12,9,.,0.13867536187171936
phase4_step_8995_EMA,"Phrase 1: Мама мыла раму, а па...",12,0,М,0.3686216175556183
phase4_step_8995_EMA,"Phrase 1: Мама мыла раму, а па...",12,1,ам,0.15988214313983917
phase4_step_8995_EMA,"Phrase 1: Мама мыла раму, а па...",12,2,а,0.30550822615623474
phase4_step_8995_EMA,"Phrase 1: Мама мыла раму, а па...",12,3, мы,0.3778206408023834
phase4_step_8995_EMA,"Phrase 1: Мама мыла раму, а па...",12,4, п,0.9074481725692749
phase4_step_8995_EMA,"Phrase 1: Мама мыла раму, а па...",12,5, рам,0.33723777532577515
phase4_step_8995_EMA,"Phrase 1: Мама мыла раму, а па...",12,6,у,0.10189878195524216
phase4_step_8995_EMA,"Phrase 1: Мама мыла раму, а па...",12,7,",",0.13200077414512634
phase4_step_8995_EMA,"Phrase 1: Мама мыла раму, а па...",12,8, а,0.3367551267147064
phase4_step_8995_EMA,"Phrase 1: Мама мыла раму, а па...",12,9, п,0.1398465484380722
phase4_step_8995_EMA,"Phrase 1: Мама мыла раму, а па...",12,10,ап,0.34292739629745483
phase4_step_8995_EMA,"Phrase 1: Мама мыла раму, а па...",12,11,а,0.4672549366950989
phase4_step_8995_EMA,"Phrase 1: Мама мыла раму, а па...",12,12, ч,0.6325209736824036
phase4_step_8995_EMA,"Phrase 1: Мама мыла раму, а па...",12,13,ин,0.48617127537727356
phase4_step_8995_EMA,"Phrase 1: Мама мыла раму, а па...",12,14,ил,0.6414715051651001
phase4_step_8995_EMA,"Phrase 1: Мама мыла раму, а па...",12,15, т,0.3565383553504944
phase4_step_8995_EMA,"Phrase 1: Мама мыла раму, а па...",12,16,ел,0.5358487963676453
phase4_step_8995_EMA,"Phrase 1: Мама мыла раму, а па...",12,17,ев,0.5175601840019226
phase4_step_8995_EMA,"Phrase 1: Мама мыла раму, а па...",12,18,из,0.36984631419181824
phase4_step_8995_EMA,"Phrase 1: Мама мыла раму, а па...",12,19,ор,0.22250241041183472
phase4_step_8995_EMA,"Phrase 1: Мама мыла раму, а па...",12,20,.,0.45140552520751953
phase4_step_8995_EMA,Phrase 2: Quantum computing is...,12,0, existing,0.9754341244697571
phase4_step_8995_EMA,Phrase 2: Quantum computing is...,12,1,um,0.45772749185562134
phase4_step_8995_EMA,Phrase 2: Quantum computing is...,12,2, computing,0.2898392975330353
phase4_step_8995_EMA,Phrase 2: Quantum computing is...,12,3, is,0.18920834362506866
phase4_step_8995_EMA,Phrase 2: Quantum computing is...,12,4, not,1.0059999227523804
phase4_step_8995_EMA,Phrase 2: Quantum computing is...,12,5, once,0.2650042772293091
phase4_step_8995_EMA,Phrase 2: Quantum computing is...,12,6,em,0.256747305393219
phase4_step_8995_EMA,Phrase 2: Quantum computing is...,12,7, проведения,0.5661293864250183
phase4_step_8995_EMA,Phrase 2: Quantum computing is...,12,8, technology,0.2759968638420105
phase4_step_8995_EMA,Phrase 2: Quantum computing is...,12,9, that,0.10645769536495209
phase4_step_8995_EMA,Phrase 2: Quantum computing is...,12,10,lev,0.5943861603736877
phase4_step_8995_EMA,Phrase 2: Quantum computing is...,12,11,es,0.24656379222869873
phase4_step_8995_EMA,Phrase 2: Quantum computing is...,12,12, the,0.17905238270759583
phase4_step_8995_EMA,Phrase 2: Quantum computing is...,12,13, tasks,0.33855974674224854
phase4_step_8995_EMA,Phrase 2: Quantum computing is...,12,14, of,0.23619163036346436
phase4_step_8995_EMA,Phrase 2: Quantum computing is...,12,15, quantum,0.2727433741092682
phase4_step_8995_EMA,Phrase 2: Quantum computing is...,12,16, mechanics,0.41452792286872864
phase4_step_8995_EMA,Phrase 2: Quantum computing is...,12,17, to,0.36150282621383667
phase4_step_8995_EMA,Phrase 2: Quantum computing is...,12,18, solve,0.17266882956027985
phase4_step_8995_EMA,Phrase 2: Quantum computing is...,12,19, problem,0.32587194442749023
phase4_step_8995_EMA,Phrase 2: Quantum computing is...,12,20, too,0.43088299036026
phase4_step_8995_EMA,Phrase 2: Quantum computing is...,12,21, complex,0.24682386219501495
phase4_step_8995_EMA,Phrase 2: Quantum computing is...,12,22, for,0.2014995962381363
phase4_step_8995_EMA,Phrase 2: Quantum computing is...,12,23, common,0.6831358671188354
phase4_step_8995_EMA,Phrase 2: Quantum computing is...,12,24, partition,0.5916489362716675
phase4_step_8995_EMA,Phrase 2: Quantum computing is...,12,25,.,0.4179475009441376
phase4_step_8995_EMA,Phrase 0: The quick brown fox ...,13,0,The,0.1307183802127838
phase4_step_8995_EMA,Phrase 0: The quick brown fox ...,13,1, easy,0.48446083068847656
phase4_step_8995_EMA,Phrase 0: The quick brown fox ...,13,2, brown,0.2995890974998474
phase4_step_8995_EMA,Phrase 0: The quick brown fox ...,13,3, fox,0.37092113494873047
phase4_step_8995_EMA,Phrase 0: The quick brown fox ...,13,4, jumps,0.41451364755630493
phase4_step_8995_EMA,Phrase 0: The quick brown fox ...,13,5, over,0.5886455774307251
phase4_step_8995_EMA,Phrase 0: The quick brown fox ...,13,6, the,0.2644294798374176
phase4_step_8995_EMA,Phrase 0: The quick brown fox ...,13,7, lazy,0.4706030786037445
phase4_step_8995_EMA,Phrase 0: The quick brown fox ...,13,8, dog,0.4334040880203247
phase4_step_8995_EMA,Phrase 0: The quick brown fox ...,13,9,.,0.13059231638908386
phase4_step_8995_EMA,"Phrase 1: Мама мыла раму, а па...",13,0,М,0.3578898012638092
phase4_step_8995_EMA,"Phrase 1: Мама мыла раму, а па...",13,1,ам,0.1684611439704895
phase4_step_8995_EMA,"Phrase 1: Мама мыла раму, а па...",13,2,а,0.2905467450618744
phase4_step_8995_EMA,"Phrase 1: Мама мыла раму, а па...",13,3, мы,0.3760143518447876
phase4_step_8995_EMA,"Phrase 1: Мама мыла раму, а па...",13,4, п,0.9034968614578247
phase4_step_8995_EMA,"Phrase 1: Мама мыла раму, а па...",13,5, рам,0.34670570492744446
phase4_step_8995_EMA,"Phrase 1: Мама мыла раму, а па...",13,6,у,0.10545263439416885
phase4_step_8995_EMA,"Phrase 1: Мама мыла раму, а па...",13,7,",",0.12390399724245071
phase4_step_8995_EMA,"Phrase 1: Мама мыла раму, а па...",13,8, а,0.32560995221138
phase4_step_8995_EMA,"Phrase 1: Мама мыла раму, а па...",13,9, п,0.14660857617855072
phase4_step_8995_EMA,"Phrase 1: Мама мыла раму, а па...",13,10,ап,0.34447020292282104
phase4_step_8995_EMA,"Phrase 1: Мама мыла раму, а па...",13,11,а,0.443216472864151
phase4_step_8995_EMA,"Phrase 1: Мама мыла раму, а па...",13,12, ч,0.6235635876655579
phase4_step_8995_EMA,"Phrase 1: Мама мыла раму, а па...",13,13,ин,0.4710693359375
phase4_step_8995_EMA,"Phrase 1: Мама мыла раму, а па...",13,14,ил,0.6328409910202026
phase4_step_8995_EMA,"Phrase 1: Мама мыла раму, а па...",13,15, т,0.34419408440589905
phase4_step_8995_EMA,"Phrase 1: Мама мыла раму, а па...",13,16,ел,0.5220597386360168
phase4_step_8995_EMA,"Phrase 1: Мама мыла раму, а па...",13,17,ев,0.5065621733665466
phase4_step_8995_EMA,"Phrase 1: Мама мыла раму, а па...",13,18,из,0.365528404712677
phase4_step_8995_EMA,"Phrase 1: Мама мыла раму, а па...",13,19,ор,0.22105970978736877
phase4_step_8995_EMA,"Phrase 1: Мама мыла раму, а па...",13,20,.,0.42445987462997437
phase4_step_8995_EMA,Phrase 2: Quantum computing is...,13,0, existing,0.9724307060241699
phase4_step_8995_EMA,Phrase 2: Quantum computing is...,13,1,um,0.4560118615627289
phase4_step_8995_EMA,Phrase 2: Quantum computing is...,13,2, computing,0.29814574122428894
phase4_step_8995_EMA,Phrase 2: Quantum computing is...,13,3, is,0.1776287704706192
phase4_step_8995_EMA,Phrase 2: Quantum computing is...,13,4, not,1.0051122903823853
phase4_step_8995_EMA,Phrase 2: Quantum computing is...,13,5, rapidly,0.2810457646846771
phase4_step_8995_EMA,Phrase 2: Quantum computing is...,13,6,em,0.2724303603172302
phase4_step_8995_EMA,Phrase 2: Quantum computing is...,13,7, проведения,0.5645878314971924
phase4_step_8995_EMA,Phrase 2: Quantum computing is...,13,8, technology,0.2923875153064728
phase4_step_8995_EMA,Phrase 2: Quantum computing is...,13,9, that,0.10029830783605576
phase4_step_8995_EMA,Phrase 2: Quantum computing is...,13,10,lev,0.5935888886451721
phase4_step_8995_EMA,Phrase 2: Quantum computing is...,13,11,es,0.2486308068037033
phase4_step_8995_EMA,Phrase 2: Quantum computing is...,13,12, the,0.16844911873340607
phase4_step_8995_EMA,Phrase 2: Quantum computing is...,13,13, tasks,0.35055211186408997
phase4_step_8995_EMA,Phrase 2: Quantum computing is...,13,14, of,0.22183825075626373
phase4_step_8995_EMA,Phrase 2: Quantum computing is...,13,15, quantum,0.28922349214553833
phase4_step_8995_EMA,Phrase 2: Quantum computing is...,13,16, mechanics,0.41708558797836304
phase4_step_8995_EMA,Phrase 2: Quantum computing is...,13,17, to,0.339523047208786
phase4_step_8995_EMA,Phrase 2: Quantum computing is...,13,18, solve,0.17481067776679993
phase4_step_8995_EMA,Phrase 2: Quantum computing is...,13,19, problem,0.3241451680660248
phase4_step_8995_EMA,Phrase 2: Quantum computing is...,13,20, too,0.4327757954597473
phase4_step_8995_EMA,Phrase 2: Quantum computing is...,13,21, complex,0.26182588934898376
phase4_step_8995_EMA,Phrase 2: Quantum computing is...,13,22, for,0.18995042145252228
phase4_step_8995_EMA,Phrase 2: Quantum computing is...,13,23, common,0.6790630221366882
phase4_step_8995_EMA,Phrase 2: Quantum computing is...,13,24, partition,0.5885408520698547
phase4_step_8995_EMA,Phrase 2: Quantum computing is...,13,25,.,0.3927849233150482
phase4_step_8995_EMA,Phrase 0: The quick brown fox ...,14,0,The,0.13553966581821442
phase4_step_8995_EMA,Phrase 0: The quick brown fox ...,14,1, easy,0.4916054904460907
phase4_step_8995_EMA,Phrase 0: The quick brown fox ...,14,2, brown,0.31645438075065613
phase4_step_8995_EMA,Phrase 0: The quick brown fox ...,14,3, fox,0.3814474046230316
phase4_step_8995_EMA,Phrase 0: The quick brown fox ...,14,4, jumps,0.41864076256752014
phase4_step_8995_EMA,Phrase 0: The quick brown fox ...,14,5, over,0.5886324048042297
phase4_step_8995_EMA,Phrase 0: The quick brown fox ...,14,6, the,0.24838170409202576
phase4_step_8995_EMA,Phrase 0: The quick brown fox ...,14,7, lazy,0.4759807884693146
phase4_step_8995_EMA,Phrase 0: The quick brown fox ...,14,8, dog,0.43692630529403687
phase4_step_8995_EMA,Phrase 0: The quick brown fox ...,14,9,.,0.1230497807264328
phase4_step_8995_EMA,"Phrase 1: Мама мыла раму, а па...",14,0,М,0.34859275817871094
phase4_step_8995_EMA,"Phrase 1: Мама мыла раму, а па...",14,1,ам,0.17683468759059906
phase4_step_8995_EMA,"Phrase 1: Мама мыла раму, а па...",14,2,а,0.2768186032772064
phase4_step_8995_EMA,"Phrase 1: Мама мыла раму, а па...",14,3, мы,0.3751078248023987
phase4_step_8995_EMA,"Phrase 1: Мама мыла раму, а па...",14,4, п,0.8999572396278381
phase4_step_8995_EMA,"Phrase 1: Мама мыла раму, а па...",14,5, рам,0.3564348816871643
phase4_step_8995_EMA,"Phrase 1: Мама мыла раму, а па...",14,6,у,0.10906089097261429
phase4_step_8995_EMA,"Phrase 1: Мама мыла раму, а па...",14,7,",",0.11632008105516434
phase4_step_8995_EMA,"Phrase 1: Мама мыла раму, а па...",14,8, а,0.3157358169555664
phase4_step_8995_EMA,"Phrase 1: Мама мыла раму, а па...",14,9, п,0.1531868427991867
phase4_step_8995_EMA,"Phrase 1: Мама мыла раму, а па...",14,10,ап,0.3468022048473358
phase4_step_8995_EMA,"Phrase 1: Мама мыла раму, а па...",14,11,а,0.42068830132484436
phase4_step_8995_EMA,"Phrase 1: Мама мыла раму, а па...",14,12, ч,0.615772008895874
phase4_step_8995_EMA,"Phrase 1: Мама мыла раму, а па...",14,13,ин,0.45741918683052063
phase4_step_8995_EMA,"Phrase 1: Мама мыла раму, а па...",14,14,ил,0.6251538395881653
phase4_step_8995_EMA,"Phrase 1: Мама мыла раму, а па...",14,15, т,0.3330962359905243
phase4_step_8995_EMA,"Phrase 1: Мама мыла раму, а па...",14,16,ел,0.509809136390686
phase4_step_8995_EMA,"Phrase 1: Мама мыла раму, а па...",14,17,ев,0.49683064222335815
phase4_step_8995_EMA,"Phrase 1: Мама мыла раму, а па...",14,18,из,0.36230796575546265
phase4_step_8995_EMA,"Phrase 1: Мама мыла раму, а па...",14,19,ор,0.22032225131988525
phase4_step_8995_EMA,"Phrase 1: Мама мыла раму, а па...",14,20,.,0.39901819825172424
phase4_step_8995_EMA,Phrase 2: Quantum computing is...,14,0, existing,0.9695541262626648
phase4_step_8995_EMA,Phrase 2: Quantum computing is...,14,1,um,0.4555114209651947
phase4_step_8995_EMA,Phrase 2: Quantum computing is...,14,2, computing,0.3066409230232239
phase4_step_8995_EMA,Phrase 2: Quantum computing is...,14,3, is,0.16677337884902954
phase4_step_8995_EMA,Phrase 2: Quantum computing is...,14,4, not,1.0042740106582642
phase4_step_8995_EMA,Phrase 2: Quantum computing is...,14,5, rapidly,0.29638639092445374
phase4_step_8995_EMA,Phrase 2: Quantum computing is...,14,6,em,0.2874827980995178
phase4_step_8995_EMA,Phrase 2: Quantum computing is...,14,7, проведения,0.5639110803604126
phase4_step_8995_EMA,Phrase 2: Quantum computing is...,14,8, technology,0.30800145864486694
phase4_step_8995_EMA,Phrase 2: Quantum computing is...,14,9, that,0.09459470212459564
phase4_step_8995_EMA,Phrase 2: Quantum computing is...,14,10,lev,0.5936700105667114
phase4_step_8995_EMA,Phrase 2: Quantum computing is...,14,11,es,0.2513248026371002
phase4_step_8995_EMA,Phrase 2: Quantum computing is...,14,12, the,0.15853933990001678
phase4_step_8995_EMA,Phrase 2: Quantum computing is...,14,13, objects,0.36236971616744995
phase4_step_8995_EMA,Phrase 2: Quantum computing is...,14,14, of,0.2083750218153
phase4_step_8995_EMA,Phrase 2: Quantum computing is...,14,15, quantum,0.3049934208393097
phase4_step_8995_EMA,Phrase 2: Quantum computing is...,14,16, mechanics,0.4203232526779175
phase4_step_8995_EMA,Phrase 2: Quantum computing is...,14,17, to,0.3188540041446686
phase4_step_8995_EMA,Phrase 2: Quantum computing is...,14,18, solve,0.17737135291099548
phase4_step_8995_EMA,Phrase 2: Quantum computing is...,14,19, problem,0.3234391212463379
phase4_step_8995_EMA,Phrase 2: Quantum computing is...,14,20, too,0.4355802834033966
phase4_step_8995_EMA,Phrase 2: Quantum computing is...,14,21, complex,0.2761865556240082
phase4_step_8995_EMA,Phrase 2: Quantum computing is...,14,22, for,0.17917345464229584
phase4_step_8995_EMA,Phrase 2: Quantum computing is...,14,23, common,0.6758565902709961
phase4_step_8995_EMA,Phrase 2: Quantum computing is...,14,24, partition,0.5864022970199585
phase4_step_8995_EMA,Phrase 2: Quantum computing is...,14,25,.,0.36907294392585754
phase4_step_8995_EMA,Phrase 0: The quick brown fox ...,15,0,The,0.14024388790130615
phase4_step_8995_EMA,Phrase 0: The quick brown fox ...,15,1, easy,0.49905461072921753
phase4_step_8995_EMA,Phrase 0: The quick brown fox ...,15,2, brown,0.3326016962528229
phase4_step_8995_EMA,Phrase 0: The quick brown fox ...,15,3, fox,0.3919453024864197
phase4_step_8995_EMA,Phrase 0: The quick brown fox ...,15,4, jumps,0.4233328402042389
phase4_step_8995_EMA,Phrase 0: The quick brown fox ...,15,5, over,0.5901522040367126
phase4_step_8995_EMA,Phrase 0: The quick brown fox ...,15,6, the,0.23334354162216187
phase4_step_8995_EMA,Phrase 0: The quick brown fox ...,15,7, lazy,0.4817742109298706
phase4_step_8995_EMA,Phrase 0: The quick brown fox ...,15,8, dog,0.4410703778266907
phase4_step_8995_EMA,Phrase 0: The quick brown fox ...,15,9,.,0.11601521074771881
phase4_step_8995_EMA,"Phrase 1: Мама мыла раму, а па...",15,0,М,0.3406374454498291
phase4_step_8995_EMA,"Phrase 1: Мама мыла раму, а па...",15,1,ам,0.18497774004936218
phase4_step_8995_EMA,"Phrase 1: Мама мыла раму, а па...",15,2,а,0.26426035165786743
phase4_step_8995_EMA,"Phrase 1: Мама мыла раму, а па...",15,3, мы,0.3749653100967407
phase4_step_8995_EMA,"Phrase 1: Мама мыла раму, а па...",15,4, не,0.8968116044998169
phase4_step_8995_EMA,"Phrase 1: Мама мыла раму, а па...",15,5, рам,0.3662898540496826
phase4_step_8995_EMA,"Phrase 1: Мама мыла раму, а па...",15,6,у,0.11267408728599548
phase4_step_8995_EMA,"Phrase 1: Мама мыла раму, а па...",15,7,",",0.1092192530632019
phase4_step_8995_EMA,"Phrase 1: Мама мыла раму, а па...",15,8, а,0.3070458173751831
phase4_step_8995_EMA,"Phrase 1: Мама мыла раму, а па...",15,9, п,0.15955108404159546
phase4_step_8995_EMA,"Phrase 1: Мама мыла раму, а па...",15,10,ап,0.34977996349334717
phase4_step_8995_EMA,"Phrase 1: Мама мыла раму, а па...",15,11,а,0.3996317386627197
phase4_step_8995_EMA,"Phrase 1: Мама мыла раму, а па...",15,12, ч,0.6090617179870605
phase4_step_8995_EMA,"Phrase 1: Мама мыла раму, а па...",15,13,ин,0.4451395869255066
phase4_step_8995_EMA,"Phrase 1: Мама мыла раму, а па...",15,14,ил,0.6183409094810486
phase4_step_8995_EMA,"Phrase 1: Мама мыла раму, а па...",15,15, т,0.32316258549690247
phase4_step_8995_EMA,"Phrase 1: Мама мыла раму, а па...",15,16,ел,0.49902045726776123
phase4_step_8995_EMA,"Phrase 1: Мама мыла раму, а па...",15,17,ев,0.48827335238456726
phase4_step_8995_EMA,"Phrase 1: Мама мыла раму, а па...",15,18,из,0.36005622148513794
phase4_step_8995_EMA,"Phrase 1: Мама мыла раму, а па...",15,19,ор,0.22019201517105103
phase4_step_8995_EMA,"Phrase 1: Мама мыла раму, а па...",15,20,.,0.37503504753112793
phase4_step_8995_EMA,Phrase 2: Quantum computing is...,15,0,stud,0.9668010473251343
phase4_step_8995_EMA,Phrase 2: Quantum computing is...,15,1,um,0.45609569549560547
phase4_step_8995_EMA,Phrase 2: Quantum computing is...,15,2, computing,0.31520459055900574
phase4_step_8995_EMA,Phrase 2: Quantum computing is...,15,3, is,0.15659908950328827
phase4_step_8995_EMA,Phrase 2: Quantum computing is...,15,4, also,1.0034788846969604
phase4_step_8995_EMA,Phrase 2: Quantum computing is...,15,5, rapidly,0.31103482842445374
phase4_step_8995_EMA,Phrase 2: Quantum computing is...,15,6,em,0.301908403635025
phase4_step_8995_EMA,Phrase 2: Quantum computing is...,15,7, проведения,0.5639854669570923
phase4_step_8995_EMA,Phrase 2: Quantum computing is...,15,8, technology,0.3228554427623749
phase4_step_8995_EMA,Phrase 2: Quantum computing is...,15,9, that,0.08932223916053772
phase4_step_8995_EMA,Phrase 2: Quantum computing is...,15,10,lev,0.5945168733596802
phase4_step_8995_EMA,Phrase 2: Quantum computing is...,15,11,es,0.2545173168182373
phase4_step_8995_EMA,Phrase 2: Quantum computing is...,15,12, the,0.1492828130722046
phase4_step_8995_EMA,Phrase 2: Quantum computing is...,15,13, objects,0.37393268942832947
phase4_step_8995_EMA,Phrase 2: Quantum computing is...,15,14, of,0.1957501769065857
phase4_step_8995_EMA,Phrase 2: Quantum computing is...,15,15, quantum,0.3200679123401642
phase4_step_8995_EMA,Phrase 2: Quantum computing is...,15,16, mechanics,0.4241046905517578
phase4_step_8995_EMA,Phrase 2: Quantum computing is...,15,17, to,0.29942935705184937
phase4_step_8995_EMA,Phrase 2: Quantum computing is...,15,18, solve,0.18024703860282898
phase4_step_8995_EMA,Phrase 2: Quantum computing is...,15,19, problem,0.3235991299152374
phase4_step_8995_EMA,Phrase 2: Quantum computing is...,15,20, too,0.4391367435455322
phase4_step_8995_EMA,Phrase 2: Quantum computing is...,15,21, complex,0.2899113595485687
phase4_step_8995_EMA,Phrase 2: Quantum computing is...,15,22, for,0.16912682354450226
phase4_step_8995_EMA,Phrase 2: Quantum computing is...,15,23, common,0.6734334826469421
phase4_step_8995_EMA,Phrase 2: Quantum computing is...,15,24, partition,0.5851196646690369
phase4_step_8995_EMA,Phrase 2: Quantum computing is...,15,25,.,0.34675395488739014
phase4_step_8995_EMA,Phrase 0: The quick brown fox ...,16,0,The,0.1448095291852951
phase4_step_8995_EMA,Phrase 0: The quick brown fox ...,16,1, reset,0.5066994428634644
phase4_step_8995_EMA,Phrase 0: The quick brown fox ...,16,2, brown,0.3480527698993683
phase4_step_8995_EMA,Phrase 0: The quick brown fox ...,16,3, fox,0.40232521295547485
phase4_step_8995_EMA,Phrase 0: The quick brown fox ...,16,4, jumps,0.42846184968948364
phase4_step_8995_EMA,Phrase 0: The quick brown fox ...,16,5, over,0.593009889125824
phase4_step_8995_EMA,Phrase 0: The quick brown fox ...,16,6, the,0.21925832331180573
phase4_step_8995_EMA,Phrase 0: The quick brown fox ...,16,7, lazy,0.48787036538124084
phase4_step_8995_EMA,Phrase 0: The quick brown fox ...,16,8, dog,0.44569721817970276
phase4_step_8995_EMA,Phrase 0: The quick brown fox ...,16,9,.,0.10946237295866013
phase4_step_8995_EMA,"Phrase 1: Мама мыла раму, а па...",16,0,М,0.3339294493198395
phase4_step_8995_EMA,"Phrase 1: Мама мыла раму, а па...",16,1,ам,0.19287918508052826
phase4_step_8995_EMA,"Phrase 1: Мама мыла раму, а па...",16,2,а,0.25281110405921936
phase4_step_8995_EMA,"Phrase 1: Мама мыла раму, а па...",16,3, мы,0.3754635751247406
phase4_step_8995_EMA,"Phrase 1: Мама мыла раму, а па...",16,4, не,0.8940395712852478
phase4_step_8995_EMA,"Phrase 1: Мама мыла раму, а па...",16,5, рам,0.3761650323867798
phase4_step_8995_EMA,"Phrase 1: Мама мыла раму, а па...",16,6,у,0.1162557452917099
phase4_step_8995_EMA,"Phrase 1: Мама мыла раму, а па...",16,7,",",0.102572962641716
phase4_step_8995_EMA,"Phrase 1: Мама мыла раму, а па...",16,8, а,0.2994532287120819
phase4_step_8995_EMA,"Phrase 1: Мама мыла раму, а па...",16,9, п,0.16568437218666077
phase4_step_8995_EMA,"Phrase 1: Мама мыла раму, а па...",16,10,ап,0.35327717661857605
phase4_step_8995_EMA,"Phrase 1: Мама мыла раму, а па...",16,11,а,0.37999820709228516
phase4_step_8995_EMA,"Phrase 1: Мама мыла раму, а па...",16,12, ч,0.6033456325531006
phase4_step_8995_EMA,"Phrase 1: Мама мыла раму, а па...",16,13,ин,0.43414509296417236
phase4_step_8995_EMA,"Phrase 1: Мама мыла раму, а па...",16,14,ил,0.6123321652412415
phase4_step_8995_EMA,"Phrase 1: Мама мыла раму, а па...",16,15, т,0.31431064009666443
phase4_step_8995_EMA,"Phrase 1: Мама мыла раму, а па...",16,16,ел,0.4896090626716614
phase4_step_8995_EMA,"Phrase 1: Мама мыла раму, а па...",16,17,ев,0.4807974398136139
phase4_step_8995_EMA,"Phrase 1: Мама мыла раму, а па...",16,18,из,0.3586519956588745
phase4_step_8995_EMA,"Phrase 1: Мама мыла раму, а па...",16,19,ор,0.2205796241760254
phase4_step_8995_EMA,"Phrase 1: Мама мыла раму, а па...",16,20,.,0.3524547815322876
phase4_step_8995_EMA,Phrase 2: Quantum computing is...,16,0,stud,0.9641684889793396
phase4_step_8995_EMA,Phrase 2: Quantum computing is...,16,1,um,0.4576421082019806
phase4_step_8995_EMA,Phrase 2: Quantum computing is...,16,2, computing,0.32374536991119385
phase4_step_8995_EMA,Phrase 2: Quantum computing is...,16,3, is,0.1470668613910675
phase4_step_8995_EMA,Phrase 2: Quantum computing is...,16,4, also,1.0027222633361816
phase4_step_8995_EMA,Phrase 2: Quantum computing is...,16,5, rapidly,0.32500967383384705
phase4_step_8995_EMA,Phrase 2: Quantum computing is...,16,6,em,0.3157190680503845
phase4_step_8995_EMA,Phrase 2: Quantum computing is...,16,7, проведения,0.5647064447402954
phase4_step_8995_EMA,Phrase 2: Quantum computing is...,16,8, technology,0.33697259426116943
phase4_step_8995_EMA,Phrase 2: Quantum computing is...,16,9, that,0.08445855975151062
phase4_step_8995_EMA,Phrase 2: Quantum computing is...,16,10,lev,0.5960246920585632
phase4_step_8995_EMA,Phrase 2: Quantum computing is...,16,11,es,0.258097767829895
phase4_step_8995_EMA,Phrase 2: Quantum computing is...,16,12, the,0.1406428962945938
phase4_step_8995_EMA,Phrase 2: Quantum computing is...,16,13, objects,0.385186105966568
phase4_step_8995_EMA,Phrase 2: Quantum computing is...,16,14, of,0.1839161217212677
phase4_step_8995_EMA,Phrase 2: Quantum computing is...,16,15, quantum,0.33446910977363586
phase4_step_8995_EMA,Phrase 2: Quantum computing is...,16,16, mechanics,0.42831090092658997
phase4_step_8995_EMA,Phrase 2: Quantum computing is...,16,17, to,0.28118249773979187
phase4_step_8995_EMA,Phrase 2: Quantum computing is...,16,18, solve,0.18335066735744476
phase4_step_8995_EMA,Phrase 2: Quantum computing is...,16,19, problem,0.32448363304138184
phase4_step_8995_EMA,Phrase 2: Quantum computing is...,16,20, too,0.4433046579360962
phase4_step_8995_EMA,Phrase 2: Quantum computing is...,16,21, complex,0.30301424860954285
phase4_step_8995_EMA,Phrase 2: Quantum computing is...,16,22, for,0.15977109968662262
phase4_step_8995_EMA,Phrase 2: Quantum computing is...,16,23, common,0.6717126369476318
phase4_step_8995_EMA,Phrase 2: Quantum computing is...,16,24, partition,0.584585964679718
phase4_step_8995_EMA,Phrase 2: Quantum computing is...,16,25,.,0.3257649540901184
phase4_step_8995_EMA,Phrase 0: The quick brown fox ...,17,0,The,0.14922122657299042
phase4_step_8995_EMA,Phrase 0: The quick brown fox ...,17,1, reset,0.5144503712654114
phase4_step_8995_EMA,Phrase 0: The quick brown fox ...,17,2, brown,0.36283421516418457
phase4_step_8995_EMA,Phrase 0: The quick brown fox ...,17,3, fox,0.4125204384326935
phase4_step_8995_EMA,Phrase 0: The quick brown fox ...,17,4, jumps,0.43391939997673035
phase4_step_8995_EMA,Phrase 0: The quick brown fox ...,17,5, over,0.5970121622085571
phase4_step_8995_EMA,Phrase 0: The quick brown fox ...,17,6, the,0.20607200264930725
phase4_step_8995_EMA,Phrase 0: The quick brown fox ...,17,7, lazy,0.4941748380661011
phase4_step_8995_EMA,Phrase 0: The quick brown fox ...,17,8, dog,0.45068788528442383
phase4_step_8995_EMA,Phrase 0: The quick brown fox ...,17,9,.,0.10336162894964218
phase4_step_8995_EMA,"Phrase 1: Мама мыла раму, а па...",17,0,М,0.328373521566391
phase4_step_8995_EMA,"Phrase 1: Мама мыла раму, а па...",17,1,ам,0.20053452253341675
phase4_step_8995_EMA,"Phrase 1: Мама мыла раму, а па...",17,2,а,0.24240978062152863
phase4_step_8995_EMA,"Phrase 1: Мама мыла раму, а па...",17,3, мы,0.3764917254447937
phase4_step_8995_EMA,"Phrase 1: Мама мыла раму, а па...",17,4, не,0.8916187882423401
phase4_step_8995_EMA,"Phrase 1: Мама мыла раму, а па...",17,5, рам,0.3859795928001404
phase4_step_8995_EMA,"Phrase 1: Мама мыла раму, а па...",17,6,у,0.11977995187044144
phase4_step_8995_EMA,"Phrase 1: Мама мыла раму, а па...",17,7,",",0.09635470807552338
phase4_step_8995_EMA,"Phrase 1: Мама мыла раму, а па...",17,8, а,0.2928711771965027
phase4_step_8995_EMA,"Phrase 1: Мама мыла раму, а па...",17,9, п,0.17157700657844543
phase4_step_8995_EMA,"Phrase 1: Мама мыла раму, а па...",17,10,ап,0.35718369483947754
phase4_step_8995_EMA,"Phrase 1: Мама мыла раму, а па...",17,11,а,0.3617335557937622
phase4_step_8995_EMA,"Phrase 1: Мама мыла раму, а па...",17,12, ч,0.5985367298126221
phase4_step_8995_EMA,"Phrase 1: Мама мыла раму, а па...",17,13,ин,0.4243471622467041
phase4_step_8995_EMA,"Phrase 1: Мама мыла раму, а па...",17,14,ил,0.6070578694343567
phase4_step_8995_EMA,"Phrase 1: Мама мыла раму, а па...",17,15, т,0.3064594268798828
phase4_step_8995_EMA,"Phrase 1: Мама мыла раму, а па...",17,16,ел,0.48148494958877563
phase4_step_8995_EMA,"Phrase 1: Мама мыла раму, а па...",17,17,ев,0.4743107855319977
phase4_step_8995_EMA,"Phrase 1: Мама мыла раму, а па...",17,18,из,0.35798290371894836
phase4_step_8995_EMA,"Phrase 1: Мама мыла раму, а па...",17,19,ор,0.22140389680862427
phase4_step_8995_EMA,"Phrase 1: Мама мыла раму, а па...",17,20,.,0.33121487498283386
phase4_step_8995_EMA,Phrase 2: Quantum computing is...,17,0,stud,0.961654007434845
phase4_step_8995_EMA,Phrase 2: Quantum computing is...,17,1,um,0.4600357711315155
phase4_step_8995_EMA,Phrase 2: Quantum computing is...,17,2, computing,0.33219337463378906
phase4_step_8995_EMA,Phrase 2: Quantum computing is...,17,3, is,0.1381395161151886
phase4_step_8995_EMA,Phrase 2: Quantum computing is...,17,4, also,1.0020004510879517
phase4_step_8995_EMA,Phrase 2: Quantum computing is...,17,5, rapidly,0.3383338153362274
phase4_step_8995_EMA,Phrase 2: Quantum computing is...,17,6,em,0.3289317786693573
phase4_step_8995_EMA,Phrase 2: Quantum computing is...,17,7,ирования,0.5659793615341187
phase4_step_8995_EMA,Phrase 2: Quantum computing is...,17,8, technology,0.35038208961486816
phase4_step_8995_EMA,Phrase 2: Quantum computing is...,17,9, that,0.07998141646385193
phase4_step_8995_EMA,Phrase 2: Quantum computing is...,17,10,lev,0.598098635673523
phase4_step_8995_EMA,Phrase 2: Quantum computing is...,17,11,es,0.2619735300540924
phase4_step_8995_EMA,Phrase 2: Quantum computing is...,17,12, the,0.13258711993694305
phase4_step_8995_EMA,Phrase 2: Quantum computing is...,17,13, objects,0.3960930109024048
phase4_step_8995_EMA,Phrase 2: Quantum computing is...,17,14, of,0.17282751202583313
phase4_step_8995_EMA,Phrase 2: Quantum computing is...,17,15, quantum,0.34822386503219604
phase4_step_8995_EMA,Phrase 2: Quantum computing is...,17,16, mechanics,0.43284091353416443
phase4_step_8995_EMA,Phrase 2: Quantum computing is...,17,17, to,0.26404866576194763
phase4_step_8995_EMA,Phrase 2: Quantum computing is...,17,18, solve,0.18661072850227356
phase4_step_8995_EMA,Phrase 2: Quantum computing is...,17,19, problem,0.3259642720222473
phase4_step_8995_EMA,Phrase 2: Quantum computing is...,17,20, too,0.44796067476272583
phase4_step_8995_EMA,Phrase 2: Quantum computing is...,17,21, complex,0.31551501154899597
phase4_step_8995_EMA,Phrase 2: Quantum computing is...,17,22, for,0.15107005834579468
phase4_step_8995_EMA,Phrase 2: Quantum computing is...,17,23, common,0.6706163287162781
phase4_step_8995_EMA,Phrase 2: Quantum computing is...,17,24, partition,0.5847022533416748
phase4_step_8995_EMA,Phrase 2: Quantum computing is...,17,25,.,0.30604031682014465
phase4_step_8995_EMA,Phrase 0: The quick brown fox ...,18,0,The,0.15347065031528473
phase4_step_8995_EMA,Phrase 0: The quick brown fox ...,18,1, reset,0.5222355127334595
phase4_step_8995_EMA,Phrase 0: The quick brown fox ...,18,2, brown,0.3769747018814087
phase4_step_8995_EMA,Phrase 0: The quick brown fox ...,18,3, fox,0.42248228192329407
phase4_step_8995_EMA,Phrase 0: The quick brown fox ...,18,4, jumps,0.4396142065525055
phase4_step_8995_EMA,Phrase 0: The quick brown fox ...,18,5, over,0.6019738912582397
phase4_step_8995_EMA,Phrase 0: The quick brown fox ...,18,6, the,0.19373531639575958
phase4_step_8995_EMA,Phrase 0: The quick brown fox ...,18,7, lazy,0.5006090402603149
phase4_step_8995_EMA,Phrase 0: The quick brown fox ...,18,8, dog,0.4559418261051178
phase4_step_8995_EMA,Phrase 0: The quick brown fox ...,18,9,.,0.0976891964673996
phase4_step_8995_EMA,"Phrase 1: Мама мыла раму, а па...",18,0,М,0.3238754868507385
phase4_step_8995_EMA,"Phrase 1: Мама мыла раму, а па...",18,1,ам,0.20794570446014404
phase4_step_8995_EMA,"Phrase 1: Мама мыла раму, а па...",18,2,а,0.23299728333950043
phase4_step_8995_EMA,"Phrase 1: Мама мыла раму, а па...",18,3, мы,0.37795138359069824
phase4_step_8995_EMA,"Phrase 1: Мама мыла раму, а па...",18,4, это,0.889525830745697
phase4_step_8995_EMA,"Phrase 1: Мама мыла раму, а па...",18,5, рам,0.39567264914512634
phase4_step_8995_EMA,"Phrase 1: Мама мыла раму, а па...",18,6,у,0.12322704493999481
phase4_step_8995_EMA,"Phrase 1: Мама мыла раму, а па...",18,7,",",0.09053989499807358
phase4_step_8995_EMA,"Phrase 1: Мама мыла раму, а па...",18,8, а,0.2872146964073181
phase4_step_8995_EMA,"Phrase 1: Мама мыла раму, а па...",18,9, п,0.17722657322883606
phase4_step_8995_EMA,"Phrase 1: Мама мыла раму, а па...",18,10,ап,0.36140528321266174
phase4_step_8995_EMA,"Phrase 1: Мама мыла раму, а па...",18,11,а,0.34477952122688293
phase4_step_8995_EMA,"Phrase 1: Мама мыла раму, а па...",18,12, ч,0.5945500731468201
phase4_step_8995_EMA,"Phrase 1: Мама мыла раму, а па...",18,13,ин,0.4156576991081238
phase4_step_8995_EMA,"Phrase 1: Мама мыла раму, а па...",18,14,ил,0.602450430393219
phase4_step_8995_EMA,"Phrase 1: Мама мыла раму, а па...",18,15, т,0.2995295524597168
phase4_step_8995_EMA,"Phrase 1: Мама мыла раму, а па...",18,16,ел,0.474555641412735
phase4_step_8995_EMA,"Phrase 1: Мама мыла раму, а па...",18,17,ев,0.4687238335609436
phase4_step_8995_EMA,"Phrase 1: Мама мыла раму, а па...",18,18,из,0.3579457700252533
phase4_step_8995_EMA,"Phrase 1: Мама мыла раму, а па...",18,19,ор,0.22259381413459778
phase4_step_8995_EMA,"Phrase 1: Мама мыла раму, а па...",18,20,.,0.3112505376338959
phase4_step_8995_EMA,Phrase 2: Quantum computing is...,18,0,Prev,0.9592547416687012
phase4_step_8995_EMA,Phrase 2: Quantum computing is...,18,1,um,0.46317118406295776
phase4_step_8995_EMA,Phrase 2: Quantum computing is...,18,2, computing,0.34049713611602783
phase4_step_8995_EMA,Phrase 2: Quantum computing is...,18,3, is,0.12978099286556244
phase4_step_8995_EMA,Phrase 2: Quantum computing is...,18,4, also,1.0013105869293213
phase4_step_8995_EMA,Phrase 2: Quantum computing is...,18,5, rapidly,0.3510337173938751
phase4_step_8995_EMA,Phrase 2: Quantum computing is...,18,6,em,0.34156718850135803
phase4_step_8995_EMA,Phrase 2: Quantum computing is...,18,7,ирования,0.5677188634872437
phase4_step_8995_EMA,Phrase 2: Quantum computing is...,18,8, technology,0.3631141185760498
phase4_step_8995_EMA,Phrase 2: Quantum computing is...,18,9, that,0.0758717805147171
phase4_step_8995_EMA,Phrase 2: Quantum computing is...,18,10,lev,0.6006529331207275
phase4_step_8995_EMA,Phrase 2: Quantum computing is...,18,11,es,0.26606816053390503
phase4_step_8995_EMA,Phrase 2: Quantum computing is...,18,12, the,0.12508195638656616
phase4_step_8995_EMA,Phrase 2: Quantum computing is...,18,13, objects,0.40663090348243713
phase4_step_8995_EMA,Phrase 2: Quantum computing is...,18,14, of,0.1624416559934616
phase4_step_8995_EMA,Phrase 2: Quantum computing is...,18,15, quantum,0.36136162281036377
phase4_step_8995_EMA,Phrase 2: Quantum computing is...,18,16, mechanics,0.4376083016395569
phase4_step_8995_EMA,Phrase 2: Quantum computing is...,18,17, to,0.24796442687511444
phase4_step_8995_EMA,Phrase 2: Quantum computing is...,18,18, solve,0.18996848165988922
phase4_step_8995_EMA,Phrase 2: Quantum computing is...,18,19, problem,0.3279276490211487
phase4_step_8995_EMA,Phrase 2: Quantum computing is...,18,20, too,0.45299866795539856
phase4_step_8995_EMA,Phrase 2: Quantum computing is...,18,21, complex,0.3274371922016144
phase4_step_8995_EMA,Phrase 2: Quantum computing is...,18,22, for,0.142988920211792
phase4_step_8995_EMA,Phrase 2: Quantum computing is...,18,23, original,0.6700711846351624
phase4_step_8995_EMA,Phrase 2: Quantum computing is...,18,24, partition,0.5853779911994934
phase4_step_8995_EMA,Phrase 2: Quantum computing is...,18,25,.,0.28751349449157715
phase4_step_8995_EMA,Phrase 0: The quick brown fox ...,19,0,The,0.1575542539358139
phase4_step_8995_EMA,Phrase 0: The quick brown fox ...,19,1, reset,0.5299971699714661
phase4_step_8995_EMA,Phrase 0: The quick brown fox ...,19,2, brown,0.39050471782684326
phase4_step_8995_EMA,Phrase 0: The quick brown fox ...,19,3, fox,0.432176411151886
phase4_step_8995_EMA,Phrase 0: The quick brown fox ...,19,4, jumps,0.44547051191329956
phase4_step_8995_EMA,Phrase 0: The quick brown fox ...,19,5, over,0.6077225208282471
phase4_step_8995_EMA,Phrase 0: The quick brown fox ...,19,6, the,0.1821998804807663
phase4_step_8995_EMA,Phrase 0: The quick brown fox ...,19,7, lazy,0.5071082711219788
phase4_step_8995_EMA,Phrase 0: The quick brown fox ...,19,8, dog,0.4613752067089081
phase4_step_8995_EMA,Phrase 0: The quick brown fox ...,19,9,.,0.09241965413093567
phase4_step_8995_EMA,"Phrase 1: Мама мыла раму, а па...",19,0,М,0.3203432559967041
phase4_step_8995_EMA,"Phrase 1: Мама мыла раму, а па...",19,1,ам,0.21511922776699066
phase4_step_8995_EMA,"Phrase 1: Мама мыла раму, а па...",19,2,а,0.22451521456241608
phase4_step_8995_EMA,"Phrase 1: Мама мыла раму, а па...",19,3, мы,0.37975630164146423
phase4_step_8995_EMA,"Phrase 1: Мама мыла раму, а па...",19,4, это,0.8877368569374084
phase4_step_8995_EMA,"Phrase 1: Мама мыла раму, а па...",19,5, рам,0.4051986336708069
phase4_step_8995_EMA,"Phrase 1: Мама мыла раму, а па...",19,6,у,0.12658566236495972
phase4_step_8995_EMA,"Phrase 1: Мама мыла раму, а па...",19,7,",",0.08510526269674301
phase4_step_8995_EMA,"Phrase 1: Мама мыла раму, а па...",19,8, а,0.28240078687667847
phase4_step_8995_EMA,"Phrase 1: Мама мыла раму, а па...",19,9, п,0.18263539671897888
phase4_step_8995_EMA,"Phrase 1: Мама мыла раму, а па...",19,10,ап,0.365862101316452
phase4_step_8995_EMA,"Phrase 1: Мама мыла раму, а па...",19,11,а,0.3290766179561615
phase4_step_8995_EMA,"Phrase 1: Мама мыла раму, а па...",19,12, ч,0.591304361820221
phase4_step_8995_EMA,"Phrase 1: Мама мыла раму, а па...",19,13,ин,0.4079887866973877
phase4_step_8995_EMA,"Phrase 1: Мама мыла раму, а па...",19,14,ил,0.5984453558921814
phase4_step_8995_EMA,"Phrase 1: Мама мыла раму, а па...",19,15, т,0.2934434413909912
phase4_step_8995_EMA,"Phrase 1: Мама мыла раму, а па...",19,16,ел,0.46872836351394653
phase4_step_8995_EMA,"Phrase 1: Мама мыла раму, а па...",19,17,ев,0.4639509916305542
phase4_step_8995_EMA,"Phrase 1: Мама мыла раму, а па...",19,18,из,0.358447402715683
phase4_step_8995_EMA,"Phrase 1: Мама мыла раму, а па...",19,19,ор,0.22408625483512878
phase4_step_8995_EMA,"Phrase 1: Мама мыла раму, а па...",19,20,.,0.2924956679344177
phase4_step_8995_EMA,Phrase 2: Quantum computing is...,19,0,Prev,0.9569675922393799
phase4_step_8995_EMA,Phrase 2: Quantum computing is...,19,1,um,0.46695223450660706
phase4_step_8995_EMA,Phrase 2: Quantum computing is...,19,2, computing,0.3486191928386688
phase4_step_8995_EMA,Phrase 2: Quantum computing is...,19,3, is,0.12195909768342972
phase4_step_8995_EMA,Phrase 2: Quantum computing is...,19,4, also,1.0006499290466309
phase4_step_8995_EMA,Phrase 2: Quantum computing is...,19,5, rapidly,0.363136887550354
phase4_step_8995_EMA,Phrase 2: Quantum computing is...,19,6,em,0.3536481559276581
phase4_step_8995_EMA,Phrase 2: Quantum computing is...,19,7,ирования,0.5698498487472534
phase4_step_8995_EMA,Phrase 2: Quantum computing is...,19,8, technology,0.3752013146877289
phase4_step_8995_EMA,Phrase 2: Quantum computing is...,19,9, that,0.07210870832204819
phase4_step_8995_EMA,Phrase 2: Quantum computing is...,19,10,lev,0.6036109328269958
phase4_step_8995_EMA,Phrase 2: Quantum computing is...,19,11,es,0.2703179121017456
phase4_step_8995_EMA,Phrase 2: Quantum computing is...,19,12, the,0.1180986613035202
phase4_step_8995_EMA,Phrase 2: Quantum computing is...,19,13, objects,0.4167877733707428
phase4_step_8995_EMA,Phrase 2: Quantum computing is...,19,14, of,0.15271881222724915
phase4_step_8995_EMA,Phrase 2: Quantum computing is...,19,15, quantum,0.37391284108161926
phase4_step_8995_EMA,Phrase 2: Quantum computing is...,19,16, mechanics,0.4425411820411682
phase4_step_8995_EMA,Phrase 2: Quantum computing is...,19,17, to,0.23286958038806915
phase4_step_8995_EMA,Phrase 2: Quantum computing is...,19,18, solve,0.19337661564350128
phase4_step_8995_EMA,Phrase 2: Quantum computing is...,19,19, problem,0.3302740156650543
phase4_step_8995_EMA,Phrase 2: Quantum computing is...,19,20, too,0.4583277106285095
phase4_step_8995_EMA,Phrase 2: Quantum computing is...,19,21, complex,0.33880606293678284
phase4_step_8995_EMA,Phrase 2: Quantum computing is...,19,22, for,0.1354951411485672
phase4_step_8995_EMA,Phrase 2: Quantum computing is...,19,23, original,0.6700094938278198
phase4_step_8995_EMA,Phrase 2: Quantum computing is...,19,24, partition,0.5865315794944763
phase4_step_8995_EMA,Phrase 2: Quantum computing is...,19,25,.,0.27011942863464355
phase4_step_8995_EMA,Phrase 0: The quick brown fox ...,20,0,The,0.16147111356258392
phase4_step_8995_EMA,Phrase 0: The quick brown fox ...,20,1, reset,0.5376896858215332
phase4_step_8995_EMA,Phrase 0: The quick brown fox ...,20,2, brown,0.4034545123577118
phase4_step_8995_EMA,Phrase 0: The quick brown fox ...,20,3, fox,0.44158002734184265
phase4_step_8995_EMA,Phrase 0: The quick brown fox ...,20,4, jumps,0.45142579078674316
phase4_step_8995_EMA,Phrase 0: The quick brown fox ...,20,5, at,0.6141008138656616
phase4_step_8995_EMA,Phrase 0: The quick brown fox ...,20,6, the,0.17142130434513092
phase4_step_8995_EMA,Phrase 0: The quick brown fox ...,20,7, lazy,0.5136201977729797
phase4_step_8995_EMA,Phrase 0: The quick brown fox ...,20,8, dog,0.46691828966140747
phase4_step_8995_EMA,Phrase 0: The quick brown fox ...,20,9,.,0.08753150701522827
phase4_step_8995_EMA,"Phrase 1: Мама мыла раму, а па...",20,0,М,0.3176872134208679
phase4_step_8995_EMA,"Phrase 1: Мама мыла раму, а па...",20,1,ам,0.22206318378448486
phase4_step_8995_EMA,"Phrase 1: Мама мыла раму, а па...",20,2,а,0.21690626442432404
phase4_step_8995_EMA,"Phrase 1: Мама мыла раму, а па...",20,3, мы,0.38183149695396423
phase4_step_8995_EMA,"Phrase 1: Мама мыла раму, а па...",20,4, это,0.8862277865409851
phase4_step_8995_EMA,"Phrase 1: Мама мыла раму, а па...",20,5, рам,0.41452547907829285
phase4_step_8995_EMA,"Phrase 1: Мама мыла раму, а па...",20,6,у,0.12984713912010193
phase4_step_8995_EMA,"Phrase 1: Мама мыла раму, а па...",20,7,",",0.0800289437174797
phase4_step_8995_EMA,"Phrase 1: Мама мыла раму, а па...",20,8, а,0.27834922075271606
phase4_step_8995_EMA,"Phrase 1: Мама мыла раму, а па...",20,9, п,0.1878083348274231
phase4_step_8995_EMA,"Phrase 1: Мама мыла раму, а па...",20,10,ап,0.3704865872859955
phase4_step_8995_EMA,"Phrase 1: Мама мыла раму, а па...",20,11,а,0.31456461548805237
phase4_step_8995_EMA,"Phrase 1: Мама мыла раму, а па...",20,12, ч,0.5887224078178406
phase4_step_8995_EMA,"Phrase 1: Мама мыла раму, а па...",20,13,ин,0.4012552797794342
phase4_step_8995_EMA,"Phrase 1: Мама мыла раму, а па...",20,14,ил,0.5949816703796387
phase4_step_8995_EMA,"Phrase 1: Мама мыла раму, а па...",20,15, т,0.2881266176700592
phase4_step_8995_EMA,"Phrase 1: Мама мыла раму, а па...",20,16,ел,0.4639109969139099
phase4_step_8995_EMA,"Phrase 1: Мама мыла раму, а па...",20,17,ев,0.4599109888076782
phase4_step_8995_EMA,"Phrase 1: Мама мыла раму, а па...",20,18,из,0.35940468311309814
phase4_step_8995_EMA,"Phrase 1: Мама мыла раму, а па...",20,19,ор,0.22582721710205078
phase4_step_8995_EMA,"Phrase 1: Мама мыла раму, а па...",20,20,.,0.27488452196121216
phase4_step_8995_EMA,Phrase 2: Quantum computing is...,20,0,Prev,0.9547892212867737
phase4_step_8995_EMA,Phrase 2: Quantum computing is...,20,1,um,0.4712914228439331
phase4_step_8995_EMA,Phrase 2: Quantum computing is...,20,2, computing,0.3565330505371094
phase4_step_8995_EMA,Phrase 2: Quantum computing is...,20,3, is,0.11464350670576096
phase4_step_8995_EMA,Phrase 2: Quantum computing is...,20,4, also,1.000016450881958
phase4_step_8995_EMA,Phrase 2: Quantum computing is...,20,5, rapidly,0.37467217445373535
phase4_step_8995_EMA,Phrase 2: Quantum computing is...,20,6,em,0.36519816517829895
phase4_step_8995_EMA,Phrase 2: Quantum computing is...,20,7,ирования,0.5723055601119995
phase4_step_8995_EMA,Phrase 2: Quantum computing is...,20,8, technology,0.38667553663253784
phase4_step_8995_EMA,Phrase 2: Quantum computing is...,20,9, that,0.06867333501577377
phase4_step_8995_EMA,Phrase 2: Quantum computing is...,20,10,lev,0.606904923915863
phase4_step_8995_EMA,Phrase 2: Quantum computing is...,20,11,es,0.274672269821167
phase4_step_8995_EMA,Phrase 2: Quantum computing is...,20,12, the,0.1116078794002533
phase4_step_8995_EMA,Phrase 2: Quantum computing is...,20,13, objects,0.4265592098236084
phase4_step_8995_EMA,Phrase 2: Quantum computing is...,20,14, of,0.14362166821956635
phase4_step_8995_EMA,Phrase 2: Quantum computing is...,20,15, quantum,0.3859085440635681
phase4_step_8995_EMA,Phrase 2: Quantum computing is...,20,16, mechanics,0.44757920503616333
phase4_step_8995_EMA,Phrase 2: Quantum computing is...,20,17, to,0.21870720386505127
phase4_step_8995_EMA,Phrase 2: Quantum computing is...,20,18, solve,0.19679822027683258
phase4_step_8995_EMA,Phrase 2: Quantum computing is...,20,19, problem,0.33291736245155334
phase4_step_8995_EMA,Phrase 2: Quantum computing is...,20,20, too,0.46387091279029846
phase4_step_8995_EMA,Phrase 2: Quantum computing is...,20,21, complex,0.3496478497982025
phase4_step_8995_EMA,Phrase 2: Quantum computing is...,20,22, for,0.1285587102174759
phase4_step_8995_EMA,Phrase 2: Quantum computing is...,20,23, original,0.6703686714172363
phase4_step_8995_EMA,Phrase 2: Quantum computing is...,20,24, partition,0.5880898237228394
phase4_step_8995_EMA,Phrase 2: Quantum computing is...,20,25,.,0.25379493832588196
phase4_step_8995_EMA,Phrase 0: The quick brown fox ...,21,0,The,0.16522380709648132
phase4_step_8995_EMA,Phrase 0: The quick brown fox ...,21,1, reset,0.5452773571014404
phase4_step_8995_EMA,Phrase 0: The quick brown fox ...,21,2, brown,0.4158543050289154
phase4_step_8995_EMA,Phrase 0: The quick brown fox ...,21,3, fox,0.4506781995296478
phase4_step_8995_EMA,Phrase 0: The quick brown fox ...,21,4, jumps,0.45742863416671753
phase4_step_8995_EMA,Phrase 0: The quick brown fox ...,21,5, at,0.6209681630134583
phase4_step_8995_EMA,Phrase 0: The quick brown fox ...,21,6, the,0.16135826706886292
phase4_step_8995_EMA,Phrase 0: The quick brown fox ...,21,7, lazy,0.5201022028923035
phase4_step_8995_EMA,Phrase 0: The quick brown fox ...,21,8, dog,0.4725143313407898
phase4_step_8995_EMA,Phrase 0: The quick brown fox ...,21,9,.,0.08300376683473587
phase4_step_8995_EMA,"Phrase 1: Мама мыла раму, а па...",21,0,М,0.31582215428352356
phase4_step_8995_EMA,"Phrase 1: Мама мыла раму, а па...",21,1,ам,0.2287875860929489
phase4_step_8995_EMA,"Phrase 1: Мама мыла раму, а па...",21,2,а,0.21011482179164886
phase4_step_8995_EMA,"Phrase 1: Мама мыла раму, а па...",21,3, мы,0.38411271572113037
phase4_step_8995_EMA,"Phrase 1: Мама мыла раму, а па...",21,4, это,0.8849748373031616
phase4_step_8995_EMA,"Phrase 1: Мама мыла раму, а па...",21,5, рам,0.4236299395561218
phase4_step_8995_EMA,"Phrase 1: Мама мыла раму, а па...",21,6,у,0.13300763070583344
phase4_step_8995_EMA,"Phrase 1: Мама мыла раму, а па...",21,7,",",0.07529031485319138
phase4_step_8995_EMA,"Phrase 1: Мама мыла раму, а па...",21,8, а,0.27498331665992737
phase4_step_8995_EMA,"Phrase 1: Мама мыла раму, а па...",21,9, п,0.19275197386741638
phase4_step_8995_EMA,"Phrase 1: Мама мыла раму, а па...",21,10,ап,0.3752225339412689
phase4_step_8995_EMA,"Phrase 1: Мама мыла раму, а па...",21,11,а,0.3011847734451294
phase4_step_8995_EMA,"Phrase 1: Мама мыла раму, а па...",21,12, ч,0.5867323279380798
phase4_step_8995_EMA,"Phrase 1: Мама мыла раму, а па...",21,13,ин,0.3953746259212494
phase4_step_8995_EMA,"Phrase 1: Мама мыла раму, а па...",21,14,ил,0.5920025110244751
phase4_step_8995_EMA,"Phrase 1: Мама мыла раму, а па...",21,15, т,0.2835080921649933
phase4_step_8995_EMA,"Phrase 1: Мама мыла раму, а па...",21,16,ел,0.460014283657074
phase4_step_8995_EMA,"Phrase 1: Мама мыла раму, а па...",21,17,ев,0.4565284848213196
phase4_step_8995_EMA,"Phrase 1: Мама мыла раму, а па...",21,18,из,0.3607434332370758
phase4_step_8995_EMA,"Phrase 1: Мама мыла раму, а па...",21,19,ор,0.22776970267295837
phase4_step_8995_EMA,"Phrase 1: Мама мыла раму, а па...",21,20,.,0.2583542466163635
phase4_step_8995_EMA,Phrase 2: Quantum computing is...,21,0,Prev,0.9527158737182617
phase4_step_8995_EMA,Phrase 2: Quantum computing is...,21,1,um,0.47611063718795776
phase4_step_8995_EMA,Phrase 2: Quantum computing is...,21,2, computing,0.364221453666687
phase4_step_8995_EMA,Phrase 2: Quantum computing is...,21,3, is,0.10780435055494308
phase4_step_8995_EMA,Phrase 2: Quantum computing is...,21,4, also,0.999407947063446
phase4_step_8995_EMA,Phrase 2: Quantum computing is...,21,5, rapidly,0.38566797971725464
phase4_step_8995_EMA,Phrase 2: Quantum computing is...,21,6,em,0.37624064087867737
phase4_step_8995_EMA,Phrase 2: Quantum computing is...,21,7,ирования,0.5750278234481812
phase4_step_8995_EMA,Phrase 2: Quantum computing is...,21,8, technology,0.39756864309310913
phase4_step_8995_EMA,Phrase 2: Quantum computing is...,21,9, that,0.06555075943470001
phase4_step_8995_EMA,Phrase 2: Quantum computing is...,21,10,lev,0.6104752421379089
phase4_step_8995_EMA,Phrase 2: Quantum computing is...,21,11,es,0.2790907323360443
phase4_step_8995_EMA,Phrase 2: Quantum computing is...,21,12, the,0.10558464378118515
phase4_step_8995_EMA,Phrase 2: Quantum computing is...,21,13, objects,0.4359474182128906
phase4_step_8995_EMA,Phrase 2: Quantum computing is...,21,14, of,0.13511556386947632
phase4_step_8995_EMA,Phrase 2: Quantum computing is...,21,15, quantum,0.39737921953201294
phase4_step_8995_EMA,Phrase 2: Quantum computing is...,21,16, mechanics,0.4526730179786682
phase4_step_8995_EMA,Phrase 2: Quantum computing is...,21,17, to,0.20542322099208832
phase4_step_8995_EMA,Phrase 2: Quantum computing is...,21,18, solve,0.2002030611038208
phase4_step_8995_EMA,Phrase 2: Quantum computing is...,21,19, problem,0.33578380942344666
phase4_step_8995_EMA,Phrase 2: Quantum computing is...,21,20, too,0.4695635735988617
phase4_step_8995_EMA,Phrase 2: Quantum computing is...,21,21, complex,0.35998886823654175
phase4_step_8995_EMA,Phrase 2: Quantum computing is...,21,22, for,0.12215026468038559
phase4_step_8995_EMA,Phrase 2: Quantum computing is...,21,23, original,0.6710918545722961
phase4_step_8995_EMA,Phrase 2: Quantum computing is...,21,24, partition,0.5899878144264221
phase4_step_8995_EMA,Phrase 2: Quantum computing is...,21,25,.,0.23847953975200653
phase4_step_8995_EMA,Phrase 0: The quick brown fox ...,22,0,The,0.16881608963012695
phase4_step_8995_EMA,Phrase 0: The quick brown fox ...,22,1, reset,0.5527330636978149
phase4_step_8995_EMA,Phrase 0: The quick brown fox ...,22,2, brown,0.42773357033729553
phase4_step_8995_EMA,Phrase 0: The quick brown fox ...,22,3, fox,0.4594634175300598
phase4_step_8995_EMA,Phrase 0: The quick brown fox ...,22,4, jumps,0.46343815326690674
phase4_step_8995_EMA,Phrase 0: The quick brown fox ...,22,5, at,0.6282005906105042
phase4_step_8995_EMA,Phrase 0: The quick brown fox ...,22,6, the,0.15197166800498962
phase4_step_8995_EMA,Phrase 0: The quick brown fox ...,22,7, lazy,0.5265204310417175
phase4_step_8995_EMA,Phrase 0: The quick brown fox ...,22,8, dog,0.4781174063682556
phase4_step_8995_EMA,Phrase 0: The quick brown fox ...,22,9,.,0.07881433516740799
phase4_step_8995_EMA,"Phrase 1: Мама мыла раму, а па...",22,0,М,0.31466683745384216
phase4_step_8995_EMA,"Phrase 1: Мама мыла раму, а па...",22,1,ам,0.23530420660972595
phase4_step_8995_EMA,"Phrase 1: Мама мыла раму, а па...",22,2,а,0.20408526062965393
phase4_step_8995_EMA,"Phrase 1: Мама мыла раму, а па...",22,3, мы,0.38654467463493347
phase4_step_8995_EMA,"Phrase 1: Мама мыла раму, а па...",22,4, это,0.8839552998542786
phase4_step_8995_EMA,"Phrase 1: Мама мыла раму, а па...",22,5, рам,0.432497501373291
phase4_step_8995_EMA,"Phrase 1: Мама мыла раму, а па...",22,6,у,0.1360655575990677
phase4_step_8995_EMA,"Phrase 1: Мама мыла раму, а па...",22,7,",",0.07086969912052155
phase4_step_8995_EMA,"Phrase 1: Мама мыла раму, а па...",22,8, а,0.2722310721874237
phase4_step_8995_EMA,"Phrase 1: Мама мыла раму, а па...",22,9, п,0.1974753439426422
phase4_step_8995_EMA,"Phrase 1: Мама мыла раму, а па...",22,10,ап,0.38002362847328186
phase4_step_8995_EMA,"Phrase 1: Мама мыла раму, а па...",22,11,а,0.2888784110546112
phase4_step_8995_EMA,"Phrase 1: Мама мыла раму, а па...",22,12, ч,0.5852676033973694
phase4_step_8995_EMA,"Phrase 1: Мама мыла раму, а па...",22,13,ин,0.3902684450149536
phase4_step_8995_EMA,"Phrase 1: Мама мыла раму, а па...",22,14,дель,0.5894555449485779
phase4_step_8995_EMA,"Phrase 1: Мама мыла раму, а па...",22,15, т,0.2795203924179077
phase4_step_8995_EMA,"Phrase 1: Мама мыла раму, а па...",22,16,ел,0.45695286989212036
phase4_step_8995_EMA,"Phrase 1: Мама мыла раму, а па...",22,17,ев,0.4537329077720642
phase4_step_8995_EMA,"Phrase 1: Мама мыла раму, а па...",22,18,из,0.3623988628387451
phase4_step_8995_EMA,"Phrase 1: Мама мыла раму, а па...",22,19,ор,0.22987410426139832
phase4_step_8995_EMA,"Phrase 1: Мама мыла раму, а па...",22,20,.,0.24284322559833527
phase4_step_8995_EMA,Phrase 2: Quantum computing is...,22,0,Prev,0.950743556022644
phase4_step_8995_EMA,Phrase 2: Quantum computing is...,22,1,um,0.4813399314880371
phase4_step_8995_EMA,Phrase 2: Quantum computing is...,22,2, compute,0.37167268991470337
phase4_step_8995_EMA,Phrase 2: Quantum computing is...,22,3, is,0.10141552984714508
phase4_step_8995_EMA,Phrase 2: Quantum computing is...,22,4, also,0.9988224506378174
phase4_step_8995_EMA,Phrase 2: Quantum computing is...,22,5, rapidly,0.3961525857448578
phase4_step_8995_EMA,Phrase 2: Quantum computing is...,22,6,em,0.3867989182472229
phase4_step_8995_EMA,Phrase 2: Quantum computing is...,22,7,ирования,0.5779662728309631
phase4_step_8995_EMA,Phrase 2: Quantum computing is...,22,8, technology,0.4079117476940155
phase4_step_8995_EMA,Phrase 2: Quantum computing is...,22,9, that,0.06272109597921371
phase4_step_8995_EMA,Phrase 2: Quantum computing is...,22,10,lev,0.614269495010376
phase4_step_8995_EMA,Phrase 2: Quantum computing is...,22,11,es,0.2835412919521332
phase4_step_8995_EMA,Phrase 2: Quantum computing is...,22,12, the,0.10000208765268326
phase4_step_8995_EMA,Phrase 2: Quantum computing is...,22,13, objects,0.444958359003067
phase4_step_8995_EMA,Phrase 2: Quantum computing is...,22,14, of,0.1271669864654541
phase4_step_8995_EMA,Phrase 2: Quantum computing is...,22,15, quantum,0.40835458040237427
phase4_step_8995_EMA,Phrase 2: Quantum computing is...,22,16, mechanics,0.4577820599079132
phase4_step_8995_EMA,Phrase 2: Quantum computing is...,22,17, to,0.1929662823677063
phase4_step_8995_EMA,Phrase 2: Quantum computing is...,22,18, solve,0.20356938242912292
phase4_step_8995_EMA,Phrase 2: Quantum computing is...,22,19, problem,0.33881041407585144
phase4_step_8995_EMA,Phrase 2: Quantum computing is...,22,20, too,0.47535136342048645
phase4_step_8995_EMA,Phrase 2: Quantum computing is...,22,21, complex,0.36985522508621216
phase4_step_8995_EMA,Phrase 2: Quantum computing is...,22,22, for,0.1162436231970787
phase4_step_8995_EMA,Phrase 2: Quantum computing is...,22,23, original,0.6721277832984924
phase4_step_8995_EMA,Phrase 2: Quantum computing is...,22,24, partition,0.5921685099601746
phase4_step_8995_EMA,Phrase 2: Quantum computing is...,22,25,.,0.2241153120994568
phase4_step_8995_EMA,Phrase 0: The quick brown fox ...,23,0, The,0.17225292325019836
phase4_step_8995_EMA,Phrase 0: The quick brown fox ...,23,1, reset,0.5600365400314331
phase4_step_8995_EMA,Phrase 0: The quick brown fox ...,23,2, brown,0.4391205608844757
phase4_step_8995_EMA,Phrase 0: The quick brown fox ...,23,3, fox,0.46793293952941895
phase4_step_8995_EMA,Phrase 0: The quick brown fox ...,23,4, jumps,0.46942105889320374
phase4_step_8995_EMA,Phrase 0: The quick brown fox ...,23,5, at,0.6356905102729797
phase4_step_8995_EMA,Phrase 0: The quick brown fox ...,23,6, the,0.14322470128536224
phase4_step_8995_EMA,Phrase 0: The quick brown fox ...,23,7, lazy,0.5328484177589417
phase4_step_8995_EMA,Phrase 0: The quick brown fox ...,23,8, dog,0.4836905598640442
phase4_step_8995_EMA,Phrase 0: The quick brown fox ...,23,9,.,0.07494606077671051
phase4_step_8995_EMA,"Phrase 1: Мама мыла раму, а па...",23,0,М,0.31414589285850525
phase4_step_8995_EMA,"Phrase 1: Мама мыла раму, а па...",23,1,ам,0.24162431061267853
phase4_step_8995_EMA,"Phrase 1: Мама мыла раму, а па...",23,2,а,0.1987633854150772
phase4_step_8995_EMA,"Phrase 1: Мама мыла раму, а па...",23,3, мы,0.3890810012817383
phase4_step_8995_EMA,"Phrase 1: Мама мыла раму, а па...",23,4, это,0.8831472992897034
phase4_step_8995_EMA,"Phrase 1: Мама мыла раму, а па...",23,5, рам,0.4411192238330841
phase4_step_8995_EMA,"Phrase 1: Мама мыла раму, а па...",23,6,у,0.13902170956134796
phase4_step_8995_EMA,"Phrase 1: Мама мыла раму, а па...",23,7,",",0.06675070524215698
phase4_step_8995_EMA,"Phrase 1: Мама мыла раму, а па...",23,8, а,0.2700249254703522
phase4_step_8995_EMA,"Phrase 1: Мама мыла раму, а па...",23,9, п,0.20198777318000793
phase4_step_8995_EMA,"Phrase 1: Мама мыла раму, а па...",23,10,ап,0.38485193252563477
phase4_step_8995_EMA,"Phrase 1: Мама мыла раму, а па...",23,11,а,0.2775883972644806
phase4_step_8995_EMA,"Phrase 1: Мама мыла раму, а па...",23,12, ч,0.5842675566673279
phase4_step_8995_EMA,"Phrase 1: Мама мыла раму, а па...",23,13,ин,0.3858628571033478
phase4_step_8995_EMA,"Phrase 1: Мама мыла раму, а па...",23,14,дель,0.587292492389679
phase4_step_8995_EMA,"Phrase 1: Мама мыла раму, а па...",23,15, т,0.27609989047050476
phase4_step_8995_EMA,"Phrase 1: Мама мыла раму, а па...",23,16,ел,0.454645037651062
phase4_step_8995_EMA,"Phrase 1: Мама мыла раму, а па...",23,17,ев,0.4514598250389099
phase4_step_8995_EMA,"Phrase 1: Мама мыла раму, а па...",23,18,из,0.3643144965171814
phase4_step_8995_EMA,"Phrase 1: Мама мыла раму, а па...",23,19,ор,0.23210756480693817
phase4_step_8995_EMA,"Phrase 1: Мама мыла раму, а па...",23,20,.,0.22829335927963257
phase4_step_8995_EMA,Phrase 2: Quantum computing is...,23,0,Prev,0.9488679766654968
phase4_step_8995_EMA,Phrase 2: Quantum computing is...,23,1,um,0.48691698908805847
phase4_step_8995_EMA,Phrase 2: Quantum computing is...,23,2, compute,0.3788815140724182
phase4_step_8995_EMA,Phrase 2: Quantum computing is...,23,3, is,0.09545154869556427
phase4_step_8995_EMA,Phrase 2: Quantum computing is...,23,4, also,0.9982580542564392
phase4_step_8995_EMA,Phrase 2: Quantum computing is...,23,5, rapidly,0.4061528444290161
phase4_step_8995_EMA,Phrase 2: Quantum computing is...,23,6,em,0.3968960642814636
phase4_step_8995_EMA,Phrase 2: Quantum computing is...,23,7,ирования,0.5810772776603699
phase4_step_8995_EMA,Phrase 2: Quantum computing is...,23,8, technology,0.41773468255996704
phase4_step_8995_EMA,Phrase 2: Quantum computing is...,23,9, that,0.06016794964671135
phase4_step_8995_EMA,Phrase 2: Quantum computing is...,23,10,lev,0.6182423830032349
phase4_step_8995_EMA,Phrase 2: Quantum computing is...,23,11,es,0.2879997491836548
phase4_step_8995_EMA,Phrase 2: Quantum computing is...,23,12, the,0.09483993053436279
phase4_step_8995_EMA,Phrase 2: Quantum computing is...,23,13, objects,0.4536011517047882
phase4_step_8995_EMA,Phrase 2: Quantum computing is...,23,14, of,0.11974748969078064
phase4_step_8995_EMA,Phrase 2: Quantum computing is...,23,15, quantum,0.4188632667064667
phase4_step_8995_EMA,Phrase 2: Quantum computing is...,23,16, mechanics,0.4628733992576599
phase4_step_8995_EMA,Phrase 2: Quantum computing is...,23,17, to,0.18128809332847595
phase4_step_8995_EMA,Phrase 2: Quantum computing is...,23,18, solve,0.20687906444072723
phase4_step_8995_EMA,Phrase 2: Quantum computing is...,23,19, problem,0.34194493293762207
phase4_step_8995_EMA,Phrase 2: Quantum computing is...,23,20, too,0.48118990659713745
phase4_step_8995_EMA,Phrase 2: Quantum computing is...,23,21, complex,0.3792724311351776
phase4_step_8995_EMA,Phrase 2: Quantum computing is...,23,22, for,0.11081163585186005
phase4_step_8995_EMA,Phrase 2: Quantum computing is...,23,23, original,0.6734306812286377
phase4_step_8995_EMA,Phrase 2: Quantum computing is...,23,24, partition,0.5945819616317749
phase4_step_8995_EMA,Phrase 2: Quantum computing is...,23,25,.,0.21064725518226624
phase4_step_8995_EMA,Phrase 0: The quick brown fox ...,24,0, The,0.17554135620594025
phase4_step_8995_EMA,Phrase 0: The quick brown fox ...,24,1, reset,0.5671727657318115
phase4_step_8995_EMA,Phrase 0: The quick brown fox ...,24,2, brown,0.4500422775745392
phase4_step_8995_EMA,Phrase 0: The quick brown fox ...,24,3, fox,0.4760879576206207
phase4_step_8995_EMA,Phrase 0: The quick brown fox ...,24,4, jumps,0.4753510653972626
phase4_step_8995_EMA,Phrase 0: The quick brown fox ...,24,5, at,0.6433455348014832
phase4_step_8995_EMA,Phrase 0: The quick brown fox ...,24,6, the,0.13508187234401703
phase4_step_8995_EMA,Phrase 0: The quick brown fox ...,24,7, lazy,0.539065420627594
phase4_step_8995_EMA,Phrase 0: The quick brown fox ...,24,8, dog,0.4892047047615051
phase4_step_8995_EMA,Phrase 0: The quick brown fox ...,24,9,.,0.07138055562973022
phase4_step_8995_EMA,"Phrase 1: Мама мыла раму, а па...",24,0,М,0.3141888380050659
phase4_step_8995_EMA,"Phrase 1: Мама мыла раму, а па...",24,1,ам,0.2477593868970871
phase4_step_8995_EMA,"Phrase 1: Мама мыла раму, а па...",24,2,а,0.19409815967082977
phase4_step_8995_EMA,"Phrase 1: Мама мыла раму, а па...",24,3, мы,0.39168259501457214
phase4_step_8995_EMA,"Phrase 1: Мама мыла раму, а па...",24,4, это,0.882530152797699
phase4_step_8995_EMA,"Phrase 1: Мама мыла раму, а па...",24,5, рам,0.4494907855987549
phase4_step_8995_EMA,"Phrase 1: Мама мыла раму, а па...",24,6,у,0.14187847077846527
phase4_step_8995_EMA,"Phrase 1: Мама мыла раму, а па...",24,7,",",0.06291637569665909
phase4_step_8995_EMA,"Phrase 1: Мама мыла раму, а па...",24,8, а,0.26830214262008667
phase4_step_8995_EMA,"Phrase 1: Мама мыла раму, а па...",24,9, п,0.20629926025867462
phase4_step_8995_EMA,"Phrase 1: Мама мыла раму, а па...",24,10,ап,0.3896762728691101
phase4_step_8995_EMA,"Phrase 1: Мама мыла раму, а па...",24,11,а,0.26725953817367554
phase4_step_8995_EMA,"Phrase 1: Мама мыла раму, а па...",24,12, ч,0.5836765766143799
phase4_step_8995_EMA,"Phrase 1: Мама мыла раму, а па...",24,13,ин,0.38208815455436707
phase4_step_8995_EMA,"Phrase 1: Мама мыла раму, а па...",24,14,дель,0.5854696035385132
phase4_step_8995_EMA,"Phrase 1: Мама мыла раму, а па...",24,15, т,0.27318766713142395
phase4_step_8995_EMA,"Phrase 1: Мама мыла раму, а па...",24,16,ел,0.45301467180252075
phase4_step_8995_EMA,"Phrase 1: Мама мыла раму, а па...",24,17,ев,0.449650377035141
phase4_step_8995_EMA,"Phrase 1: Мама мыла раму, а па...",24,18,из,0.3664413094520569
phase4_step_8995_EMA,"Phrase 1: Мама мыла раму, а па...",24,19,ор,0.2344415783882141
phase4_step_8995_EMA,"Phrase 1: Мама мыла раму, а па...",24,20,.,0.21464967727661133
phase4_step_8995_EMA,Phrase 2: Quantum computing is...,24,0,Prev,0.9470847845077515
phase4_step_8995_EMA,Phrase 2: Quantum computing is...,24,1,um,0.49278658628463745
phase4_step_8995_EMA,Phrase 2: Quantum computing is...,24,2, compute,0.3858460485935211
phase4_step_8995_EMA,Phrase 2: Quantum computing is...,24,3, is,0.08989052474498749
phase4_step_8995_EMA,Phrase 2: Quantum computing is...,24,4, also,0.997713029384613
phase4_step_8995_EMA,Phrase 2: Quantum computing is...,24,5, rapidly,0.4156952500343323
phase4_step_8995_EMA,Phrase 2: Quantum computing is...,24,6,em,0.40655413269996643
phase4_step_8995_EMA,Phrase 2: Quantum computing is...,24,7,ирования,0.5843232274055481
phase4_step_8995_EMA,Phrase 2: Quantum computing is...,24,8, technology,0.4270664155483246
phase4_step_8995_EMA,Phrase 2: Quantum computing is...,24,9, that,0.057876359671354294
phase4_step_8995_EMA,Phrase 2: Quantum computing is...,24,10,lev,0.6223549842834473
phase4_step_8995_EMA,Phrase 2: Quantum computing is...,24,11,es,0.292447566986084
phase4_step_8995_EMA,Phrase 2: Quantum computing is...,24,12, the,0.09007315337657928
phase4_step_8995_EMA,Phrase 2: Quantum computing is...,24,13, objects,0.46188753843307495
phase4_step_8995_EMA,Phrase 2: Quantum computing is...,24,14, of,0.11282593011856079
phase4_step_8995_EMA,Phrase 2: Quantum computing is...,24,15, quantum,0.42893263697624207
phase4_step_8995_EMA,Phrase 2: Quantum computing is...,24,16, mechanics,0.4679209887981415
phase4_step_8995_EMA,Phrase 2: Quantum computing is...,24,17, to,0.1703437864780426
phase4_step_8995_EMA,Phrase 2: Quantum computing is...,24,18, solve,0.21011973917484283
phase4_step_8995_EMA,Phrase 2: Quantum computing is...,24,19, problem,0.3451431095600128
phase4_step_8995_EMA,Phrase 2: Quantum computing is...,24,20, too,0.48704203963279724
phase4_step_8995_EMA,Phrase 2: Quantum computing is...,24,21, complex,0.38826531171798706
phase4_step_8995_EMA,Phrase 2: Quantum computing is...,24,22, for,0.10583075881004333
phase4_step_8995_EMA,Phrase 2: Quantum computing is...,24,23, original,0.6749594807624817
phase4_step_8995_EMA,Phrase 2: Quantum computing is...,24,24, partition,0.5971845984458923
phase4_step_8995_EMA,Phrase 2: Quantum computing is...,24,25,.,0.1980234533548355
phase4_step_8995_EMA,Phrase 0: The quick brown fox ...,25,0, The,0.17868700623512268
phase4_step_8995_EMA,Phrase 0: The quick brown fox ...,25,1, reset,0.574131429195404
phase4_step_8995_EMA,Phrase 0: The quick brown fox ...,25,2, brown,0.4605247974395752
phase4_step_8995_EMA,Phrase 0: The quick brown fox ...,25,3, fox,0.48393234610557556
phase4_step_8995_EMA,Phrase 0: The quick brown fox ...,25,4, jumps,0.4812077283859253
phase4_step_8995_EMA,Phrase 0: The quick brown fox ...,25,5, at,0.6510870456695557
phase4_step_8995_EMA,Phrase 0: The quick brown fox ...,25,6, the,0.1275118887424469
phase4_step_8995_EMA,Phrase 0: The quick brown fox ...,25,7, lazy,0.5451558232307434
phase4_step_8995_EMA,Phrase 0: The quick brown fox ...,25,8, dog,0.4946369528770447
phase4_step_8995_EMA,Phrase 0: The quick brown fox ...,25,9,.,0.06809855997562408
phase4_step_8995_EMA,"Phrase 1: Мама мыла раму, а па...",25,0,М,0.31473129987716675
phase4_step_8995_EMA,"Phrase 1: Мама мыла раму, а па...",25,1,ам,0.25372210144996643
phase4_step_8995_EMA,"Phrase 1: Мама мыла раму, а па...",25,2,а,0.19003728032112122
phase4_step_8995_EMA,"Phrase 1: Мама мыла раму, а па...",25,3, мы,0.3943171203136444
phase4_step_8995_EMA,"Phrase 1: Мама мыла раму, а па...",25,4, также,0.8820844888687134
phase4_step_8995_EMA,"Phrase 1: Мама мыла раму, а па...",25,5, рам,0.4576117992401123
phase4_step_8995_EMA,"Phrase 1: Мама мыла раму, а па...",25,6,у,0.1446388065814972
phase4_step_8995_EMA,"Phrase 1: Мама мыла раму, а па...",25,7,",",0.05934896692633629
phase4_step_8995_EMA,"Phrase 1: Мама мыла раму, а па...",25,8, а,0.2670053541660309
phase4_step_8995_EMA,"Phrase 1: Мама мыла раму, а па...",25,9, п,0.21042007207870483
phase4_step_8995_EMA,"Phrase 1: Мама мыла раму, а па...",25,10,ап,0.3944723308086395
phase4_step_8995_EMA,"Phrase 1: Мама мыла раму, а па...",25,11,а,0.2578379809856415
phase4_step_8995_EMA,"Phrase 1: Мама мыла раму, а па...",25,12, к,0.5834449529647827
phase4_step_8995_EMA,"Phrase 1: Мама мыла раму, а па...",25,13,ин,0.3788798749446869
phase4_step_8995_EMA,"Phrase 1: Мама мыла раму, а па...",25,14,дель,0.5839471220970154
phase4_step_8995_EMA,"Phrase 1: Мама мыла раму, а па...",25,15, т,0.2707291543483734
phase4_step_8995_EMA,"Phrase 1: Мама мыла раму, а па...",25,16,ел,0.45199018716812134
phase4_step_8995_EMA,"Phrase 1: Мама мыла раму, а па...",25,17,ев,0.44825106859207153
phase4_step_8995_EMA,"Phrase 1: Мама мыла раму, а па...",25,18,из,0.36873701214790344
phase4_step_8995_EMA,"Phrase 1: Мама мыла раму, а па...",25,19,ор,0.2368536740541458
phase4_step_8995_EMA,"Phrase 1: Мама мыла раму, а па...",25,20,.,0.20185904204845428
phase4_step_8995_EMA,Phrase 2: Quantum computing is...,25,0,Prev,0.9453892707824707
phase4_step_8995_EMA,Phrase 2: Quantum computing is...,25,1,um,0.4988994300365448
phase4_step_8995_EMA,Phrase 2: Quantum computing is...,25,2, compute,0.39256730675697327
phase4_step_8995_EMA,Phrase 2: Quantum computing is...,25,3, is,0.08470804989337921
phase4_step_8995_EMA,Phrase 2: Quantum computing is...,25,4, also,0.9971854090690613
phase4_step_8995_EMA,Phrase 2: Quantum computing is...,25,5, rapidly,0.4248051941394806
phase4_step_8995_EMA,Phrase 2: Quantum computing is...,25,6,em,0.4157947301864624
phase4_step_8995_EMA,Phrase 2: Quantum computing is...,25,7,ирования,0.5876723527908325
phase4_step_8995_EMA,Phrase 2: Quantum computing is...,25,8, technology,0.43593454360961914
phase4_step_8995_EMA,Phrase 2: Quantum computing is...,25,9, that,0.05583030730485916
phase4_step_8995_EMA,Phrase 2: Quantum computing is...,25,10,lev,0.6265732645988464
phase4_step_8995_EMA,Phrase 2: Quantum computing is...,25,11,es,0.2968710958957672
phase4_step_8995_EMA,Phrase 2: Quantum computing is...,25,12, the,0.08568266779184341
phase4_step_8995_EMA,Phrase 2: Quantum computing is...,25,13, objects,0.46983033418655396
phase4_step_8995_EMA,Phrase 2: Quantum computing is...,25,14, of,0.10637787729501724
phase4_step_8995_EMA,Phrase 2: Quantum computing is...,25,15, quadratic,0.4385891556739807
phase4_step_8995_EMA,Phrase 2: Quantum computing is...,25,16, mechanics,0.47290390729904175
phase4_step_8995_EMA,Phrase 2: Quantum computing is...,25,17, to,0.1600901484489441
phase4_step_8995_EMA,Phrase 2: Quantum computing is...,25,18, solve,0.21328213810920715
phase4_step_8995_EMA,Phrase 2: Quantum computing is...,25,19, problem,0.34836888313293457
phase4_step_8995_EMA,Phrase 2: Quantum computing is...,25,20, too,0.4928775429725647
phase4_step_8995_EMA,Phrase 2: Quantum computing is...,25,21, complex,0.3968576490879059
phase4_step_8995_EMA,Phrase 2: Quantum computing is...,25,22, for,0.10127788782119751
phase4_step_8995_EMA,Phrase 2: Quantum computing is...,25,23, original,0.6766783595085144
phase4_step_8995_EMA,Phrase 2: Quantum computing is...,25,24, partition,0.5999388098716736
phase4_step_8995_EMA,Phrase 2: Quantum computing is...,25,25,.,0.18619582056999207
